<?xml version="1.0" encoding="UTF-8"?><kml xmlns="http://www.opengis.net/kml/2.2"><Document><Style id="new"><LineStyle><color>ff2020ff</color><width>2</width></LineStyle><PolyStyle><color>402020ff</color></PolyStyle></Style><Style id="old"><LineStyle><color>ffff00ff</color><width>2</width></LineStyle><PolyStyle><color>40ff00ff</color></PolyStyle></Style><Style id="pond"><LineStyle><color>ffffaa00</color><width>2</width></LineStyle><PolyStyle><color>40ffaa00</color></PolyStyle></Style><Placemark><name>Pit 1</name><description>1.18 ha, probability 1.00, older, outside riverbed, pit</description><styleUrl>#old</styleUrl><MultiGeometry><Polygon><outerBoundaryIs><LinearRing><coordinates>76.957846,29.691451 76.957837,29.691000 76.957734,29.691002 76.957727,29.690641 76.957623,29.690643 76.957618,29.690372 76.957515,29.690374 76.957513,29.690283 76.957410,29.690285 76.957417,29.690646 76.957313,29.690647 76.957315,29.690738 76.957418,29.690736 76.957422,29.690916 76.957319,29.690918 76.957322,29.691098 76.957425,29.691097 76.957429,29.691277 76.957326,29.691279 76.957322,29.691098 76.956909,29.691104 76.956911,29.691195 76.956807,29.691196 76.956809,29.691286 76.956706,29.691288 76.956699,29.690927 76.956802,29.690926 76.956800,29.690835 76.956904,29.690834 76.956902,29.690744 76.957109,29.690741 76.957103,29.690470 76.957207,29.690468 76.957205,29.690378 76.957308,29.690377 76.957303,29.690106 76.957200,29.690108 76.957198,29.690017 76.957301,29.690016 76.957296,29.689745 76.957399,29.689744 76.957397,29.689654 76.957294,29.689655 76.957292,29.689565 76.957189,29.689566 76.957191,29.689657 76.957088,29.689658 76.957079,29.689207 76.957285,29.689204 76.957287,29.689294 76.957184,29.689296 76.957186,29.689386 76.957289,29.689385 76.957292,29.689565 76.957499,29.689562 76.957501,29.689652 76.957707,29.689649 76.957709,29.689739 76.957812,29.689738 76.957809,29.689557 76.957912,29.689556 76.957935,29.690728 76.958038,29.690727 76.958051,29.691358 76.957947,29.691360 76.957949,29.691450 76.957846,29.691451</coordinates></LinearRing></outerBoundaryIs></Polygon></MultiGeometry></Placemark><Placemark><name>Pit 2</name><description>0.23 ha, probability 1.00, older, outside riverbed, pit</description><styleUrl>#old</styleUrl><MultiGeometry><Polygon><outerBoundaryIs><LinearRing><coordinates>76.741337,29.528272 76.741329,29.527821 76.741742,29.527815 76.741743,29.527906 76.741847,29.527904 76.741853,29.528265 76.741646,29.528268 76.741645,29.528178 76.741542,29.528179 76.741543,29.528269 76.741337,29.528272</coordinates></LinearRing></outerBoundaryIs></Polygon></MultiGeometry></Placemark><Placemark><name>Pit 3</name><description>0.20 ha, probability 1.00, older, outside riverbed, pit</description><styleUrl>#old</styleUrl><MultiGeometry><Polygon><outerBoundaryIs><LinearRing><coordinates>77.002177,29.811144 77.002168,29.810693 77.002582,29.810687 77.002591,29.811138 77.002177,29.811144</coordinates></LinearRing></outerBoundaryIs></Polygon></MultiGeometry></Placemark><Placemark><name>Pit 4</name><description>1.11 ha, probability 1.00, new, outside riverbed, pit</description><styleUrl>#new</styleUrl><MultiGeometry><Polygon><outerBoundaryIs><LinearRing><coordinates>77.002799,29.811225 77.002798,29.811135 77.002694,29.811136 77.002682,29.810505 77.002785,29.810503 77.002783,29.810413 77.002887,29.810411 77.002885,29.810321 77.003816,29.810307 77.003818,29.810397 77.004024,29.810394 77.004037,29.811026 77.003934,29.811027 77.003937,29.811207 77.003110,29.811220 77.003108,29.811130 77.003005,29.811131 77.003006,29.811222 77.002799,29.811225</coordinates></LinearRing></outerBoundaryIs></Polygon></MultiGeometry></Placemark><Placemark><name>Pit 5</name><description>0.04 ha, probability 1.00, older, outside riverbed, pit</description><styleUrl>#old</styleUrl><MultiGeometry><Polygon><outerBoundaryIs><LinearRing><coordinates>76.856243,29.532401 76.856238,29.532130 76.856444,29.532127 76.856446,29.532217 76.856343,29.532219 76.856346,29.532399 76.856243,29.532401</coordinates></LinearRing></outerBoundaryIs></Polygon></MultiGeometry></Placemark><Placemark><name>Pit 6</name><description>0.16 ha, probability 1.00, new, outside riverbed, pit</description><styleUrl>#new</styleUrl><MultiGeometry><Polygon><outerBoundaryIs><LinearRing><coordinates>76.578094,29.533740 76.578089,29.533379 76.578295,29.533376 76.578296,29.533466 76.578606,29.533463 76.578610,29.533733 76.578300,29.533737 76.578299,29.533647 76.578196,29.533648 76.578197,29.533738 76.578094,29.533740</coordinates></LinearRing></outerBoundaryIs></Polygon></MultiGeometry></Placemark><Placemark><name>Pit 7</name><description>0.79 ha, probability 1.00, older, outside riverbed, pit</description><styleUrl>#old</styleUrl><MultiGeometry><Polygon><outerBoundaryIs><LinearRing><coordinates>77.105832,29.810885 77.105831,29.810795 77.105727,29.810797 77.105722,29.810526 77.106342,29.810516 77.106340,29.810426 77.106444,29.810425 77.106445,29.810515 77.107273,29.810502 77.107271,29.810411 77.107478,29.810408 77.107480,29.810498 77.107893,29.810492 77.107899,29.810762 77.107589,29.810767 77.107591,29.810857 77.105832,29.810885</coordinates></LinearRing></outerBoundaryIs></Polygon></MultiGeometry></Placemark><Placemark><name>Pit 8</name><description>0.11 ha, probability 1.00, older, outside riverbed, pit</description><styleUrl>#old</styleUrl><MultiGeometry><Polygon><outerBoundaryIs><LinearRing><coordinates>76.856775,29.527611 76.856771,29.527431 76.856668,29.527432 76.856665,29.527252 76.856768,29.527250 76.856765,29.527070 76.856868,29.527069 76.856866,29.526978 76.856969,29.526977 76.856976,29.527338 76.856873,29.527339 76.856878,29.527610 76.856775,29.527611</coordinates></LinearRing></outerBoundaryIs></Polygon></MultiGeometry></Placemark><Placemark><name>Pit 9</name><description>0.29 ha, probability 1.00, older, outside riverbed, pit</description><styleUrl>#old</styleUrl><MultiGeometry><Polygon><outerBoundaryIs><LinearRing><coordinates>76.777692,29.701030 76.777690,29.700940 76.777484,29.700943 76.777480,29.700762 76.777790,29.700758 76.777789,29.700668 76.778202,29.700662 76.778204,29.700753 76.778410,29.700750 76.778415,29.701020 76.777692,29.701030</coordinates></LinearRing></outerBoundaryIs></Polygon></MultiGeometry></Placemark><Placemark><name>Pit 10</name><description>0.17 ha, probability 1.00, older, outside riverbed, pit</description><styleUrl>#old</styleUrl><MultiGeometry><Polygon><outerBoundaryIs><LinearRing><coordinates>77.003271,29.824480 77.003262,29.824029 77.003158,29.824031 77.003157,29.823940 77.003053,29.823942 77.003051,29.823852 77.003155,29.823850 77.003153,29.823760 77.003463,29.823755 77.003472,29.824206 77.003369,29.824208 77.003374,29.824478 77.003271,29.824480</coordinates></LinearRing></outerBoundaryIs></Polygon></MultiGeometry></Placemark><Placemark><name>Pit 11</name><description>0.17 ha, probability 1.00, older, outside riverbed, pit</description><styleUrl>#old</styleUrl><MultiGeometry><Polygon><outerBoundaryIs><LinearRing><coordinates>76.964161,29.819293 76.964156,29.819023 76.964363,29.819020 76.964361,29.818929 76.964568,29.818926 76.964570,29.819017 76.964673,29.819015 76.964678,29.819286 76.964161,29.819293</coordinates></LinearRing></outerBoundaryIs></Polygon></MultiGeometry></Placemark><Placemark><name>Pit 12</name><description>0.45 ha, probability 1.00, older, outside riverbed, pit</description><styleUrl>#old</styleUrl><MultiGeometry><Polygon><outerBoundaryIs><LinearRing><coordinates>77.048480,29.523531 77.048478,29.523441 77.048272,29.523444 77.048270,29.523354 77.048373,29.523352 77.048366,29.522992 77.048778,29.522985 77.048780,29.523075 77.049399,29.523066 77.049402,29.523246 77.049299,29.523248 77.049301,29.523338 77.049198,29.523340 77.049200,29.523430 77.049097,29.523431 77.049095,29.523341 77.048992,29.523343 77.048993,29.523433 77.048890,29.523435 77.048892,29.523525 77.048480,29.523531</coordinates></LinearRing></outerBoundaryIs></Polygon></MultiGeometry></Placemark><Placemark><name>Pit 13</name><description>0.05 ha, probability 1.00, older, outside riverbed, pit</description><styleUrl>#old</styleUrl><MultiGeometry><Polygon><outerBoundaryIs><LinearRing><coordinates>76.882678,29.589233 76.882676,29.589143 76.882573,29.589144 76.882571,29.589054 76.882675,29.589052 76.882673,29.588962 76.882879,29.588959 76.882883,29.589140 76.882779,29.589141 76.882781,29.589231 76.882678,29.589233</coordinates></LinearRing></outerBoundaryIs></Polygon></MultiGeometry></Placemark><Placemark><name>Pit 14</name><description>0.35 ha, probability 1.00, older, outside riverbed, pit</description><styleUrl>#old</styleUrl><MultiGeometry><Polygon><outerBoundaryIs><LinearRing><coordinates>77.060923,29.694128 77.060919,29.693947 77.061125,29.693944 77.061124,29.693854 77.061227,29.693852 77.061223,29.693672 77.062050,29.693659 77.062053,29.693840 77.061950,29.693841 77.061952,29.693931 77.061745,29.693935 77.061747,29.694025 77.061334,29.694031 77.061336,29.694121 77.060923,29.694128</coordinates></LinearRing></outerBoundaryIs></Polygon></MultiGeometry></Placemark><Placemark><name>Pit 15</name><description>1.30 ha, probability 1.00, older, outside riverbed, pit</description><styleUrl>#old</styleUrl><MultiGeometry><Polygon><outerBoundaryIs><LinearRing><coordinates>76.616719,29.529395 76.616709,29.528764 76.616606,29.528765 76.616603,29.528584 76.616500,29.528586 76.616498,29.528496 76.616601,29.528494 76.616598,29.528314 76.617733,29.528300 76.617732,29.528210 76.617835,29.528209 76.617833,29.528118 76.618040,29.528116 76.618043,29.528296 76.618146,29.528295 76.618149,29.528475 76.618252,29.528474 76.618258,29.528835 76.618154,29.528836 76.618156,29.528927 76.617537,29.528934 76.617534,29.528754 76.617431,29.528755 76.617434,29.528935 76.617331,29.528937 76.617332,29.529027 76.617951,29.529019 76.617952,29.529109 76.617024,29.529121 76.617021,29.528940 76.616918,29.528942 76.616921,29.529122 76.616818,29.529123 76.616822,29.529394 76.616719,29.529395</coordinates></LinearRing></outerBoundaryIs></Polygon></MultiGeometry></Placemark><Placemark><name>Pit 16</name><description>0.59 ha, probability 1.00, older, outside riverbed, pit</description><styleUrl>#old</styleUrl><MultiGeometry><Polygon><outerBoundaryIs><LinearRing><coordinates>77.002826,29.822953 77.002825,29.822863 77.002721,29.822864 77.002714,29.822504 77.002921,29.822500 77.002919,29.822410 77.002816,29.822412 77.002810,29.822141 77.002914,29.822140 77.002919,29.822410 77.003022,29.822409 77.003024,29.822499 77.003128,29.822497 77.003126,29.822407 77.003229,29.822406 77.003228,29.822315 77.003331,29.822314 77.003333,29.822404 77.003436,29.822402 77.003429,29.822042 77.003326,29.822043 77.003324,29.821953 77.003427,29.821951 77.003422,29.821681 77.003525,29.821679 77.003511,29.820958 77.003614,29.820956 77.003631,29.821768 77.003527,29.821769 77.003547,29.822762 77.003443,29.822763 77.003445,29.822853 77.003135,29.822858 77.003137,29.822948 77.002826,29.822953</coordinates></LinearRing></outerBoundaryIs></Polygon></MultiGeometry></Placemark><Placemark><name>Pit 17</name><description>0.39 ha, probability 1.00, older, outside riverbed, pit</description><styleUrl>#old</styleUrl><MultiGeometry><Polygon><outerBoundaryIs><LinearRing><coordinates>77.002157,29.810152 77.002141,29.809340 77.002348,29.809337 77.002346,29.809247 77.002450,29.809245 77.002451,29.809335 77.002555,29.809334 77.002566,29.809875 77.002669,29.809873 77.002673,29.810054 77.002569,29.810055 77.002571,29.810146 77.002157,29.810152</coordinates></LinearRing></outerBoundaryIs></Polygon></MultiGeometry></Placemark><Placemark><name>Pit 18</name><description>0.57 ha, probability 1.00, older, outside riverbed, pit</description><styleUrl>#old</styleUrl><MultiGeometry><Polygon><outerBoundaryIs><LinearRing><coordinates>77.002881,29.810141 77.002874,29.809780 77.002771,29.809782 77.002765,29.809511 77.003179,29.809505 77.003183,29.809685 77.003286,29.809684 77.003288,29.809774 77.004012,29.809763 77.004019,29.810124 77.002881,29.810141</coordinates></LinearRing></outerBoundaryIs></Polygon></MultiGeometry></Placemark><Placemark><name>Pit 19</name><description>0.13 ha, probability 1.00, older, outside riverbed, pit</description><styleUrl>#old</styleUrl><MultiGeometry><Polygon><outerBoundaryIs><LinearRing><coordinates>76.957805,29.700023 76.957800,29.699753 76.957593,29.699756 76.957595,29.699846 76.957492,29.699847 76.957490,29.699757 76.957593,29.699756 76.957592,29.699666 76.957488,29.699667 76.957487,29.699577 76.957796,29.699572 76.957795,29.699482 76.958001,29.699479 76.958003,29.699569 76.957900,29.699571 76.957909,29.700022 76.957805,29.700023</coordinates></LinearRing></outerBoundaryIs></Polygon></MultiGeometry></Placemark><Placemark><name>Pit 20</name><description>0.52 ha, probability 1.00, older, outside riverbed, pit</description><styleUrl>#old</styleUrl><MultiGeometry><Polygon><outerBoundaryIs><LinearRing><coordinates>76.667306,29.587782 76.667304,29.587692 76.667201,29.587693 76.667200,29.587603 76.667097,29.587604 76.667091,29.587243 76.666987,29.587245 76.666984,29.587064 76.666881,29.587066 76.666880,29.586975 76.666570,29.586979 76.666566,29.586709 76.666772,29.586706 76.666771,29.586616 76.667183,29.586611 76.667186,29.586791 76.667290,29.586790 76.667297,29.587241 76.667503,29.587238 76.667512,29.587779 76.667306,29.587782</coordinates></LinearRing></outerBoundaryIs></Polygon></MultiGeometry></Placemark><Placemark><name>Pit 21</name><description>0.52 ha, probability 1.00, older, outside riverbed, likely village pond</description><styleUrl>#pond</styleUrl><MultiGeometry><Polygon><outerBoundaryIs><LinearRing><coordinates>76.958753,29.700911 76.958749,29.700731 76.958646,29.700733 76.958647,29.700823 76.958544,29.700824 76.958537,29.700464 76.958434,29.700465 76.958427,29.700104 76.958530,29.700103 76.958528,29.700013 76.958425,29.700014 76.958420,29.699744 76.958523,29.699742 76.958521,29.699652 76.958728,29.699649 76.958732,29.699829 76.958835,29.699828 76.958837,29.699918 76.958940,29.699916 76.958954,29.700638 76.959057,29.700636 76.959061,29.700817 76.958854,29.700820 76.958856,29.700910 76.958753,29.700911</coordinates></LinearRing></outerBoundaryIs></Polygon></MultiGeometry></Placemark><Placemark><name>Pit 22</name><description>1.29 ha, probability 1.00, older, Yamuna riverbed, pit</description><styleUrl>#old</styleUrl><MultiGeometry><Polygon><outerBoundaryIs><LinearRing><coordinates>77.137018,29.701041 77.137014,29.700861 77.136808,29.700864 77.136806,29.700774 77.136702,29.700776 77.136699,29.700595 77.136595,29.700597 77.136593,29.700507 77.136077,29.700515 77.136073,29.700335 77.135866,29.700338 77.135868,29.700428 77.135765,29.700430 77.135767,29.700520 77.135664,29.700522 77.135662,29.700432 77.135249,29.700438 77.135247,29.700348 77.135453,29.700345 77.135449,29.700164 77.135553,29.700163 77.135551,29.700072 77.135861,29.700067 77.135859,29.699977 77.136065,29.699974 77.136063,29.699884 77.135754,29.699889 77.135752,29.699799 77.136062,29.699794 77.136063,29.699884 77.136890,29.699870 77.136892,29.699961 77.136995,29.699959 77.136999,29.700139 77.137102,29.700138 77.137098,29.699957 77.137408,29.699952 77.137420,29.700493 77.137523,29.700492 77.137531,29.700852 77.137427,29.700854 77.137422,29.700584 77.137215,29.700587 77.137221,29.700857 77.137118,29.700859 77.137121,29.701040 77.137018,29.701041</coordinates></LinearRing></outerBoundaryIs></Polygon></MultiGeometry></Placemark><Placemark><name>Pit 23</name><description>0.08 ha, probability 1.00, older, Yamuna riverbed, pit</description><styleUrl>#old</styleUrl><MultiGeometry><Polygon><outerBoundaryIs><LinearRing><coordinates>77.141368,29.701512 77.141366,29.701422 77.141263,29.701424 77.141259,29.701243 77.141362,29.701242 77.141366,29.701422 77.141676,29.701417 77.141672,29.701237 77.141776,29.701235 77.141774,29.701145 77.141877,29.701143 77.141879,29.701233 77.141776,29.701235 77.141779,29.701415 77.141676,29.701417 77.141678,29.701507 77.141368,29.701512</coordinates></LinearRing></outerBoundaryIs></Polygon></MultiGeometry></Placemark><Placemark><name>Pit 24</name><description>0.18 ha, probability 1.00, older, outside riverbed, pit</description><styleUrl>#old</styleUrl><MultiGeometry><Polygon><outerBoundaryIs><LinearRing><coordinates>76.680351,29.708166 76.680348,29.707986 76.680245,29.707987 76.680243,29.707897 76.680347,29.707896 76.680345,29.707805 76.680448,29.707804 76.680445,29.707624 76.680342,29.707625 76.680341,29.707535 76.680547,29.707532 76.680549,29.707622 76.680652,29.707621 76.680660,29.708072 76.680556,29.708073 76.680558,29.708164 76.680351,29.708166</coordinates></LinearRing></outerBoundaryIs></Polygon></MultiGeometry></Placemark><Placemark><name>Pit 25</name><description>0.89 ha, probability 1.00, older, outside riverbed, likely village pond</description><styleUrl>#pond</styleUrl><MultiGeometry><Polygon><outerBoundaryIs><LinearRing><coordinates>76.627450,29.542348 76.627449,29.542258 76.627243,29.542260 76.627241,29.542170 76.626828,29.542175 76.626827,29.542085 76.626518,29.542089 76.626512,29.541728 76.626718,29.541725 76.626717,29.541635 76.626923,29.541633 76.626922,29.541542 76.627231,29.541539 76.627232,29.541629 76.627439,29.541626 76.627440,29.541717 76.627543,29.541715 76.627545,29.541805 76.627751,29.541803 76.627753,29.541893 76.627856,29.541892 76.627857,29.541982 76.628167,29.541978 76.628168,29.542069 76.628271,29.542067 76.628273,29.542158 76.628170,29.542159 76.628171,29.542249 76.627965,29.542252 76.627966,29.542342 76.627450,29.542348</coordinates></LinearRing></outerBoundaryIs></Polygon></MultiGeometry></Placemark><Placemark><name>Pit 26</name><description>0.35 ha, probability 1.00, older, Yamuna riverbed, pit</description><styleUrl>#old</styleUrl><MultiGeometry><Polygon><outerBoundaryIs><LinearRing><coordinates>77.136333,29.702857 77.136322,29.702315 77.136425,29.702314 77.136419,29.702043 77.136316,29.702045 77.136312,29.701865 77.136415,29.701863 77.136413,29.701773 77.136517,29.701771 77.136519,29.701861 77.136622,29.701860 77.136620,29.701769 77.136827,29.701766 77.136825,29.701676 77.136928,29.701674 77.136930,29.701764 77.137137,29.701761 77.137139,29.701851 77.136725,29.701858 77.136729,29.702038 77.136626,29.702040 77.136630,29.702220 77.136733,29.702219 77.136737,29.702399 77.136633,29.702401 77.136635,29.702491 77.136532,29.702493 77.136536,29.702673 77.136433,29.702675 77.136436,29.702855 77.136333,29.702857</coordinates></LinearRing></outerBoundaryIs></Polygon></MultiGeometry></Placemark><Placemark><name>Pit 27</name><description>0.59 ha, probability 1.00, older, Yamuna riverbed, pit</description><styleUrl>#old</styleUrl><MultiGeometry><Polygon><outerBoundaryIs><LinearRing><coordinates>77.095682,29.581349 77.095680,29.581258 77.095886,29.581255 77.095884,29.581165 77.096091,29.581162 77.096089,29.581071 77.095779,29.581076 77.095777,29.580986 77.095055,29.580998 77.095053,29.580907 77.094950,29.580909 77.094948,29.580819 77.095051,29.580817 77.095048,29.580637 77.095563,29.580629 77.095565,29.580719 77.096184,29.580709 77.096186,29.580799 77.096496,29.580794 77.096498,29.580885 77.096601,29.580883 77.096603,29.580973 77.096190,29.580980 77.096194,29.581160 77.096297,29.581158 77.096299,29.581249 77.096092,29.581252 77.096094,29.581342 77.095682,29.581349</coordinates></LinearRing></outerBoundaryIs></Polygon></MultiGeometry></Placemark><Placemark><name>Pit 28</name><description>0.69 ha, probability 1.00, older, outside riverbed, pit</description><styleUrl>#old</styleUrl><MultiGeometry><Polygon><outerBoundaryIs><LinearRing><coordinates>76.960529,29.802837 76.960527,29.802746 76.960631,29.802745 76.960629,29.802655 76.960319,29.802659 76.960315,29.802479 76.960108,29.802482 76.960110,29.802572 76.960007,29.802574 76.960005,29.802484 76.959902,29.802485 76.959896,29.802214 76.960103,29.802211 76.960101,29.802121 76.960412,29.802117 76.960410,29.802026 76.960927,29.802019 76.960929,29.802109 76.961032,29.802107 76.961037,29.802378 76.961141,29.802376 76.961146,29.802647 76.960836,29.802652 76.960838,29.802742 76.960734,29.802743 76.960736,29.802834 76.960529,29.802837</coordinates></LinearRing></outerBoundaryIs></Polygon></MultiGeometry></Placemark><Placemark><name>Pit 29</name><description>0.40 ha, probability 1.00, older, outside riverbed, pit</description><styleUrl>#old</styleUrl><MultiGeometry><Polygon><outerBoundaryIs><LinearRing><coordinates>76.957737,29.707152 76.957735,29.707062 76.957632,29.707063 76.957625,29.706702 76.957521,29.706704 76.957518,29.706524 76.957931,29.706517 76.957929,29.706427 76.958239,29.706423 76.958238,29.706332 76.958341,29.706331 76.958345,29.706511 76.958241,29.706513 76.958246,29.706783 76.958143,29.706785 76.958145,29.706875 76.958042,29.706877 76.958045,29.707057 76.957942,29.707059 76.957943,29.707149 76.957737,29.707152</coordinates></LinearRing></outerBoundaryIs></Polygon></MultiGeometry></Placemark><Placemark><name>Pit 30</name><description>0.07 ha, probability 1.00, older, Yamuna riverbed, pit</description><styleUrl>#old</styleUrl><MultiGeometry><Polygon><outerBoundaryIs><LinearRing><coordinates>77.135239,29.704859 77.135235,29.704679 77.135338,29.704677 77.135336,29.704587 77.135543,29.704584 77.135547,29.704764 77.135443,29.704766 77.135445,29.704856 77.135239,29.704859</coordinates></LinearRing></outerBoundaryIs></Polygon></MultiGeometry></Placemark><Placemark><name>Pit 31</name><description>0.21 ha, probability 1.00, older, outside riverbed, pit</description><styleUrl>#old</styleUrl><MultiGeometry><Polygon><outerBoundaryIs><LinearRing><coordinates>76.667583,29.585794 76.667580,29.585613 76.667786,29.585610 76.667785,29.585520 76.667888,29.585519 76.667887,29.585429 76.667990,29.585427 76.667985,29.585157 76.668089,29.585156 76.668087,29.585065 76.668294,29.585063 76.668300,29.585424 76.668196,29.585425 76.668198,29.585515 76.668095,29.585516 76.668096,29.585607 76.667786,29.585610 76.667789,29.585791 76.667583,29.585794</coordinates></LinearRing></outerBoundaryIs></Polygon></MultiGeometry></Placemark><Placemark><name>Pit 32</name><description>1.03 ha, probability 1.00, older, outside riverbed, pit</description><styleUrl>#old</styleUrl><MultiGeometry><Polygon><outerBoundaryIs><LinearRing><coordinates>76.869542,29.799915 76.869541,29.799825 76.869334,29.799828 76.869332,29.799737 76.869229,29.799739 76.869225,29.799558 76.869122,29.799560 76.869119,29.799379 76.869222,29.799378 76.869220,29.799288 76.869324,29.799286 76.869320,29.799106 76.869424,29.799104 76.869422,29.799014 76.869939,29.799007 76.869941,29.799097 76.870044,29.799096 76.870046,29.799186 76.870149,29.799184 76.870151,29.799275 76.870565,29.799269 76.870568,29.799449 76.870775,29.799446 76.870780,29.799717 76.870263,29.799724 76.870265,29.799814 76.869748,29.799822 76.869749,29.799912 76.869542,29.799915</coordinates></LinearRing></outerBoundaryIs></Polygon></MultiGeometry></Placemark><Placemark><name>Pit 33</name><description>0.55 ha, probability 1.00, older, Yamuna riverbed, pit</description><styleUrl>#old</styleUrl><MultiGeometry><Polygon><outerBoundaryIs><LinearRing><coordinates>77.130402,29.705839 77.130399,29.705659 77.130295,29.705660 77.130297,29.705751 77.130194,29.705752 77.130192,29.705662 77.130089,29.705664 77.130091,29.705754 77.129884,29.705757 77.129880,29.705577 77.129777,29.705579 77.129779,29.705669 77.129469,29.705674 77.129467,29.705584 77.129364,29.705585 77.129365,29.705675 77.129262,29.705677 77.129264,29.705767 77.128954,29.705772 77.128950,29.705592 77.129054,29.705590 77.129052,29.705500 77.128948,29.705502 77.128945,29.705321 77.129461,29.705313 77.129459,29.705223 77.129563,29.705221 77.129566,29.705402 77.129773,29.705398 77.129769,29.705218 77.129976,29.705215 77.129978,29.705305 77.130081,29.705303 77.130083,29.705393 77.130186,29.705392 77.130188,29.705482 77.130395,29.705478 77.130399,29.705659 77.130502,29.705657 77.130506,29.705838 77.130402,29.705839</coordinates></LinearRing></outerBoundaryIs></Polygon></MultiGeometry></Placemark><Placemark><name>Pit 34</name><description>3.32 ha, probability 1.00, new, Yamuna riverbed, pit</description><styleUrl>#new</styleUrl><MultiGeometry><Polygon><outerBoundaryIs><LinearRing><coordinates>77.094542,29.586148 77.094540,29.586058 77.094437,29.586060 77.094435,29.585969 77.094332,29.585971 77.094330,29.585881 77.094227,29.585883 77.094225,29.585792 77.094122,29.585794 77.094120,29.585704 77.094017,29.585705 77.094015,29.585615 77.093912,29.585617 77.093908,29.585436 77.093805,29.585438 77.093803,29.585348 77.093700,29.585350 77.093692,29.584989 77.093589,29.584990 77.093587,29.584900 77.093484,29.584902 77.093482,29.584812 77.093379,29.584813 77.093377,29.584723 77.093274,29.584725 77.093270,29.584544 77.093167,29.584546 77.093162,29.584275 77.093058,29.584277 77.093053,29.584006 77.092950,29.584008 77.092944,29.583737 77.092841,29.583739 77.092835,29.583469 77.092938,29.583467 77.092918,29.582475 77.093021,29.582473 77.093014,29.582112 77.093117,29.582111 77.093113,29.581930 77.093216,29.581929 77.093231,29.582650 77.093128,29.582652 77.093132,29.582832 77.093029,29.582834 77.093030,29.582924 77.093134,29.582923 77.093136,29.583013 77.093239,29.583011 77.093241,29.583101 77.093344,29.583100 77.093349,29.583370 77.093453,29.583369 77.093454,29.583459 77.093558,29.583457 77.093556,29.583367 77.093762,29.583364 77.093766,29.583544 77.093869,29.583542 77.093867,29.583452 77.093970,29.583451 77.093976,29.583721 77.094079,29.583720 77.094083,29.583900 77.094186,29.583898 77.094192,29.584169 77.094295,29.584167 77.094298,29.584348 77.094402,29.584346 77.094405,29.584526 77.094509,29.584525 77.094510,29.584615 77.094614,29.584613 77.094616,29.584704 77.094719,29.584702 77.094721,29.584792 77.094824,29.584790 77.094829,29.585061 77.094933,29.585059 77.094934,29.585150 77.094831,29.585151 77.094833,29.585241 77.094730,29.585243 77.094728,29.585153 77.094522,29.585156 77.094523,29.585246 77.094627,29.585245 77.094629,29.585335 77.094835,29.585332 77.094839,29.585512 77.094942,29.585510 77.094951,29.585961 77.094848,29.585963 77.094850,29.586053 77.094747,29.586055 77.094749,29.586145 77.094542,29.586148</coordinates></LinearRing></outerBoundaryIs></Polygon></MultiGeometry></Placemark><Placemark><name>Pit 35</name><description>1.54 ha, probability 1.00, older, outside riverbed, pit</description><styleUrl>#old</styleUrl><MultiGeometry><Polygon><outerBoundaryIs><LinearRing><coordinates>77.139015,29.824246 77.139013,29.824156 77.138909,29.824157 77.138900,29.823706 77.139210,29.823701 77.139208,29.823611 77.139622,29.823604 77.139620,29.823514 77.139516,29.823516 77.139511,29.823245 77.139614,29.823244 77.139612,29.823153 77.139922,29.823148 77.139920,29.823058 77.140024,29.823057 77.140026,29.823147 77.140129,29.823145 77.140127,29.823055 77.140231,29.823053 77.140229,29.822963 77.140436,29.822960 77.140434,29.822869 77.140227,29.822873 77.140225,29.822783 77.140328,29.822781 77.140325,29.822601 77.140635,29.822596 77.140637,29.822686 77.140533,29.822687 77.140535,29.822778 77.140639,29.822776 77.140642,29.822956 77.140436,29.822960 77.140438,29.823050 77.140748,29.823045 77.140757,29.823496 77.140344,29.823502 77.140351,29.823863 77.140558,29.823860 77.140562,29.824040 77.139942,29.824050 77.139943,29.824140 77.139840,29.824142 77.139842,29.824232 77.139739,29.824234 77.139737,29.824144 77.139530,29.824147 77.139528,29.824057 77.139424,29.824059 77.139426,29.824149 77.139116,29.824154 77.139118,29.824244 77.139015,29.824246</coordinates></LinearRing></outerBoundaryIs></Polygon></MultiGeometry></Placemark><Placemark><name>Pit 36</name><description>1.83 ha, probability 1.00, older, outside riverbed, pit</description><styleUrl>#old</styleUrl><MultiGeometry><Polygon><outerBoundaryIs><LinearRing><coordinates>76.980363,29.796135 76.980361,29.796045 76.980154,29.796048 76.980150,29.795868 76.980047,29.795869 76.980042,29.795599 76.979938,29.795600 76.979936,29.795510 76.979833,29.795512 76.979831,29.795421 76.979418,29.795428 76.979419,29.795518 76.979006,29.795524 76.979002,29.795344 76.979106,29.795342 76.979104,29.795252 76.979311,29.795249 76.979309,29.795158 76.979412,29.795157 76.979410,29.795067 76.979514,29.795065 76.979507,29.794704 76.979817,29.794700 76.979815,29.794610 76.980022,29.794606 76.980020,29.794516 76.980434,29.794510 76.980439,29.794781 76.980543,29.794779 76.980544,29.794869 76.980648,29.794868 76.980650,29.794958 76.980753,29.794956 76.980757,29.795137 76.980860,29.795135 76.980862,29.795225 76.980965,29.795224 76.980969,29.795404 76.981072,29.795403 76.981079,29.795763 76.980976,29.795765 76.980978,29.795855 76.980667,29.795860 76.980669,29.795950 76.980566,29.795952 76.980568,29.796042 76.980464,29.796043 76.980466,29.796134 76.980363,29.796135</coordinates></LinearRing></outerBoundaryIs></Polygon></MultiGeometry></Placemark><Placemark><name>Pit 37</name><description>2.16 ha, probability 1.00, older, outside riverbed, pit</description><styleUrl>#old</styleUrl><MultiGeometry><Polygon><outerBoundaryIs><LinearRing><coordinates>76.891435,29.841828 76.891433,29.841738 76.891123,29.841742 76.891121,29.841652 76.891018,29.841653 76.891011,29.841293 76.891321,29.841288 76.891318,29.841108 76.891111,29.841111 76.891109,29.841021 76.891006,29.841022 76.890992,29.840300 76.891096,29.840299 76.891094,29.840209 76.891197,29.840207 76.891199,29.840297 76.891510,29.840293 76.891511,29.840383 76.891615,29.840382 76.891616,29.840472 76.891927,29.840467 76.891928,29.840558 76.892239,29.840553 76.892241,29.840643 76.892447,29.840640 76.892449,29.840731 76.892760,29.840726 76.892770,29.841267 76.892666,29.841269 76.892668,29.841359 76.892565,29.841361 76.892568,29.841541 76.892464,29.841542 76.892468,29.841723 76.892364,29.841724 76.892366,29.841815 76.891435,29.841828</coordinates></LinearRing></outerBoundaryIs></Polygon></MultiGeometry></Placemark><Placemark><name>Pit 38</name><description>0.72 ha, probability 1.00, older, outside riverbed, pit</description><styleUrl>#old</styleUrl><MultiGeometry><Polygon><outerBoundaryIs><LinearRing><coordinates>76.798183,29.841507 76.798181,29.841417 76.798078,29.841418 76.798076,29.841328 76.797973,29.841329 76.797969,29.841149 76.797866,29.841150 76.797864,29.841060 76.797968,29.841059 76.797965,29.840878 76.798068,29.840877 76.798065,29.840696 76.799099,29.840682 76.799101,29.840773 76.798998,29.840774 76.799001,29.840954 76.798897,29.840956 76.798902,29.841226 76.798799,29.841228 76.798800,29.841318 76.798593,29.841321 76.798595,29.841411 76.798388,29.841414 76.798390,29.841504 76.798183,29.841507</coordinates></LinearRing></outerBoundaryIs></Polygon></MultiGeometry></Placemark><Placemark><name>Pit 39</name><description>0.52 ha, probability 1.00, older, outside riverbed, likely village pond</description><styleUrl>#pond</styleUrl><MultiGeometry><Polygon><outerBoundaryIs><LinearRing><coordinates>76.599619,29.524639 76.599618,29.524549 76.599515,29.524550 76.599513,29.524460 76.599410,29.524461 76.599405,29.524100 76.599611,29.524098 76.599610,29.524008 76.599713,29.524006 76.599711,29.523916 76.600124,29.523911 76.600130,29.524272 76.600233,29.524271 76.600238,29.524632 76.599619,29.524639</coordinates></LinearRing></outerBoundaryIs></Polygon></MultiGeometry></Placemark><Placemark><name>Pit 40</name><description>0.08 ha, probability 1.00, older, outside riverbed, likely village pond</description><styleUrl>#pond</styleUrl><MultiGeometry><Polygon><outerBoundaryIs><LinearRing><coordinates>76.598999,29.524556 76.598998,29.524466 76.598895,29.524467 76.598892,29.524287 76.599201,29.524283 76.599205,29.524554 76.598999,29.524556</coordinates></LinearRing></outerBoundaryIs></Polygon></MultiGeometry></Placemark><Placemark><name>Pit 41</name><description>0.69 ha, probability 1.00, older, outside riverbed, pit</description><styleUrl>#old</styleUrl><MultiGeometry><Polygon><outerBoundaryIs><LinearRing><coordinates>76.672330,29.685710 76.672329,29.685620 76.672122,29.685622 76.672119,29.685442 76.672016,29.685443 76.672011,29.685173 76.672115,29.685171 76.672112,29.684991 76.672008,29.684992 76.672005,29.684812 76.672109,29.684811 76.672104,29.684540 76.672621,29.684533 76.672624,29.684714 76.672727,29.684713 76.672730,29.684893 76.672833,29.684892 76.672835,29.684982 76.672732,29.684983 76.672736,29.685254 76.672633,29.685255 76.672636,29.685436 76.672533,29.685437 76.672536,29.685617 76.672432,29.685619 76.672434,29.685709 76.672330,29.685710</coordinates></LinearRing></outerBoundaryIs></Polygon></MultiGeometry></Placemark><Placemark><name>Pit 42</name><description>1.18 ha, probability 1.00, older, outside riverbed, pit</description><styleUrl>#old</styleUrl><MultiGeometry><Polygon><outerBoundaryIs><LinearRing><coordinates>77.112199,29.838120 77.112197,29.838030 77.111783,29.838036 77.111781,29.837946 77.111574,29.837949 77.111572,29.837859 77.111469,29.837861 77.111467,29.837771 77.111674,29.837767 77.111672,29.837677 77.111879,29.837674 77.111877,29.837584 77.112187,29.837579 77.112185,29.837488 77.112496,29.837483 77.112494,29.837393 77.112701,29.837390 77.112699,29.837300 77.113009,29.837295 77.113007,29.837205 77.113731,29.837193 77.113733,29.837283 77.113837,29.837282 77.113840,29.837462 77.113737,29.837464 77.113739,29.837554 77.113532,29.837557 77.113534,29.837647 77.113327,29.837651 77.113329,29.837741 77.113019,29.837746 77.113020,29.837836 77.112814,29.837839 77.112816,29.837929 77.112712,29.837931 77.112714,29.838021 77.112611,29.838023 77.112612,29.838113 77.112199,29.838120</coordinates></LinearRing></outerBoundaryIs></Polygon></MultiGeometry></Placemark><Placemark><name>Pit 43</name><description>0.45 ha, probability 1.00, older, outside riverbed, pit</description><styleUrl>#old</styleUrl><MultiGeometry><Polygon><outerBoundaryIs><LinearRing><coordinates>76.700946,29.844329 76.700940,29.843968 76.700836,29.843970 76.700835,29.843879 76.701249,29.843874 76.701250,29.843964 76.701354,29.843963 76.701352,29.843873 76.701456,29.843872 76.701457,29.843962 76.702078,29.843954 76.702083,29.844224 76.701876,29.844227 76.701877,29.844317 76.701567,29.844321 76.701565,29.844231 76.701358,29.844234 76.701360,29.844324 76.700946,29.844329</coordinates></LinearRing></outerBoundaryIs></Polygon></MultiGeometry></Placemark><Placemark><name>Pit 44</name><description>0.55 ha, probability 1.00, older, outside riverbed, pit</description><styleUrl>#old</styleUrl><MultiGeometry><Polygon><outerBoundaryIs><LinearRing><coordinates>76.846228,29.842829 76.846226,29.842738 76.846019,29.842741 76.846016,29.842561 76.846119,29.842560 76.846118,29.842469 76.846324,29.842466 76.846319,29.842196 76.846423,29.842194 76.846425,29.842285 76.846838,29.842279 76.846840,29.842369 76.847254,29.842363 76.847257,29.842544 76.847361,29.842542 76.847362,29.842632 76.847466,29.842631 76.847468,29.842721 76.847054,29.842727 76.847052,29.842637 76.846845,29.842640 76.846847,29.842730 76.846640,29.842733 76.846641,29.842823 76.846228,29.842829</coordinates></LinearRing></outerBoundaryIs></Polygon></MultiGeometry></Placemark><Placemark><name>Pit 45</name><description>0.35 ha, probability 1.00, older, outside riverbed, pit</description><styleUrl>#old</styleUrl><MultiGeometry><Polygon><outerBoundaryIs><LinearRing><coordinates>77.061323,29.693490 77.061321,29.693400 77.061218,29.693401 77.061216,29.693311 77.061319,29.693310 77.061317,29.693219 77.061421,29.693218 77.061419,29.693128 77.061625,29.693124 77.061624,29.693034 77.061727,29.693033 77.061725,29.692942 77.062035,29.692938 77.062046,29.693479 77.061323,29.693490</coordinates></LinearRing></outerBoundaryIs></Polygon></MultiGeometry></Placemark><Placemark><name>Pit 46</name><description>0.06 ha, probability 1.00, older, outside riverbed, pit</description><styleUrl>#old</styleUrl><MultiGeometry><Polygon><outerBoundaryIs><LinearRing><coordinates>76.902419,29.590485 76.902417,29.590395 76.902314,29.590396 76.902310,29.590216 76.902517,29.590213 76.902518,29.590303 76.902622,29.590302 76.902623,29.590392 76.902520,29.590393 76.902522,29.590484 76.902419,29.590485</coordinates></LinearRing></outerBoundaryIs></Polygon></MultiGeometry></Placemark><Placemark><name>Pit 47</name><description>0.64 ha, probability 1.00, new, outside riverbed, pit</description><styleUrl>#new</styleUrl><MultiGeometry><Polygon><outerBoundaryIs><LinearRing><coordinates>77.090071,29.734450 77.090069,29.734360 77.089863,29.734363 77.089859,29.734183 77.089756,29.734184 77.089754,29.734094 77.089857,29.734093 77.089855,29.734002 77.089959,29.734001 77.089960,29.734091 77.090167,29.734088 77.090161,29.733817 77.089748,29.733824 77.089746,29.733733 77.089643,29.733735 77.089641,29.733645 77.089744,29.733643 77.089742,29.733553 77.089846,29.733551 77.089850,29.733732 77.089953,29.733730 77.089949,29.733550 77.090053,29.733548 77.090051,29.733458 77.090464,29.733451 77.090466,29.733542 77.090569,29.733540 77.090571,29.733630 77.090674,29.733629 77.090680,29.733899 77.090577,29.733901 77.090582,29.734171 77.090686,29.734170 77.090689,29.734350 77.090483,29.734353 77.090481,29.734263 77.090274,29.734266 77.090276,29.734357 77.090173,29.734358 77.090175,29.734448 77.090071,29.734450</coordinates></LinearRing></outerBoundaryIs></Polygon></MultiGeometry></Placemark><Placemark><name>Pit 48</name><description>0.12 ha, probability 1.00, older, outside riverbed, pit</description><styleUrl>#old</styleUrl><MultiGeometry><Polygon><outerBoundaryIs><LinearRing><coordinates>76.907274,29.590686 76.907273,29.590596 76.906963,29.590600 76.906961,29.590510 76.907168,29.590507 76.907166,29.590417 76.907476,29.590412 76.907477,29.590503 76.907581,29.590501 76.907584,29.590682 76.907274,29.590686</coordinates></LinearRing></outerBoundaryIs></Polygon></MultiGeometry></Placemark><Placemark><name>Pit 49</name><description>1.42 ha, probability 1.00, older, outside riverbed, pit</description><styleUrl>#old</styleUrl><MultiGeometry><Polygon><outerBoundaryIs><LinearRing><coordinates>76.799379,29.844739 76.799378,29.844648 76.799481,29.844647 76.799479,29.844557 76.799583,29.844555 76.799580,29.844375 76.799787,29.844372 76.799785,29.844282 76.799475,29.844286 76.799476,29.844376 76.798959,29.844383 76.798960,29.844474 76.797926,29.844488 76.797927,29.844578 76.797824,29.844579 76.797822,29.844489 76.797719,29.844491 76.797717,29.844400 76.797821,29.844399 76.797819,29.844309 76.797923,29.844307 76.797921,29.844217 76.798024,29.844216 76.798023,29.844126 76.798126,29.844124 76.798125,29.844034 76.798435,29.844030 76.798432,29.843849 76.798639,29.843846 76.798637,29.843756 76.798844,29.843753 76.798842,29.843663 76.798946,29.843662 76.798948,29.843752 76.799051,29.843751 76.799053,29.843841 76.799260,29.843838 76.799261,29.843928 76.799572,29.843924 76.799573,29.844014 76.799884,29.844010 76.799885,29.844100 76.800196,29.844096 76.800197,29.844186 76.800301,29.844185 76.800299,29.844095 76.800816,29.844087 76.800820,29.844268 76.800716,29.844269 76.800718,29.844360 76.800304,29.844365 76.800302,29.844275 76.799992,29.844279 76.799994,29.844369 76.799787,29.844372 76.799788,29.844462 76.799685,29.844464 76.799686,29.844554 76.799893,29.844551 76.799897,29.844732 76.799379,29.844739</coordinates></LinearRing></outerBoundaryIs></Polygon></MultiGeometry></Placemark><Placemark><name>Pit 50</name><description>0.87 ha, probability 1.00, older, outside riverbed, likely village pond</description><styleUrl>#pond</styleUrl><MultiGeometry><Polygon><outerBoundaryIs><LinearRing><coordinates>77.117932,29.840103 77.117930,29.840013 77.117827,29.840014 77.117823,29.839834 77.117926,29.839832 77.117924,29.839742 77.117821,29.839744 77.117819,29.839654 77.117922,29.839652 77.117919,29.839472 77.118125,29.839468 77.118124,29.839378 77.118227,29.839376 77.118221,29.839106 77.118842,29.839096 77.118844,29.839186 77.118947,29.839184 77.118953,29.839455 77.118850,29.839457 77.118857,29.839817 77.118754,29.839819 77.118756,29.839909 77.118652,29.839911 77.118654,29.840001 77.118447,29.840004 77.118449,29.840095 77.117932,29.840103</coordinates></LinearRing></outerBoundaryIs></Polygon></MultiGeometry></Placemark><Placemark><name>Pit 51</name><description>5.75 ha, probability 1.00, older, outside riverbed, pit</description><styleUrl>#old</styleUrl><MultiGeometry><Polygon><outerBoundaryIs><LinearRing><coordinates>76.977656,29.842549 76.977652,29.842369 76.977445,29.842372 76.977444,29.842282 76.977340,29.842283 76.977338,29.842193 76.977131,29.842196 76.977130,29.842106 76.977026,29.842108 76.977024,29.842017 76.976921,29.842019 76.976919,29.841929 76.976816,29.841930 76.976814,29.841840 76.976710,29.841842 76.976707,29.841661 76.976603,29.841663 76.976600,29.841483 76.976496,29.841484 76.976493,29.841304 76.976389,29.841305 76.976386,29.841125 76.976282,29.841126 76.976281,29.841036 76.976177,29.841038 76.976175,29.840948 76.976072,29.840949 76.976070,29.840859 76.975967,29.840860 76.975965,29.840770 76.975758,29.840773 76.975756,29.840683 76.975653,29.840685 76.975651,29.840595 76.975444,29.840598 76.975442,29.840507 76.975339,29.840509 76.975337,29.840419 76.975234,29.840420 76.975232,29.840330 76.975128,29.840332 76.975127,29.840241 76.975023,29.840243 76.975020,29.840063 76.974916,29.840064 76.974911,29.839794 76.975014,29.839792 76.975013,29.839702 76.975116,29.839700 76.975114,29.839610 76.975321,29.839607 76.975319,29.839517 76.976457,29.839500 76.976459,29.839590 76.976770,29.839585 76.976768,29.839495 76.976975,29.839492 76.976976,29.839582 76.977183,29.839579 76.977185,29.839669 76.977289,29.839668 76.977292,29.839848 76.977396,29.839847 76.977397,29.839937 76.977501,29.839935 76.977503,29.840025 76.977606,29.840024 76.977608,29.840114 76.977711,29.840113 76.977713,29.840203 76.977817,29.840201 76.977820,29.840382 76.977924,29.840380 76.977927,29.840560 76.978134,29.840557 76.978157,29.841730 76.978054,29.841731 76.978055,29.841822 76.978159,29.841820 76.978166,29.842181 76.977959,29.842184 76.977961,29.842274 76.977650,29.842279 76.977652,29.842369 76.978170,29.842361 76.978171,29.842451 76.978068,29.842453 76.978070,29.842543 76.977656,29.842549</coordinates></LinearRing></outerBoundaryIs></Polygon></MultiGeometry></Placemark><Placemark><name>Pit 52</name><description>0.21 ha, probability 1.00, older, outside riverbed, pit</description><styleUrl>#old</styleUrl><MultiGeometry><Polygon><outerBoundaryIs><LinearRing><coordinates>77.093020,29.836440 77.093018,29.836350 77.092811,29.836353 77.092807,29.836173 77.092704,29.836175 77.092700,29.835994 77.092597,29.835996 77.092593,29.835816 77.092800,29.835812 77.092802,29.835902 77.092905,29.835901 77.092907,29.835991 77.093010,29.835989 77.093012,29.836080 77.093116,29.836078 77.093119,29.836258 77.093223,29.836257 77.093227,29.836437 77.093020,29.836440</coordinates></LinearRing></outerBoundaryIs></Polygon></MultiGeometry></Placemark><Placemark><name>Pit 53</name><description>0.11 ha, probability 1.00, older, outside riverbed, pit</description><styleUrl>#old</styleUrl><MultiGeometry><Polygon><outerBoundaryIs><LinearRing><coordinates>76.617896,29.525591 76.617893,29.525411 76.617584,29.525414 76.617583,29.525324 76.617789,29.525322 76.617787,29.525231 76.617994,29.525229 76.617995,29.525319 76.618098,29.525318 76.618103,29.525589 76.617896,29.525591</coordinates></LinearRing></outerBoundaryIs></Polygon></MultiGeometry></Placemark><Placemark><name>Pit 54</name><description>0.52 ha, probability 1.00, older, outside riverbed, pit</description><styleUrl>#old</styleUrl><MultiGeometry><Polygon><outerBoundaryIs><LinearRing><coordinates>76.712197,29.592895 76.712195,29.592805 76.712092,29.592806 76.712089,29.592626 76.711986,29.592627 76.711983,29.592447 76.711879,29.592448 76.711876,29.592268 76.712805,29.592256 76.712804,29.592165 76.712907,29.592164 76.712909,29.592254 76.713012,29.592253 76.713016,29.592524 76.712913,29.592525 76.712915,29.592615 76.712811,29.592617 76.712813,29.592707 76.712607,29.592709 76.712608,29.592800 76.712298,29.592804 76.712300,29.592894 76.712197,29.592895</coordinates></LinearRing></outerBoundaryIs></Polygon></MultiGeometry></Placemark><Placemark><name>Pit 55</name><description>0.28 ha, probability 1.00, older, outside riverbed, pit</description><styleUrl>#old</styleUrl><MultiGeometry><Polygon><outerBoundaryIs><LinearRing><coordinates>76.616660,29.525696 76.616659,29.525606 76.616555,29.525607 76.616552,29.525427 76.616449,29.525428 76.616448,29.525338 76.616551,29.525337 76.616550,29.525246 76.617065,29.525240 76.617064,29.525150 76.617373,29.525146 76.617375,29.525236 76.617478,29.525235 76.617479,29.525325 76.617067,29.525330 76.617068,29.525421 76.616965,29.525422 76.616968,29.525602 76.616865,29.525604 76.616866,29.525694 76.616660,29.525696</coordinates></LinearRing></outerBoundaryIs></Polygon></MultiGeometry></Placemark><Placemark><name>Pit 56</name><description>0.08 ha, probability 1.00, older, outside riverbed, pit</description><styleUrl>#old</styleUrl><MultiGeometry><Polygon><outerBoundaryIs><LinearRing><coordinates>76.836171,29.523567 76.836167,29.523386 76.836271,29.523385 76.836267,29.523204 76.836474,29.523201 76.836477,29.523382 76.836374,29.523383 76.836377,29.523564 76.836171,29.523567</coordinates></LinearRing></outerBoundaryIs></Polygon></MultiGeometry></Placemark><Placemark><name>Pit 57</name><description>0.07 ha, probability 1.00, older, outside riverbed, pit</description><styleUrl>#old</styleUrl><MultiGeometry><Polygon><outerBoundaryIs><LinearRing><coordinates>76.846677,29.590731 76.846675,29.590641 76.846572,29.590642 76.846571,29.590552 76.846674,29.590551 76.846672,29.590460 76.846775,29.590459 76.846779,29.590639 76.846882,29.590638 76.846879,29.590458 76.846982,29.590456 76.846985,29.590637 76.846882,29.590638 76.846884,29.590728 76.846677,29.590731</coordinates></LinearRing></outerBoundaryIs></Polygon></MultiGeometry></Placemark><Placemark><name>Pit 58</name><description>0.85 ha, probability 1.00, older, outside riverbed, pit</description><styleUrl>#old</styleUrl><MultiGeometry><Polygon><outerBoundaryIs><LinearRing><coordinates>76.836708,29.524732 76.836703,29.524462 76.836806,29.524460 76.836798,29.524009 76.837107,29.524005 76.837110,29.524185 76.837214,29.524184 76.837217,29.524364 76.837320,29.524363 76.837318,29.524273 76.837421,29.524271 76.837423,29.524361 76.837629,29.524358 76.837625,29.524088 76.837521,29.524089 76.837512,29.523548 76.837408,29.523549 76.837405,29.523369 76.837302,29.523370 76.837300,29.523280 76.837197,29.523282 76.837196,29.523192 76.837299,29.523190 76.837297,29.523100 76.836781,29.523107 76.836780,29.523017 76.836574,29.523020 76.836572,29.522929 76.837088,29.522922 76.837086,29.522832 76.837189,29.522831 76.837191,29.522921 76.837500,29.522917 76.837502,29.523007 76.837605,29.523005 76.837616,29.523637 76.837719,29.523635 76.837728,29.524086 76.837831,29.524085 76.837837,29.524446 76.837940,29.524444 76.837944,29.524625 76.837841,29.524626 76.837839,29.524536 76.837736,29.524537 76.837734,29.524447 76.837631,29.524449 76.837633,29.524539 76.837426,29.524542 76.837428,29.524632 76.837119,29.524636 76.837110,29.524185 76.836904,29.524188 76.836914,29.524729 76.836708,29.524732</coordinates></LinearRing></outerBoundaryIs></Polygon></MultiGeometry></Placemark><Placemark><name>Pit 59</name><description>0.23 ha, probability 1.00, older, outside riverbed, pit</description><styleUrl>#old</styleUrl><MultiGeometry><Polygon><outerBoundaryIs><LinearRing><coordinates>77.015037,29.833323 77.015030,29.832962 77.015236,29.832959 77.015238,29.833049 77.015445,29.833046 77.015443,29.832956 77.015547,29.832954 77.015549,29.833045 77.015755,29.833041 77.015759,29.833222 77.015656,29.833223 77.015657,29.833314 77.015037,29.833323</coordinates></LinearRing></outerBoundaryIs></Polygon></MultiGeometry></Placemark><Placemark><name>Pit 60</name><description>0.93 ha, probability 1.00, older, outside riverbed, likely village pond</description><styleUrl>#pond</styleUrl><MultiGeometry><Polygon><outerBoundaryIs><LinearRing><coordinates>76.957126,29.686319 76.957124,29.686229 76.957021,29.686231 76.957018,29.686050 76.956708,29.686055 76.956709,29.686145 76.956606,29.686147 76.956596,29.685605 76.956492,29.685607 76.956477,29.684795 76.956373,29.684797 76.956358,29.683985 76.956254,29.683986 76.956253,29.683896 76.956459,29.683893 76.956468,29.684344 76.956675,29.684341 76.956676,29.684431 76.956883,29.684428 76.956885,29.684518 76.956988,29.684517 76.957005,29.685419 76.957109,29.685417 76.957110,29.685508 76.956904,29.685511 76.956906,29.685601 76.956802,29.685602 76.956801,29.685512 76.956697,29.685514 76.956702,29.685784 76.956806,29.685783 76.956808,29.685873 76.957117,29.685868 76.957119,29.685959 76.957222,29.685957 76.957229,29.686318 76.957126,29.686319</coordinates></LinearRing></outerBoundaryIs></Polygon></MultiGeometry></Placemark><Placemark><name>Pit 61</name><description>0.53 ha, probability 1.00, older, outside riverbed, pit</description><styleUrl>#old</styleUrl><MultiGeometry><Polygon><outerBoundaryIs><LinearRing><coordinates>76.888264,29.589875 76.888263,29.589785 76.888160,29.589786 76.888158,29.589696 76.888055,29.589698 76.888051,29.589517 76.888258,29.589514 76.888256,29.589424 76.888359,29.589423 76.888361,29.589513 76.888464,29.589511 76.888466,29.589602 76.888569,29.589600 76.888567,29.589510 76.889496,29.589497 76.889498,29.589587 76.889601,29.589585 76.889604,29.589766 76.889501,29.589767 76.889503,29.589858 76.888677,29.589869 76.888676,29.589779 76.888469,29.589782 76.888471,29.589872 76.888264,29.589875</coordinates></LinearRing></outerBoundaryIs></Polygon></MultiGeometry></Placemark><Placemark><name>Pit 62</name><description>0.26 ha, probability 1.00, older, outside riverbed, pit</description><styleUrl>#old</styleUrl><MultiGeometry><Polygon><outerBoundaryIs><LinearRing><coordinates>76.957030,29.692005 76.957024,29.691734 76.956921,29.691736 76.956916,29.691465 76.957019,29.691464 76.957017,29.691373 76.957224,29.691370 76.957226,29.691461 76.957329,29.691459 76.957327,29.691369 76.957431,29.691367 76.957438,29.691728 76.957644,29.691725 76.957646,29.691815 76.957439,29.691818 76.957438,29.691728 76.957231,29.691731 76.957233,29.691821 76.957130,29.691823 76.957131,29.691913 76.957441,29.691909 76.957443,29.691999 76.957030,29.692005</coordinates></LinearRing></outerBoundaryIs></Polygon></MultiGeometry></Placemark><Placemark><name>Pit 63</name><description>0.38 ha, probability 1.00, older, outside riverbed, pit</description><styleUrl>#old</styleUrl><MultiGeometry><Polygon><outerBoundaryIs><LinearRing><coordinates>76.957672,29.693168 76.957667,29.692898 76.957564,29.692899 76.957560,29.692719 76.957457,29.692720 76.957445,29.692089 76.957548,29.692087 76.957550,29.692178 76.957653,29.692176 76.957662,29.692627 76.957765,29.692626 76.957763,29.692535 76.957867,29.692534 76.957865,29.692444 76.957762,29.692445 76.957760,29.692355 76.957863,29.692353 76.957854,29.691902 76.957958,29.691901 76.957966,29.692352 76.958070,29.692350 76.958075,29.692621 76.957972,29.692623 76.957975,29.692803 76.957769,29.692806 76.957776,29.693167 76.957672,29.693168</coordinates></LinearRing></outerBoundaryIs></Polygon></MultiGeometry></Placemark><Placemark><name>Pit 64</name><description>0.11 ha, probability 1.00, older, outside riverbed, pit</description><styleUrl>#old</styleUrl><MultiGeometry><Polygon><outerBoundaryIs><LinearRing><coordinates>76.581724,29.528282 76.581722,29.528192 76.581619,29.528193 76.581615,29.527923 76.581925,29.527919 76.581930,29.528280 76.581724,29.528282</coordinates></LinearRing></outerBoundaryIs></Polygon></MultiGeometry></Placemark><Placemark><name>Pit 65</name><description>0.08 ha, probability 1.00, older, outside riverbed, pit</description><styleUrl>#old</styleUrl><MultiGeometry><Polygon><outerBoundaryIs><LinearRing><coordinates>76.883094,29.589407 76.883089,29.589137 76.883295,29.589134 76.883297,29.589224 76.883400,29.589222 76.883404,29.589403 76.883094,29.589407</coordinates></LinearRing></outerBoundaryIs></Polygon></MultiGeometry></Placemark><Placemark><name>Pit 66</name><description>0.48 ha, probability 1.00, older, outside riverbed, likely village pond</description><styleUrl>#pond</styleUrl><MultiGeometry><Polygon><outerBoundaryIs><LinearRing><coordinates>76.750959,29.697055 76.750956,29.696875 76.750852,29.696876 76.750843,29.696335 76.750739,29.696336 76.750736,29.696156 76.750840,29.696155 76.750838,29.696064 76.751045,29.696062 76.751046,29.696152 76.751150,29.696151 76.751151,29.696241 76.751255,29.696239 76.751259,29.696510 76.751053,29.696513 76.751054,29.696603 76.751364,29.696599 76.751361,29.696418 76.751464,29.696417 76.751469,29.696688 76.751572,29.696686 76.751574,29.696777 76.751471,29.696778 76.751472,29.696868 76.751369,29.696869 76.751370,29.696960 76.751164,29.696962 76.751165,29.697053 76.750959,29.697055</coordinates></LinearRing></outerBoundaryIs></Polygon></MultiGeometry></Placemark><Placemark><name>Pit 67</name><description>0.52 ha, probability 1.00, new, outside riverbed, pit</description><styleUrl>#new</styleUrl><MultiGeometry><Polygon><outerBoundaryIs><LinearRing><coordinates>76.678288,29.527730 76.678287,29.527639 76.678184,29.527641 76.678182,29.527550 76.678079,29.527552 76.678076,29.527371 76.677973,29.527373 76.677967,29.527012 76.678070,29.527010 76.678069,29.526920 76.678378,29.526916 76.678380,29.527007 76.678483,29.527005 76.678484,29.527095 76.678587,29.527094 76.678590,29.527275 76.678693,29.527273 76.678695,29.527363 76.678798,29.527362 76.678804,29.527723 76.678288,29.527730</coordinates></LinearRing></outerBoundaryIs></Polygon></MultiGeometry></Placemark><Placemark><name>Pit 68</name><description>0.03 ha, probability 1.00, older, outside riverbed, pit</description><styleUrl>#old</styleUrl><MultiGeometry><Polygon><outerBoundaryIs><LinearRing><coordinates>77.136561,29.825639 77.136559,29.825548 77.136663,29.825547 77.136661,29.825457 77.136764,29.825455 77.136768,29.825635 77.136561,29.825639</coordinates></LinearRing></outerBoundaryIs></Polygon></MultiGeometry></Placemark><Placemark><name>Pit 69</name><description>0.13 ha, probability 1.00, older, outside riverbed, pit</description><styleUrl>#old</styleUrl><MultiGeometry><Polygon><outerBoundaryIs><LinearRing><coordinates>76.931090,29.540266 76.931089,29.540176 76.930882,29.540179 76.930881,29.540089 76.931087,29.540086 76.931083,29.539906 76.930980,29.539907 76.930979,29.539817 76.930875,29.539818 76.930872,29.539638 76.930975,29.539637 76.930977,29.539727 76.931080,29.539725 76.931083,29.539906 76.931187,29.539904 76.931188,29.539994 76.931291,29.539993 76.931297,29.540263 76.931090,29.540266</coordinates></LinearRing></outerBoundaryIs></Polygon></MultiGeometry></Placemark><Placemark><name>Pit 70</name><description>0.03 ha, probability 1.00, older, outside riverbed, pit</description><styleUrl>#old</styleUrl><MultiGeometry><Polygon><outerBoundaryIs><LinearRing><coordinates>76.708765,29.799024 76.708764,29.798934 76.708660,29.798935 76.708659,29.798845 76.708866,29.798842 76.708869,29.799023 76.708765,29.799024</coordinates></LinearRing></outerBoundaryIs></Polygon></MultiGeometry></Placemark><Placemark><name>Pit 71</name><description>1.33 ha, probability 1.00, older, outside riverbed, pit</description><styleUrl>#old</styleUrl><MultiGeometry><Polygon><outerBoundaryIs><LinearRing><coordinates>77.055982,29.841894 77.055981,29.841804 77.055567,29.841810 77.055565,29.841720 77.055461,29.841722 77.055456,29.841451 77.055559,29.841450 77.055556,29.841269 77.055452,29.841271 77.055450,29.841181 77.055347,29.841182 77.055340,29.840821 77.055546,29.840818 77.055545,29.840728 77.056476,29.840714 77.056478,29.840804 77.056581,29.840802 77.056585,29.840983 77.056481,29.840984 77.056485,29.841165 77.056588,29.841163 77.056603,29.841884 77.056189,29.841891 77.056188,29.841801 77.056084,29.841802 77.056086,29.841892 77.055982,29.841894</coordinates></LinearRing></outerBoundaryIs></Polygon></MultiGeometry></Placemark><Placemark><name>Pit 72</name><description>0.49 ha, probability 1.00, older, outside riverbed, likely village pond</description><styleUrl>#pond</styleUrl><MultiGeometry><Polygon><outerBoundaryIs><LinearRing><coordinates>76.776150,29.577979 76.776144,29.577618 76.776041,29.577619 76.776039,29.577529 76.776143,29.577528 76.776139,29.577347 76.776036,29.577349 76.776035,29.577259 76.776757,29.577249 76.776759,29.577339 76.776862,29.577338 76.776863,29.577428 76.776967,29.577427 76.776968,29.577517 76.776865,29.577518 76.776868,29.577699 76.776765,29.577700 76.776766,29.577790 76.776560,29.577793 76.776562,29.577883 76.776355,29.577886 76.776357,29.577976 76.776150,29.577979</coordinates></LinearRing></outerBoundaryIs></Polygon></MultiGeometry></Placemark><Placemark><name>Pit 73</name><description>0.07 ha, probability 1.00, older, outside riverbed, pit</description><styleUrl>#old</styleUrl><MultiGeometry><Polygon><outerBoundaryIs><LinearRing><coordinates>76.851439,29.754967 76.851436,29.754787 76.851849,29.754781 76.851851,29.754871 76.851748,29.754872 76.851749,29.754963 76.851439,29.754967</coordinates></LinearRing></outerBoundaryIs></Polygon></MultiGeometry></Placemark><Placemark><name>Pit 74</name><description>0.34 ha, probability 1.00, older, outside riverbed, pit</description><styleUrl>#old</styleUrl><MultiGeometry><Polygon><outerBoundaryIs><LinearRing><coordinates>76.884935,29.560689 76.884931,29.560509 76.884828,29.560510 76.884826,29.560420 76.884930,29.560418 76.884928,29.560328 76.885031,29.560327 76.885029,29.560237 76.885236,29.560234 76.885234,29.560143 76.885647,29.560138 76.885654,29.560498 76.885550,29.560500 76.885552,29.560590 76.885243,29.560594 76.885244,29.560685 76.884935,29.560689</coordinates></LinearRing></outerBoundaryIs></Polygon></MultiGeometry></Placemark><Placemark><name>Pit 75</name><description>0.26 ha, probability 1.00, older, Yamuna riverbed, pit</description><styleUrl>#old</styleUrl><MultiGeometry><Polygon><outerBoundaryIs><LinearRing><coordinates>77.128125,29.730144 77.128123,29.730054 77.128226,29.730053 77.128223,29.729872 77.128326,29.729871 77.128322,29.729690 77.128425,29.729689 77.128422,29.729508 77.128318,29.729510 77.128313,29.729239 77.128519,29.729236 77.128521,29.729326 77.128831,29.729321 77.128835,29.729502 77.128732,29.729503 77.128734,29.729593 77.128630,29.729595 77.128634,29.729775 77.128531,29.729777 77.128533,29.729867 77.128429,29.729869 77.128431,29.729959 77.128328,29.729961 77.128330,29.730051 77.128226,29.730053 77.128228,29.730143 77.128125,29.730144</coordinates></LinearRing></outerBoundaryIs></Polygon></MultiGeometry></Placemark><Placemark><name>Pit 76</name><description>0.16 ha, probability 1.00, older, outside riverbed, pit</description><styleUrl>#old</styleUrl><MultiGeometry><Polygon><outerBoundaryIs><LinearRing><coordinates>76.782639,29.577170 76.782631,29.576719 76.782528,29.576720 76.782527,29.576630 76.782423,29.576632 76.782422,29.576541 76.782112,29.576545 76.782111,29.576455 76.782317,29.576452 76.782315,29.576362 76.782625,29.576358 76.782631,29.576719 76.782735,29.576718 76.782742,29.577169 76.782639,29.577170</coordinates></LinearRing></outerBoundaryIs></Polygon></MultiGeometry></Placemark><Placemark><name>Pit 77</name><description>2.19 ha, probability 1.00, older, outside riverbed, pit</description><styleUrl>#old</styleUrl><MultiGeometry><Polygon><outerBoundaryIs><LinearRing><coordinates>76.795437,29.577088 76.795428,29.576547 76.795531,29.576545 76.795518,29.575823 76.795621,29.575822 76.795620,29.575732 76.795723,29.575730 76.795721,29.575640 76.795825,29.575639 76.795823,29.575549 76.796752,29.575536 76.796750,29.575446 76.796853,29.575444 76.796855,29.575535 76.797165,29.575530 76.797166,29.575621 76.797269,29.575619 76.797282,29.576341 76.796869,29.576347 76.796871,29.576437 76.796768,29.576438 76.796769,29.576528 76.796460,29.576533 76.796461,29.576623 76.796358,29.576624 76.796361,29.576805 76.796258,29.576806 76.796260,29.576896 76.796157,29.576898 76.796158,29.576988 76.795849,29.576992 76.795850,29.577082 76.795437,29.577088</coordinates></LinearRing></outerBoundaryIs></Polygon></MultiGeometry></Placemark><Placemark><name>Pit 78</name><description>0.32 ha, probability 1.00, new, outside riverbed, pit</description><styleUrl>#new</styleUrl><MultiGeometry><Polygon><outerBoundaryIs><LinearRing><coordinates>76.885334,29.559962 76.885331,29.559781 76.885434,29.559780 76.885432,29.559689 76.885329,29.559691 76.885326,29.559511 76.885429,29.559509 76.885427,29.559419 76.885530,29.559417 76.885529,29.559327 76.885735,29.559324 76.885737,29.559414 76.885840,29.559413 76.885841,29.559503 76.885945,29.559502 76.885950,29.559772 76.885847,29.559774 76.885848,29.559864 76.885745,29.559865 76.885747,29.559956 76.885334,29.559962</coordinates></LinearRing></outerBoundaryIs></Polygon></MultiGeometry></Placemark><Placemark><name>Pit 79</name><description>0.31 ha, probability 1.00, older, outside riverbed, pit</description><styleUrl>#old</styleUrl><MultiGeometry><Polygon><outerBoundaryIs><LinearRing><coordinates>76.798236,29.560267 76.798230,29.559906 76.799055,29.559895 76.799060,29.560166 76.798957,29.560167 76.798958,29.560257 76.798236,29.560267</coordinates></LinearRing></outerBoundaryIs></Polygon></MultiGeometry></Placemark><Placemark><name>Pit 80</name><description>0.03 ha, probability 1.00, new, Yamuna riverbed, pit</description><styleUrl>#new</styleUrl><MultiGeometry><Polygon><outerBoundaryIs><LinearRing><coordinates>77.132372,29.720784 77.132370,29.720693 77.132267,29.720695 77.132265,29.720605 77.132471,29.720602 77.132475,29.720782 77.132372,29.720784</coordinates></LinearRing></outerBoundaryIs></Polygon></MultiGeometry></Placemark><Placemark><name>Pit 81</name><description>4.68 ha, probability 1.00, new, Yamuna riverbed, pit</description><styleUrl>#new</styleUrl><MultiGeometry><Polygon><outerBoundaryIs><LinearRing><coordinates>77.105669,29.555297 77.105667,29.555207 77.106080,29.555200 77.106072,29.554840 77.105969,29.554841 77.105967,29.554751 77.106070,29.554750 77.106061,29.554299 77.105855,29.554302 77.105830,29.553129 77.105934,29.553128 77.105932,29.553038 77.105828,29.553039 77.105825,29.552859 77.105722,29.552860 77.105720,29.552770 77.105617,29.552772 77.105600,29.551960 77.105497,29.551962 77.105493,29.551781 77.105596,29.551780 77.105590,29.551509 77.105487,29.551511 77.105485,29.551421 77.105589,29.551419 77.105583,29.551148 77.105480,29.551150 77.105476,29.550970 77.105373,29.550971 77.105362,29.550430 77.105258,29.550432 77.105257,29.550342 77.105153,29.550343 77.105148,29.550073 77.105251,29.550071 77.105247,29.549891 77.105350,29.549889 77.105345,29.549618 77.105551,29.549615 77.105553,29.549705 77.105656,29.549704 77.105658,29.549794 77.105761,29.549792 77.105763,29.549882 77.105866,29.549881 77.105868,29.549971 77.105971,29.549969 77.105973,29.550060 77.106076,29.550058 77.106078,29.550148 77.106181,29.550146 77.106183,29.550237 77.106286,29.550235 77.106288,29.550325 77.106391,29.550324 77.106393,29.550414 77.106496,29.550412 77.106498,29.550502 77.106601,29.550501 77.106603,29.550591 77.106706,29.550589 77.106718,29.551130 77.106614,29.551132 77.106624,29.551583 77.106521,29.551585 77.106532,29.552126 77.106429,29.552127 77.106431,29.552218 77.106534,29.552216 77.106554,29.553208 77.106451,29.553210 77.106475,29.554382 77.106372,29.554384 77.106384,29.554925 77.106280,29.554927 77.106284,29.555107 77.106181,29.555109 77.106183,29.555199 77.106080,29.555200 77.106082,29.555291 77.105669,29.555297</coordinates></LinearRing></outerBoundaryIs></Polygon></MultiGeometry></Placemark><Placemark><name>Pit 82</name><description>0.35 ha, probability 1.00, older, outside riverbed, pit</description><styleUrl>#old</styleUrl><MultiGeometry><Polygon><outerBoundaryIs><LinearRing><coordinates>76.818973,29.760831 76.818972,29.760741 76.818868,29.760742 76.818865,29.760562 76.818968,29.760560 76.818962,29.760200 76.819479,29.760192 76.819490,29.760824 76.818973,29.760831</coordinates></LinearRing></outerBoundaryIs></Polygon></MultiGeometry></Placemark><Placemark><name>Pit 83</name><description>0.18 ha, probability 1.00, older, outside riverbed, pit</description><styleUrl>#old</styleUrl><MultiGeometry><Polygon><outerBoundaryIs><LinearRing><coordinates>77.069769,29.757595 77.069761,29.757234 77.070175,29.757227 77.070178,29.757408 77.070282,29.757406 77.070285,29.757587 77.069769,29.757595</coordinates></LinearRing></outerBoundaryIs></Polygon></MultiGeometry></Placemark><Placemark><name>Pit 84</name><description>1.41 ha, probability 1.00, older, outside riverbed, pit</description><styleUrl>#old</styleUrl><MultiGeometry><Polygon><outerBoundaryIs><LinearRing><coordinates>76.845971,29.761269 76.845969,29.761179 76.845763,29.761182 76.845761,29.761091 76.845968,29.761089 76.845966,29.760998 76.846483,29.760991 76.846481,29.760901 76.846378,29.760902 76.846376,29.760812 76.846480,29.760811 76.846478,29.760720 76.846581,29.760719 76.846578,29.760539 76.846475,29.760540 76.846476,29.760630 76.846166,29.760635 76.846165,29.760544 76.846268,29.760543 76.846266,29.760453 76.846059,29.760456 76.846058,29.760365 76.846161,29.760364 76.846160,29.760274 76.846263,29.760272 76.846260,29.760092 76.846363,29.760091 76.846366,29.760271 76.846470,29.760269 76.846471,29.760360 76.846575,29.760358 76.846571,29.760178 76.846468,29.760179 76.846465,29.759999 76.846155,29.760003 76.846156,29.760093 76.846053,29.760095 76.846051,29.760005 76.845948,29.760006 76.845946,29.759916 76.845636,29.759920 76.845641,29.760191 76.845538,29.760192 76.845539,29.760282 76.845332,29.760285 76.845334,29.760376 76.845231,29.760377 76.845227,29.760197 76.845124,29.760198 76.845117,29.759837 76.845221,29.759836 76.845219,29.759746 76.845426,29.759743 76.845428,29.759833 76.846461,29.759818 76.846460,29.759728 76.846667,29.759725 76.846668,29.759816 76.846875,29.759813 76.846878,29.759993 76.846982,29.759992 76.846987,29.760262 76.847090,29.760261 76.847092,29.760351 76.847195,29.760350 76.847203,29.760801 76.847100,29.760802 76.847102,29.760892 76.846998,29.760894 76.847000,29.760984 76.846793,29.760987 76.846795,29.761077 76.846588,29.761080 76.846586,29.760990 76.846483,29.760991 76.846486,29.761172 76.846073,29.761177 76.846074,29.761267 76.845971,29.761269</coordinates></LinearRing></outerBoundaryIs></Polygon></MultiGeometry></Placemark><Placemark><name>Pit 85</name><description>0.27 ha, probability 1.00, older, outside riverbed, pit</description><styleUrl>#old</styleUrl><MultiGeometry><Polygon><outerBoundaryIs><LinearRing><coordinates>76.782036,29.578080 76.782034,29.577990 76.781931,29.577992 76.781928,29.577811 76.781825,29.577813 76.781818,29.577452 76.781715,29.577453 76.781709,29.577092 76.781812,29.577091 76.781817,29.577362 76.781920,29.577360 76.781925,29.577631 76.782028,29.577629 76.782031,29.577810 76.782134,29.577808 76.782133,29.577718 76.782236,29.577717 76.782234,29.577627 76.782338,29.577625 76.782336,29.577535 76.782439,29.577534 76.782436,29.577353 76.782539,29.577352 76.782538,29.577262 76.782641,29.577260 76.782644,29.577441 76.782541,29.577442 76.782544,29.577622 76.782441,29.577624 76.782442,29.577714 76.782339,29.577715 76.782341,29.577806 76.782238,29.577807 76.782239,29.577897 76.782136,29.577899 76.782139,29.578079 76.782036,29.578080</coordinates></LinearRing></outerBoundaryIs></Polygon></MultiGeometry></Placemark><Placemark><name>Pit 86</name><description>0.07 ha, probability 1.00, older, Yamuna riverbed, pit</description><styleUrl>#old</styleUrl><MultiGeometry><Polygon><outerBoundaryIs><LinearRing><coordinates>77.095945,29.574127 77.095943,29.574037 77.095840,29.574038 77.095835,29.573768 77.096041,29.573764 77.096048,29.574125 77.095945,29.574127</coordinates></LinearRing></outerBoundaryIs></Polygon></MultiGeometry></Placemark><Placemark><name>Pit 87</name><description>0.17 ha, probability 1.00, older, outside riverbed, pit</description><styleUrl>#old</styleUrl><MultiGeometry><Polygon><outerBoundaryIs><LinearRing><coordinates>76.850559,29.735220 76.850549,29.734679 76.850653,29.734677 76.850651,29.734587 76.850755,29.734586 76.850759,29.734856 76.850863,29.734855 76.850869,29.735216 76.850559,29.735220</coordinates></LinearRing></outerBoundaryIs></Polygon></MultiGeometry></Placemark><Placemark><name>Pit 88</name><description>0.17 ha, probability 1.00, older, outside riverbed, pit</description><styleUrl>#old</styleUrl><MultiGeometry><Polygon><outerBoundaryIs><LinearRing><coordinates>76.851431,29.754516 76.851428,29.754336 76.851531,29.754334 76.851529,29.754244 76.851323,29.754247 76.851321,29.754157 76.851528,29.754154 76.851526,29.754063 76.851629,29.754062 76.851631,29.754152 76.851941,29.754148 76.851944,29.754328 76.851841,29.754330 76.851843,29.754420 76.851636,29.754423 76.851638,29.754513 76.851431,29.754516</coordinates></LinearRing></outerBoundaryIs></Polygon></MultiGeometry></Placemark><Placemark><name>Pit 89</name><description>0.99 ha, probability 1.00, older, outside riverbed, pit</description><styleUrl>#old</styleUrl><MultiGeometry><Polygon><outerBoundaryIs><LinearRing><coordinates>77.089014,29.748270 77.089012,29.748180 77.088805,29.748183 77.088803,29.748093 77.088700,29.748095 77.088691,29.747644 77.088071,29.747654 77.088069,29.747563 77.088482,29.747557 77.088480,29.747467 77.088790,29.747462 77.088788,29.747372 77.089305,29.747363 77.089303,29.747273 77.089510,29.747270 77.089508,29.747180 77.089612,29.747178 77.089613,29.747268 77.089717,29.747267 77.089721,29.747447 77.089824,29.747445 77.089826,29.747536 77.089722,29.747537 77.089724,29.747627 77.089621,29.747629 77.089625,29.747809 77.089728,29.747808 77.089734,29.748078 77.089630,29.748080 77.089628,29.747990 77.089525,29.747991 77.089527,29.748082 77.089424,29.748083 77.089425,29.748174 77.089322,29.748175 77.089324,29.748265 77.089014,29.748270</coordinates></LinearRing></outerBoundaryIs></Polygon></MultiGeometry></Placemark><Placemark><name>Pit 90</name><description>0.17 ha, probability 1.00, new, outside riverbed, pit</description><styleUrl>#new</styleUrl><MultiGeometry><Polygon><outerBoundaryIs><LinearRing><coordinates>77.085701,29.748052 77.085699,29.747962 77.085596,29.747963 77.085590,29.747693 77.086004,29.747686 77.086005,29.747776 77.086109,29.747775 77.086113,29.747955 77.086009,29.747957 77.086011,29.748047 77.085701,29.748052</coordinates></LinearRing></outerBoundaryIs></Polygon></MultiGeometry></Placemark><Placemark><name>Pit 91</name><description>1.06 ha, probability 1.00, new, outside riverbed, pit</description><styleUrl>#new</styleUrl><MultiGeometry><Polygon><outerBoundaryIs><LinearRing><coordinates>76.858380,29.750088 76.858379,29.749997 76.858275,29.749999 76.858270,29.749728 76.858374,29.749727 76.858372,29.749637 76.858269,29.749638 76.858264,29.749367 76.858160,29.749369 76.858155,29.749098 76.858259,29.749097 76.858257,29.749007 76.858774,29.748999 76.858781,29.749360 76.858677,29.749362 76.858679,29.749452 76.858886,29.749449 76.858884,29.749359 76.858987,29.749357 76.858984,29.749177 76.859398,29.749171 76.859399,29.749261 76.859296,29.749263 76.859299,29.749443 76.859403,29.749442 76.859404,29.749532 76.859301,29.749533 76.859303,29.749624 76.859406,29.749622 76.859413,29.749983 76.858792,29.749992 76.858794,29.750082 76.858380,29.750088</coordinates></LinearRing></outerBoundaryIs></Polygon></MultiGeometry></Placemark><Placemark><name>Pit 92</name><description>0.42 ha, probability 1.00, older, outside riverbed, pit</description><styleUrl>#old</styleUrl><MultiGeometry><Polygon><outerBoundaryIs><LinearRing><coordinates>76.929514,29.560500 76.929511,29.560319 76.929408,29.560321 76.929406,29.560231 76.929612,29.560228 76.929611,29.560138 76.930023,29.560132 76.930022,29.560041 76.929815,29.560044 76.929814,29.559954 76.929607,29.559957 76.929606,29.559867 76.929399,29.559870 76.929397,29.559780 76.929604,29.559777 76.929606,29.559867 76.929812,29.559864 76.929814,29.559954 76.930329,29.559947 76.930331,29.560037 76.930434,29.560035 76.930436,29.560126 76.930539,29.560124 76.930541,29.560214 76.930438,29.560216 76.930441,29.560396 76.929719,29.560407 76.929721,29.560497 76.929514,29.560500</coordinates></LinearRing></outerBoundaryIs></Polygon></MultiGeometry></Placemark><Placemark><name>Pit 93</name><description>0.13 ha, probability 1.00, new, outside riverbed, pit</description><styleUrl>#new</styleUrl><MultiGeometry><Polygon><outerBoundaryIs><LinearRing><coordinates>76.859061,29.747732 76.859056,29.747462 76.859573,29.747454 76.859574,29.747545 76.859471,29.747546 76.859474,29.747726 76.859061,29.747732</coordinates></LinearRing></outerBoundaryIs></Polygon></MultiGeometry></Placemark><Placemark><name>Pit 94</name><description>0.43 ha, probability 1.00, older, outside riverbed, likely village pond</description><styleUrl>#pond</styleUrl><MultiGeometry><Polygon><outerBoundaryIs><LinearRing><coordinates>76.989467,29.570713 76.989455,29.570081 76.989558,29.570080 76.989556,29.569990 76.989660,29.569988 76.989658,29.569898 76.989967,29.569893 76.989969,29.569983 76.990072,29.569982 76.990081,29.570433 76.989978,29.570434 76.989980,29.570525 76.989877,29.570526 76.989878,29.570616 76.989672,29.570619 76.989674,29.570710 76.989467,29.570713</coordinates></LinearRing></outerBoundaryIs></Polygon></MultiGeometry></Placemark><Placemark><name>Pit 95</name><description>0.18 ha, probability 1.00, new, outside riverbed, pit</description><styleUrl>#new</styleUrl><MultiGeometry><Polygon><outerBoundaryIs><LinearRing><coordinates>76.857069,29.746226 76.857067,29.746136 76.856964,29.746138 76.856957,29.745777 76.857060,29.745775 76.857057,29.745595 76.857160,29.745594 76.857162,29.745684 76.857265,29.745682 76.857267,29.745772 76.857370,29.745771 76.857372,29.745861 76.857269,29.745863 76.857275,29.746223 76.857069,29.746226</coordinates></LinearRing></outerBoundaryIs></Polygon></MultiGeometry></Placemark><Placemark><name>Pit 96</name><description>1.18 ha, probability 1.00, older, Yamuna riverbed, pit</description><styleUrl>#old</styleUrl><MultiGeometry><Polygon><outerBoundaryIs><LinearRing><coordinates>77.103364,29.558582 77.103352,29.558041 77.103456,29.558039 77.103454,29.557949 77.103557,29.557947 77.103553,29.557767 77.103656,29.557765 77.103645,29.557224 77.103748,29.557222 77.103746,29.557132 77.103953,29.557129 77.103951,29.557039 77.103848,29.557040 77.103846,29.556950 77.103949,29.556948 77.103945,29.556768 77.104152,29.556765 77.104148,29.556584 77.104251,29.556583 77.104249,29.556493 77.104352,29.556491 77.104350,29.556401 77.104454,29.556399 77.104452,29.556309 77.104555,29.556307 77.104553,29.556217 77.104656,29.556215 77.104654,29.556125 77.104757,29.556124 77.104761,29.556304 77.104864,29.556302 77.104861,29.556122 77.104964,29.556120 77.104960,29.555940 77.105063,29.555938 77.105059,29.555758 77.105163,29.555756 77.105159,29.555576 77.105262,29.555574 77.105260,29.555484 77.105363,29.555482 77.105361,29.555392 77.105464,29.555391 77.105463,29.555300 77.105566,29.555299 77.105568,29.555389 77.105464,29.555391 77.105466,29.555481 77.105363,29.555482 77.105365,29.555573 77.105262,29.555574 77.105266,29.555755 77.105163,29.555756 77.105166,29.555937 77.105063,29.555938 77.105067,29.556119 77.104964,29.556120 77.104967,29.556301 77.104864,29.556302 77.104868,29.556483 77.104765,29.556484 77.104767,29.556575 77.104664,29.556576 77.104667,29.556757 77.104564,29.556758 77.104570,29.557029 77.104467,29.557030 77.104470,29.557211 77.104367,29.557212 77.104369,29.557303 77.104266,29.557304 77.104268,29.557394 77.104165,29.557396 77.104166,29.557486 77.104063,29.557488 77.104067,29.557668 77.103964,29.557670 77.103966,29.557760 77.103863,29.557762 77.103866,29.557942 77.103763,29.557944 77.103765,29.558034 77.103662,29.558036 77.103666,29.558216 77.103562,29.558218 77.103564,29.558308 77.103461,29.558309 77.103467,29.558580 77.103364,29.558582</coordinates></LinearRing></outerBoundaryIs></Polygon></MultiGeometry></Placemark><Placemark><name>Pit 97</name><description>0.40 ha, probability 1.00, new, outside riverbed, pit</description><styleUrl>#new</styleUrl><MultiGeometry><Polygon><outerBoundaryIs><LinearRing><coordinates>76.851455,29.744591 76.851454,29.744501 76.851247,29.744503 76.851242,29.744233 76.852276,29.744218 76.852279,29.744399 76.852382,29.744397 76.852386,29.744578 76.851455,29.744591</coordinates></LinearRing></outerBoundaryIs></Polygon></MultiGeometry></Placemark><Placemark><name>Pit 98</name><description>0.07 ha, probability 1.00, older, outside riverbed, pit</description><styleUrl>#old</styleUrl><MultiGeometry><Polygon><outerBoundaryIs><LinearRing><coordinates>76.931595,29.561372 76.931593,29.561282 76.931903,29.561277 76.931898,29.561007 76.931794,29.561008 76.931793,29.560918 76.931896,29.560916 76.931898,29.561007 76.932001,29.561005 76.932006,29.561276 76.931903,29.561277 76.931904,29.561367 76.931595,29.561372</coordinates></LinearRing></outerBoundaryIs></Polygon></MultiGeometry></Placemark><Placemark><name>Pit 99</name><description>0.27 ha, probability 1.00, older, outside riverbed, pit</description><styleUrl>#old</styleUrl><MultiGeometry><Polygon><outerBoundaryIs><LinearRing><coordinates>76.973929,29.742369 76.973923,29.742098 76.973820,29.742100 76.973818,29.742010 76.973715,29.742011 76.973718,29.742192 76.973615,29.742193 76.973613,29.742103 76.973510,29.742104 76.973503,29.741744 76.973400,29.741745 76.973398,29.741655 76.973501,29.741654 76.973503,29.741744 76.973710,29.741741 76.973711,29.741831 76.974021,29.741826 76.974023,29.741916 76.974127,29.741915 76.974134,29.742276 76.974237,29.742274 76.974239,29.742364 76.973929,29.742369</coordinates></LinearRing></outerBoundaryIs></Polygon></MultiGeometry></Placemark><Placemark><name>Pit 100</name><description>0.16 ha, probability 1.00, older, outside riverbed, likely village pond</description><styleUrl>#pond</styleUrl><MultiGeometry><Polygon><outerBoundaryIs><LinearRing><coordinates>76.972876,29.741392 76.972870,29.741122 76.972767,29.741123 76.972758,29.740672 76.972862,29.740671 76.972865,29.740851 76.972968,29.740849 76.972974,29.741120 76.973077,29.741118 76.973081,29.741299 76.973287,29.741296 76.973289,29.741386 76.972876,29.741392</coordinates></LinearRing></outerBoundaryIs></Polygon></MultiGeometry></Placemark><Placemark><name>Pit 101</name><description>0.25 ha, probability 1.00, older, outside riverbed, pit</description><styleUrl>#old</styleUrl><MultiGeometry><Polygon><outerBoundaryIs><LinearRing><coordinates>77.086967,29.739281 77.086965,29.739190 77.086861,29.739192 77.086858,29.739012 77.086754,29.739013 77.086753,29.738923 77.087166,29.738917 77.087168,29.739007 77.087271,29.739005 77.087267,29.738825 77.087371,29.738823 77.087374,29.739004 77.087478,29.739002 77.087476,29.738912 77.087683,29.738908 77.087681,29.738818 77.087784,29.738817 77.087786,29.738907 77.087889,29.738905 77.087893,29.739086 77.087583,29.739090 77.087581,29.739000 77.087478,29.739002 77.087480,29.739092 77.087273,29.739095 77.087275,29.739186 77.087171,29.739187 77.087173,29.739277 77.086967,29.739281</coordinates></LinearRing></outerBoundaryIs></Polygon></MultiGeometry></Placemark><Placemark><name>Pit 102</name><description>0.84 ha, probability 1.00, older, Yamuna riverbed, pit</description><styleUrl>#old</styleUrl><MultiGeometry><Polygon><outerBoundaryIs><LinearRing><coordinates>77.102399,29.561845 77.102397,29.561755 77.102294,29.561756 77.102291,29.561576 77.102084,29.561579 77.102082,29.561489 77.102185,29.561487 77.102184,29.561397 77.102287,29.561396 77.102285,29.561305 77.102079,29.561309 77.102077,29.561218 77.102283,29.561215 77.102277,29.560945 77.102174,29.560946 77.102169,29.560676 77.102272,29.560674 77.102266,29.560403 77.102369,29.560402 77.102368,29.560312 77.102471,29.560310 77.102465,29.560039 77.102568,29.560038 77.102566,29.559948 77.102670,29.559946 77.102675,29.560217 77.102572,29.560218 77.102578,29.560489 77.102681,29.560487 77.102690,29.560938 77.102793,29.560936 77.102801,29.561297 77.102698,29.561299 77.102701,29.561479 77.102804,29.561478 77.102806,29.561568 77.102909,29.561566 77.102911,29.561656 77.102808,29.561658 77.102810,29.561748 77.102707,29.561750 77.102709,29.561840 77.102399,29.561845</coordinates></LinearRing></outerBoundaryIs></Polygon></MultiGeometry></Placemark><Placemark><name>Pit 103</name><description>0.10 ha, probability 1.00, older, outside riverbed, pit</description><styleUrl>#old</styleUrl><MultiGeometry><Polygon><outerBoundaryIs><LinearRing><coordinates>77.020797,29.738955 77.020795,29.738864 77.020899,29.738863 77.020897,29.738773 77.021207,29.738768 77.021205,29.738678 77.021412,29.738675 77.021413,29.738765 77.021517,29.738763 77.021519,29.738853 77.021105,29.738860 77.021107,29.738950 77.021004,29.738951 77.021002,29.738861 77.020899,29.738863 77.020900,29.738953 77.020797,29.738955</coordinates></LinearRing></outerBoundaryIs></Polygon></MultiGeometry></Placemark><Placemark><name>Pit 104</name><description>0.11 ha, probability 1.00, older, outside riverbed, pit</description><styleUrl>#old</styleUrl><MultiGeometry><Polygon><outerBoundaryIs><LinearRing><coordinates>76.979771,29.576271 76.979767,29.576091 76.979664,29.576092 76.979657,29.575731 76.979864,29.575728 76.979872,29.576179 76.979976,29.576178 76.979977,29.576268 76.979771,29.576271</coordinates></LinearRing></outerBoundaryIs></Polygon></MultiGeometry></Placemark><Placemark><name>Pit 105</name><description>0.07 ha, probability 1.00, older, outside riverbed, pit</description><styleUrl>#old</styleUrl><MultiGeometry><Polygon><outerBoundaryIs><LinearRing><coordinates>77.011116,29.553785 77.011114,29.553695 77.011011,29.553697 77.011009,29.553607 77.011421,29.553600 77.011425,29.553781 77.011116,29.553785</coordinates></LinearRing></outerBoundaryIs></Polygon></MultiGeometry></Placemark><Placemark><name>Pit 106</name><description>0.35 ha, probability 1.00, older, outside riverbed, likely village pond</description><styleUrl>#pond</styleUrl><MultiGeometry><Polygon><outerBoundaryIs><LinearRing><coordinates>76.910341,29.709378 76.910339,29.709288 76.910236,29.709289 76.910229,29.708929 76.910126,29.708930 76.910121,29.708660 76.910431,29.708655 76.910432,29.708745 76.910536,29.708744 76.910537,29.708834 76.910641,29.708832 76.910637,29.708652 76.910741,29.708651 76.910753,29.709282 76.910443,29.709286 76.910444,29.709377 76.910341,29.709378</coordinates></LinearRing></outerBoundaryIs></Polygon></MultiGeometry></Placemark><Placemark><name>Pit 107</name><description>1.60 ha, probability 1.00, older, Yamuna riverbed, pit</description><styleUrl>#old</styleUrl><MultiGeometry><Polygon><outerBoundaryIs><LinearRing><coordinates>77.132088,29.707346 77.132086,29.707256 77.131569,29.707264 77.131564,29.706993 77.131460,29.706995 77.131439,29.706003 77.131646,29.706000 77.131642,29.705819 77.131539,29.705821 77.131537,29.705731 77.131743,29.705727 77.131745,29.705818 77.132159,29.705811 77.132157,29.705721 77.132260,29.705719 77.132258,29.705629 77.132465,29.705626 77.132467,29.705716 77.132880,29.705709 77.132882,29.705799 77.132675,29.705803 77.132679,29.705983 77.132576,29.705985 77.132579,29.706165 77.132476,29.706167 77.132478,29.706257 77.132375,29.706259 77.132379,29.706439 77.132275,29.706441 77.132279,29.706621 77.132382,29.706619 77.132398,29.707341 77.132088,29.707346</coordinates></LinearRing></outerBoundaryIs></Polygon></MultiGeometry></Placemark><Placemark><name>Pit 108</name><description>0.21 ha, probability 1.00, older, outside riverbed, pit</description><styleUrl>#old</styleUrl><MultiGeometry><Polygon><outerBoundaryIs><LinearRing><coordinates>76.805151,29.780058 76.805149,29.779968 76.804736,29.779974 76.804734,29.779883 76.804631,29.779885 76.804627,29.779704 76.804834,29.779702 76.804833,29.779611 76.805143,29.779607 76.805146,29.779788 76.805249,29.779786 76.805251,29.779876 76.805355,29.779875 76.805356,29.779965 76.805253,29.779967 76.805254,29.780057 76.805151,29.780058</coordinates></LinearRing></outerBoundaryIs></Polygon></MultiGeometry></Placemark><Placemark><name>Pit 109</name><description>0.15 ha, probability 1.00, older, outside riverbed, pit</description><styleUrl>#old</styleUrl><MultiGeometry><Polygon><outerBoundaryIs><LinearRing><coordinates>76.610920,29.554099 76.610914,29.553739 76.611327,29.553734 76.611328,29.553824 76.611431,29.553823 76.611436,29.554093 76.611229,29.554096 76.611226,29.553915 76.611020,29.553918 76.611023,29.554098 76.610920,29.554099</coordinates></LinearRing></outerBoundaryIs></Polygon></MultiGeometry></Placemark><Placemark><name>Pit 110</name><description>0.25 ha, probability 1.00, older, outside riverbed, pit</description><styleUrl>#old</styleUrl><MultiGeometry><Polygon><outerBoundaryIs><LinearRing><coordinates>76.836605,29.780708 76.836604,29.780617 76.836500,29.780619 76.836497,29.780438 76.836600,29.780437 76.836597,29.780257 76.836700,29.780255 76.836702,29.780345 76.836805,29.780344 76.836804,29.780254 76.837011,29.780251 76.837012,29.780341 76.837116,29.780340 76.837122,29.780700 76.836605,29.780708</coordinates></LinearRing></outerBoundaryIs></Polygon></MultiGeometry></Placemark><Placemark><name>Pit 111</name><description>0.10 ha, probability 1.00, older, outside riverbed, pit</description><styleUrl>#old</styleUrl><MultiGeometry><Polygon><outerBoundaryIs><LinearRing><coordinates>76.894622,29.780340 76.894618,29.780160 76.895135,29.780152 76.895139,29.780333 76.894622,29.780340</coordinates></LinearRing></outerBoundaryIs></Polygon></MultiGeometry></Placemark><Placemark><name>Pit 112</name><description>0.29 ha, probability 1.00, older, outside riverbed, pit</description><styleUrl>#old</styleUrl><MultiGeometry><Polygon><outerBoundaryIs><LinearRing><coordinates>76.841787,29.781267 76.841785,29.781177 76.841475,29.781181 76.841473,29.781091 76.841370,29.781092 76.841368,29.781002 76.841472,29.781001 76.841470,29.780911 76.842194,29.780901 76.842196,29.780991 76.842402,29.780988 76.842406,29.781168 76.842199,29.781171 76.842201,29.781261 76.842097,29.781263 76.842096,29.781173 76.841992,29.781174 76.841994,29.781264 76.841787,29.781267</coordinates></LinearRing></outerBoundaryIs></Polygon></MultiGeometry></Placemark><Placemark><name>Pit 113</name><description>0.20 ha, probability 1.00, older, outside riverbed, pit</description><styleUrl>#old</styleUrl><MultiGeometry><Polygon><outerBoundaryIs><LinearRing><coordinates>76.894634,29.780971 76.894632,29.780881 76.894425,29.780884 76.894422,29.780704 76.895042,29.780695 76.895039,29.780514 76.895142,29.780513 76.895149,29.780874 76.895045,29.780875 76.895047,29.780965 76.894634,29.780971</coordinates></LinearRing></outerBoundaryIs></Polygon></MultiGeometry></Placemark><Placemark><name>Pit 114</name><description>2.09 ha, probability 1.00, older, outside riverbed, pit</description><styleUrl>#old</styleUrl><MultiGeometry><Polygon><outerBoundaryIs><LinearRing><coordinates>76.658879,29.552246 76.658877,29.552156 76.658774,29.552157 76.658773,29.552067 76.658566,29.552069 76.658565,29.551979 76.658462,29.551980 76.658459,29.551800 76.658562,29.551799 76.658563,29.551889 76.658770,29.551886 76.658767,29.551706 76.658664,29.551707 76.658661,29.551527 76.658558,29.551528 76.658555,29.551348 76.658451,29.551349 76.658443,29.550808 76.658546,29.550806 76.658544,29.550716 76.658751,29.550714 76.658749,29.550623 76.658852,29.550622 76.658854,29.550712 76.658957,29.550711 76.658959,29.550801 76.659062,29.550800 76.659063,29.550890 76.659373,29.550886 76.659371,29.550796 76.659887,29.550790 76.659889,29.550880 76.659992,29.550878 76.659993,29.550969 76.660096,29.550967 76.660098,29.551058 76.660201,29.551056 76.660213,29.551778 76.660007,29.551781 76.660008,29.551871 76.659802,29.551873 76.659803,29.551964 76.659597,29.551966 76.659598,29.552056 76.659289,29.552060 76.659290,29.552150 76.658981,29.552154 76.658982,29.552245 76.658879,29.552246</coordinates></LinearRing></outerBoundaryIs></Polygon></MultiGeometry></Placemark><Placemark><name>Pit 115</name><description>0.14 ha, probability 1.00, older, outside riverbed, pit</description><styleUrl>#old</styleUrl><MultiGeometry><Polygon><outerBoundaryIs><LinearRing><coordinates>76.967008,29.763855 76.967003,29.763584 76.967209,29.763581 76.967208,29.763491 76.967414,29.763488 76.967413,29.763398 76.967516,29.763396 76.967514,29.763306 76.967721,29.763303 76.967723,29.763393 76.967516,29.763396 76.967520,29.763576 76.967623,29.763575 76.967625,29.763665 76.967418,29.763668 76.967420,29.763758 76.967316,29.763760 76.967315,29.763670 76.967418,29.763668 76.967416,29.763578 76.967209,29.763581 76.967211,29.763671 76.967108,29.763673 76.967110,29.763763 76.967213,29.763761 76.967215,29.763852 76.967008,29.763855</coordinates></LinearRing></outerBoundaryIs></Polygon></MultiGeometry></Placemark><Placemark><name>Pit 116</name><description>0.20 ha, probability 1.00, older, outside riverbed, pit</description><styleUrl>#old</styleUrl><MultiGeometry><Polygon><outerBoundaryIs><LinearRing><coordinates>77.063996,29.783668 77.063992,29.783488 77.063889,29.783489 77.063887,29.783399 77.063990,29.783398 77.063989,29.783307 77.064092,29.783306 77.064090,29.783216 77.064400,29.783211 77.064410,29.783662 77.063996,29.783668</coordinates></LinearRing></outerBoundaryIs></Polygon></MultiGeometry></Placemark><Placemark><name>Pit 117</name><description>1.09 ha, probability 1.00, older, outside riverbed, pit</description><styleUrl>#old</styleUrl><MultiGeometry><Polygon><outerBoundaryIs><LinearRing><coordinates>76.540244,29.623336 76.540241,29.623155 76.540138,29.623157 76.540131,29.622706 76.540028,29.622707 76.540024,29.622436 76.539920,29.622437 76.539919,29.622347 76.540022,29.622346 76.540021,29.622256 76.540124,29.622254 76.540121,29.622074 76.540534,29.622069 76.540533,29.621979 76.540636,29.621978 76.540634,29.621797 76.540737,29.621796 76.540736,29.621706 76.540942,29.621704 76.540946,29.621974 76.541049,29.621973 76.541051,29.622063 76.541361,29.622060 76.541362,29.622150 76.541465,29.622149 76.541468,29.622329 76.541158,29.622333 76.541169,29.623054 76.541066,29.623056 76.541070,29.623326 76.540244,29.623336</coordinates></LinearRing></outerBoundaryIs></Polygon></MultiGeometry></Placemark><Placemark><name>Pit 118</name><description>0.22 ha, probability 1.00, older, outside riverbed, pit</description><styleUrl>#old</styleUrl><MultiGeometry><Polygon><outerBoundaryIs><LinearRing><coordinates>76.815281,29.549659 76.815280,29.549569 76.815383,29.549567 76.815381,29.549477 76.815484,29.549476 76.815481,29.549295 76.814965,29.549302 76.814967,29.549393 76.814761,29.549395 76.814759,29.549305 76.814965,29.549302 76.814964,29.549212 76.815480,29.549205 76.815481,29.549295 76.815584,29.549294 76.815583,29.549204 76.815789,29.549201 76.815791,29.549291 76.815894,29.549290 76.815897,29.549470 76.815691,29.549473 76.815692,29.549563 76.815486,29.549566 76.815488,29.549656 76.815281,29.549659</coordinates></LinearRing></outerBoundaryIs></Polygon></MultiGeometry></Placemark><Placemark><name>Pit 119</name><description>0.22 ha, probability 1.00, older, Yamuna riverbed, pit</description><styleUrl>#old</styleUrl><MultiGeometry><Polygon><outerBoundaryIs><LinearRing><coordinates>77.129187,29.707032 77.129184,29.706851 77.129080,29.706853 77.129065,29.706131 77.129168,29.706130 77.129172,29.706310 77.129275,29.706308 77.129272,29.706128 77.129375,29.706126 77.129381,29.706397 77.129484,29.706395 77.129486,29.706485 77.129383,29.706487 77.129386,29.706667 77.129283,29.706669 77.129291,29.707030 77.129187,29.707032</coordinates></LinearRing></outerBoundaryIs></Polygon></MultiGeometry></Placemark><Placemark><name>Pit 120</name><description>3.75 ha, probability 1.00, new, outside riverbed, pit</description><styleUrl>#new</styleUrl><MultiGeometry><Polygon><outerBoundaryIs><LinearRing><coordinates>76.811387,29.545381 76.811385,29.545291 76.811179,29.545294 76.811176,29.545113 76.811073,29.545115 76.811071,29.545025 76.810865,29.545027 76.810855,29.544486 76.810958,29.544485 76.810957,29.544395 76.811060,29.544393 76.811058,29.544303 76.811264,29.544300 76.811263,29.544210 76.811469,29.544207 76.811468,29.544117 76.811571,29.544116 76.811569,29.544025 76.811672,29.544024 76.811671,29.543934 76.811774,29.543932 76.811772,29.543842 76.811875,29.543841 76.811872,29.543660 76.811975,29.543659 76.811972,29.543478 76.812075,29.543477 76.812074,29.543387 76.812280,29.543384 76.812278,29.543294 76.812382,29.543292 76.812380,29.543202 76.812689,29.543198 76.812688,29.543108 76.812791,29.543106 76.812796,29.543377 76.812693,29.543378 76.812694,29.543469 76.812591,29.543470 76.812596,29.543741 76.812493,29.543742 76.812496,29.543922 76.812702,29.543920 76.812699,29.543739 76.812802,29.543738 76.812801,29.543648 76.812697,29.543649 76.812696,29.543559 76.812902,29.543556 76.812897,29.543285 76.813001,29.543284 76.812999,29.543194 76.813102,29.543192 76.813100,29.543102 76.813204,29.543101 76.813205,29.543191 76.813308,29.543190 76.813310,29.543280 76.813413,29.543278 76.813416,29.543459 76.813520,29.543457 76.813531,29.544089 76.813428,29.544090 76.813429,29.544180 76.813326,29.544182 76.813328,29.544272 76.813225,29.544273 76.813226,29.544364 76.813123,29.544365 76.813126,29.544545 76.813023,29.544547 76.813028,29.544817 76.812925,29.544819 76.812928,29.544999 76.812825,29.545001 76.812826,29.545091 76.811898,29.545104 76.811900,29.545194 76.811796,29.545195 76.811798,29.545285 76.811695,29.545287 76.811696,29.545377 76.811387,29.545381</coordinates></LinearRing></outerBoundaryIs></Polygon></MultiGeometry></Placemark><Placemark><name>Pit 121</name><description>0.16 ha, probability 1.00, older, Yamuna riverbed, pit</description><styleUrl>#old</styleUrl><MultiGeometry><Polygon><outerBoundaryIs><LinearRing><coordinates>77.135583,29.706477 77.135579,29.706297 77.135682,29.706295 77.135677,29.706025 77.135780,29.706023 77.135778,29.705933 77.135985,29.705930 77.135987,29.706020 77.136090,29.706018 77.136096,29.706289 77.135992,29.706290 77.135991,29.706200 77.135887,29.706202 77.135889,29.706292 77.135786,29.706294 77.135788,29.706384 77.135684,29.706386 77.135686,29.706476 77.135583,29.706477</coordinates></LinearRing></outerBoundaryIs></Polygon></MultiGeometry></Placemark><Placemark><name>Pit 122</name><description>0.31 ha, probability 1.00, older, outside riverbed, pit</description><styleUrl>#old</styleUrl><MultiGeometry><Polygon><outerBoundaryIs><LinearRing><coordinates>76.803971,29.777728 76.803962,29.777187 76.804065,29.777186 76.804064,29.777096 76.804270,29.777093 76.804272,29.777183 76.804375,29.777181 76.804377,29.777272 76.804480,29.777270 76.804488,29.777721 76.803971,29.777728</coordinates></LinearRing></outerBoundaryIs></Polygon></MultiGeometry></Placemark><Placemark><name>Pit 123</name><description>0.16 ha, probability 1.00, older, outside riverbed, pit</description><styleUrl>#old</styleUrl><MultiGeometry><Polygon><outerBoundaryIs><LinearRing><coordinates>76.814184,29.551749 76.814180,29.551569 76.814284,29.551567 76.814282,29.551477 76.814385,29.551476 76.814382,29.551295 76.814898,29.551288 76.814899,29.551379 76.814796,29.551380 76.814798,29.551470 76.814591,29.551473 76.814593,29.551563 76.814490,29.551565 76.814492,29.551655 76.814285,29.551658 76.814287,29.551748 76.814184,29.551749</coordinates></LinearRing></outerBoundaryIs></Polygon></MultiGeometry></Placemark><Placemark><name>Pit 124</name><description>0.92 ha, probability 1.00, older, outside riverbed, pit</description><styleUrl>#old</styleUrl><MultiGeometry><Polygon><outerBoundaryIs><LinearRing><coordinates>76.743304,29.552699 76.743302,29.552608 76.743199,29.552610 76.743198,29.552519 76.743094,29.552521 76.743088,29.552160 76.743191,29.552159 76.743190,29.552068 76.743293,29.552067 76.743291,29.551977 76.743395,29.551976 76.743393,29.551885 76.743806,29.551880 76.743804,29.551790 76.744011,29.551787 76.744009,29.551697 76.744112,29.551695 76.744115,29.551876 76.744218,29.551874 76.744220,29.551965 76.744117,29.551966 76.744118,29.552056 76.744222,29.552055 76.744223,29.552145 76.744326,29.552144 76.744331,29.552414 76.744228,29.552416 76.744229,29.552506 76.744126,29.552507 76.744128,29.552598 76.743921,29.552600 76.743923,29.552690 76.743304,29.552699</coordinates></LinearRing></outerBoundaryIs></Polygon></MultiGeometry></Placemark><Placemark><name>Pit 125</name><description>0.10 ha, probability 1.00, older, outside riverbed, pit</description><styleUrl>#old</styleUrl><MultiGeometry><Polygon><outerBoundaryIs><LinearRing><coordinates>76.722129,29.775933 76.722127,29.775842 76.722231,29.775841 76.722229,29.775751 76.722436,29.775748 76.722434,29.775658 76.722538,29.775656 76.722539,29.775747 76.722850,29.775743 76.722851,29.775833 76.722438,29.775838 76.722439,29.775928 76.722129,29.775933</coordinates></LinearRing></outerBoundaryIs></Polygon></MultiGeometry></Placemark><Placemark><name>Pit 126</name><description>0.38 ha, probability 1.00, older, outside riverbed, pit</description><styleUrl>#old</styleUrl><MultiGeometry><Polygon><outerBoundaryIs><LinearRing><coordinates>76.835433,29.773145 76.835431,29.773055 76.835328,29.773056 76.835326,29.772966 76.835430,29.772965 76.835426,29.772784 76.835737,29.772780 76.835735,29.772690 76.836252,29.772682 76.836260,29.773133 76.835433,29.773145</coordinates></LinearRing></outerBoundaryIs></Polygon></MultiGeometry></Placemark><Placemark><name>Pit 127</name><description>0.62 ha, probability 1.00, older, outside riverbed, pit</description><styleUrl>#old</styleUrl><MultiGeometry><Polygon><outerBoundaryIs><LinearRing><coordinates>76.956917,29.771403 76.956916,29.771312 76.956812,29.771314 76.956810,29.771224 76.956604,29.771227 76.956602,29.771137 76.956498,29.771138 76.956497,29.771048 76.956393,29.771049 76.956388,29.770779 76.956491,29.770777 76.956490,29.770687 76.957317,29.770675 76.957319,29.770765 76.957422,29.770764 76.957431,29.771215 76.957327,29.771216 76.957329,29.771306 76.957226,29.771308 76.957227,29.771398 76.956917,29.771403</coordinates></LinearRing></outerBoundaryIs></Polygon></MultiGeometry></Placemark><Placemark><name>Pit 128</name><description>2.83 ha, probability 1.00, older, outside riverbed, pit</description><styleUrl>#old</styleUrl><MultiGeometry><Polygon><outerBoundaryIs><LinearRing><coordinates>76.809043,29.552812 76.809041,29.552722 76.808938,29.552723 76.808932,29.552362 76.808828,29.552364 76.808825,29.552183 76.808722,29.552185 76.808717,29.551914 76.808924,29.551911 76.808922,29.551821 76.809025,29.551820 76.809022,29.551639 76.809125,29.551638 76.809127,29.551728 76.809333,29.551725 76.809331,29.551635 76.809641,29.551631 76.809639,29.551541 76.809846,29.551538 76.809844,29.551448 76.810050,29.551445 76.810049,29.551355 76.810771,29.551345 76.810773,29.551435 76.810876,29.551434 76.810877,29.551524 76.810980,29.551522 76.810982,29.551613 76.811085,29.551611 76.811087,29.551701 76.811190,29.551700 76.811195,29.551971 76.811298,29.551969 76.811300,29.552059 76.811403,29.552058 76.811404,29.552148 76.811508,29.552147 76.811509,29.552237 76.811716,29.552234 76.811720,29.552505 76.811514,29.552508 76.811516,29.552598 76.810690,29.552609 76.810689,29.552519 76.810586,29.552520 76.810584,29.552430 76.809655,29.552443 76.809657,29.552533 76.809451,29.552536 76.809452,29.552626 76.809349,29.552627 76.809351,29.552718 76.809247,29.552719 76.809249,29.552809 76.809043,29.552812</coordinates></LinearRing></outerBoundaryIs></Polygon></MultiGeometry></Placemark><Placemark><name>Pit 129</name><description>0.26 ha, probability 1.00, older, Yamuna riverbed, pit</description><styleUrl>#old</styleUrl><MultiGeometry><Polygon><outerBoundaryIs><LinearRing><coordinates>77.100817,29.575132 77.100809,29.574772 77.100706,29.574773 77.100704,29.574683 77.100808,29.574681 77.100804,29.574501 77.100907,29.574499 77.100905,29.574409 77.101111,29.574406 77.101117,29.574677 77.101220,29.574675 77.101228,29.575036 77.100918,29.575041 77.100920,29.575131 77.100817,29.575132</coordinates></LinearRing></outerBoundaryIs></Polygon></MultiGeometry></Placemark><Placemark><name>Pit 130</name><description>0.23 ha, probability 1.00, older, outside riverbed, pit</description><styleUrl>#old</styleUrl><MultiGeometry><Polygon><outerBoundaryIs><LinearRing><coordinates>77.084727,29.765931 77.084725,29.765840 77.084622,29.765842 77.084618,29.765662 77.084721,29.765660 77.084720,29.765570 77.084616,29.765571 77.084611,29.765301 77.084714,29.765299 77.084710,29.765119 77.084917,29.765116 77.084923,29.765386 77.085026,29.765385 77.085028,29.765475 77.084924,29.765476 77.084926,29.765567 77.084823,29.765568 77.084825,29.765658 77.084928,29.765657 77.084934,29.765927 77.084727,29.765931</coordinates></LinearRing></outerBoundaryIs></Polygon></MultiGeometry></Placemark><Placemark><name>Pit 131</name><description>0.77 ha, probability 1.00, older, outside riverbed, pit</description><styleUrl>#old</styleUrl><MultiGeometry><Polygon><outerBoundaryIs><LinearRing><coordinates>77.085240,29.765742 77.085235,29.765471 77.085131,29.765473 77.085127,29.765293 77.085334,29.765289 77.085332,29.765199 77.085229,29.765201 77.085227,29.765111 77.085330,29.765109 77.085329,29.765019 77.085122,29.765022 77.085114,29.764661 77.085218,29.764660 77.085216,29.764570 77.085940,29.764558 77.085936,29.764378 77.085832,29.764379 77.085831,29.764289 77.085934,29.764288 77.085930,29.764107 77.086137,29.764104 77.086139,29.764194 77.086035,29.764196 77.086037,29.764286 77.086244,29.764283 77.086251,29.764643 77.086045,29.764647 77.086043,29.764557 77.085940,29.764558 77.085941,29.764648 77.085838,29.764650 77.085840,29.764740 77.085737,29.764742 77.085742,29.765012 77.085639,29.765014 77.085644,29.765285 77.085541,29.765286 77.085543,29.765376 77.085646,29.765375 77.085652,29.765645 77.085548,29.765647 77.085550,29.765737 77.085240,29.765742</coordinates></LinearRing></outerBoundaryIs></Polygon></MultiGeometry></Placemark><Placemark><name>Pit 132</name><description>0.43 ha, probability 1.00, older, Yamuna riverbed, pit</description><styleUrl>#old</styleUrl><MultiGeometry><Polygon><outerBoundaryIs><LinearRing><coordinates>77.101629,29.574488 77.101620,29.574037 77.101517,29.574039 77.101515,29.573948 77.101412,29.573950 77.101408,29.573770 77.101305,29.573771 77.101303,29.573681 77.101200,29.573683 77.101196,29.573502 77.100990,29.573506 77.100986,29.573325 77.101295,29.573320 77.101299,29.573501 77.101402,29.573499 77.101399,29.573319 77.101605,29.573315 77.101609,29.573496 77.101712,29.573494 77.101714,29.573584 77.101817,29.573583 77.101824,29.573944 77.101721,29.573945 77.101723,29.574035 77.101826,29.574034 77.101830,29.574214 77.101727,29.574216 77.101732,29.574486 77.101629,29.574488</coordinates></LinearRing></outerBoundaryIs></Polygon></MultiGeometry></Placemark><Placemark><name>Pit 133</name><description>0.23 ha, probability 1.00, older, outside riverbed, pit</description><styleUrl>#old</styleUrl><MultiGeometry><Polygon><outerBoundaryIs><LinearRing><coordinates>77.047390,29.719780 77.047388,29.719690 77.047181,29.719693 77.047179,29.719603 77.047386,29.719600 77.047384,29.719509 77.047488,29.719508 77.047486,29.719418 77.047589,29.719416 77.047587,29.719326 77.047794,29.719323 77.047792,29.719232 77.047999,29.719229 77.047997,29.719139 77.048204,29.719136 77.048205,29.719226 77.048309,29.719224 77.048310,29.719315 77.048104,29.719318 77.048108,29.719498 77.047798,29.719503 77.047796,29.719413 77.047589,29.719416 77.047593,29.719596 77.047489,29.719598 77.047491,29.719688 77.047595,29.719687 77.047596,29.719777 77.047390,29.719780</coordinates></LinearRing></outerBoundaryIs></Polygon></MultiGeometry></Placemark><Placemark><name>Pit 134</name><description>0.18 ha, probability 1.00, older, outside riverbed, pit</description><styleUrl>#old</styleUrl><MultiGeometry><Polygon><outerBoundaryIs><LinearRing><coordinates>77.046268,29.720519 77.046266,29.720429 77.046369,29.720427 77.046367,29.720337 77.046574,29.720334 77.046572,29.720244 77.046469,29.720245 77.046467,29.720155 77.046570,29.720153 77.046569,29.720063 77.046672,29.720062 77.046670,29.719972 77.046773,29.719970 77.046772,29.719880 77.046978,29.719877 77.046980,29.719967 77.047083,29.719965 77.047085,29.720055 77.046982,29.720057 77.046984,29.720147 77.046880,29.720149 77.046882,29.720239 77.046779,29.720240 77.046781,29.720331 77.046677,29.720332 77.046679,29.720422 77.046369,29.720427 77.046371,29.720517 77.046268,29.720519</coordinates></LinearRing></outerBoundaryIs></Polygon></MultiGeometry></Placemark><Placemark><name>Pit 135</name><description>0.15 ha, probability 1.00, older, Yamuna riverbed, pit</description><styleUrl>#old</styleUrl><MultiGeometry><Polygon><outerBoundaryIs><LinearRing><coordinates>77.138032,29.719610 77.138024,29.719249 77.137921,29.719251 77.137917,29.719070 77.138020,29.719069 77.138016,29.718888 77.137603,29.718895 77.137599,29.718715 77.137702,29.718713 77.137704,29.718803 77.138014,29.718798 77.138016,29.718888 77.138120,29.718887 77.138135,29.719608 77.138032,29.719610</coordinates></LinearRing></outerBoundaryIs></Polygon></MultiGeometry></Placemark><Placemark><name>Pit 136</name><description>0.48 ha, probability 1.00, older, outside riverbed, pit</description><styleUrl>#old</styleUrl><MultiGeometry><Polygon><outerBoundaryIs><LinearRing><coordinates>76.979049,29.576282 76.979045,29.576102 76.978942,29.576103 76.978940,29.576013 76.978527,29.576019 76.978520,29.575658 76.979449,29.575644 76.979461,29.576276 76.979049,29.576282</coordinates></LinearRing></outerBoundaryIs></Polygon></MultiGeometry></Placemark><Placemark><name>Pit 137</name><description>0.12 ha, probability 1.00, older, outside riverbed, pit</description><styleUrl>#old</styleUrl><MultiGeometry><Polygon><outerBoundaryIs><LinearRing><coordinates>77.104529,29.763452 77.104524,29.763181 77.104937,29.763174 77.104943,29.763445 77.104529,29.763452</coordinates></LinearRing></outerBoundaryIs></Polygon></MultiGeometry></Placemark><Placemark><name>Pit 138</name><description>0.16 ha, probability 1.00, older, outside riverbed, pit</description><styleUrl>#old</styleUrl><MultiGeometry><Polygon><outerBoundaryIs><LinearRing><coordinates>77.104416,29.763002 77.104415,29.762912 77.104518,29.762910 77.104514,29.762730 77.104617,29.762728 77.104616,29.762638 77.104926,29.762633 77.104933,29.762994 77.104416,29.763002</coordinates></LinearRing></outerBoundaryIs></Polygon></MultiGeometry></Placemark><Placemark><name>Pit 139</name><description>0.44 ha, probability 1.00, older, outside riverbed, pit</description><styleUrl>#old</styleUrl><MultiGeometry><Polygon><outerBoundaryIs><LinearRing><coordinates>76.678922,29.522398 76.678917,29.522037 76.678813,29.522038 76.678807,29.521677 76.678704,29.521679 76.678703,29.521588 76.678600,29.521590 76.678601,29.521680 76.678292,29.521684 76.678295,29.521864 76.678088,29.521867 76.678090,29.521957 76.677987,29.521958 76.677988,29.522049 76.677885,29.522050 76.677884,29.521960 76.677780,29.521961 76.677779,29.521871 76.677882,29.521870 76.677881,29.521779 76.678087,29.521777 76.678085,29.521687 76.678189,29.521685 76.678187,29.521595 76.678290,29.521594 76.678289,29.521503 76.678495,29.521501 76.678493,29.521411 76.678700,29.521408 76.678698,29.521318 76.678801,29.521317 76.678803,29.521407 76.678906,29.521405 76.678908,29.521496 76.679011,29.521494 76.679018,29.521945 76.679121,29.521944 76.679123,29.522034 76.679020,29.522036 76.679021,29.522126 76.679124,29.522125 76.679127,29.522305 76.679024,29.522306 76.679026,29.522397 76.678922,29.522398</coordinates></LinearRing></outerBoundaryIs></Polygon></MultiGeometry></Placemark><Placemark><name>Pit 140</name><description>0.49 ha, probability 1.00, older, outside riverbed, pit</description><styleUrl>#old</styleUrl><MultiGeometry><Polygon><outerBoundaryIs><LinearRing><coordinates>76.804226,29.843770 76.804218,29.843319 76.805356,29.843304 76.805358,29.843394 76.805461,29.843392 76.805463,29.843483 76.805359,29.843484 76.805361,29.843574 76.805258,29.843576 76.805259,29.843666 76.804742,29.843673 76.804743,29.843763 76.804226,29.843770</coordinates></LinearRing></outerBoundaryIs></Polygon></MultiGeometry></Placemark><Placemark><name>Pit 141</name><description>0.46 ha, probability 1.00, older, outside riverbed, pit</description><styleUrl>#old</styleUrl><MultiGeometry><Polygon><outerBoundaryIs><LinearRing><coordinates>77.022890,29.843037 77.022886,29.842856 77.022783,29.842858 77.022779,29.842678 77.022676,29.842679 77.022672,29.842499 77.022569,29.842500 77.022563,29.842230 77.022460,29.842231 77.022454,29.841961 77.022765,29.841956 77.022766,29.842046 77.022973,29.842043 77.022975,29.842133 77.023079,29.842132 77.023082,29.842312 77.022875,29.842315 77.022877,29.842406 77.023188,29.842401 77.023195,29.842762 77.023091,29.842763 77.023095,29.842943 77.022992,29.842945 77.022993,29.843035 77.022890,29.843037</coordinates></LinearRing></outerBoundaryIs></Polygon></MultiGeometry></Placemark><Placemark><name>Pit 142</name><description>0.41 ha, probability 1.00, older, outside riverbed, pit</description><styleUrl>#old</styleUrl><MultiGeometry><Polygon><outerBoundaryIs><LinearRing><coordinates>76.922129,29.877383 76.922127,29.877293 76.922023,29.877295 76.922011,29.876663 76.922115,29.876662 76.922111,29.876481 76.922215,29.876480 76.922213,29.876390 76.922420,29.876387 76.922423,29.876567 76.922527,29.876565 76.922536,29.877016 76.922432,29.877018 76.922436,29.877198 76.922332,29.877200 76.922334,29.877290 76.922230,29.877292 76.922232,29.877382 76.922129,29.877383</coordinates></LinearRing></outerBoundaryIs></Polygon></MultiGeometry></Placemark><Placemark><name>Pit 143</name><description>0.08 ha, probability 1.00, older, outside riverbed, pit</description><styleUrl>#old</styleUrl><MultiGeometry><Polygon><outerBoundaryIs><LinearRing><coordinates>76.941897,29.635838 76.941890,29.635477 76.942096,29.635474 76.942103,29.635835 76.941897,29.635838</coordinates></LinearRing></outerBoundaryIs></Polygon></MultiGeometry></Placemark><Placemark><name>Pit 144</name><description>0.27 ha, probability 1.00, older, outside riverbed, pit</description><styleUrl>#old</styleUrl><MultiGeometry><Polygon><outerBoundaryIs><LinearRing><coordinates>76.575869,29.490002 76.575867,29.489912 76.575661,29.489914 76.575660,29.489824 76.575453,29.489826 76.575449,29.489556 76.575552,29.489555 76.575551,29.489464 76.575757,29.489462 76.575758,29.489552 76.576171,29.489547 76.576174,29.489728 76.576071,29.489729 76.576073,29.489909 76.575970,29.489911 76.575972,29.490001 76.575869,29.490002</coordinates></LinearRing></outerBoundaryIs></Polygon></MultiGeometry></Placemark><Placemark><name>Pit 145</name><description>0.19 ha, probability 1.00, older, outside riverbed, pit</description><styleUrl>#old</styleUrl><MultiGeometry><Polygon><outerBoundaryIs><LinearRing><coordinates>77.146540,29.885831 77.146533,29.885471 77.146740,29.885467 77.146738,29.885377 77.146841,29.885375 77.146843,29.885465 77.147050,29.885462 77.147056,29.885733 77.146849,29.885736 77.146851,29.885826 77.146540,29.885831</coordinates></LinearRing></outerBoundaryIs></Polygon></MultiGeometry></Placemark><Placemark><name>Pit 146</name><description>0.19 ha, probability 1.00, older, outside riverbed, pit</description><styleUrl>#old</styleUrl><MultiGeometry><Polygon><outerBoundaryIs><LinearRing><coordinates>77.049345,29.886746 77.049339,29.886475 77.049960,29.886466 77.049964,29.886646 77.050067,29.886644 77.050069,29.886735 77.049345,29.886746</coordinates></LinearRing></outerBoundaryIs></Polygon></MultiGeometry></Placemark><Placemark><name>Pit 147</name><description>0.04 ha, probability 1.00, older, outside riverbed, pit</description><styleUrl>#old</styleUrl><MultiGeometry><Polygon><outerBoundaryIs><LinearRing><coordinates>76.942523,29.636189 76.942520,29.636009 76.942726,29.636006 76.942730,29.636186 76.942523,29.636189</coordinates></LinearRing></outerBoundaryIs></Polygon></MultiGeometry></Placemark><Placemark><name>Pit 148</name><description>0.41 ha, probability 1.00, older, outside riverbed, pit</description><styleUrl>#old</styleUrl><MultiGeometry><Polygon><outerBoundaryIs><LinearRing><coordinates>76.941181,29.636209 76.941179,29.636119 76.941076,29.636120 76.941071,29.635850 76.940967,29.635851 76.940966,29.635761 76.940862,29.635763 76.940857,29.635492 76.941580,29.635481 76.941582,29.635572 76.941685,29.635570 76.941688,29.635750 76.941792,29.635749 76.941795,29.635929 76.941692,29.635931 76.941694,29.636021 76.941590,29.636023 76.941592,29.636113 76.941386,29.636116 76.941387,29.636206 76.941181,29.636209</coordinates></LinearRing></outerBoundaryIs></Polygon></MultiGeometry></Placemark><Placemark><name>Pit 149</name><description>0.10 ha, probability 1.00, older, outside riverbed, pit</description><styleUrl>#old</styleUrl><MultiGeometry><Polygon><outerBoundaryIs><LinearRing><coordinates>76.934745,29.488333 76.934743,29.488243 76.934537,29.488246 76.934535,29.488156 76.934639,29.488154 76.934637,29.488064 76.934946,29.488060 76.934948,29.488150 76.935051,29.488148 76.935053,29.488239 76.934950,29.488240 76.934951,29.488330 76.934745,29.488333</coordinates></LinearRing></outerBoundaryIs></Polygon></MultiGeometry></Placemark><Placemark><name>Pit 150</name><description>0.55 ha, probability 1.00, older, outside riverbed, pit</description><styleUrl>#old</styleUrl><MultiGeometry><Polygon><outerBoundaryIs><LinearRing><coordinates>76.571279,29.606730 76.571259,29.605467 76.571672,29.605462 76.571676,29.605732 76.571573,29.605734 76.571575,29.605824 76.571678,29.605823 76.571688,29.606454 76.571791,29.606453 76.571792,29.606543 76.571689,29.606544 76.571690,29.606635 76.571587,29.606636 76.571589,29.606726 76.571279,29.606730</coordinates></LinearRing></outerBoundaryIs></Polygon></MultiGeometry></Placemark><Placemark><name>Pit 151</name><description>0.53 ha, probability 1.00, older, outside riverbed, pit</description><styleUrl>#old</styleUrl><MultiGeometry><Polygon><outerBoundaryIs><LinearRing><coordinates>76.867753,29.602797 76.867751,29.602707 76.867441,29.602711 76.867438,29.602531 76.867335,29.602532 76.867332,29.602352 76.867228,29.602353 76.867225,29.602173 76.867328,29.602172 76.867327,29.602081 76.867223,29.602083 76.867222,29.601993 76.867738,29.601985 76.867739,29.602076 76.867843,29.602074 76.867846,29.602255 76.868052,29.602252 76.868062,29.602793 76.867753,29.602797</coordinates></LinearRing></outerBoundaryIs></Polygon></MultiGeometry></Placemark><Placemark><name>Pit 152</name><description>0.39 ha, probability 1.00, older, outside riverbed, pit</description><styleUrl>#old</styleUrl><MultiGeometry><Polygon><outerBoundaryIs><LinearRing><coordinates>76.802878,29.883939 76.802867,29.883308 76.803281,29.883302 76.803283,29.883392 76.803386,29.883391 76.803385,29.883300 76.803488,29.883299 76.803490,29.883389 76.803593,29.883388 76.803595,29.883478 76.803491,29.883479 76.803498,29.883840 76.803291,29.883843 76.803292,29.883933 76.802878,29.883939</coordinates></LinearRing></outerBoundaryIs></Polygon></MultiGeometry></Placemark><Placemark><name>Pit 153</name><description>0.53 ha, probability 1.00, older, outside riverbed, pit</description><styleUrl>#old</styleUrl><MultiGeometry><Polygon><outerBoundaryIs><LinearRing><coordinates>76.752652,29.883353 76.752651,29.883262 76.752547,29.883264 76.752546,29.883174 76.752442,29.883175 76.752439,29.882995 76.752336,29.882996 76.752334,29.882906 76.752748,29.882900 76.752746,29.882810 76.752953,29.882807 76.752952,29.882717 76.753366,29.882712 76.753377,29.883343 76.752652,29.883353</coordinates></LinearRing></outerBoundaryIs></Polygon></MultiGeometry></Placemark><Placemark><name>Pit 154</name><description>0.08 ha, probability 1.00, older, outside riverbed, pit</description><styleUrl>#old</styleUrl><MultiGeometry><Polygon><outerBoundaryIs><LinearRing><coordinates>77.178399,29.875024 77.178391,29.874664 77.178805,29.874657 77.178807,29.874747 77.178496,29.874752 77.178498,29.874842 77.178602,29.874841 77.178604,29.874931 77.178500,29.874933 77.178502,29.875023 77.178399,29.875024</coordinates></LinearRing></outerBoundaryIs></Polygon></MultiGeometry></Placemark><Placemark><name>Pit 155</name><description>0.10 ha, probability 1.00, older, outside riverbed, pit</description><styleUrl>#old</styleUrl><MultiGeometry><Polygon><outerBoundaryIs><LinearRing><coordinates>76.578090,29.606468 76.578087,29.606288 76.577984,29.606289 76.577982,29.606199 76.577776,29.606201 76.577777,29.606292 76.577674,29.606293 76.577673,29.606203 76.577776,29.606201 76.577774,29.606111 76.577878,29.606110 76.577876,29.606020 76.578083,29.606017 76.578086,29.606198 76.578189,29.606197 76.578193,29.606467 76.578090,29.606468</coordinates></LinearRing></outerBoundaryIs></Polygon></MultiGeometry></Placemark><Placemark><name>Pit 156</name><description>0.57 ha, probability 1.00, older, outside riverbed, pit</description><styleUrl>#old</styleUrl><MultiGeometry><Polygon><outerBoundaryIs><LinearRing><coordinates>77.179931,29.874097 77.179927,29.873917 77.180031,29.873915 77.180029,29.873825 77.180132,29.873823 77.180130,29.873733 77.180337,29.873729 77.180333,29.873549 77.180437,29.873547 77.180435,29.873457 77.180538,29.873455 77.180535,29.873275 77.180741,29.873272 77.180740,29.873182 77.181050,29.873176 77.181048,29.873086 77.181255,29.873083 77.181253,29.872993 77.181356,29.872991 77.181354,29.872901 77.181458,29.872899 77.181456,29.872809 77.181559,29.872807 77.181558,29.872717 77.181764,29.872713 77.181762,29.872623 77.182176,29.872616 77.182180,29.872797 77.182077,29.872799 77.182079,29.872889 77.181975,29.872890 77.181977,29.872981 77.181874,29.872982 77.181872,29.872892 77.181561,29.872897 77.181563,29.872987 77.181770,29.872984 77.181772,29.873074 77.181669,29.873076 77.181671,29.873166 77.181567,29.873168 77.181565,29.873078 77.181462,29.873079 77.181466,29.873260 77.181362,29.873261 77.181360,29.873171 77.181257,29.873173 77.181259,29.873263 77.181155,29.873265 77.181157,29.873355 77.180950,29.873358 77.180948,29.873268 77.180845,29.873270 77.180851,29.873541 77.180747,29.873542 77.180745,29.873452 77.180642,29.873454 77.180646,29.873634 77.180439,29.873638 77.180441,29.873728 77.180337,29.873729 77.180339,29.873820 77.180236,29.873821 77.180238,29.873912 77.180134,29.873913 77.180136,29.874003 77.180033,29.874005 77.180035,29.874095 77.179931,29.874097</coordinates></LinearRing></outerBoundaryIs></Polygon></MultiGeometry></Placemark><Placemark><name>Pit 157</name><description>0.09 ha, probability 1.00, older, outside riverbed, pit</description><styleUrl>#old</styleUrl><MultiGeometry><Polygon><outerBoundaryIs><LinearRing><coordinates>76.782073,29.878447 76.782072,29.878357 76.782382,29.878353 76.782381,29.878263 76.782484,29.878261 76.782482,29.878171 76.782172,29.878175 76.782170,29.878085 76.782481,29.878081 76.782482,29.878171 76.782586,29.878170 76.782589,29.878350 76.782382,29.878353 76.782384,29.878443 76.782073,29.878447</coordinates></LinearRing></outerBoundaryIs></Polygon></MultiGeometry></Placemark><Placemark><name>Pit 158</name><description>0.15 ha, probability 1.00, older, outside riverbed, pit</description><styleUrl>#old</styleUrl><MultiGeometry><Polygon><outerBoundaryIs><LinearRing><coordinates>77.091701,29.493355 77.091700,29.493265 77.091596,29.493267 77.091595,29.493177 77.091492,29.493178 77.091488,29.492998 77.091900,29.492991 77.091898,29.492901 77.092105,29.492898 77.092106,29.492988 77.092003,29.492990 77.092005,29.493080 77.091902,29.493082 77.091906,29.493262 77.091803,29.493264 77.091805,29.493354 77.091701,29.493355</coordinates></LinearRing></outerBoundaryIs></Polygon></MultiGeometry></Placemark><Placemark><name>Pit 159</name><description>0.15 ha, probability 1.00, older, outside riverbed, pit</description><styleUrl>#old</styleUrl><MultiGeometry><Polygon><outerBoundaryIs><LinearRing><coordinates>76.778449,29.878406 76.778444,29.878135 76.777823,29.878144 76.777821,29.878053 76.778753,29.878041 76.778755,29.878131 76.778651,29.878132 76.778656,29.878403 76.778449,29.878406</coordinates></LinearRing></outerBoundaryIs></Polygon></MultiGeometry></Placemark><Placemark><name>Pit 160</name><description>0.18 ha, probability 1.00, older, outside riverbed, pit</description><styleUrl>#old</styleUrl><MultiGeometry><Polygon><outerBoundaryIs><LinearRing><coordinates>77.058802,29.488185 77.058798,29.488004 77.058902,29.488003 77.058898,29.487822 77.059413,29.487814 77.059415,29.487905 77.059312,29.487906 77.059316,29.488087 77.059213,29.488088 77.059214,29.488178 77.058802,29.488185</coordinates></LinearRing></outerBoundaryIs></Polygon></MultiGeometry></Placemark><Placemark><name>Pit 161</name><description>0.76 ha, probability 1.00, older, outside riverbed, pit</description><styleUrl>#old</styleUrl><MultiGeometry><Polygon><outerBoundaryIs><LinearRing><coordinates>76.576585,29.602697 76.576583,29.602516 76.576479,29.602517 76.576478,29.602427 76.576168,29.602431 76.576167,29.602341 76.576270,29.602339 76.576269,29.602249 76.576475,29.602247 76.576478,29.602427 76.576581,29.602426 76.576580,29.602336 76.576683,29.602334 76.576685,29.602425 76.576788,29.602423 76.576789,29.602514 76.576892,29.602512 76.576891,29.602422 76.576994,29.602421 76.576996,29.602511 76.577099,29.602510 76.577097,29.602420 76.577407,29.602416 76.577404,29.602236 76.577508,29.602234 76.577505,29.602054 76.577402,29.602055 76.577400,29.601965 76.577503,29.601964 76.577502,29.601874 76.577089,29.601878 76.577090,29.601969 76.576781,29.601972 76.576782,29.602063 76.576679,29.602064 76.576677,29.601974 76.576368,29.601977 76.576371,29.602158 76.576267,29.602159 76.576266,29.602069 76.576163,29.602070 76.576160,29.601889 76.576263,29.601888 76.576262,29.601798 76.576571,29.601794 76.576570,29.601704 76.576777,29.601702 76.576778,29.601792 76.576881,29.601791 76.576878,29.601610 76.577085,29.601608 76.577086,29.601698 76.577293,29.601696 76.577291,29.601605 76.577498,29.601603 76.577499,29.601693 76.577602,29.601692 76.577604,29.601782 76.577707,29.601781 76.577714,29.602232 76.577611,29.602233 76.577614,29.602414 76.577510,29.602415 76.577513,29.602595 76.577410,29.602596 76.577409,29.602506 76.577202,29.602509 76.577203,29.602599 76.576791,29.602604 76.576792,29.602694 76.576585,29.602697</coordinates></LinearRing></outerBoundaryIs></Polygon></MultiGeometry></Placemark><Placemark><name>Pit 162</name><description>0.37 ha, probability 1.00, older, outside riverbed, pit</description><styleUrl>#old</styleUrl><MultiGeometry><Polygon><outerBoundaryIs><LinearRing><coordinates>76.849952,29.876430 76.849951,29.876340 76.849847,29.876341 76.849839,29.875890 76.850149,29.875886 76.850148,29.875796 76.850355,29.875793 76.850356,29.875883 76.850460,29.875882 76.850470,29.876423 76.849952,29.876430</coordinates></LinearRing></outerBoundaryIs></Polygon></MultiGeometry></Placemark><Placemark><name>Pit 163</name><description>0.10 ha, probability 1.00, older, outside riverbed, pit</description><styleUrl>#old</styleUrl><MultiGeometry><Polygon><outerBoundaryIs><LinearRing><coordinates>76.781423,29.876832 76.781414,29.876291 76.781517,29.876289 76.781519,29.876379 76.781622,29.876378 76.781629,29.876739 76.781525,29.876740 76.781527,29.876830 76.781423,29.876832</coordinates></LinearRing></outerBoundaryIs></Polygon></MultiGeometry></Placemark><Placemark><name>Pit 164</name><description>0.16 ha, probability 1.00, older, outside riverbed, pit</description><styleUrl>#old</styleUrl><MultiGeometry><Polygon><outerBoundaryIs><LinearRing><coordinates>76.965823,29.596869 76.965822,29.596779 76.965306,29.596787 76.965304,29.596696 76.965820,29.596689 76.965818,29.596599 76.965921,29.596597 76.965920,29.596507 76.966332,29.596501 76.966334,29.596591 76.966024,29.596595 76.966026,29.596686 76.966129,29.596684 76.966131,29.596774 76.966028,29.596776 76.966030,29.596866 76.965823,29.596869</coordinates></LinearRing></outerBoundaryIs></Polygon></MultiGeometry></Placemark><Placemark><name>Pit 165</name><description>0.34 ha, probability 1.00, older, outside riverbed, likely village pond</description><styleUrl>#pond</styleUrl><MultiGeometry><Polygon><outerBoundaryIs><LinearRing><coordinates>76.573674,29.601378 76.573672,29.601287 76.573156,29.601293 76.573152,29.601023 76.573359,29.601020 76.573357,29.600930 76.573564,29.600928 76.573565,29.601018 76.573462,29.601019 76.573463,29.601109 76.573566,29.601108 76.573568,29.601198 76.574084,29.601192 76.574081,29.601012 76.573978,29.601013 76.573977,29.600923 76.573667,29.600926 76.573665,29.600836 76.574078,29.600831 76.574081,29.601012 76.574288,29.601009 76.574292,29.601280 76.574189,29.601281 76.574190,29.601371 76.573674,29.601378</coordinates></LinearRing></outerBoundaryIs></Polygon></MultiGeometry></Placemark><Placemark><name>Pit 166</name><description>0.50 ha, probability 1.00, older, outside riverbed, pit</description><styleUrl>#old</styleUrl><MultiGeometry><Polygon><outerBoundaryIs><LinearRing><coordinates>77.013846,29.871955 77.013844,29.871865 77.013741,29.871867 77.013734,29.871506 77.013837,29.871504 77.013834,29.871324 77.013730,29.871325 77.013725,29.871055 77.013932,29.871052 77.013930,29.870962 77.014033,29.870960 77.014035,29.871050 77.014139,29.871049 77.014140,29.871139 77.014244,29.871137 77.014246,29.871227 77.014349,29.871226 77.014358,29.871677 77.014255,29.871678 77.014258,29.871859 77.014051,29.871862 77.014053,29.871952 77.013846,29.871955</coordinates></LinearRing></outerBoundaryIs></Polygon></MultiGeometry></Placemark><Placemark><name>Pit 167</name><description>0.19 ha, probability 1.00, older, outside riverbed, pit</description><styleUrl>#old</styleUrl><MultiGeometry><Polygon><outerBoundaryIs><LinearRing><coordinates>76.978600,29.595597 76.978595,29.595326 76.978698,29.595324 76.978700,29.595415 76.978803,29.595413 76.978801,29.595323 76.979111,29.595318 76.979109,29.595228 76.978902,29.595231 76.978901,29.595141 76.979107,29.595138 76.979109,29.595228 76.979625,29.595220 76.979627,29.595311 76.979420,29.595314 76.979422,29.595404 76.979009,29.595410 76.979011,29.595500 76.978701,29.595505 76.978703,29.595595 76.978600,29.595597</coordinates></LinearRing></outerBoundaryIs></Polygon></MultiGeometry></Placemark><Placemark><name>Pit 168</name><description>0.28 ha, probability 1.00, older, outside riverbed, pit</description><styleUrl>#old</styleUrl><MultiGeometry><Polygon><outerBoundaryIs><LinearRing><coordinates>76.635347,29.520054 76.635334,29.519242 76.635850,29.519235 76.635852,29.519416 76.635749,29.519417 76.635751,29.519507 76.635648,29.519509 76.635652,29.519779 76.635549,29.519780 76.635552,29.519961 76.635449,29.519962 76.635450,29.520052 76.635347,29.520054</coordinates></LinearRing></outerBoundaryIs></Polygon></MultiGeometry></Placemark><Placemark><name>Pit 169</name><description>0.21 ha, probability 1.00, older, outside riverbed, pit</description><styleUrl>#old</styleUrl><MultiGeometry><Polygon><outerBoundaryIs><LinearRing><coordinates>77.176817,29.868916 77.176813,29.868736 77.176916,29.868734 77.176914,29.868644 77.176707,29.868647 77.176709,29.868737 77.176606,29.868739 77.176600,29.868468 77.176704,29.868467 77.176702,29.868377 77.176909,29.868373 77.176903,29.868103 77.177006,29.868101 77.177012,29.868371 77.177116,29.868370 77.177117,29.868460 77.177014,29.868462 77.177016,29.868552 77.176912,29.868554 77.176914,29.868644 77.177121,29.868640 77.177125,29.868821 77.177022,29.868822 77.177024,29.868913 77.176817,29.868916</coordinates></LinearRing></outerBoundaryIs></Polygon></MultiGeometry></Placemark><Placemark><name>Pit 170</name><description>0.19 ha, probability 1.00, older, outside riverbed, pit</description><styleUrl>#old</styleUrl><MultiGeometry><Polygon><outerBoundaryIs><LinearRing><coordinates>77.036845,29.647946 77.036843,29.647856 77.036740,29.647858 77.036738,29.647767 77.036634,29.647769 77.036629,29.647498 77.036732,29.647497 77.036730,29.647407 77.036627,29.647408 77.036624,29.647228 77.036727,29.647226 77.036729,29.647316 77.036832,29.647315 77.036834,29.647405 77.036937,29.647403 77.036941,29.647584 77.037044,29.647582 77.037047,29.647763 77.036944,29.647764 77.036948,29.647945 77.036845,29.647946</coordinates></LinearRing></outerBoundaryIs></Polygon></MultiGeometry></Placemark><Placemark><name>Pit 171</name><description>0.72 ha, probability 1.00, older, outside riverbed, pit</description><styleUrl>#old</styleUrl><MultiGeometry><Polygon><outerBoundaryIs><LinearRing><coordinates>77.145558,29.868977 77.145554,29.868797 77.145451,29.868798 77.145445,29.868528 77.145342,29.868529 77.145336,29.868259 77.145232,29.868261 77.145228,29.868080 77.145125,29.868082 77.145123,29.867992 77.145020,29.867993 77.145018,29.867903 77.144914,29.867905 77.144912,29.867815 77.145119,29.867811 77.145121,29.867901 77.145328,29.867898 77.145330,29.867988 77.145537,29.867985 77.145543,29.868255 77.145957,29.868249 77.145960,29.868429 77.146064,29.868427 77.146066,29.868518 77.146169,29.868516 77.146171,29.868606 77.146275,29.868604 77.146279,29.868785 77.146382,29.868783 77.146384,29.868873 77.146281,29.868875 77.146282,29.868965 77.145558,29.868977</coordinates></LinearRing></outerBoundaryIs></Polygon></MultiGeometry></Placemark><Placemark><name>Pit 172</name><description>0.49 ha, probability 1.00, older, outside riverbed, likely village pond</description><styleUrl>#pond</styleUrl><MultiGeometry><Polygon><outerBoundaryIs><LinearRing><coordinates>76.848645,29.872930 76.848644,29.872840 76.848333,29.872844 76.848332,29.872754 76.848435,29.872752 76.848427,29.872301 76.848323,29.872303 76.848318,29.872032 76.848422,29.872031 76.848420,29.871940 76.848524,29.871939 76.848522,29.871849 76.848729,29.871846 76.848731,29.871936 76.848834,29.871935 76.848847,29.872656 76.848951,29.872655 76.848954,29.872835 76.848747,29.872838 76.848749,29.872928 76.848645,29.872930</coordinates></LinearRing></outerBoundaryIs></Polygon></MultiGeometry></Placemark><Placemark><name>Pit 173</name><description>0.43 ha, probability 1.00, older, outside riverbed, pit</description><styleUrl>#old</styleUrl><MultiGeometry><Polygon><outerBoundaryIs><LinearRing><coordinates>76.899184,29.890347 76.899181,29.890166 76.899284,29.890165 76.899283,29.890075 76.899386,29.890073 76.899384,29.889983 76.899488,29.889981 76.899486,29.889891 76.899590,29.889890 76.899586,29.889709 76.899690,29.889708 76.899686,29.889527 76.899790,29.889526 76.899788,29.889436 76.899892,29.889434 76.899890,29.889344 76.899994,29.889343 76.900000,29.889703 76.899897,29.889705 76.899900,29.889885 76.900004,29.889884 76.900006,29.889974 76.899902,29.889975 76.899909,29.890336 76.899702,29.890339 76.899700,29.890249 76.899493,29.890252 76.899495,29.890342 76.899184,29.890347</coordinates></LinearRing></outerBoundaryIs></Polygon></MultiGeometry></Placemark><Placemark><name>Pit 174</name><description>0.59 ha, probability 1.00, older, outside riverbed, pit</description><styleUrl>#old</styleUrl><MultiGeometry><Polygon><outerBoundaryIs><LinearRing><coordinates>76.680652,29.639316 76.680651,29.639226 76.680754,29.639225 76.680753,29.639135 76.680856,29.639133 76.680851,29.638863 76.680748,29.638864 76.680747,29.638774 76.680850,29.638772 76.680848,29.638682 76.680745,29.638684 76.680736,29.638142 76.681046,29.638138 76.681048,29.638229 76.681254,29.638226 76.681265,29.638857 76.681368,29.638856 76.681369,29.638946 76.681266,29.638948 76.681271,29.639218 76.681064,29.639221 76.681066,29.639311 76.680652,29.639316</coordinates></LinearRing></outerBoundaryIs></Polygon></MultiGeometry></Placemark><Placemark><name>Pit 175</name><description>0.72 ha, probability 1.00, older, outside riverbed, pit</description><styleUrl>#old</styleUrl><MultiGeometry><Polygon><outerBoundaryIs><LinearRing><coordinates>76.679611,29.638788 76.679609,29.638698 76.679506,29.638699 76.679500,29.638338 76.679397,29.638340 76.679394,29.638159 76.679497,29.638158 76.679499,29.638248 76.679705,29.638246 76.679704,29.638155 76.679807,29.638154 76.679805,29.638064 76.680322,29.638057 76.680323,29.638148 76.680426,29.638146 76.680428,29.638236 76.680531,29.638235 76.680539,29.638686 76.680435,29.638687 76.680437,29.638778 76.679611,29.638788</coordinates></LinearRing></outerBoundaryIs></Polygon></MultiGeometry></Placemark><Placemark><name>Pit 176</name><description>0.30 ha, probability 1.00, older, outside riverbed, pit</description><styleUrl>#old</styleUrl><MultiGeometry><Polygon><outerBoundaryIs><LinearRing><coordinates>76.883632,29.484826 76.883630,29.484736 76.883527,29.484738 76.883524,29.484557 76.883420,29.484559 76.883412,29.484108 76.883515,29.484106 76.883512,29.483926 76.883615,29.483924 76.883618,29.484105 76.883721,29.484103 76.883725,29.484284 76.883828,29.484282 76.883833,29.484553 76.883936,29.484551 76.883941,29.484822 76.883632,29.484826</coordinates></LinearRing></outerBoundaryIs></Polygon></MultiGeometry></Placemark><Placemark><name>Pit 177</name><description>0.63 ha, probability 1.00, older, outside riverbed, pit</description><styleUrl>#old</styleUrl><MultiGeometry><Polygon><outerBoundaryIs><LinearRing><coordinates>77.178362,29.901909 77.178360,29.901819 77.178257,29.901821 77.178255,29.901730 77.178151,29.901732 77.178148,29.901552 77.178044,29.901553 77.178042,29.901463 77.177939,29.901465 77.177935,29.901285 77.177831,29.901286 77.177829,29.901196 77.177622,29.901200 77.177618,29.901019 77.177515,29.901021 77.177511,29.900841 77.177407,29.900842 77.177401,29.900572 77.177298,29.900573 77.177294,29.900393 77.177087,29.900396 77.177083,29.900216 77.176980,29.900218 77.176978,29.900128 77.176874,29.900129 77.176870,29.899949 77.176974,29.899947 77.176972,29.899857 77.177075,29.899855 77.177077,29.899946 77.177181,29.899944 77.177183,29.900034 77.177286,29.900032 77.177288,29.900122 77.177392,29.900121 77.177396,29.900301 77.177499,29.900299 77.177503,29.900480 77.177606,29.900478 77.177608,29.900568 77.177712,29.900567 77.177716,29.900747 77.177819,29.900745 77.177823,29.900926 77.177927,29.900924 77.177931,29.901104 77.178034,29.901103 77.178038,29.901283 77.178142,29.901281 77.178146,29.901462 77.178249,29.901460 77.178251,29.901550 77.178355,29.901548 77.178358,29.901729 77.178462,29.901727 77.178464,29.901817 77.178567,29.901815 77.178569,29.901906 77.178362,29.901909</coordinates></LinearRing></outerBoundaryIs></Polygon></MultiGeometry></Placemark><Placemark><name>Pit 178</name><description>0.03 ha, probability 1.00, older, Yamuna riverbed, pit</description><styleUrl>#old</styleUrl><MultiGeometry><Polygon><outerBoundaryIs><LinearRing><coordinates>77.123965,29.453056 77.123963,29.452966 77.124066,29.452965 77.124064,29.452874 77.124167,29.452873 77.124171,29.453053 77.123965,29.453056</coordinates></LinearRing></outerBoundaryIs></Polygon></MultiGeometry></Placemark><Placemark><name>Pit 179</name><description>2.32 ha, probability 1.00, older, outside riverbed, pit</description><styleUrl>#old</styleUrl><MultiGeometry><Polygon><outerBoundaryIs><LinearRing><coordinates>76.782233,29.904881 76.782231,29.904791 76.782128,29.904792 76.782126,29.904702 76.781919,29.904705 76.781918,29.904615 76.781711,29.904617 76.781709,29.904527 76.781502,29.904530 76.781500,29.904440 76.781397,29.904441 76.781395,29.904351 76.781292,29.904352 76.781287,29.904082 76.781183,29.904083 76.781180,29.903903 76.781284,29.903901 76.781282,29.903811 76.781178,29.903813 76.781177,29.903722 76.781073,29.903724 76.781072,29.903634 76.780761,29.903638 76.780763,29.903728 76.780245,29.903735 76.780243,29.903645 76.780036,29.903648 76.780033,29.903467 76.779930,29.903469 76.779925,29.903198 76.779821,29.903199 76.779815,29.902839 76.779711,29.902840 76.779707,29.902569 76.780017,29.902565 76.780016,29.902475 76.780223,29.902472 76.780229,29.902833 76.780333,29.902832 76.780334,29.902922 76.780645,29.902918 76.780648,29.903098 76.780751,29.903097 76.780753,29.903187 76.780960,29.903184 76.780962,29.903274 76.781583,29.903266 76.781581,29.903176 76.781685,29.903174 76.781688,29.903355 76.781792,29.903353 76.781793,29.903443 76.781897,29.903442 76.781905,29.903893 76.782008,29.903892 76.782010,29.903982 76.782113,29.903980 76.782115,29.904071 76.782219,29.904069 76.782220,29.904159 76.782324,29.904158 76.782325,29.904248 76.782429,29.904247 76.782430,29.904337 76.782534,29.904336 76.782540,29.904696 76.782437,29.904698 76.782440,29.904878 76.782233,29.904881</coordinates></LinearRing></outerBoundaryIs></Polygon></MultiGeometry></Placemark><Placemark><name>Pit 180</name><description>0.23 ha, probability 1.00, older, outside riverbed, pit</description><styleUrl>#old</styleUrl><MultiGeometry><Polygon><outerBoundaryIs><LinearRing><coordinates>77.050542,29.462057 77.050538,29.461877 77.050641,29.461875 77.050639,29.461785 77.050742,29.461784 77.050741,29.461693 77.050844,29.461692 77.050845,29.461782 77.050949,29.461781 77.050947,29.461690 77.051256,29.461686 77.051261,29.461956 77.051158,29.461958 77.051160,29.462048 77.050542,29.462057</coordinates></LinearRing></outerBoundaryIs></Polygon></MultiGeometry></Placemark><Placemark><name>Pit 181</name><description>0.70 ha, probability 1.00, older, outside riverbed, likely village pond</description><styleUrl>#pond</styleUrl><MultiGeometry><Polygon><outerBoundaryIs><LinearRing><coordinates>76.900926,29.621003 76.900923,29.620822 76.900820,29.620824 76.900815,29.620553 76.900712,29.620555 76.900706,29.620284 76.900603,29.620286 76.900600,29.620105 76.900703,29.620104 76.900701,29.620014 76.900805,29.620012 76.900801,29.619832 76.901008,29.619829 76.901009,29.619919 76.901113,29.619917 76.901114,29.620008 76.901218,29.620006 76.901219,29.620096 76.901323,29.620095 76.901324,29.620185 76.901427,29.620184 76.901431,29.620364 76.901534,29.620362 76.901541,29.620723 76.901438,29.620725 76.901439,29.620815 76.901233,29.620818 76.901235,29.620908 76.901131,29.620910 76.901133,29.621000 76.900926,29.621003</coordinates></LinearRing></outerBoundaryIs></Polygon></MultiGeometry></Placemark><Placemark><name>Pit 182</name><description>0.10 ha, probability 1.00, older, outside riverbed, likely village pond</description><styleUrl>#pond</styleUrl><MultiGeometry><Polygon><outerBoundaryIs><LinearRing><coordinates>76.629346,29.628227 76.629344,29.628136 76.629241,29.628138 76.629239,29.628047 76.629343,29.628046 76.629344,29.628136 76.629447,29.628135 76.629446,29.628045 76.629859,29.628040 76.629862,29.628220 76.629346,29.628227</coordinates></LinearRing></outerBoundaryIs></Polygon></MultiGeometry></Placemark><Placemark><name>Pit 183</name><description>0.29 ha, probability 1.00, new, outside riverbed, pit</description><styleUrl>#new</styleUrl><MultiGeometry><Polygon><outerBoundaryIs><LinearRing><coordinates>76.581642,29.628985 76.581641,29.628894 76.581538,29.628896 76.581531,29.628444 76.581634,29.628443 76.581631,29.628263 76.581941,29.628259 76.581952,29.628981 76.581642,29.628985</coordinates></LinearRing></outerBoundaryIs></Polygon></MultiGeometry></Placemark><Placemark><name>Pit 184</name><description>0.23 ha, probability 1.00, older, outside riverbed, pit</description><styleUrl>#old</styleUrl><MultiGeometry><Polygon><outerBoundaryIs><LinearRing><coordinates>77.141704,29.896916 77.141695,29.896465 77.142109,29.896459 77.142111,29.896549 77.142214,29.896547 77.142220,29.896818 77.142117,29.896819 77.142118,29.896909 77.141704,29.896916</coordinates></LinearRing></outerBoundaryIs></Polygon></MultiGeometry></Placemark><Placemark><name>Pit 185</name><description>0.55 ha, probability 1.00, older, outside riverbed, pit</description><styleUrl>#old</styleUrl><MultiGeometry><Polygon><outerBoundaryIs><LinearRing><coordinates>76.526923,29.479293 76.526919,29.479023 76.526816,29.479024 76.526814,29.478934 76.526917,29.478932 76.526916,29.478842 76.527844,29.478832 76.527845,29.478922 76.527948,29.478921 76.527947,29.478830 76.528050,29.478829 76.528053,29.479010 76.528156,29.479008 76.528157,29.479099 76.528054,29.479100 76.528056,29.479190 76.527952,29.479191 76.527954,29.479281 76.526923,29.479293</coordinates></LinearRing></outerBoundaryIs></Polygon></MultiGeometry></Placemark><Placemark><name>Pit 186</name><description>0.45 ha, probability 1.00, new, outside riverbed, pit</description><styleUrl>#new</styleUrl><MultiGeometry><Polygon><outerBoundaryIs><LinearRing><coordinates>76.895629,29.475633 76.895618,29.475002 76.895824,29.474999 76.895822,29.474909 76.896131,29.474904 76.896133,29.474994 76.896236,29.474993 76.896248,29.475624 76.895629,29.475633</coordinates></LinearRing></outerBoundaryIs></Polygon></MultiGeometry></Placemark><Placemark><name>Pit 187</name><description>0.42 ha, probability 1.00, older, outside riverbed, likely village pond</description><styleUrl>#pond</styleUrl><MultiGeometry><Polygon><outerBoundaryIs><LinearRing><coordinates>76.781658,29.901641 76.781656,29.901551 76.781345,29.901555 76.781341,29.901284 76.781444,29.901283 76.781442,29.901193 76.781339,29.901194 76.781337,29.901104 76.781648,29.901100 76.781646,29.901009 76.781750,29.901008 76.781748,29.900918 76.781955,29.900915 76.781957,29.901005 76.782060,29.901004 76.782064,29.901184 76.782167,29.901183 76.782170,29.901363 76.782067,29.901365 76.782068,29.901455 76.781965,29.901456 76.781967,29.901546 76.781759,29.901549 76.781761,29.901639 76.781658,29.901641</coordinates></LinearRing></outerBoundaryIs></Polygon></MultiGeometry></Placemark><Placemark><name>Pit 188</name><description>0.97 ha, probability 1.00, older, outside riverbed, pit</description><styleUrl>#old</styleUrl><MultiGeometry><Polygon><outerBoundaryIs><LinearRing><coordinates>76.799529,29.627290 76.799527,29.627199 76.799424,29.627201 76.799421,29.627020 76.799317,29.627022 76.799312,29.626751 76.799209,29.626753 76.799203,29.626392 76.799100,29.626393 76.799096,29.626213 76.798993,29.626214 76.798991,29.626124 76.798888,29.626125 76.798887,29.626035 76.798783,29.626037 76.798779,29.625766 76.798882,29.625765 76.798880,29.625674 76.799087,29.625672 76.799085,29.625581 76.799395,29.625577 76.799398,29.625758 76.799501,29.625756 76.799505,29.625937 76.799711,29.625934 76.799713,29.626024 76.799816,29.626023 76.799821,29.626293 76.799924,29.626292 76.799938,29.627104 76.799835,29.627105 76.799837,29.627195 76.799733,29.627197 76.799735,29.627287 76.799529,29.627290</coordinates></LinearRing></outerBoundaryIs></Polygon></MultiGeometry></Placemark><Placemark><name>Pit 189</name><description>0.10 ha, probability 1.00, older, outside riverbed, pit</description><styleUrl>#old</styleUrl><MultiGeometry><Polygon><outerBoundaryIs><LinearRing><coordinates>77.047596,29.897419 77.047592,29.897238 77.047799,29.897235 77.047792,29.896874 77.047895,29.896873 77.047906,29.897414 77.047596,29.897419</coordinates></LinearRing></outerBoundaryIs></Polygon></MultiGeometry></Placemark><Placemark><name>Pit 190</name><description>3.25 ha, probability 1.00, older, outside riverbed, pit</description><styleUrl>#old</styleUrl><MultiGeometry><Polygon><outerBoundaryIs><LinearRing><coordinates>76.834283,29.607505 76.834281,29.607415 76.834178,29.607416 76.834175,29.607236 76.834071,29.607237 76.834068,29.607057 76.833965,29.607058 76.833955,29.606517 76.834058,29.606515 76.834060,29.606606 76.834163,29.606604 76.834165,29.606694 76.834371,29.606692 76.834373,29.606782 76.834992,29.606773 76.834991,29.606683 76.835197,29.606680 76.835196,29.606590 76.835299,29.606589 76.835295,29.606408 76.835502,29.606405 76.835497,29.606135 76.835394,29.606136 76.835392,29.606046 76.835289,29.606047 76.835286,29.605867 76.835699,29.605861 76.835697,29.605771 76.835903,29.605768 76.835902,29.605678 76.836315,29.605672 76.836311,29.605492 76.836415,29.605490 76.836413,29.605400 76.836516,29.605399 76.836515,29.605308 76.836618,29.605307 76.836611,29.604946 76.836818,29.604943 76.836819,29.605034 76.837026,29.605031 76.837027,29.605121 76.836924,29.605122 76.836926,29.605213 76.837029,29.605211 76.837032,29.605392 76.837136,29.605390 76.837134,29.605300 76.837237,29.605298 76.837242,29.605569 76.837036,29.605572 76.837037,29.605662 76.836934,29.605664 76.836936,29.605754 76.836832,29.605755 76.836834,29.605845 76.836731,29.605847 76.836742,29.606478 76.836639,29.606480 76.836642,29.606660 76.836539,29.606662 76.836541,29.606752 76.836334,29.606755 76.836336,29.606845 76.836233,29.606846 76.836234,29.606936 76.836131,29.606938 76.836133,29.607028 76.835720,29.607034 76.835721,29.607124 76.835618,29.607125 76.835620,29.607216 76.835517,29.607217 76.835518,29.607307 76.834899,29.607316 76.834901,29.607406 76.834797,29.607407 76.834799,29.607498 76.834283,29.607505</coordinates></LinearRing></outerBoundaryIs></Polygon></MultiGeometry></Placemark><Placemark><name>Pit 191</name><description>1.70 ha, probability 1.00, older, outside riverbed, pit</description><styleUrl>#old</styleUrl><MultiGeometry><Polygon><outerBoundaryIs><LinearRing><coordinates>76.529209,29.480440 76.529207,29.480350 76.529001,29.480352 76.529000,29.480262 76.528897,29.480263 76.528893,29.479993 76.528686,29.479995 76.528685,29.479905 76.528788,29.479904 76.528785,29.479723 76.528682,29.479724 76.528680,29.479544 76.528783,29.479543 76.528784,29.479633 76.528887,29.479632 76.528880,29.479181 76.528777,29.479182 76.528781,29.479452 76.528678,29.479454 76.528676,29.479273 76.528572,29.479274 76.528574,29.479365 76.528471,29.479366 76.528472,29.479456 76.528369,29.479457 76.528370,29.479547 76.528577,29.479545 76.528581,29.479816 76.528271,29.479819 76.528269,29.479639 76.528372,29.479638 76.528370,29.479547 76.528267,29.479549 76.528263,29.479278 76.528160,29.479279 76.528159,29.479189 76.528262,29.479188 76.528260,29.479097 76.528364,29.479096 76.528362,29.479006 76.528465,29.479005 76.528464,29.478915 76.528980,29.478909 76.528978,29.478819 76.529081,29.478817 76.529083,29.478908 76.529289,29.478905 76.529296,29.479356 76.529399,29.479355 76.529400,29.479445 76.529813,29.479441 76.529817,29.479711 76.530023,29.479709 76.530024,29.479799 76.530127,29.479798 76.530131,29.480069 76.530234,29.480067 76.530236,29.480158 76.530133,29.480159 76.530134,29.480249 76.529825,29.480253 76.529826,29.480343 76.529311,29.480349 76.529312,29.480439 76.529209,29.480440</coordinates></LinearRing></outerBoundaryIs></Polygon></MultiGeometry></Placemark><Placemark><name>Pit 192</name><description>0.94 ha, probability 1.00, older, outside riverbed, likely village pond</description><styleUrl>#pond</styleUrl><MultiGeometry><Polygon><outerBoundaryIs><LinearRing><coordinates>76.785558,29.899693 76.785556,29.899603 76.785453,29.899604 76.785451,29.899514 76.785348,29.899516 76.785344,29.899335 76.785448,29.899334 76.785446,29.899244 76.785550,29.899242 76.785547,29.899062 76.785650,29.899060 76.785649,29.898970 76.785752,29.898969 76.785751,29.898879 76.785958,29.898876 76.785956,29.898786 76.786163,29.898783 76.786161,29.898693 76.786368,29.898690 76.786370,29.898780 76.786577,29.898777 76.786579,29.898867 76.786682,29.898866 76.786685,29.899046 76.786789,29.899045 76.786792,29.899225 76.786689,29.899227 76.786690,29.899317 76.786587,29.899318 76.786588,29.899409 76.786485,29.899410 76.786486,29.899500 76.786176,29.899504 76.786178,29.899595 76.786074,29.899596 76.786072,29.899506 76.785969,29.899507 76.785970,29.899597 76.785763,29.899600 76.785765,29.899690 76.785558,29.899693</coordinates></LinearRing></outerBoundaryIs></Polygon></MultiGeometry></Placemark><Placemark><name>Pit 193</name><description>0.37 ha, probability 1.00, new, outside riverbed, pit</description><styleUrl>#new</styleUrl><MultiGeometry><Polygon><outerBoundaryIs><LinearRing><coordinates>76.895644,29.476445 76.895643,29.476355 76.895540,29.476356 76.895538,29.476266 76.895435,29.476267 76.895430,29.475997 76.895533,29.475995 76.895531,29.475905 76.895737,29.475902 76.895739,29.475992 76.895842,29.475991 76.895844,29.476081 76.895947,29.476080 76.895945,29.475990 76.896151,29.475987 76.896153,29.476077 76.896256,29.476075 76.896263,29.476436 76.895644,29.476445</coordinates></LinearRing></outerBoundaryIs></Polygon></MultiGeometry></Placemark><Placemark><name>Pit 194</name><description>0.31 ha, probability 1.00, older, outside riverbed, pit</description><styleUrl>#old</styleUrl><MultiGeometry><Polygon><outerBoundaryIs><LinearRing><coordinates>76.571933,29.608978 76.571932,29.608888 76.571725,29.608890 76.571724,29.608800 76.571621,29.608801 76.571618,29.608621 76.571721,29.608619 76.571720,29.608529 76.571823,29.608528 76.571822,29.608438 76.572028,29.608435 76.572027,29.608345 76.572130,29.608344 76.572129,29.608254 76.572232,29.608252 76.572230,29.608162 76.572334,29.608161 76.572335,29.608251 76.572541,29.608249 76.572543,29.608339 76.572336,29.608341 76.572338,29.608432 76.572235,29.608433 76.572236,29.608523 76.572339,29.608522 76.572341,29.608612 76.572134,29.608615 76.572136,29.608705 76.572032,29.608706 76.572036,29.608977 76.571933,29.608978</coordinates></LinearRing></outerBoundaryIs></Polygon></MultiGeometry></Placemark><Placemark><name>Pit 195</name><description>2.58 ha, probability 1.00, older, outside riverbed, pit</description><styleUrl>#old</styleUrl><MultiGeometry><Polygon><outerBoundaryIs><LinearRing><coordinates>76.571204,29.608535 76.571202,29.608445 76.571099,29.608446 76.571098,29.608356 76.570685,29.608361 76.570683,29.608271 76.570477,29.608273 76.570475,29.608183 76.570269,29.608185 76.570267,29.608095 76.570061,29.608098 76.570060,29.608007 76.569853,29.608010 76.569852,29.607920 76.569955,29.607918 76.569953,29.607828 76.570057,29.607827 76.570055,29.607737 76.570159,29.607736 76.570157,29.607645 76.570364,29.607643 76.570362,29.607553 76.570672,29.607549 76.570671,29.607459 76.570877,29.607456 76.570878,29.607547 76.571498,29.607539 76.571495,29.607359 76.571598,29.607358 76.571597,29.607267 76.571494,29.607269 76.571492,29.607178 76.571596,29.607177 76.571594,29.607087 76.572110,29.607081 76.572108,29.606900 76.572830,29.606892 76.572829,29.606802 76.573139,29.606798 76.573137,29.606708 76.573344,29.606705 76.573345,29.606795 76.573242,29.606797 76.573243,29.606887 76.573140,29.606888 76.573144,29.607159 76.573041,29.607160 76.573044,29.607340 76.572940,29.607342 76.572942,29.607432 76.572839,29.607433 76.572840,29.607523 76.572737,29.607525 76.572738,29.607615 76.572635,29.607616 76.572636,29.607706 76.572533,29.607707 76.572534,29.607798 76.572431,29.607799 76.572433,29.607889 76.572226,29.607892 76.572228,29.607982 76.572124,29.607983 76.572126,29.608073 76.572022,29.608074 76.572024,29.608165 76.571817,29.608167 76.571819,29.608257 76.571716,29.608259 76.571717,29.608349 76.571614,29.608350 76.571615,29.608440 76.571409,29.608443 76.571410,29.608533 76.571204,29.608535</coordinates></LinearRing></outerBoundaryIs></Polygon></MultiGeometry></Placemark><Placemark><name>Pit 196</name><description>1.29 ha, probability 1.00, older, outside riverbed, pit</description><styleUrl>#old</styleUrl><MultiGeometry><Polygon><outerBoundaryIs><LinearRing><coordinates>76.954980,29.895035 76.954978,29.894945 76.954875,29.894946 76.954873,29.894856 76.954977,29.894855 76.954973,29.894674 76.954870,29.894676 76.954861,29.894225 76.954964,29.894223 76.954963,29.894133 76.955066,29.894131 76.955064,29.894041 76.954961,29.894043 76.954959,29.893953 76.955373,29.893946 76.955375,29.894037 76.955478,29.894035 76.955480,29.894125 76.955687,29.894122 76.955685,29.894032 76.955892,29.894029 76.955891,29.893939 76.955684,29.893942 76.955682,29.893852 76.955889,29.893849 76.955887,29.893758 76.955991,29.893757 76.955989,29.893667 76.956092,29.893665 76.956091,29.893575 76.956194,29.893573 76.956196,29.893664 76.956092,29.893665 76.956094,29.893755 76.955991,29.893757 76.955992,29.893847 76.955889,29.893849 76.955891,29.893939 76.956098,29.893936 76.956096,29.893846 76.956200,29.893844 76.956217,29.894746 76.956114,29.894748 76.956115,29.894838 76.955701,29.894844 76.955703,29.894934 76.955289,29.894940 76.955291,29.895030 76.954980,29.895035</coordinates></LinearRing></outerBoundaryIs></Polygon></MultiGeometry></Placemark><Placemark><name>Pit 197</name><description>0.75 ha, probability 1.00, older, outside riverbed, pit</description><styleUrl>#old</styleUrl><MultiGeometry><Polygon><outerBoundaryIs><LinearRing><coordinates>77.173052,29.890990 77.173048,29.890810 77.173151,29.890808 77.173149,29.890718 77.173046,29.890720 77.173044,29.890630 77.173251,29.890626 77.173249,29.890536 77.173145,29.890538 77.173143,29.890448 77.173454,29.890443 77.173458,29.890623 77.173354,29.890625 77.173358,29.890805 77.173565,29.890802 77.173563,29.890711 77.173667,29.890710 77.173665,29.890620 77.173561,29.890621 77.173559,29.890531 77.173663,29.890529 77.173661,29.890439 77.173557,29.890441 77.173556,29.890351 77.173763,29.890347 77.173761,29.890257 77.173864,29.890255 77.173862,29.890165 77.174380,29.890157 77.174378,29.890066 77.174481,29.890065 77.174485,29.890245 77.174382,29.890247 77.174383,29.890337 77.174280,29.890339 77.174290,29.890790 77.174186,29.890791 77.174190,29.890972 77.174087,29.890973 77.174085,29.890883 77.173878,29.890887 77.173880,29.890977 77.173362,29.890985 77.173360,29.890895 77.173257,29.890897 77.173259,29.890987 77.173052,29.890990</coordinates></LinearRing></outerBoundaryIs></Polygon></MultiGeometry></Placemark><Placemark><name>Pit 198</name><description>0.41 ha, probability 1.00, older, outside riverbed, pit</description><styleUrl>#old</styleUrl><MultiGeometry><Polygon><outerBoundaryIs><LinearRing><coordinates>76.954124,29.893604 76.954122,29.893514 76.953708,29.893520 76.953706,29.893430 76.953603,29.893431 76.953596,29.893071 76.953699,29.893069 76.953691,29.892618 76.953898,29.892615 76.953899,29.892705 76.953796,29.892707 76.953798,29.892797 76.954005,29.892794 76.954006,29.892884 76.954213,29.892881 76.954215,29.892971 76.954008,29.892974 76.954010,29.893064 76.954734,29.893054 76.954736,29.893144 76.953805,29.893158 76.953810,29.893428 76.954224,29.893422 76.954222,29.893332 76.954533,29.893327 76.954534,29.893418 76.954327,29.893421 76.954329,29.893511 76.954226,29.893512 76.954227,29.893603 76.954124,29.893604</coordinates></LinearRing></outerBoundaryIs></Polygon></MultiGeometry></Placemark><Placemark><name>Pit 199</name><description>0.64 ha, probability 1.00, older, outside riverbed, pit</description><styleUrl>#old</styleUrl><MultiGeometry><Polygon><outerBoundaryIs><LinearRing><coordinates>77.069528,29.891483 77.069526,29.891393 77.069422,29.891394 77.069419,29.891214 77.069626,29.891211 77.069620,29.890940 77.069517,29.890942 77.069515,29.890852 77.069411,29.890853 77.069409,29.890763 77.069616,29.890760 77.069614,29.890670 77.069407,29.890673 77.069400,29.890312 77.069607,29.890309 77.069609,29.890399 77.069816,29.890396 77.069812,29.890215 77.070123,29.890210 77.070125,29.890301 77.070021,29.890302 77.070023,29.890392 77.070126,29.890391 77.070136,29.890842 77.070032,29.890843 77.070034,29.890934 77.069931,29.890935 77.069934,29.891116 77.070038,29.891114 77.070040,29.891204 77.070143,29.891203 77.070145,29.891293 77.069938,29.891296 77.069940,29.891386 77.069836,29.891388 77.069835,29.891298 77.069731,29.891299 77.069729,29.891209 77.069626,29.891211 77.069629,29.891391 77.069733,29.891389 77.069735,29.891480 77.069528,29.891483</coordinates></LinearRing></outerBoundaryIs></Polygon></MultiGeometry></Placemark><Placemark><name>Pit 200</name><description>0.24 ha, probability 1.00, older, outside riverbed, pit</description><styleUrl>#old</styleUrl><MultiGeometry><Polygon><outerBoundaryIs><LinearRing><coordinates>76.953585,29.892529 76.953582,29.892349 76.953478,29.892351 76.953475,29.892170 76.953578,29.892169 76.953576,29.892078 76.954094,29.892071 76.954098,29.892251 76.954201,29.892250 76.954203,29.892340 76.954099,29.892341 76.954101,29.892432 76.953687,29.892438 76.953689,29.892528 76.953585,29.892529</coordinates></LinearRing></outerBoundaryIs></Polygon></MultiGeometry></Placemark><Placemark><name>Pit 201</name><description>0.09 ha, probability 1.00, older, outside riverbed, pit</description><styleUrl>#old</styleUrl><MultiGeometry><Polygon><outerBoundaryIs><LinearRing><coordinates>76.990510,29.629072 76.990508,29.628982 76.990405,29.628983 76.990403,29.628893 76.990507,29.628891 76.990505,29.628801 76.990711,29.628798 76.990713,29.628888 76.990816,29.628887 76.990820,29.629067 76.990510,29.629072</coordinates></LinearRing></outerBoundaryIs></Polygon></MultiGeometry></Placemark><Placemark><name>Pit 202</name><description>0.69 ha, probability 1.00, older, outside riverbed, pit</description><styleUrl>#old</styleUrl><MultiGeometry><Polygon><outerBoundaryIs><LinearRing><coordinates>76.577910,29.608185 76.577904,29.607824 76.577801,29.607825 76.577800,29.607735 76.577697,29.607736 76.577695,29.607646 76.577385,29.607650 76.577384,29.607560 76.577281,29.607561 76.577279,29.607471 76.577176,29.607472 76.577169,29.607021 76.577066,29.607022 76.577064,29.606932 76.576858,29.606934 76.576857,29.606844 76.577063,29.606842 76.577062,29.606751 76.577578,29.606745 76.577576,29.606655 76.577680,29.606654 76.577678,29.606564 76.577781,29.606562 76.577783,29.606653 76.577680,29.606654 76.577681,29.606744 76.577578,29.606745 76.577579,29.606835 76.577269,29.606839 76.577271,29.606929 76.577168,29.606931 76.577169,29.607021 76.577272,29.607020 76.577279,29.607471 76.577383,29.607469 76.577384,29.607560 76.577797,29.607555 76.577798,29.607645 76.577902,29.607644 76.577903,29.607734 76.578006,29.607733 76.578008,29.607823 76.578111,29.607822 76.578114,29.608002 76.578217,29.608001 76.578216,29.607911 76.578525,29.607907 76.578521,29.607636 76.578624,29.607635 76.578623,29.607545 76.578726,29.607544 76.578725,29.607453 76.578621,29.607455 76.578617,29.607184 76.578514,29.607185 76.578513,29.607095 76.578616,29.607094 76.578613,29.606913 76.578510,29.606915 76.578508,29.606824 76.578302,29.606827 76.578300,29.606737 76.578197,29.606738 76.578196,29.606648 76.578402,29.606645 76.578404,29.606735 76.578507,29.606734 76.578508,29.606824 76.578715,29.606822 76.578718,29.607002 76.578821,29.607001 76.578822,29.607091 76.578719,29.607093 76.578720,29.607183 76.578824,29.607182 76.578829,29.607542 76.578933,29.607541 76.578935,29.607722 76.578729,29.607724 76.578730,29.607814 76.578627,29.607816 76.578628,29.607906 76.578525,29.607907 76.578528,29.608087 76.578218,29.608091 76.578220,29.608181 76.577910,29.608185</coordinates></LinearRing></outerBoundaryIs></Polygon></MultiGeometry></Placemark><Placemark><name>Pit 203</name><description>0.07 ha, probability 1.00, older, outside riverbed, pit</description><styleUrl>#old</styleUrl><MultiGeometry><Polygon><outerBoundaryIs><LinearRing><coordinates>76.990930,29.629426 76.990929,29.629336 76.990825,29.629338 76.990822,29.629157 76.991131,29.629153 76.991135,29.629333 76.991032,29.629335 76.991034,29.629425 76.990930,29.629426</coordinates></LinearRing></outerBoundaryIs></Polygon></MultiGeometry></Placemark><Placemark><name>Pit 204</name><description>1.11 ha, probability 1.00, new, outside riverbed, pit</description><styleUrl>#new</styleUrl><MultiGeometry><Polygon><outerBoundaryIs><LinearRing><coordinates>77.069036,29.479274 77.069033,29.479094 77.069136,29.479092 77.069134,29.479002 77.069237,29.479001 77.069235,29.478910 77.069132,29.478912 77.069130,29.478822 77.069233,29.478820 77.069232,29.478730 77.069438,29.478727 77.069434,29.478546 77.069331,29.478548 77.069329,29.478458 77.069123,29.478461 77.069116,29.478100 77.069219,29.478099 77.069217,29.478008 77.069320,29.478007 77.069322,29.478097 77.069425,29.478095 77.069423,29.478005 77.069732,29.478000 77.069729,29.477820 77.069626,29.477822 77.069622,29.477641 77.069725,29.477640 77.069723,29.477549 77.069826,29.477548 77.069828,29.477638 77.069931,29.477636 77.069933,29.477727 77.070036,29.477725 77.070043,29.478086 77.069940,29.478087 77.069942,29.478178 77.070045,29.478176 77.070056,29.478717 77.069953,29.478719 77.069957,29.478899 77.069854,29.478901 77.069856,29.478991 77.069753,29.478993 77.069754,29.479083 77.069651,29.479084 77.069653,29.479175 77.069447,29.479178 77.069449,29.479268 77.069036,29.479274</coordinates></LinearRing></outerBoundaryIs></Polygon></MultiGeometry></Placemark><Placemark><name>Pit 205</name><description>0.47 ha, probability 1.00, older, outside riverbed, pit</description><styleUrl>#old</styleUrl><MultiGeometry><Polygon><outerBoundaryIs><LinearRing><coordinates>76.627812,29.487572 76.627806,29.487211 76.627909,29.487210 76.627908,29.487119 76.628011,29.487118 76.628009,29.487028 76.628112,29.487027 76.628109,29.486846 76.628625,29.486840 76.628628,29.487020 76.628731,29.487019 76.628737,29.487380 76.628427,29.487384 76.628429,29.487474 76.628223,29.487476 76.628224,29.487567 76.627812,29.487572</coordinates></LinearRing></outerBoundaryIs></Polygon></MultiGeometry></Placemark><Placemark><name>Pit 206</name><description>0.31 ha, probability 1.00, older, outside riverbed, pit</description><styleUrl>#old</styleUrl><MultiGeometry><Polygon><outerBoundaryIs><LinearRing><coordinates>76.842841,29.872560 76.842835,29.872199 76.843042,29.872196 76.843043,29.872286 76.842940,29.872288 76.842943,29.872468 76.843771,29.872457 76.843769,29.872366 76.843873,29.872365 76.843871,29.872275 76.843250,29.872283 76.843249,29.872193 76.843663,29.872187 76.843661,29.872097 76.843868,29.872094 76.843870,29.872185 76.844076,29.872182 76.844083,29.872542 76.842841,29.872560</coordinates></LinearRing></outerBoundaryIs></Polygon></MultiGeometry></Placemark><Placemark><name>Pit 207</name><description>0.55 ha, probability 1.00, older, outside riverbed, pit</description><styleUrl>#old</styleUrl><MultiGeometry><Polygon><outerBoundaryIs><LinearRing><coordinates>76.574274,29.600107 76.574268,29.599746 76.574165,29.599748 76.574163,29.599657 76.574060,29.599659 76.574059,29.599568 76.574162,29.599567 76.574161,29.599477 76.574264,29.599476 76.574262,29.599385 76.574159,29.599387 76.574154,29.599026 76.574050,29.599027 76.574048,29.598847 76.573841,29.598849 76.573840,29.598759 76.573530,29.598762 76.573529,29.598672 76.573116,29.598677 76.573114,29.598587 76.573321,29.598584 76.573319,29.598494 76.573216,29.598495 76.573215,29.598405 76.573318,29.598404 76.573317,29.598314 76.573626,29.598310 76.573628,29.598400 76.573937,29.598397 76.573939,29.598487 76.574042,29.598486 76.574045,29.598666 76.574148,29.598665 76.574154,29.599026 76.574257,29.599025 76.574261,29.599295 76.574364,29.599294 76.574368,29.599565 76.574472,29.599563 76.574473,29.599654 76.574370,29.599655 76.574377,29.600106 76.574274,29.600107</coordinates></LinearRing></outerBoundaryIs></Polygon></MultiGeometry></Placemark><Placemark><name>Pit 208</name><description>0.48 ha, probability 1.00, older, outside riverbed, pit</description><styleUrl>#old</styleUrl><MultiGeometry><Polygon><outerBoundaryIs><LinearRing><coordinates>76.721582,29.653048 76.721568,29.652236 76.721671,29.652234 76.721670,29.652144 76.722083,29.652139 76.722087,29.652409 76.722191,29.652408 76.722197,29.652769 76.722093,29.652770 76.722095,29.652860 76.721888,29.652863 76.721890,29.652953 76.721787,29.652955 76.721788,29.653045 76.721582,29.653048</coordinates></LinearRing></outerBoundaryIs></Polygon></MultiGeometry></Placemark><Placemark><name>Pit 209</name><description>0.26 ha, probability 1.00, older, outside riverbed, pit</description><styleUrl>#old</styleUrl><MultiGeometry><Polygon><outerBoundaryIs><LinearRing><coordinates>76.601428,29.508465 76.601427,29.508375 76.601324,29.508376 76.601321,29.508196 76.601424,29.508195 76.601423,29.508105 76.601629,29.508102 76.601630,29.508192 76.601733,29.508191 76.601735,29.508281 76.601838,29.508280 76.601836,29.508190 76.601940,29.508189 76.601941,29.508279 76.602044,29.508278 76.602043,29.508187 76.602249,29.508185 76.602253,29.508456 76.601428,29.508465</coordinates></LinearRing></outerBoundaryIs></Polygon></MultiGeometry></Placemark><Placemark><name>Pit 210</name><description>0.30 ha, probability 1.00, older, outside riverbed, pit</description><styleUrl>#old</styleUrl><MultiGeometry><Polygon><outerBoundaryIs><LinearRing><coordinates>76.823172,29.500557 76.823170,29.500466 76.822964,29.500469 76.822956,29.500018 76.823472,29.500011 76.823473,29.500101 76.823576,29.500100 76.823578,29.500190 76.823475,29.500192 76.823476,29.500282 76.823580,29.500280 76.823581,29.500371 76.823478,29.500372 76.823481,29.500552 76.823172,29.500557</coordinates></LinearRing></outerBoundaryIs></Polygon></MultiGeometry></Placemark><Placemark><name>Pit 211</name><description>0.15 ha, probability 1.00, older, outside riverbed, pit</description><styleUrl>#old</styleUrl><MultiGeometry><Polygon><outerBoundaryIs><LinearRing><coordinates>76.795658,29.502014 76.795652,29.501653 76.795961,29.501649 76.795964,29.501829 76.796171,29.501826 76.796172,29.501917 76.796069,29.501918 76.796071,29.502008 76.795658,29.502014</coordinates></LinearRing></outerBoundaryIs></Polygon></MultiGeometry></Placemark><Placemark><name>Pit 212</name><description>0.05 ha, probability 1.00, new, Yamuna riverbed, pit</description><styleUrl>#new</styleUrl><MultiGeometry><Polygon><outerBoundaryIs><LinearRing><coordinates>77.123346,29.660212 77.123342,29.660031 77.123651,29.660026 77.123653,29.660117 77.123550,29.660118 77.123552,29.660208 77.123346,29.660212</coordinates></LinearRing></outerBoundaryIs></Polygon></MultiGeometry></Placemark><Placemark><name>Pit 213</name><description>0.12 ha, probability 1.00, older, Yamuna riverbed, pit</description><styleUrl>#old</styleUrl><MultiGeometry><Polygon><outerBoundaryIs><LinearRing><coordinates>77.117769,29.660301 77.117767,29.660211 77.117664,29.660212 77.117662,29.660122 77.118075,29.660116 77.118073,29.660025 77.118383,29.660020 77.118385,29.660111 77.118282,29.660112 77.118284,29.660202 77.118077,29.660206 77.118079,29.660296 77.117769,29.660301</coordinates></LinearRing></outerBoundaryIs></Polygon></MultiGeometry></Placemark><Placemark><name>Pit 214</name><description>0.45 ha, probability 1.00, older, outside riverbed, pit</description><styleUrl>#old</styleUrl><MultiGeometry><Polygon><outerBoundaryIs><LinearRing><coordinates>76.973350,29.855155 76.973348,29.855064 76.973142,29.855067 76.973138,29.854887 76.973035,29.854889 76.973027,29.854528 76.973648,29.854519 76.973650,29.854609 76.973857,29.854606 76.973866,29.855057 76.973452,29.855063 76.973454,29.855153 76.973350,29.855155</coordinates></LinearRing></outerBoundaryIs></Polygon></MultiGeometry></Placemark><Placemark><name>Pit 215</name><description>0.65 ha, probability 1.00, older, outside riverbed, pit</description><styleUrl>#old</styleUrl><MultiGeometry><Polygon><outerBoundaryIs><LinearRing><coordinates>76.815127,29.857064 76.815123,29.856884 76.815020,29.856885 76.815018,29.856795 76.814811,29.856798 76.814810,29.856708 76.814706,29.856709 76.814705,29.856619 76.814601,29.856620 76.814599,29.856530 76.814496,29.856532 76.814491,29.856261 76.814388,29.856263 76.814386,29.856172 76.815421,29.856158 76.815432,29.856790 76.815329,29.856791 76.815334,29.857062 76.815127,29.857064</coordinates></LinearRing></outerBoundaryIs></Polygon></MultiGeometry></Placemark><Placemark><name>Pit 216</name><description>0.32 ha, probability 1.00, older, outside riverbed, pit</description><styleUrl>#old</styleUrl><MultiGeometry><Polygon><outerBoundaryIs><LinearRing><coordinates>76.783012,29.504350 76.783009,29.504169 76.782906,29.504171 76.782900,29.503810 76.783003,29.503808 76.783001,29.503718 76.783104,29.503717 76.783101,29.503536 76.783307,29.503534 76.783311,29.503714 76.783414,29.503713 76.783422,29.504164 76.783318,29.504165 76.783320,29.504255 76.783114,29.504258 76.783115,29.504348 76.783012,29.504350</coordinates></LinearRing></outerBoundaryIs></Polygon></MultiGeometry></Placemark><Placemark><name>Pit 217</name><description>0.06 ha, probability 1.00, older, outside riverbed, pit</description><styleUrl>#old</styleUrl><MultiGeometry><Polygon><outerBoundaryIs><LinearRing><coordinates>76.924010,29.591347 76.924007,29.591166 76.924317,29.591162 76.924320,29.591342 76.924010,29.591347</coordinates></LinearRing></outerBoundaryIs></Polygon></MultiGeometry></Placemark><Placemark><name>Pit 218</name><description>0.26 ha, probability 1.00, older, outside riverbed, pit</description><styleUrl>#old</styleUrl><MultiGeometry><Polygon><outerBoundaryIs><LinearRing><coordinates>76.793042,29.505749 76.793041,29.505658 76.792938,29.505660 76.792936,29.505570 76.792833,29.505571 76.792830,29.505391 76.792933,29.505389 76.792931,29.505299 76.792828,29.505300 76.792823,29.505030 76.793133,29.505026 76.793136,29.505206 76.793239,29.505205 76.793249,29.505746 76.793042,29.505749</coordinates></LinearRing></outerBoundaryIs></Polygon></MultiGeometry></Placemark><Placemark><name>Pit 219</name><description>0.14 ha, probability 1.00, older, outside riverbed, pit</description><styleUrl>#old</styleUrl><MultiGeometry><Polygon><outerBoundaryIs><LinearRing><coordinates>77.051556,29.502191 77.051547,29.501740 77.051650,29.501739 77.051652,29.501829 77.051962,29.501824 77.051963,29.501914 77.052067,29.501913 77.052068,29.502003 77.051862,29.502006 77.051864,29.502096 77.051658,29.502099 77.051660,29.502190 77.051556,29.502191</coordinates></LinearRing></outerBoundaryIs></Polygon></MultiGeometry></Placemark><Placemark><name>Pit 220</name><description>0.51 ha, probability 1.00, older, outside riverbed, pit</description><styleUrl>#old</styleUrl><MultiGeometry><Polygon><outerBoundaryIs><LinearRing><coordinates>77.033401,29.845943 77.033396,29.845672 77.033292,29.845674 77.033290,29.845584 77.033394,29.845582 77.033385,29.845131 77.033178,29.845134 77.033174,29.844954 77.032864,29.844959 77.032860,29.844778 77.033067,29.844775 77.033069,29.844865 77.033172,29.844864 77.033169,29.844683 77.033065,29.844685 77.033056,29.844234 77.033159,29.844232 77.033158,29.844142 77.033261,29.844141 77.033265,29.844321 77.033368,29.844319 77.033372,29.844500 77.033475,29.844498 77.033483,29.844859 77.033586,29.844857 77.033592,29.845128 77.033488,29.845130 77.033501,29.845761 77.033604,29.845759 77.033606,29.845849 77.033503,29.845851 77.033505,29.845941 77.033401,29.845943</coordinates></LinearRing></outerBoundaryIs></Polygon></MultiGeometry></Placemark><Placemark><name>Pit 221</name><description>0.57 ha, probability 1.00, new, outside riverbed, pit</description><styleUrl>#new</styleUrl><MultiGeometry><Polygon><outerBoundaryIs><LinearRing><coordinates>76.695101,29.669450 76.695089,29.668728 76.696019,29.668716 76.696022,29.668897 76.696125,29.668895 76.696128,29.669076 76.695922,29.669078 76.695923,29.669169 76.695717,29.669171 76.695718,29.669262 76.695512,29.669264 76.695513,29.669354 76.695203,29.669358 76.695205,29.669449 76.695101,29.669450</coordinates></LinearRing></outerBoundaryIs></Polygon></MultiGeometry></Placemark><Placemark><name>Pit 222</name><description>0.56 ha, probability 1.00, older, outside riverbed, likely village pond</description><styleUrl>#pond</styleUrl><MultiGeometry><Polygon><outerBoundaryIs><LinearRing><coordinates>76.803459,29.668200 76.803458,29.668110 76.803251,29.668112 76.803250,29.668022 76.803146,29.668024 76.803143,29.667843 76.803246,29.667842 76.803242,29.667571 76.804171,29.667558 76.804178,29.667919 76.804074,29.667921 76.804076,29.668011 76.803973,29.668012 76.803974,29.668103 76.803768,29.668105 76.803769,29.668196 76.803459,29.668200</coordinates></LinearRing></outerBoundaryIs></Polygon></MultiGeometry></Placemark><Placemark><name>Pit 223</name><description>0.12 ha, probability 1.00, older, outside riverbed, likely village pond</description><styleUrl>#pond</styleUrl><MultiGeometry><Polygon><outerBoundaryIs><LinearRing><coordinates>76.783055,29.506785 76.783047,29.506334 76.783150,29.506333 76.783149,29.506243 76.783252,29.506241 76.783256,29.506512 76.783360,29.506510 76.783361,29.506601 76.783258,29.506602 76.783261,29.506782 76.783055,29.506785</coordinates></LinearRing></outerBoundaryIs></Polygon></MultiGeometry></Placemark><Placemark><name>Pit 224</name><description>0.91 ha, probability 1.00, new, outside riverbed, pit</description><styleUrl>#new</styleUrl><MultiGeometry><Polygon><outerBoundaryIs><LinearRing><coordinates>76.903389,29.860964 76.903386,29.860783 76.903282,29.860785 76.903279,29.860604 76.903175,29.860606 76.903172,29.860426 76.903275,29.860424 76.903274,29.860334 76.903377,29.860332 76.903375,29.860242 76.903582,29.860239 76.903584,29.860329 76.903687,29.860328 76.903689,29.860418 76.903793,29.860417 76.903794,29.860507 76.904001,29.860504 76.903996,29.860233 76.903893,29.860235 76.903889,29.860054 76.903993,29.860053 76.903989,29.859872 76.904196,29.859869 76.904195,29.859779 76.904298,29.859778 76.904300,29.859868 76.904507,29.859865 76.904510,29.860045 76.904614,29.860044 76.904617,29.860224 76.904514,29.860226 76.904519,29.860496 76.904415,29.860498 76.904417,29.860588 76.904313,29.860590 76.904315,29.860680 76.904212,29.860681 76.904213,29.860771 76.904006,29.860774 76.904008,29.860865 76.903698,29.860869 76.903699,29.860959 76.903389,29.860964</coordinates></LinearRing></outerBoundaryIs></Polygon></MultiGeometry></Placemark><Placemark><name>Pit 225</name><description>0.08 ha, probability 1.00, older, outside riverbed, pit</description><styleUrl>#old</styleUrl><MultiGeometry><Polygon><outerBoundaryIs><LinearRing><coordinates>76.919466,29.591232 76.919463,29.591052 76.919256,29.591055 76.919258,29.591145 76.919155,29.591146 76.919151,29.590966 76.919564,29.590960 76.919566,29.591050 76.919669,29.591049 76.919671,29.591139 76.919568,29.591140 76.919569,29.591231 76.919466,29.591232</coordinates></LinearRing></outerBoundaryIs></Polygon></MultiGeometry></Placemark><Placemark><name>Pit 226</name><description>0.45 ha, probability 1.00, older, outside riverbed, pit</description><styleUrl>#old</styleUrl><MultiGeometry><Polygon><outerBoundaryIs><LinearRing><coordinates>76.946676,29.845987 76.946674,29.845897 76.946571,29.845898 76.946560,29.845357 76.946767,29.845354 76.946765,29.845264 76.947179,29.845258 76.947193,29.845980 76.946676,29.845987</coordinates></LinearRing></outerBoundaryIs></Polygon></MultiGeometry></Placemark><Placemark><name>Pit 227</name><description>0.46 ha, probability 1.00, older, outside riverbed, likely village pond</description><styleUrl>#pond</styleUrl><MultiGeometry><Polygon><outerBoundaryIs><LinearRing><coordinates>76.792855,29.506834 76.792854,29.506744 76.792750,29.506745 76.792749,29.506655 76.792646,29.506656 76.792644,29.506566 76.792541,29.506567 76.792539,29.506477 76.792436,29.506479 76.792431,29.506208 76.792535,29.506207 76.792533,29.506116 76.792739,29.506114 76.792738,29.506023 76.793150,29.506018 76.793160,29.506559 76.793057,29.506560 76.793061,29.506831 76.792855,29.506834</coordinates></LinearRing></outerBoundaryIs></Polygon></MultiGeometry></Placemark><Placemark><name>Pit 228</name><description>0.16 ha, probability 1.00, older, outside riverbed, pit</description><styleUrl>#old</styleUrl><MultiGeometry><Polygon><outerBoundaryIs><LinearRing><coordinates>76.572977,29.509798 76.572976,29.509707 76.572873,29.509709 76.572871,29.509618 76.572974,29.509617 76.572973,29.509527 76.573179,29.509525 76.573178,29.509434 76.573281,29.509433 76.573280,29.509343 76.573383,29.509342 76.573390,29.509793 76.572977,29.509798</coordinates></LinearRing></outerBoundaryIs></Polygon></MultiGeometry></Placemark><Placemark><name>Pit 229</name><description>0.28 ha, probability 1.00, older, outside riverbed, pit</description><styleUrl>#old</styleUrl><MultiGeometry><Polygon><outerBoundaryIs><LinearRing><coordinates>76.661308,29.511430 76.661306,29.511340 76.661203,29.511341 76.661201,29.511251 76.660995,29.511254 76.660994,29.511163 76.660891,29.511165 76.660886,29.510894 76.660783,29.510895 76.660780,29.510715 76.660883,29.510714 76.660882,29.510623 76.661088,29.510621 76.661089,29.510711 76.661193,29.510710 76.661197,29.510980 76.661300,29.510979 76.661303,29.511160 76.661406,29.511158 76.661411,29.511429 76.661308,29.511430</coordinates></LinearRing></outerBoundaryIs></Polygon></MultiGeometry></Placemark><Placemark><name>Pit 230</name><description>0.11 ha, probability 1.00, older, outside riverbed, pit</description><styleUrl>#old</styleUrl><MultiGeometry><Polygon><outerBoundaryIs><LinearRing><coordinates>76.947805,29.845519 76.947802,29.845339 76.947388,29.845345 76.947386,29.845255 76.947489,29.845253 76.947488,29.845163 76.947902,29.845157 76.947909,29.845518 76.947805,29.845519</coordinates></LinearRing></outerBoundaryIs></Polygon></MultiGeometry></Placemark><Placemark><name>Pit 231</name><description>0.70 ha, probability 1.00, older, outside riverbed, pit</description><styleUrl>#old</styleUrl><MultiGeometry><Polygon><outerBoundaryIs><LinearRing><coordinates>76.807559,29.672114 76.807557,29.672024 76.807454,29.672025 76.807452,29.671935 76.807349,29.671936 76.807347,29.671846 76.807244,29.671848 76.807239,29.671577 76.807136,29.671578 76.807133,29.671398 76.807236,29.671397 76.807229,29.671036 76.807333,29.671034 76.807334,29.671124 76.807644,29.671120 76.807638,29.670759 76.807431,29.670762 76.807426,29.670492 76.807530,29.670490 76.807526,29.670310 76.807630,29.670308 76.807625,29.670038 76.807831,29.670035 76.807844,29.670757 76.807741,29.670758 76.807744,29.670938 76.807848,29.670937 76.807849,29.671027 76.807746,29.671029 76.807749,29.671209 76.807646,29.671210 76.807649,29.671391 76.807546,29.671392 76.807549,29.671573 76.807652,29.671571 76.807660,29.672022 76.807764,29.672021 76.807765,29.672111 76.807559,29.672114</coordinates></LinearRing></outerBoundaryIs></Polygon></MultiGeometry></Placemark><Placemark><name>Pit 232</name><description>0.86 ha, probability 1.00, older, outside riverbed, pit</description><styleUrl>#old</styleUrl><MultiGeometry><Polygon><outerBoundaryIs><LinearRing><coordinates>77.050856,29.671639 77.050848,29.671278 77.050745,29.671280 77.050749,29.671460 77.050646,29.671461 77.050644,29.671371 77.050437,29.671374 77.050428,29.670924 77.050325,29.670925 77.050323,29.670835 77.050220,29.670837 77.050214,29.670566 77.050111,29.670568 77.050104,29.670207 77.050000,29.670208 77.049998,29.670118 77.049895,29.670120 77.049893,29.670030 77.049997,29.670028 77.049995,29.669938 77.049892,29.669939 77.049884,29.669579 77.049781,29.669580 77.049777,29.669400 77.049674,29.669401 77.049672,29.669311 77.049879,29.669308 77.049881,29.669398 77.050087,29.669395 77.050091,29.669575 77.050194,29.669574 77.050211,29.670386 77.050314,29.670384 77.050317,29.670564 77.050421,29.670563 77.050419,29.670473 77.050522,29.670471 77.050520,29.670381 77.050417,29.670382 77.050413,29.670202 77.050310,29.670204 77.050305,29.669933 77.050408,29.669931 77.050412,29.670112 77.050515,29.670110 77.050519,29.670291 77.050622,29.670289 77.050627,29.670560 77.050731,29.670558 77.050734,29.670738 77.050837,29.670737 77.050843,29.671007 77.050946,29.671006 77.050959,29.671637 77.050856,29.671639</coordinates></LinearRing></outerBoundaryIs></Polygon></MultiGeometry></Placemark><Placemark><name>Pit 233</name><description>0.20 ha, probability 1.00, older, outside riverbed, pit</description><styleUrl>#old</styleUrl><MultiGeometry><Polygon><outerBoundaryIs><LinearRing><coordinates>77.112707,29.842622 77.112704,29.842442 77.112497,29.842445 77.112493,29.842265 77.112596,29.842263 77.112593,29.842083 77.112903,29.842078 77.112901,29.841988 77.113108,29.841984 77.113110,29.842075 77.113006,29.842076 77.113010,29.842257 77.112907,29.842258 77.112910,29.842439 77.112807,29.842440 77.112811,29.842621 77.112707,29.842622</coordinates></LinearRing></outerBoundaryIs></Polygon></MultiGeometry></Placemark><Placemark><name>Pit 234</name><description>0.75 ha, probability 1.00, older, outside riverbed, pit</description><styleUrl>#old</styleUrl><MultiGeometry><Polygon><outerBoundaryIs><LinearRing><coordinates>77.059221,29.843377 77.059219,29.843287 77.059323,29.843286 77.059321,29.843195 77.059010,29.843200 77.059012,29.843290 77.058909,29.843292 77.058905,29.843112 77.058802,29.843113 77.058798,29.842933 77.058591,29.842936 77.058587,29.842756 77.058794,29.842752 77.058792,29.842662 77.058585,29.842666 77.058582,29.842485 77.058478,29.842487 77.058475,29.842306 77.058371,29.842308 77.058367,29.842128 77.058264,29.842129 77.058260,29.841949 77.058157,29.841950 77.058155,29.841860 77.058258,29.841859 77.058260,29.841949 77.058364,29.841947 77.058366,29.842037 77.058469,29.842036 77.058471,29.842126 77.058678,29.842123 77.058680,29.842213 77.058783,29.842211 77.058785,29.842302 77.058888,29.842300 77.058890,29.842390 77.059097,29.842387 77.059099,29.842477 77.059306,29.842474 77.059310,29.842654 77.059413,29.842653 77.059420,29.843013 77.059317,29.843015 77.059319,29.843105 77.059422,29.843104 77.059428,29.843374 77.059221,29.843377</coordinates></LinearRing></outerBoundaryIs></Polygon></MultiGeometry></Placemark><Placemark><name>Pit 235</name><description>1.07 ha, probability 1.00, older, outside riverbed, pit</description><styleUrl>#old</styleUrl><MultiGeometry><Polygon><outerBoundaryIs><LinearRing><coordinates>76.942102,29.844972 76.942101,29.844882 76.941997,29.844883 76.941974,29.843711 76.942078,29.843709 76.942076,29.843619 76.942490,29.843613 76.942495,29.843883 76.942599,29.843882 76.942593,29.843611 76.943628,29.843596 76.943635,29.843957 76.942497,29.843974 76.942495,29.843883 76.942392,29.843885 76.942399,29.844246 76.942502,29.844244 76.942506,29.844425 76.942402,29.844426 76.942408,29.844697 76.942511,29.844695 76.942516,29.844966 76.942102,29.844972</coordinates></LinearRing></outerBoundaryIs></Polygon></MultiGeometry></Placemark><Placemark><name>Pit 236</name><description>1.19 ha, probability 1.00, older, outside riverbed, pit</description><styleUrl>#old</styleUrl><MultiGeometry><Polygon><outerBoundaryIs><LinearRing><coordinates>76.710248,29.593642 76.710246,29.593552 76.709937,29.593556 76.709929,29.593105 76.710032,29.593103 76.710029,29.592923 76.710132,29.592922 76.710120,29.592200 76.710430,29.592196 76.710431,29.592286 76.710535,29.592285 76.710538,29.592465 76.710641,29.592464 76.710644,29.592644 76.710541,29.592646 76.710542,29.592736 76.710645,29.592735 76.710647,29.592825 76.710750,29.592824 76.710753,29.593004 76.710856,29.593003 76.710858,29.593093 76.710961,29.593092 76.710963,29.593182 76.711066,29.593180 76.711067,29.593271 76.711171,29.593269 76.711174,29.593450 76.711277,29.593448 76.711280,29.593629 76.710248,29.593642</coordinates></LinearRing></outerBoundaryIs></Polygon></MultiGeometry></Placemark><Placemark><name>Pit 237</name><description>1.56 ha, probability 1.00, older, outside riverbed, pit</description><styleUrl>#old</styleUrl><MultiGeometry><Polygon><outerBoundaryIs><LinearRing><coordinates>76.545901,29.520222 76.545897,29.519951 76.545794,29.519952 76.545791,29.519772 76.545688,29.519773 76.545687,29.519683 76.545481,29.519685 76.545479,29.519595 76.545376,29.519596 76.545373,29.519416 76.545476,29.519415 76.545468,29.518873 76.545675,29.518871 76.545673,29.518781 76.545776,29.518779 76.545778,29.518870 76.545881,29.518868 76.545882,29.518959 76.546089,29.518956 76.546090,29.519046 76.546193,29.519045 76.546194,29.519135 76.546298,29.519134 76.546300,29.519315 76.546507,29.519312 76.546508,29.519403 76.546921,29.519398 76.546923,29.519578 76.547026,29.519577 76.547029,29.519757 76.546926,29.519759 76.546930,29.520029 76.547033,29.520028 76.547036,29.520209 76.545901,29.520222</coordinates></LinearRing></outerBoundaryIs></Polygon></MultiGeometry></Placemark><Placemark><name>Pit 238</name><description>0.16 ha, probability 1.00, older, Yamuna riverbed, pit</description><styleUrl>#old</styleUrl><MultiGeometry><Polygon><outerBoundaryIs><LinearRing><coordinates>77.121881,29.659333 77.121868,29.658702 77.121971,29.658700 77.121973,29.658790 77.122076,29.658789 77.122078,29.658879 77.122181,29.658877 77.122183,29.658967 77.122493,29.658962 77.122491,29.658872 77.122594,29.658870 77.122596,29.658961 77.122493,29.658962 77.122495,29.659052 77.122185,29.659057 77.122187,29.659148 77.122084,29.659149 77.122078,29.658879 77.121975,29.658880 77.121982,29.659241 77.122086,29.659239 77.122087,29.659330 77.121881,29.659333</coordinates></LinearRing></outerBoundaryIs></Polygon></MultiGeometry></Placemark><Placemark><name>Pit 239</name><description>0.11 ha, probability 1.00, older, outside riverbed, pit</description><styleUrl>#old</styleUrl><MultiGeometry><Polygon><outerBoundaryIs><LinearRing><coordinates>77.106695,29.852011 77.106694,29.851921 77.106590,29.851922 77.106588,29.851832 77.106485,29.851834 77.106481,29.851653 77.106377,29.851655 77.106374,29.851475 77.106477,29.851473 77.106479,29.851563 77.106583,29.851562 77.106584,29.851652 77.106688,29.851650 77.106690,29.851740 77.106793,29.851739 77.106799,29.852009 77.106695,29.852011</coordinates></LinearRing></outerBoundaryIs></Polygon></MultiGeometry></Placemark><Placemark><name>Pit 240</name><description>0.15 ha, probability 1.00, older, outside riverbed, pit</description><styleUrl>#old</styleUrl><MultiGeometry><Polygon><outerBoundaryIs><LinearRing><coordinates>77.118207,29.862923 77.118205,29.862833 77.117998,29.862836 77.117996,29.862746 77.117893,29.862748 77.117891,29.862658 77.117787,29.862659 77.117785,29.862569 77.118096,29.862564 77.118094,29.862474 77.118197,29.862472 77.118199,29.862563 77.118303,29.862561 77.118306,29.862741 77.118410,29.862740 77.118412,29.862830 77.118308,29.862831 77.118310,29.862922 77.118207,29.862923</coordinates></LinearRing></outerBoundaryIs></Polygon></MultiGeometry></Placemark><Placemark><name>Pit 241</name><description>0.06 ha, probability 1.00, older, outside riverbed, pit</description><styleUrl>#old</styleUrl><MultiGeometry><Polygon><outerBoundaryIs><LinearRing><coordinates>77.037067,29.863389 77.037062,29.863118 77.037269,29.863115 77.037270,29.863205 77.037374,29.863204 77.037376,29.863294 77.037169,29.863297 77.037171,29.863387 77.037067,29.863389</coordinates></LinearRing></outerBoundaryIs></Polygon></MultiGeometry></Placemark><Placemark><name>Pit 242</name><description>0.35 ha, probability 1.00, older, outside riverbed, pit</description><styleUrl>#old</styleUrl><MultiGeometry><Polygon><outerBoundaryIs><LinearRing><coordinates>77.102254,29.867238 77.102250,29.867058 77.102457,29.867054 77.102455,29.866964 77.102248,29.866968 77.102246,29.866877 77.102350,29.866876 77.102348,29.866786 77.102555,29.866782 77.102551,29.866602 77.102655,29.866600 77.102651,29.866420 77.102858,29.866417 77.102856,29.866326 77.102959,29.866325 77.102961,29.866415 77.103065,29.866413 77.103070,29.866684 77.102967,29.866685 77.102971,29.866866 77.102867,29.866868 77.102869,29.866958 77.102662,29.866961 77.102664,29.867051 77.102457,29.867054 77.102459,29.867145 77.102356,29.867146 77.102357,29.867237 77.102254,29.867238</coordinates></LinearRing></outerBoundaryIs></Polygon></MultiGeometry></Placemark><Placemark><name>Pit 243</name><description>1.31 ha, probability 1.00, older, outside riverbed, pit</description><styleUrl>#old</styleUrl><MultiGeometry><Polygon><outerBoundaryIs><LinearRing><coordinates>76.873444,29.870415 76.873441,29.870234 76.873544,29.870233 76.873542,29.870143 76.873439,29.870144 76.873437,29.870054 76.873230,29.870057 76.873227,29.869876 76.873123,29.869878 76.873120,29.869697 76.873224,29.869696 76.873222,29.869606 76.873325,29.869604 76.873324,29.869514 76.873427,29.869513 76.873425,29.869422 76.873632,29.869419 76.873631,29.869329 76.873941,29.869325 76.873940,29.869235 76.874354,29.869229 76.874355,29.869319 76.874562,29.869316 76.874564,29.869406 76.874667,29.869405 76.874671,29.869585 76.874774,29.869584 76.874781,29.869944 76.874471,29.869949 76.874474,29.870129 76.874370,29.870131 76.874372,29.870221 76.874165,29.870224 76.874163,29.870134 76.874267,29.870132 76.874265,29.870042 76.874162,29.870044 76.874160,29.869953 76.874057,29.869955 76.874062,29.870225 76.873855,29.870228 76.873856,29.870319 76.873649,29.870321 76.873651,29.870412 76.873444,29.870415</coordinates></LinearRing></outerBoundaryIs></Polygon></MultiGeometry></Placemark><Placemark><name>Pit 244</name><description>0.17 ha, probability 1.00, older, outside riverbed, pit</description><styleUrl>#old</styleUrl><MultiGeometry><Polygon><outerBoundaryIs><LinearRing><coordinates>76.860615,29.652612 76.860613,29.652522 76.860510,29.652524 76.860508,29.652433 76.860921,29.652428 76.860920,29.652337 76.861023,29.652336 76.861025,29.652426 76.861335,29.652422 76.861336,29.652512 76.861440,29.652511 76.861441,29.652601 76.860615,29.652612</coordinates></LinearRing></outerBoundaryIs></Polygon></MultiGeometry></Placemark><Placemark><name>Pit 245</name><description>0.55 ha, probability 1.00, older, outside riverbed, pit</description><styleUrl>#old</styleUrl><MultiGeometry><Polygon><outerBoundaryIs><LinearRing><coordinates>76.506008,29.501640 76.506006,29.501459 76.505903,29.501460 76.505899,29.501190 76.506002,29.501189 76.506000,29.501098 76.506413,29.501094 76.506412,29.501004 76.506515,29.501002 76.506513,29.500912 76.506926,29.500907 76.506927,29.500998 76.507134,29.500995 76.507136,29.501176 76.507033,29.501177 76.507036,29.501357 76.506933,29.501359 76.506934,29.501449 76.506728,29.501451 76.506726,29.501361 76.506623,29.501362 76.506626,29.501543 76.506523,29.501544 76.506524,29.501634 76.506008,29.501640</coordinates></LinearRing></outerBoundaryIs></Polygon></MultiGeometry></Placemark><Placemark><name>Pit 246</name><description>0.70 ha, probability 1.00, older, Yamuna riverbed, pit</description><styleUrl>#old</styleUrl><MultiGeometry><Polygon><outerBoundaryIs><LinearRing><coordinates>77.116050,29.493872 77.116048,29.493782 77.115945,29.493784 77.115943,29.493694 77.115634,29.493698 77.115630,29.493518 77.115527,29.493520 77.115523,29.493339 77.115420,29.493341 77.115418,29.493251 77.115315,29.493252 77.115312,29.493072 77.115209,29.493074 77.115207,29.492984 77.115104,29.492985 77.115100,29.492805 77.114997,29.492806 77.114995,29.492716 77.114892,29.492718 77.114888,29.492537 77.114785,29.492539 77.114783,29.492449 77.114680,29.492451 77.114676,29.492270 77.114573,29.492272 77.114571,29.492182 77.114468,29.492183 77.114466,29.492093 77.114776,29.492088 77.114777,29.492178 77.114674,29.492180 77.114676,29.492270 77.114779,29.492269 77.114781,29.492359 77.114987,29.492355 77.114989,29.492446 77.115092,29.492444 77.115096,29.492624 77.115199,29.492623 77.115201,29.492713 77.115304,29.492711 77.115306,29.492801 77.115409,29.492800 77.115411,29.492890 77.115514,29.492888 77.115516,29.492979 77.115619,29.492977 77.115621,29.493067 77.115724,29.493066 77.115726,29.493156 77.115932,29.493152 77.115936,29.493333 77.116039,29.493331 77.116043,29.493512 77.116249,29.493508 77.116253,29.493689 77.116150,29.493690 77.116153,29.493871 77.116050,29.493872</coordinates></LinearRing></outerBoundaryIs></Polygon></MultiGeometry></Placemark><Placemark><name>Pit 247</name><description>0.64 ha, probability 1.00, older, outside riverbed, pit</description><styleUrl>#old</styleUrl><MultiGeometry><Polygon><outerBoundaryIs><LinearRing><coordinates>77.038765,29.650984 77.038760,29.650714 77.038656,29.650715 77.038654,29.650625 77.038551,29.650627 77.038546,29.650356 77.038443,29.650358 77.038441,29.650267 77.038337,29.650269 77.038334,29.650089 77.038127,29.650092 77.038124,29.649911 77.038020,29.649913 77.038017,29.649733 77.037914,29.649734 77.037908,29.649464 77.037805,29.649465 77.037799,29.649195 77.037903,29.649193 77.037899,29.649013 77.038002,29.649011 77.038004,29.649101 77.038107,29.649100 77.038113,29.649370 77.038216,29.649369 77.038220,29.649549 77.038323,29.649547 77.038325,29.649638 77.038428,29.649636 77.038432,29.649816 77.038535,29.649815 77.038539,29.649995 77.038642,29.649994 77.038645,29.650174 77.038749,29.650172 77.038750,29.650263 77.038854,29.650261 77.038861,29.650622 77.039068,29.650619 77.039071,29.650799 77.038968,29.650801 77.038970,29.650891 77.038866,29.650892 77.038868,29.650983 77.038765,29.650984</coordinates></LinearRing></outerBoundaryIs></Polygon></MultiGeometry></Placemark><Placemark><name>Pit 248</name><description>0.32 ha, probability 1.00, older, outside riverbed, likely village pond</description><styleUrl>#pond</styleUrl><MultiGeometry><Polygon><outerBoundaryIs><LinearRing><coordinates>76.745725,29.657333 76.745723,29.657243 76.745620,29.657245 76.745615,29.656974 76.745719,29.656973 76.745717,29.656882 76.746440,29.656873 76.746442,29.656963 76.746338,29.656964 76.746343,29.657235 76.746136,29.657238 76.746138,29.657328 76.745725,29.657333</coordinates></LinearRing></outerBoundaryIs></Polygon></MultiGeometry></Placemark><Placemark><name>Pit 249</name><description>0.12 ha, probability 1.00, older, outside riverbed, pit</description><styleUrl>#old</styleUrl><MultiGeometry><Polygon><outerBoundaryIs><LinearRing><coordinates>76.734157,29.500484 76.734155,29.500394 76.734052,29.500395 76.734049,29.500215 76.734152,29.500214 76.734151,29.500123 76.734254,29.500122 76.734255,29.500212 76.734358,29.500211 76.734357,29.500121 76.734460,29.500119 76.734465,29.500390 76.734362,29.500391 76.734363,29.500482 76.734157,29.500484</coordinates></LinearRing></outerBoundaryIs></Polygon></MultiGeometry></Placemark><Placemark><name>Pit 250</name><description>0.33 ha, probability 1.00, older, outside riverbed, pit</description><styleUrl>#old</styleUrl><MultiGeometry><Polygon><outerBoundaryIs><LinearRing><coordinates>77.099172,29.863408 77.099170,29.863318 77.098963,29.863321 77.098957,29.863050 77.099061,29.863049 77.099059,29.862959 77.098956,29.862960 77.098950,29.862690 77.099053,29.862688 77.099051,29.862598 77.099258,29.862595 77.099264,29.862865 77.099471,29.862862 77.099479,29.863223 77.099375,29.863224 77.099379,29.863405 77.099172,29.863408</coordinates></LinearRing></outerBoundaryIs></Polygon></MultiGeometry></Placemark><Placemark><name>Pit 251</name><description>0.06 ha, probability 1.00, older, outside riverbed, pit</description><styleUrl>#old</styleUrl><MultiGeometry><Polygon><outerBoundaryIs><LinearRing><coordinates>76.902975,29.860970 76.902973,29.860880 76.902870,29.860881 76.902866,29.860701 76.903073,29.860698 76.903075,29.860788 76.903179,29.860786 76.903180,29.860877 76.903077,29.860878 76.903079,29.860968 76.902975,29.860970</coordinates></LinearRing></outerBoundaryIs></Polygon></MultiGeometry></Placemark><Placemark><name>Pit 252</name><description>0.58 ha, probability 1.00, older, outside riverbed, pit</description><styleUrl>#old</styleUrl><MultiGeometry><Polygon><outerBoundaryIs><LinearRing><coordinates>76.846397,29.660300 76.846394,29.660120 76.846497,29.660118 76.846495,29.660028 76.846599,29.660027 76.846594,29.659756 76.846697,29.659754 76.846695,29.659664 76.846799,29.659663 76.846797,29.659573 76.847004,29.659570 76.847002,29.659480 76.847208,29.659477 76.847207,29.659386 76.847413,29.659384 76.847428,29.660195 76.847222,29.660198 76.847217,29.659928 76.846907,29.659932 76.846910,29.660112 76.847013,29.660111 76.847015,29.660201 76.846809,29.660204 76.846810,29.660294 76.846397,29.660300</coordinates></LinearRing></outerBoundaryIs></Polygon></MultiGeometry></Placemark><Placemark><name>Pit 253</name><description>0.49 ha, probability 1.00, older, outside riverbed, pit</description><styleUrl>#old</styleUrl><MultiGeometry><Polygon><outerBoundaryIs><LinearRing><coordinates>76.983683,29.864743 76.983681,29.864653 76.983578,29.864655 76.983576,29.864565 76.983369,29.864568 76.983367,29.864478 76.983160,29.864481 76.983159,29.864390 76.983055,29.864392 76.983053,29.864302 76.983157,29.864300 76.983155,29.864210 76.983259,29.864208 76.983257,29.864118 76.983981,29.864107 76.983983,29.864198 76.984086,29.864196 76.984093,29.864557 76.983990,29.864558 76.983994,29.864739 76.983683,29.864743</coordinates></LinearRing></outerBoundaryIs></Polygon></MultiGeometry></Placemark><Placemark><name>Pit 254</name><description>0.10 ha, probability 1.00, older, Yamuna riverbed, pit</description><styleUrl>#old</styleUrl><MultiGeometry><Polygon><outerBoundaryIs><LinearRing><coordinates>77.100146,29.567655 77.100144,29.567564 77.099938,29.567568 77.099936,29.567478 77.099833,29.567479 77.099823,29.567028 77.099927,29.567027 77.099936,29.567478 77.100349,29.567471 77.100350,29.567561 77.100247,29.567563 77.100249,29.567653 77.100146,29.567655</coordinates></LinearRing></outerBoundaryIs></Polygon></MultiGeometry></Placemark><Placemark><name>Pit 255</name><description>0.08 ha, probability 1.00, new, Yamuna riverbed, pit</description><styleUrl>#new</styleUrl><MultiGeometry><Polygon><outerBoundaryIs><LinearRing><coordinates>77.121319,29.657177 77.121317,29.657087 77.121214,29.657088 77.121212,29.656998 77.121109,29.657000 77.121107,29.656909 77.121313,29.656906 77.121312,29.656816 77.121518,29.656813 77.121520,29.656903 77.121417,29.656904 77.121422,29.657175 77.121319,29.657177</coordinates></LinearRing></outerBoundaryIs></Polygon></MultiGeometry></Placemark><Placemark><name>Pit 256</name><description>0.22 ha, probability 1.00, older, outside riverbed, pit</description><styleUrl>#old</styleUrl><MultiGeometry><Polygon><outerBoundaryIs><LinearRing><coordinates>76.950835,29.862978 76.950830,29.862707 76.950934,29.862705 76.950932,29.862615 76.951035,29.862614 76.951030,29.862343 76.951237,29.862340 76.951235,29.862250 76.951442,29.862247 76.951446,29.862427 76.951342,29.862429 76.951346,29.862609 76.951242,29.862611 76.951244,29.862701 76.951141,29.862702 76.951144,29.862883 76.951041,29.862884 76.951042,29.862975 76.950835,29.862978</coordinates></LinearRing></outerBoundaryIs></Polygon></MultiGeometry></Placemark><Placemark><name>Pit 257</name><description>0.14 ha, probability 1.00, new, Yamuna riverbed, pit</description><styleUrl>#new</styleUrl><MultiGeometry><Polygon><outerBoundaryIs><LinearRing><coordinates>77.121834,29.657078 77.121832,29.656988 77.121935,29.656986 77.121933,29.656896 77.122036,29.656895 77.122034,29.656804 77.121931,29.656806 77.121929,29.656716 77.121826,29.656717 77.121822,29.656537 77.121719,29.656539 77.121717,29.656449 77.121614,29.656450 77.121612,29.656360 77.121715,29.656358 77.121717,29.656449 77.121820,29.656447 77.121822,29.656537 77.121925,29.656535 77.121927,29.656626 77.122031,29.656624 77.122034,29.656804 77.122138,29.656803 77.122140,29.656893 77.122243,29.656891 77.122247,29.657072 77.121834,29.657078</coordinates></LinearRing></outerBoundaryIs></Polygon></MultiGeometry></Placemark><Placemark><name>Pit 258</name><description>0.25 ha, probability 1.00, older, outside riverbed, pit</description><styleUrl>#old</styleUrl><MultiGeometry><Polygon><outerBoundaryIs><LinearRing><coordinates>76.952691,29.862589 76.952689,29.862499 76.952586,29.862501 76.952584,29.862410 76.952377,29.862413 76.952375,29.862323 76.952168,29.862326 76.952167,29.862236 76.951856,29.862241 76.951858,29.862331 76.951651,29.862334 76.951649,29.862244 76.951753,29.862242 76.951751,29.862152 76.952786,29.862137 76.952795,29.862588 76.952691,29.862589</coordinates></LinearRing></outerBoundaryIs></Polygon></MultiGeometry></Placemark><Placemark><name>Pit 259</name><description>0.11 ha, probability 1.00, older, Yamuna riverbed, pit</description><styleUrl>#old</styleUrl><MultiGeometry><Polygon><outerBoundaryIs><LinearRing><coordinates>77.128574,29.658323 77.128568,29.658053 77.128465,29.658055 77.128463,29.657964 77.128670,29.657961 77.128671,29.658051 77.128775,29.658050 77.128777,29.658140 77.128880,29.658138 77.128882,29.658228 77.129088,29.658225 77.129090,29.658315 77.128780,29.658320 77.128778,29.658230 77.128675,29.658232 77.128677,29.658322 77.128574,29.658323</coordinates></LinearRing></outerBoundaryIs></Polygon></MultiGeometry></Placemark><Placemark><name>Pit 260</name><description>0.06 ha, probability 1.00, older, outside riverbed, pit</description><styleUrl>#old</styleUrl><MultiGeometry><Polygon><outerBoundaryIs><LinearRing><coordinates>76.923288,29.591357 76.923285,29.591177 76.923388,29.591175 76.923390,29.591265 76.923493,29.591264 76.923491,29.591174 76.923594,29.591172 76.923596,29.591262 76.923699,29.591261 76.923701,29.591351 76.923288,29.591357</coordinates></LinearRing></outerBoundaryIs></Polygon></MultiGeometry></Placemark><Placemark><name>Pit 261</name><description>0.03 ha, probability 1.00, older, Yamuna riverbed, pit</description><styleUrl>#old</styleUrl><MultiGeometry><Polygon><outerBoundaryIs><LinearRing><coordinates>77.122068,29.658428 77.122067,29.658338 77.121963,29.658339 77.121961,29.658249 77.122065,29.658247 77.122063,29.658157 77.122166,29.658156 77.122168,29.658246 77.122065,29.658247 77.122067,29.658338 77.122170,29.658336 77.122172,29.658426 77.122068,29.658428</coordinates></LinearRing></outerBoundaryIs></Polygon></MultiGeometry></Placemark><Placemark><name>Pit 262</name><description>0.31 ha, probability 0.99, older, outside riverbed, pit</description><styleUrl>#old</styleUrl><MultiGeometry><Polygon><outerBoundaryIs><LinearRing><coordinates>76.670806,29.618507 76.670805,29.618417 76.670702,29.618418 76.670700,29.618328 76.670597,29.618329 76.670595,29.618239 76.670492,29.618240 76.670489,29.618060 76.670799,29.618056 76.670797,29.617966 76.671520,29.617957 76.671523,29.618137 76.671110,29.618142 76.671112,29.618233 76.670802,29.618236 76.670805,29.618417 76.671321,29.618410 76.671323,29.618501 76.670806,29.618507</coordinates></LinearRing></outerBoundaryIs></Polygon></MultiGeometry></Placemark><Placemark><name>Pit 263</name><description>0.19 ha, probability 0.99, older, outside riverbed, likely village pond</description><styleUrl>#pond</styleUrl><MultiGeometry><Polygon><outerBoundaryIs><LinearRing><coordinates>76.958578,29.681245 76.958576,29.681155 76.958473,29.681157 76.958467,29.680886 76.958571,29.680885 76.958574,29.681065 76.958677,29.681063 76.958679,29.681154 76.958783,29.681152 76.958776,29.680791 76.959085,29.680787 76.959092,29.681148 76.958886,29.681151 76.958888,29.681241 76.958578,29.681245</coordinates></LinearRing></outerBoundaryIs></Polygon></MultiGeometry></Placemark><Placemark><name>Pit 264</name><description>0.67 ha, probability 0.99, older, outside riverbed, likely village pond</description><styleUrl>#pond</styleUrl><MultiGeometry><Polygon><outerBoundaryIs><LinearRing><coordinates>76.724983,29.737277 76.724980,29.737097 76.724877,29.737098 76.724875,29.737008 76.725082,29.737006 76.725079,29.736825 76.724975,29.736826 76.724977,29.736917 76.724770,29.736919 76.724767,29.736739 76.724664,29.736740 76.724661,29.736560 76.724764,29.736559 76.724761,29.736378 76.724968,29.736375 76.724966,29.736285 76.725483,29.736278 76.725478,29.736008 76.725582,29.736006 76.725583,29.736097 76.725687,29.736095 76.725688,29.736186 76.725791,29.736184 76.725795,29.736365 76.725898,29.736363 76.725901,29.736544 76.725591,29.736548 76.725589,29.736458 76.725486,29.736459 76.725488,29.736549 76.725384,29.736550 76.725386,29.736641 76.725179,29.736643 76.725185,29.737004 76.725289,29.737003 76.725290,29.737093 76.725393,29.737092 76.725395,29.737182 76.725498,29.737181 76.725500,29.737271 76.724983,29.737277</coordinates></LinearRing></outerBoundaryIs></Polygon></MultiGeometry></Placemark><Placemark><name>Pit 265</name><description>0.10 ha, probability 0.99, older, outside riverbed, likely village pond</description><styleUrl>#pond</styleUrl><MultiGeometry><Polygon><outerBoundaryIs><LinearRing><coordinates>76.956842,29.687677 76.956839,29.687497 76.956736,29.687498 76.956729,29.687137 76.956832,29.687136 76.956834,29.687226 76.957144,29.687221 76.957145,29.687312 76.956939,29.687315 76.956941,29.687405 76.956837,29.687406 76.956839,29.687497 76.956942,29.687495 76.956946,29.687675 76.956842,29.687677</coordinates></LinearRing></outerBoundaryIs></Polygon></MultiGeometry></Placemark><Placemark><name>Pit 266</name><description>0.19 ha, probability 0.99, new, outside riverbed, pit</description><styleUrl>#new</styleUrl><MultiGeometry><Polygon><outerBoundaryIs><LinearRing><coordinates>77.076595,29.591844 77.076580,29.591122 77.076787,29.591119 77.076788,29.591209 77.076995,29.591206 77.076997,29.591296 77.077100,29.591294 77.077102,29.591385 77.076895,29.591388 77.076897,29.591478 77.076691,29.591481 77.076694,29.591662 77.076798,29.591660 77.076799,29.591750 77.076696,29.591752 77.076698,29.591842 77.076595,29.591844</coordinates></LinearRing></outerBoundaryIs></Polygon></MultiGeometry></Placemark><Placemark><name>Pit 267</name><description>0.04 ha, probability 0.99, older, outside riverbed, pit</description><styleUrl>#old</styleUrl><MultiGeometry><Polygon><outerBoundaryIs><LinearRing><coordinates>76.722405,29.652856 76.722402,29.652676 76.722505,29.652675 76.722507,29.652765 76.722713,29.652762 76.722715,29.652852 76.722405,29.652856</coordinates></LinearRing></outerBoundaryIs></Polygon></MultiGeometry></Placemark><Placemark><name>Pit 268</name><description>0.55 ha, probability 0.99, older, outside riverbed, pit</description><styleUrl>#old</styleUrl><MultiGeometry><Polygon><outerBoundaryIs><LinearRing><coordinates>76.902055,29.620626 76.902054,29.620535 76.901950,29.620537 76.901949,29.620447 76.901845,29.620448 76.901844,29.620358 76.901741,29.620360 76.901739,29.620269 76.902049,29.620265 76.902040,29.619814 76.901937,29.619815 76.901933,29.619635 76.901624,29.619639 76.901625,29.619730 76.901522,29.619731 76.901524,29.619821 76.901421,29.619823 76.901422,29.619913 76.901629,29.619910 76.901631,29.620000 76.901527,29.620002 76.901529,29.620092 76.901426,29.620093 76.901422,29.619913 76.901319,29.619914 76.901317,29.619824 76.901214,29.619826 76.901211,29.619645 76.901314,29.619644 76.901312,29.619554 76.901932,29.619545 76.901933,29.619635 76.902243,29.619631 76.902245,29.619721 76.902348,29.619719 76.902363,29.620531 76.902260,29.620533 76.902262,29.620623 76.902055,29.620626</coordinates></LinearRing></outerBoundaryIs></Polygon></MultiGeometry></Placemark><Placemark><name>Pit 269</name><description>0.12 ha, probability 0.99, older, Yamuna riverbed, pit</description><styleUrl>#old</styleUrl><MultiGeometry><Polygon><outerBoundaryIs><LinearRing><coordinates>77.099859,29.568742 77.099851,29.568381 77.099748,29.568383 77.099743,29.568112 77.099846,29.568111 77.099844,29.568020 77.099947,29.568019 77.099951,29.568199 77.100054,29.568197 77.100056,29.568288 77.099953,29.568289 77.099962,29.568740 77.099859,29.568742</coordinates></LinearRing></outerBoundaryIs></Polygon></MultiGeometry></Placemark><Placemark><name>Pit 270</name><description>0.74 ha, probability 0.99, older, outside riverbed, pit</description><styleUrl>#old</styleUrl><MultiGeometry><Polygon><outerBoundaryIs><LinearRing><coordinates>77.021512,29.614618 77.021498,29.613897 77.021704,29.613894 77.021706,29.613984 77.021912,29.613981 77.021914,29.614071 77.022224,29.614066 77.022226,29.614156 77.022742,29.614148 77.022743,29.614239 77.022847,29.614237 77.022848,29.614327 77.022745,29.614329 77.022751,29.614599 77.021512,29.614618</coordinates></LinearRing></outerBoundaryIs></Polygon></MultiGeometry></Placemark><Placemark><name>Pit 271</name><description>0.31 ha, probability 0.99, older, outside riverbed, pit</description><styleUrl>#old</styleUrl><MultiGeometry><Polygon><outerBoundaryIs><LinearRing><coordinates>76.933726,29.678453 76.933725,29.678362 76.933621,29.678364 76.933620,29.678274 76.933516,29.678275 76.933515,29.678185 76.933411,29.678187 76.933410,29.678096 76.933513,29.678095 76.933511,29.678005 76.933821,29.678000 76.933819,29.677910 76.934129,29.677905 76.934133,29.678086 76.934236,29.678084 76.934238,29.678175 76.934134,29.678176 76.934140,29.678447 76.933726,29.678453</coordinates></LinearRing></outerBoundaryIs></Polygon></MultiGeometry></Placemark><Placemark><name>Pit 272</name><description>0.15 ha, probability 0.99, older, outside riverbed, pit</description><styleUrl>#old</styleUrl><MultiGeometry><Polygon><outerBoundaryIs><LinearRing><coordinates>76.939922,29.715895 76.939920,29.715805 76.939817,29.715806 76.939815,29.715716 76.939712,29.715718 76.939708,29.715537 76.939812,29.715536 76.939810,29.715446 76.940017,29.715443 76.940018,29.715533 76.940122,29.715531 76.940120,29.715441 76.940223,29.715440 76.940227,29.715620 76.940123,29.715622 76.940125,29.715712 76.940022,29.715713 76.940024,29.715803 76.940127,29.715802 76.940129,29.715892 76.939922,29.715895</coordinates></LinearRing></outerBoundaryIs></Polygon></MultiGeometry></Placemark><Placemark><name>Pit 273</name><description>0.03 ha, probability 0.99, older, outside riverbed, pit</description><styleUrl>#old</styleUrl><MultiGeometry><Polygon><outerBoundaryIs><LinearRing><coordinates>77.028419,29.650150 77.028417,29.650060 77.028314,29.650062 77.028312,29.649972 77.028416,29.649970 77.028417,29.650060 77.028521,29.650059 77.028519,29.649968 77.028622,29.649967 77.028624,29.650057 77.028521,29.650059 77.028523,29.650149 77.028419,29.650150</coordinates></LinearRing></outerBoundaryIs></Polygon></MultiGeometry></Placemark><Placemark><name>Pit 274</name><description>0.46 ha, probability 0.99, older, outside riverbed, likely village pond</description><styleUrl>#pond</styleUrl><MultiGeometry><Polygon><outerBoundaryIs><LinearRing><coordinates>76.958802,29.682144 76.958798,29.681964 76.958695,29.681965 76.958691,29.681785 76.958588,29.681787 76.958586,29.681696 76.958483,29.681698 76.958478,29.681427 76.958581,29.681426 76.958579,29.681336 76.959096,29.681328 76.959103,29.681689 76.959206,29.681687 76.959213,29.682048 76.959110,29.682050 76.959112,29.682140 76.958802,29.682144</coordinates></LinearRing></outerBoundaryIs></Polygon></MultiGeometry></Placemark><Placemark><name>Pit 275</name><description>0.04 ha, probability 0.99, older, outside riverbed, pit</description><styleUrl>#old</styleUrl><MultiGeometry><Polygon><outerBoundaryIs><LinearRing><coordinates>77.006815,29.612857 77.006812,29.612676 77.006708,29.612678 77.006707,29.612587 77.006913,29.612584 77.006918,29.612855 77.006815,29.612857</coordinates></LinearRing></outerBoundaryIs></Polygon></MultiGeometry></Placemark><Placemark><name>Pit 276</name><description>0.65 ha, probability 0.99, older, outside riverbed, pit</description><styleUrl>#old</styleUrl><MultiGeometry><Polygon><outerBoundaryIs><LinearRing><coordinates>76.576932,29.605038 76.576930,29.604948 76.576827,29.604949 76.576824,29.604769 76.576721,29.604770 76.576718,29.604590 76.576821,29.604589 76.576820,29.604498 76.576923,29.604497 76.576920,29.604317 76.576817,29.604318 76.576816,29.604228 76.576713,29.604229 76.576710,29.604049 76.577123,29.604044 76.577124,29.604134 76.577227,29.604133 76.577230,29.604313 76.577333,29.604312 76.577335,29.604402 76.577438,29.604401 76.577439,29.604491 76.577543,29.604490 76.577547,29.604760 76.577650,29.604759 76.577653,29.604940 76.577343,29.604943 76.577345,29.605034 76.576932,29.605038</coordinates></LinearRing></outerBoundaryIs></Polygon></MultiGeometry></Placemark><Placemark><name>Pit 277</name><description>0.36 ha, probability 0.99, older, outside riverbed, pit</description><styleUrl>#old</styleUrl><MultiGeometry><Polygon><outerBoundaryIs><LinearRing><coordinates>76.973185,29.699073 76.973181,29.698893 76.973078,29.698894 76.973069,29.698443 76.972966,29.698445 76.972959,29.698084 76.973165,29.698081 76.973164,29.697991 76.973267,29.697989 76.973269,29.698079 76.973372,29.698078 76.973374,29.698168 76.973477,29.698167 76.973484,29.698527 76.973587,29.698526 76.973594,29.698887 76.973491,29.698888 76.973493,29.698978 76.973390,29.698980 76.973391,29.699070 76.973185,29.699073</coordinates></LinearRing></outerBoundaryIs></Polygon></MultiGeometry></Placemark><Placemark><name>Pit 278</name><description>1.12 ha, probability 0.99, older, outside riverbed, pit</description><styleUrl>#old</styleUrl><MultiGeometry><Polygon><outerBoundaryIs><LinearRing><coordinates>76.943106,29.725593 76.943103,29.725412 76.943206,29.725411 76.943203,29.725230 76.943099,29.725232 76.943098,29.725142 76.942994,29.725143 76.942993,29.725053 76.943096,29.725051 76.943092,29.724871 76.942989,29.724873 76.942987,29.724782 76.943091,29.724781 76.943089,29.724691 76.942986,29.724692 76.942980,29.724422 76.943084,29.724420 76.943082,29.724330 76.942979,29.724331 76.942968,29.723790 76.944105,29.723773 76.944107,29.723864 76.944003,29.723865 76.944007,29.724046 76.944110,29.724044 76.944122,29.724675 76.943916,29.724678 76.943919,29.724859 76.943816,29.724860 76.943814,29.724770 76.943711,29.724772 76.943707,29.724591 76.943604,29.724593 76.943609,29.724863 76.943299,29.724868 76.943313,29.725590 76.943106,29.725593</coordinates></LinearRing></outerBoundaryIs></Polygon></MultiGeometry></Placemark><Placemark><name>Pit 279</name><description>0.08 ha, probability 0.99, new, outside riverbed, pit</description><styleUrl>#new</styleUrl><MultiGeometry><Polygon><outerBoundaryIs><LinearRing><coordinates>76.962053,29.578068 76.962047,29.577797 76.961944,29.577799 76.961942,29.577709 76.962252,29.577704 76.962257,29.577975 76.962154,29.577976 76.962156,29.578066 76.962053,29.578068</coordinates></LinearRing></outerBoundaryIs></Polygon></MultiGeometry></Placemark><Placemark><name>Pit 280</name><description>0.42 ha, probability 0.99, older, outside riverbed, likely village pond</description><styleUrl>#pond</styleUrl><MultiGeometry><Polygon><outerBoundaryIs><LinearRing><coordinates>76.571255,29.605196 76.571247,29.604655 76.571350,29.604654 76.571348,29.604563 76.571761,29.604558 76.571763,29.604649 76.571969,29.604646 76.571976,29.605097 76.571563,29.605102 76.571565,29.605192 76.571255,29.605196</coordinates></LinearRing></outerBoundaryIs></Polygon></MultiGeometry></Placemark><Placemark><name>Pit 281</name><description>0.03 ha, probability 0.99, new, outside riverbed, pit</description><styleUrl>#new</styleUrl><MultiGeometry><Polygon><outerBoundaryIs><LinearRing><coordinates>76.870534,29.686217 76.870530,29.686037 76.870737,29.686034 76.870739,29.686124 76.870635,29.686126 76.870637,29.686216 76.870534,29.686217</coordinates></LinearRing></outerBoundaryIs></Polygon></MultiGeometry></Placemark><Placemark><name>Pit 282</name><description>0.24 ha, probability 0.99, older, outside riverbed, pit</description><styleUrl>#old</styleUrl><MultiGeometry><Polygon><outerBoundaryIs><LinearRing><coordinates>76.629229,29.633822 76.629228,29.633732 76.629124,29.633733 76.629123,29.633643 76.629020,29.633645 76.629018,29.633554 76.628915,29.633556 76.628914,29.633465 76.629120,29.633463 76.629119,29.633373 76.629222,29.633371 76.629220,29.633281 76.629427,29.633279 76.629428,29.633369 76.629532,29.633368 76.629539,29.633819 76.629229,29.633822</coordinates></LinearRing></outerBoundaryIs></Polygon></MultiGeometry></Placemark><Placemark><name>Pit 283</name><description>1.35 ha, probability 0.99, older, outside riverbed, pit</description><styleUrl>#old</styleUrl><MultiGeometry><Polygon><outerBoundaryIs><LinearRing><coordinates>76.829877,29.603686 76.829876,29.603596 76.829669,29.603599 76.829668,29.603508 76.829564,29.603510 76.829563,29.603420 76.829253,29.603424 76.829248,29.603153 76.829351,29.603152 76.829350,29.603062 76.829247,29.603063 76.829245,29.602973 76.829348,29.602971 76.829347,29.602881 76.829450,29.602880 76.829448,29.602790 76.829242,29.602792 76.829240,29.602702 76.829343,29.602701 76.829342,29.602611 76.829238,29.602612 76.829237,29.602522 76.829340,29.602520 76.829338,29.602430 76.829442,29.602429 76.829445,29.602609 76.829755,29.602605 76.829751,29.602424 76.829648,29.602426 76.829650,29.602516 76.829546,29.602517 76.829542,29.602247 76.829645,29.602245 76.829646,29.602336 76.829750,29.602334 76.829751,29.602424 76.830267,29.602417 76.830269,29.602508 76.830372,29.602506 76.830374,29.602596 76.830477,29.602595 76.830479,29.602685 76.830582,29.602684 76.830587,29.602954 76.830484,29.602956 76.830488,29.603226 76.830385,29.603228 76.830389,29.603408 76.830285,29.603410 76.830289,29.603590 76.830185,29.603591 76.830187,29.603682 76.829877,29.603686</coordinates></LinearRing></outerBoundaryIs></Polygon></MultiGeometry></Placemark><Placemark><name>Pit 284</name><description>0.08 ha, probability 0.99, older, Yamuna riverbed, pit</description><styleUrl>#old</styleUrl><MultiGeometry><Polygon><outerBoundaryIs><LinearRing><coordinates>77.100903,29.574319 77.100901,29.574229 77.101005,29.574227 77.101003,29.574137 77.100899,29.574139 77.100896,29.573958 77.100999,29.573957 77.101001,29.574047 77.101207,29.574044 77.101213,29.574314 77.101110,29.574316 77.101108,29.574226 77.101005,29.574227 77.101006,29.574317 77.100903,29.574319</coordinates></LinearRing></outerBoundaryIs></Polygon></MultiGeometry></Placemark><Placemark><name>Pit 285</name><description>0.04 ha, probability 0.99, older, outside riverbed, pit</description><styleUrl>#old</styleUrl><MultiGeometry><Polygon><outerBoundaryIs><LinearRing><coordinates>76.925146,29.591330 76.925144,29.591240 76.925247,29.591239 76.925246,29.591148 76.925349,29.591147 76.925350,29.591237 76.925454,29.591236 76.925455,29.591326 76.925146,29.591330</coordinates></LinearRing></outerBoundaryIs></Polygon></MultiGeometry></Placemark><Placemark><name>Pit 286</name><description>0.03 ha, probability 0.99, older, Yamuna riverbed, pit</description><styleUrl>#old</styleUrl><MultiGeometry><Polygon><outerBoundaryIs><LinearRing><coordinates>77.116737,29.660317 77.116733,29.660137 77.116939,29.660134 77.116941,29.660224 77.116838,29.660226 77.116840,29.660316 77.116737,29.660317</coordinates></LinearRing></outerBoundaryIs></Polygon></MultiGeometry></Placemark><Placemark><name>Pit 287</name><description>0.25 ha, probability 0.99, older, outside riverbed, pit</description><styleUrl>#old</styleUrl><MultiGeometry><Polygon><outerBoundaryIs><LinearRing><coordinates>76.985598,29.626078 76.985593,29.625807 76.985489,29.625809 76.985486,29.625628 76.985899,29.625622 76.985900,29.625712 76.986107,29.625709 76.986109,29.625799 76.986212,29.625798 76.986216,29.625978 76.985906,29.625983 76.985908,29.626073 76.985598,29.626078</coordinates></LinearRing></outerBoundaryIs></Polygon></MultiGeometry></Placemark><Placemark><name>Pit 288</name><description>0.26 ha, probability 0.99, older, outside riverbed, pit</description><styleUrl>#old</styleUrl><MultiGeometry><Polygon><outerBoundaryIs><LinearRing><coordinates>76.666663,29.586346 76.666661,29.586256 76.666558,29.586258 76.666554,29.585987 76.666657,29.585986 76.666654,29.585805 76.666757,29.585804 76.666756,29.585714 76.666962,29.585711 76.666964,29.585801 76.667067,29.585800 76.667074,29.586251 76.666765,29.586255 76.666766,29.586345 76.666663,29.586346</coordinates></LinearRing></outerBoundaryIs></Polygon></MultiGeometry></Placemark><Placemark><name>Pit 289</name><description>0.27 ha, probability 0.99, older, outside riverbed, pit</description><styleUrl>#old</styleUrl><MultiGeometry><Polygon><outerBoundaryIs><LinearRing><coordinates>76.900766,29.590418 76.900762,29.590238 76.900659,29.590240 76.900657,29.590149 76.901586,29.590136 76.901588,29.590226 76.901691,29.590225 76.901694,29.590405 76.900766,29.590418</coordinates></LinearRing></outerBoundaryIs></Polygon></MultiGeometry></Placemark><Placemark><name>Pit 290</name><description>0.31 ha, probability 0.99, older, outside riverbed, pit</description><styleUrl>#old</styleUrl><MultiGeometry><Polygon><outerBoundaryIs><LinearRing><coordinates>76.740562,29.657492 76.740556,29.657131 76.740659,29.657129 76.740658,29.657039 76.740968,29.657035 76.740966,29.656945 76.741069,29.656944 76.741068,29.656853 76.741274,29.656851 76.741281,29.657211 76.741177,29.657213 76.741179,29.657303 76.740972,29.657306 76.740974,29.657396 76.740871,29.657397 76.740872,29.657488 76.740562,29.657492</coordinates></LinearRing></outerBoundaryIs></Polygon></MultiGeometry></Placemark><Placemark><name>Pit 291</name><description>0.65 ha, probability 0.99, older, outside riverbed, pit</description><styleUrl>#old</styleUrl><MultiGeometry><Polygon><outerBoundaryIs><LinearRing><coordinates>76.940463,29.636490 76.940462,29.636400 76.940358,29.636401 76.940357,29.636311 76.940253,29.636313 76.940252,29.636223 76.940148,29.636224 76.940147,29.636134 76.940043,29.636135 76.940042,29.636045 76.939938,29.636047 76.939937,29.635957 76.939833,29.635958 76.939832,29.635868 76.939728,29.635869 76.939727,29.635779 76.939624,29.635781 76.939622,29.635690 76.939519,29.635692 76.939517,29.635602 76.939414,29.635603 76.939412,29.635513 76.940031,29.635504 76.940033,29.635594 76.940136,29.635593 76.940135,29.635502 76.940651,29.635495 76.940659,29.635946 76.940763,29.635944 76.940764,29.636035 76.940868,29.636033 76.940871,29.636214 76.940974,29.636212 76.940976,29.636302 76.940873,29.636304 76.940875,29.636394 76.940771,29.636395 76.940773,29.636486 76.940463,29.636490</coordinates></LinearRing></outerBoundaryIs></Polygon></MultiGeometry></Placemark><Placemark><name>Pit 292</name><description>0.07 ha, probability 0.99, older, outside riverbed, pit</description><styleUrl>#old</styleUrl><MultiGeometry><Polygon><outerBoundaryIs><LinearRing><coordinates>76.716250,29.789002 76.716246,29.788821 76.716660,29.788816 76.716662,29.788906 76.716558,29.788908 76.716560,29.788998 76.716250,29.789002</coordinates></LinearRing></outerBoundaryIs></Polygon></MultiGeometry></Placemark><Placemark><name>Pit 293</name><description>1.17 ha, probability 0.99, older, outside riverbed, pit</description><styleUrl>#old</styleUrl><MultiGeometry><Polygon><outerBoundaryIs><LinearRing><coordinates>76.694344,29.568672 76.694338,29.568311 76.694441,29.568309 76.694431,29.567678 76.694328,29.567679 76.694320,29.567228 76.694527,29.567225 76.694525,29.567135 76.694731,29.567133 76.694730,29.567042 76.695040,29.567038 76.695047,29.567490 76.695150,29.567488 76.695165,29.568390 76.695062,29.568392 76.695064,29.568482 76.694960,29.568483 76.694962,29.568573 76.694859,29.568575 76.694860,29.568665 76.694344,29.568672</coordinates></LinearRing></outerBoundaryIs></Polygon></MultiGeometry></Placemark><Placemark><name>Pit 294</name><description>0.17 ha, probability 0.99, older, outside riverbed, pit</description><styleUrl>#old</styleUrl><MultiGeometry><Polygon><outerBoundaryIs><LinearRing><coordinates>77.078397,29.819891 77.078395,29.819801 77.078292,29.819802 77.078290,29.819712 77.078186,29.819714 77.078179,29.819353 77.078282,29.819351 77.078284,29.819441 77.078491,29.819438 77.078493,29.819528 77.078596,29.819527 77.078604,29.819887 77.078397,29.819891</coordinates></LinearRing></outerBoundaryIs></Polygon></MultiGeometry></Placemark><Placemark><name>Pit 295</name><description>0.16 ha, probability 0.99, older, outside riverbed, pit</description><styleUrl>#old</styleUrl><MultiGeometry><Polygon><outerBoundaryIs><LinearRing><coordinates>76.717965,29.500604 76.717963,29.500514 76.717860,29.500515 76.717859,29.500425 76.717756,29.500426 76.717754,29.500336 76.717960,29.500334 76.717959,29.500243 76.718062,29.500242 76.718063,29.500332 76.718270,29.500330 76.718271,29.500420 76.718374,29.500418 76.718376,29.500509 76.718479,29.500507 76.718481,29.500598 76.717965,29.500604</coordinates></LinearRing></outerBoundaryIs></Polygon></MultiGeometry></Placemark><Placemark><name>Pit 296</name><description>0.10 ha, probability 0.99, older, outside riverbed, pit</description><styleUrl>#old</styleUrl><MultiGeometry><Polygon><outerBoundaryIs><LinearRing><coordinates>77.101247,29.863646 77.101243,29.863465 77.101450,29.863462 77.101448,29.863372 77.101655,29.863368 77.101661,29.863639 77.101247,29.863646</coordinates></LinearRing></outerBoundaryIs></Polygon></MultiGeometry></Placemark><Placemark><name>Pit 297</name><description>0.09 ha, probability 0.99, older, outside riverbed, pit</description><styleUrl>#old</styleUrl><MultiGeometry><Polygon><outerBoundaryIs><LinearRing><coordinates>76.819198,29.864677 76.819195,29.864497 76.819298,29.864496 76.819297,29.864405 76.819400,29.864404 76.819399,29.864314 76.819502,29.864312 76.819509,29.864673 76.819198,29.864677</coordinates></LinearRing></outerBoundaryIs></Polygon></MultiGeometry></Placemark><Placemark><name>Pit 298</name><description>0.21 ha, probability 0.99, older, outside riverbed, pit</description><styleUrl>#old</styleUrl><MultiGeometry><Polygon><outerBoundaryIs><LinearRing><coordinates>76.870834,29.863685 76.870832,29.863595 76.870625,29.863598 76.870622,29.863417 76.870829,29.863414 76.870827,29.863324 76.871138,29.863320 76.871136,29.863229 76.871239,29.863228 76.871243,29.863408 76.871346,29.863407 76.871350,29.863587 76.871039,29.863592 76.871041,29.863682 76.870834,29.863685</coordinates></LinearRing></outerBoundaryIs></Polygon></MultiGeometry></Placemark><Placemark><name>Pit 299</name><description>0.61 ha, probability 0.99, older, outside riverbed, pit</description><styleUrl>#old</styleUrl><MultiGeometry><Polygon><outerBoundaryIs><LinearRing><coordinates>76.490262,29.504073 76.490260,29.503983 76.489951,29.503986 76.489950,29.503896 76.489537,29.503901 76.489536,29.503811 76.489329,29.503813 76.489331,29.503903 76.489124,29.503905 76.489122,29.503725 76.489225,29.503724 76.489221,29.503453 76.489324,29.503452 76.489323,29.503362 76.489426,29.503361 76.489425,29.503270 76.489528,29.503269 76.489526,29.503179 76.489733,29.503177 76.489735,29.503357 76.489838,29.503356 76.489840,29.503446 76.489943,29.503445 76.489944,29.503535 76.490047,29.503534 76.490049,29.503624 76.490152,29.503623 76.490153,29.503713 76.490256,29.503712 76.490258,29.503802 76.490361,29.503801 76.490362,29.503891 76.490465,29.503890 76.490467,29.503981 76.490363,29.503982 76.490365,29.504072 76.490262,29.504073</coordinates></LinearRing></outerBoundaryIs></Polygon></MultiGeometry></Placemark><Placemark><name>Pit 300</name><description>0.11 ha, probability 0.99, older, outside riverbed, pit</description><styleUrl>#old</styleUrl><MultiGeometry><Polygon><outerBoundaryIs><LinearRing><coordinates>77.092463,29.859364 77.092461,29.859274 77.091944,29.859282 77.091942,29.859192 77.092356,29.859186 77.092354,29.859096 77.092561,29.859092 77.092563,29.859182 77.092770,29.859179 77.092772,29.859269 77.092565,29.859273 77.092567,29.859363 77.092463,29.859364</coordinates></LinearRing></outerBoundaryIs></Polygon></MultiGeometry></Placemark><Placemark><name>Pit 301</name><description>0.04 ha, probability 0.99, older, outside riverbed, pit</description><styleUrl>#old</styleUrl><MultiGeometry><Polygon><outerBoundaryIs><LinearRing><coordinates>76.973124,29.499769 76.973120,29.499589 76.973326,29.499586 76.973330,29.499766 76.973124,29.499769</coordinates></LinearRing></outerBoundaryIs></Polygon></MultiGeometry></Placemark><Placemark><name>Pit 302</name><description>0.04 ha, probability 0.99, older, outside riverbed, pit</description><styleUrl>#old</styleUrl><MultiGeometry><Polygon><outerBoundaryIs><LinearRing><coordinates>76.926920,29.857374 76.926915,29.857104 76.927018,29.857102 76.927022,29.857283 76.927125,29.857281 76.927127,29.857371 76.926920,29.857374</coordinates></LinearRing></outerBoundaryIs></Polygon></MultiGeometry></Placemark><Placemark><name>Pit 303</name><description>0.49 ha, probability 0.99, older, outside riverbed, pit</description><styleUrl>#old</styleUrl><MultiGeometry><Polygon><outerBoundaryIs><LinearRing><coordinates>76.880262,29.503371 76.880260,29.503280 76.880054,29.503283 76.880052,29.503193 76.879949,29.503195 76.879947,29.503104 76.879844,29.503106 76.879843,29.503016 76.879739,29.503017 76.879734,29.502747 76.879838,29.502745 76.879836,29.502655 76.879939,29.502653 76.879936,29.502473 76.880039,29.502472 76.880040,29.502562 76.880144,29.502560 76.880145,29.502651 76.880248,29.502649 76.880250,29.502739 76.880353,29.502738 76.880355,29.502828 76.880458,29.502827 76.880460,29.502917 76.880563,29.502915 76.880571,29.503366 76.880262,29.503371</coordinates></LinearRing></outerBoundaryIs></Polygon></MultiGeometry></Placemark><Placemark><name>Pit 304</name><description>1.18 ha, probability 0.99, older, outside riverbed, pit</description><styleUrl>#old</styleUrl><MultiGeometry><Polygon><outerBoundaryIs><LinearRing><coordinates>77.049719,29.508264 77.049717,29.508174 77.049511,29.508177 77.049504,29.507817 77.049710,29.507813 77.049708,29.507723 77.049811,29.507722 77.049808,29.507541 77.050117,29.507536 77.050115,29.507446 77.050218,29.507445 77.050217,29.507354 77.050320,29.507353 77.050318,29.507263 77.050627,29.507258 77.050625,29.507168 77.050832,29.507165 77.050830,29.507074 77.051345,29.507066 77.051347,29.507157 77.051450,29.507155 77.051454,29.507335 77.051557,29.507334 77.051561,29.507514 77.051458,29.507516 77.051461,29.507696 77.051255,29.507699 77.051257,29.507790 77.050638,29.507799 77.050636,29.507709 77.050430,29.507712 77.050432,29.507802 77.050329,29.507804 77.050331,29.507894 77.050124,29.507897 77.050126,29.507987 77.050023,29.507989 77.050025,29.508079 77.049819,29.508082 77.049822,29.508263 77.049719,29.508264</coordinates></LinearRing></outerBoundaryIs></Polygon></MultiGeometry></Placemark><Placemark><name>Pit 305</name><description>0.10 ha, probability 0.99, older, outside riverbed, likely village pond</description><styleUrl>#pond</styleUrl><MultiGeometry><Polygon><outerBoundaryIs><LinearRing><coordinates>76.546030,29.515077 76.546027,29.514896 76.546130,29.514895 76.546129,29.514805 76.546438,29.514801 76.546441,29.514982 76.546338,29.514983 76.546339,29.515073 76.546030,29.515077</coordinates></LinearRing></outerBoundaryIs></Polygon></MultiGeometry></Placemark><Placemark><name>Pit 306</name><description>0.14 ha, probability 0.99, older, outside riverbed, pit</description><styleUrl>#old</styleUrl><MultiGeometry><Polygon><outerBoundaryIs><LinearRing><coordinates>76.547167,29.515244 76.547166,29.515154 76.547062,29.515155 76.547061,29.515065 76.547164,29.515064 76.547163,29.514973 76.547679,29.514967 76.547681,29.515148 76.547475,29.515150 76.547476,29.515240 76.547167,29.515244</coordinates></LinearRing></outerBoundaryIs></Polygon></MultiGeometry></Placemark><Placemark><name>Pit 307</name><description>0.64 ha, probability 0.99, older, outside riverbed, likely village pond</description><styleUrl>#pond</styleUrl><MultiGeometry><Polygon><outerBoundaryIs><LinearRing><coordinates>76.844893,29.521010 76.844890,29.520829 76.844787,29.520831 76.844784,29.520650 76.844887,29.520649 76.844885,29.520559 76.844782,29.520560 76.844772,29.520019 76.845597,29.520007 76.845599,29.520098 76.845702,29.520096 76.845704,29.520186 76.845807,29.520185 76.845817,29.520726 76.845611,29.520729 76.845609,29.520639 76.845403,29.520642 76.845399,29.520461 76.845502,29.520460 76.845501,29.520370 76.845295,29.520372 76.845296,29.520463 76.844987,29.520467 76.844985,29.520377 76.844882,29.520378 76.844885,29.520559 76.844988,29.520557 76.844990,29.520647 76.845093,29.520646 76.845096,29.520826 76.844993,29.520828 76.844997,29.521008 76.844893,29.521010</coordinates></LinearRing></outerBoundaryIs></Polygon></MultiGeometry></Placemark><Placemark><name>Pit 308</name><description>0.66 ha, probability 0.99, older, outside riverbed, pit</description><styleUrl>#old</styleUrl><MultiGeometry><Polygon><outerBoundaryIs><LinearRing><coordinates>76.704475,29.844915 76.704470,29.844645 76.704367,29.844646 76.704368,29.844736 76.704265,29.844738 76.704263,29.844647 76.704160,29.844649 76.704158,29.844558 76.704262,29.844557 76.704260,29.844467 76.704157,29.844468 76.704155,29.844378 76.704362,29.844375 76.704361,29.844285 76.704464,29.844284 76.704462,29.844194 76.704980,29.844187 76.704981,29.844277 76.705085,29.844276 76.705086,29.844366 76.705293,29.844363 76.705295,29.844454 76.705398,29.844452 76.705400,29.844542 76.705503,29.844541 76.705505,29.844631 76.705608,29.844630 76.705610,29.844720 76.705713,29.844719 76.705715,29.844809 76.705508,29.844812 76.705506,29.844722 76.704782,29.844731 76.704784,29.844821 76.704680,29.844822 76.704682,29.844913 76.704475,29.844915</coordinates></LinearRing></outerBoundaryIs></Polygon></MultiGeometry></Placemark><Placemark><name>Pit 309</name><description>0.13 ha, probability 0.99, older, outside riverbed, pit</description><styleUrl>#old</styleUrl><MultiGeometry><Polygon><outerBoundaryIs><LinearRing><coordinates>76.600542,29.524267 76.600539,29.524087 76.600436,29.524088 76.600432,29.523817 76.600741,29.523814 76.600748,29.524265 76.600542,29.524267</coordinates></LinearRing></outerBoundaryIs></Polygon></MultiGeometry></Placemark><Placemark><name>Pit 310</name><description>0.32 ha, probability 0.99, older, outside riverbed, pit</description><styleUrl>#old</styleUrl><MultiGeometry><Polygon><outerBoundaryIs><LinearRing><coordinates>77.050279,29.739854 77.050277,29.739764 77.050070,29.739767 77.050065,29.739497 77.050168,29.739495 77.050161,29.739134 77.050264,29.739133 77.050262,29.739043 77.050365,29.739041 77.050367,29.739131 77.050471,29.739130 77.050472,29.739220 77.050576,29.739218 77.050585,29.739669 77.050482,29.739671 77.050485,29.739851 77.050279,29.739854</coordinates></LinearRing></outerBoundaryIs></Polygon></MultiGeometry></Placemark><Placemark><name>Pit 311</name><description>0.24 ha, probability 0.99, older, outside riverbed, pit</description><styleUrl>#old</styleUrl><MultiGeometry><Polygon><outerBoundaryIs><LinearRing><coordinates>77.140615,29.836219 77.140613,29.836128 77.140510,29.836130 77.140504,29.835859 77.140607,29.835858 77.140603,29.835677 77.141017,29.835671 77.141027,29.836122 77.140716,29.836127 77.140718,29.836217 77.140615,29.836219</coordinates></LinearRing></outerBoundaryIs></Polygon></MultiGeometry></Placemark><Placemark><name>Pit 312</name><description>0.42 ha, probability 0.99, older, outside riverbed, pit</description><styleUrl>#old</styleUrl><MultiGeometry><Polygon><outerBoundaryIs><LinearRing><coordinates>76.740202,29.840118 76.740197,29.839848 76.740301,29.839846 76.740299,29.839756 76.740403,29.839755 76.740398,29.839484 76.740502,29.839483 76.740498,29.839302 76.740602,29.839301 76.740599,29.839121 76.740702,29.839119 76.740704,29.839209 76.740807,29.839208 76.740806,29.839118 76.740909,29.839116 76.740914,29.839387 76.740810,29.839388 76.740814,29.839569 76.740917,29.839568 76.740923,29.839928 76.740820,29.839930 76.740821,29.840020 76.740718,29.840021 76.740719,29.840111 76.740202,29.840118</coordinates></LinearRing></outerBoundaryIs></Polygon></MultiGeometry></Placemark><Placemark><name>Pit 313</name><description>1.79 ha, probability 0.99, older, outside riverbed, pit</description><styleUrl>#old</styleUrl><MultiGeometry><Polygon><outerBoundaryIs><LinearRing><coordinates>76.897233,29.836512 76.897232,29.836422 76.896508,29.836432 76.896496,29.835801 76.896392,29.835802 76.896390,29.835712 76.896494,29.835710 76.896477,29.834808 76.896580,29.834807 76.896577,29.834626 76.897301,29.834616 76.897303,29.834706 76.897406,29.834705 76.897439,29.836419 76.897335,29.836420 76.897337,29.836510 76.897233,29.836512</coordinates></LinearRing></outerBoundaryIs></Polygon></MultiGeometry></Placemark><Placemark><name>Pit 314</name><description>0.10 ha, probability 0.99, older, outside riverbed, pit</description><styleUrl>#old</styleUrl><MultiGeometry><Polygon><outerBoundaryIs><LinearRing><coordinates>76.836192,29.524739 76.836185,29.524378 76.836289,29.524377 76.836287,29.524287 76.836184,29.524288 76.836182,29.524198 76.836388,29.524195 76.836397,29.524646 76.836293,29.524648 76.836295,29.524738 76.836192,29.524739</coordinates></LinearRing></outerBoundaryIs></Polygon></MultiGeometry></Placemark><Placemark><name>Pit 315</name><description>0.22 ha, probability 0.99, older, outside riverbed, pit</description><styleUrl>#old</styleUrl><MultiGeometry><Polygon><outerBoundaryIs><LinearRing><coordinates>76.569134,29.528161 76.569133,29.528071 76.568926,29.528073 76.568925,29.527983 76.568822,29.527984 76.568819,29.527804 76.568922,29.527802 76.568924,29.527893 76.569027,29.527891 76.569025,29.527801 76.569541,29.527795 76.569545,29.528066 76.569442,29.528067 76.569444,29.528157 76.569134,29.528161</coordinates></LinearRing></outerBoundaryIs></Polygon></MultiGeometry></Placemark><Placemark><name>Pit 316</name><description>0.16 ha, probability 0.99, older, outside riverbed, pit</description><styleUrl>#old</styleUrl><MultiGeometry><Polygon><outerBoundaryIs><LinearRing><coordinates>76.974038,29.832228 76.974036,29.832138 76.973932,29.832139 76.973931,29.832049 76.973827,29.832051 76.973825,29.831961 76.974136,29.831956 76.974134,29.831866 76.974237,29.831864 76.974239,29.831954 76.974446,29.831951 76.974451,29.832222 76.974038,29.832228</coordinates></LinearRing></outerBoundaryIs></Polygon></MultiGeometry></Placemark><Placemark><name>Pit 317</name><description>0.29 ha, probability 0.99, older, outside riverbed, pit</description><styleUrl>#old</styleUrl><MultiGeometry><Polygon><outerBoundaryIs><LinearRing><coordinates>76.880619,29.833501 76.880616,29.833321 76.880719,29.833319 76.880718,29.833229 76.880821,29.833228 76.880818,29.833047 76.880921,29.833046 76.880923,29.833136 76.881026,29.833135 76.881028,29.833225 76.881132,29.833223 76.881130,29.833133 76.881440,29.833129 76.881442,29.833219 76.881545,29.833218 76.881547,29.833308 76.881444,29.833309 76.881445,29.833399 76.881342,29.833401 76.881344,29.833491 76.880619,29.833501</coordinates></LinearRing></outerBoundaryIs></Polygon></MultiGeometry></Placemark><Placemark><name>Pit 318</name><description>0.38 ha, probability 0.99, older, outside riverbed, pit</description><styleUrl>#old</styleUrl><MultiGeometry><Polygon><outerBoundaryIs><LinearRing><coordinates>76.973408,29.831786 76.973405,29.831606 76.973301,29.831608 76.973298,29.831427 76.973401,29.831426 76.973399,29.831335 76.973813,29.831329 76.973815,29.831419 76.974022,29.831416 76.974020,29.831326 76.974434,29.831320 76.974439,29.831591 76.974336,29.831592 76.974334,29.831502 76.974230,29.831503 76.974232,29.831594 76.973922,29.831598 76.973924,29.831688 76.973820,29.831690 76.973822,29.831780 76.973408,29.831786</coordinates></LinearRing></outerBoundaryIs></Polygon></MultiGeometry></Placemark><Placemark><name>Pit 319</name><description>0.26 ha, probability 0.99, older, outside riverbed, pit</description><styleUrl>#old</styleUrl><MultiGeometry><Polygon><outerBoundaryIs><LinearRing><coordinates>76.892951,29.828904 76.892945,29.828634 76.893049,29.828632 76.893047,29.828542 76.893151,29.828540 76.893149,29.828450 76.893252,29.828449 76.893251,29.828359 76.893354,29.828357 76.893352,29.828267 76.893456,29.828265 76.893461,29.828536 76.893564,29.828535 76.893568,29.828715 76.893464,29.828716 76.893468,29.828897 76.892951,29.828904</coordinates></LinearRing></outerBoundaryIs></Polygon></MultiGeometry></Placemark><Placemark><name>Pit 320</name><description>0.33 ha, probability 0.99, older, outside riverbed, pit</description><styleUrl>#old</styleUrl><MultiGeometry><Polygon><outerBoundaryIs><LinearRing><coordinates>77.116581,29.869265 77.116579,29.869174 77.116269,29.869179 77.116265,29.868999 77.116368,29.868997 77.116367,29.868907 77.116470,29.868905 77.116468,29.868815 77.116779,29.868810 77.116777,29.868720 77.116984,29.868717 77.116986,29.868807 77.117089,29.868805 77.117095,29.869076 77.116991,29.869078 77.116993,29.869168 77.116890,29.869169 77.116892,29.869260 77.116581,29.869265</coordinates></LinearRing></outerBoundaryIs></Polygon></MultiGeometry></Placemark><Placemark><name>Pit 321</name><description>0.04 ha, probability 0.99, older, outside riverbed, pit</description><styleUrl>#old</styleUrl><MultiGeometry><Polygon><outerBoundaryIs><LinearRing><coordinates>76.990214,29.492928 76.990210,29.492748 76.990417,29.492745 76.990420,29.492925 76.990214,29.492928</coordinates></LinearRing></outerBoundaryIs></Polygon></MultiGeometry></Placemark><Placemark><name>Pit 322</name><description>0.36 ha, probability 0.99, older, outside riverbed, pit</description><styleUrl>#old</styleUrl><MultiGeometry><Polygon><outerBoundaryIs><LinearRing><coordinates>77.124365,29.870222 77.124363,29.870132 77.124259,29.870134 77.124257,29.870043 77.124154,29.870045 77.124152,29.869955 77.124049,29.869956 77.124047,29.869866 77.123943,29.869868 77.123939,29.869688 77.123836,29.869689 77.123832,29.869509 77.123729,29.869511 77.123725,29.869330 77.123932,29.869327 77.123934,29.869417 77.124037,29.869415 77.124039,29.869506 77.124143,29.869504 77.124144,29.869594 77.124351,29.869591 77.124353,29.869681 77.124457,29.869679 77.124461,29.869860 77.124564,29.869858 77.124570,29.870129 77.124466,29.870130 77.124468,29.870220 77.124365,29.870222</coordinates></LinearRing></outerBoundaryIs></Polygon></MultiGeometry></Placemark><Placemark><name>Pit 323</name><description>0.34 ha, probability 0.99, older, outside riverbed, pit</description><styleUrl>#old</styleUrl><MultiGeometry><Polygon><outerBoundaryIs><LinearRing><coordinates>77.051696,29.890318 77.051694,29.890228 77.051383,29.890233 77.051381,29.890142 77.051278,29.890144 77.051274,29.889964 77.051171,29.889965 77.051167,29.889785 77.051788,29.889775 77.051790,29.889865 77.051893,29.889864 77.051897,29.890044 77.052001,29.890043 77.052006,29.890313 77.051696,29.890318</coordinates></LinearRing></outerBoundaryIs></Polygon></MultiGeometry></Placemark><Placemark><name>Pit 324</name><description>0.03 ha, probability 0.99, older, outside riverbed, pit</description><styleUrl>#old</styleUrl><MultiGeometry><Polygon><outerBoundaryIs><LinearRing><coordinates>77.054534,29.460643 77.054530,29.460462 77.054633,29.460461 77.054635,29.460551 77.054738,29.460549 77.054740,29.460639 77.054534,29.460643</coordinates></LinearRing></outerBoundaryIs></Polygon></MultiGeometry></Placemark><Placemark><name>Pit 325</name><description>0.59 ha, probability 0.99, older, outside riverbed, pit</description><styleUrl>#old</styleUrl><MultiGeometry><Polygon><outerBoundaryIs><LinearRing><coordinates>76.777962,29.903495 76.777959,29.903315 76.777856,29.903316 76.777854,29.903226 76.777751,29.903227 76.777747,29.903047 76.777644,29.903048 76.777641,29.902868 76.777537,29.902869 76.777529,29.902418 76.777840,29.902414 76.777838,29.902324 76.778045,29.902321 76.778044,29.902231 76.778147,29.902229 76.778149,29.902320 76.778252,29.902318 76.778262,29.902860 76.778158,29.902861 76.778162,29.903041 76.778265,29.903040 76.778268,29.903220 76.778165,29.903222 76.778170,29.903492 76.777962,29.903495</coordinates></LinearRing></outerBoundaryIs></Polygon></MultiGeometry></Placemark><Placemark><name>Pit 326</name><description>0.43 ha, probability 0.99, older, outside riverbed, likely village pond</description><styleUrl>#pond</styleUrl><MultiGeometry><Polygon><outerBoundaryIs><LinearRing><coordinates>76.551983,29.472506 76.551982,29.472416 76.551878,29.472417 76.551877,29.472327 76.551774,29.472328 76.551771,29.472148 76.551668,29.472149 76.551665,29.471969 76.551872,29.471966 76.551870,29.471876 76.552283,29.471871 76.552284,29.471961 76.552387,29.471960 76.552390,29.472141 76.552493,29.472139 76.552498,29.472500 76.551983,29.472506</coordinates></LinearRing></outerBoundaryIs></Polygon></MultiGeometry></Placemark><Placemark><name>Pit 327</name><description>0.32 ha, probability 0.99, older, outside riverbed, pit</description><styleUrl>#old</styleUrl><MultiGeometry><Polygon><outerBoundaryIs><LinearRing><coordinates>76.530396,29.477088 76.530393,29.476907 76.530290,29.476908 76.530285,29.476548 76.530491,29.476545 76.530490,29.476455 76.530283,29.476457 76.530282,29.476367 76.530385,29.476366 76.530384,29.476276 76.530281,29.476277 76.530279,29.476187 76.530589,29.476183 76.530590,29.476273 76.530693,29.476272 76.530697,29.476543 76.530800,29.476542 76.530802,29.476632 76.530699,29.476633 76.530701,29.476814 76.530598,29.476815 76.530599,29.476905 76.530806,29.476903 76.530807,29.476993 76.530601,29.476995 76.530602,29.477085 76.530396,29.477088</coordinates></LinearRing></outerBoundaryIs></Polygon></MultiGeometry></Placemark><Placemark><name>Pit 328</name><description>0.24 ha, probability 0.99, older, outside riverbed, pit</description><styleUrl>#old</styleUrl><MultiGeometry><Polygon><outerBoundaryIs><LinearRing><coordinates>77.002986,29.898284 77.002984,29.898194 77.002363,29.898204 77.002361,29.898113 77.002464,29.898112 77.002463,29.898022 77.002359,29.898023 77.002356,29.897843 77.002459,29.897841 77.002457,29.897751 77.002664,29.897748 77.002666,29.897838 77.002770,29.897836 77.002771,29.897927 77.002875,29.897925 77.002879,29.898105 77.003086,29.898102 77.003087,29.898193 77.003191,29.898191 77.003193,29.898281 77.002986,29.898284</coordinates></LinearRing></outerBoundaryIs></Polygon></MultiGeometry></Placemark><Placemark><name>Pit 329</name><description>0.16 ha, probability 0.99, older, outside riverbed, pit</description><styleUrl>#old</styleUrl><MultiGeometry><Polygon><outerBoundaryIs><LinearRing><coordinates>77.001328,29.898219 77.001324,29.898039 77.001531,29.898036 77.001529,29.897946 77.001736,29.897942 77.001733,29.897762 77.001940,29.897759 77.001943,29.897939 77.002047,29.897938 77.002049,29.898028 77.001945,29.898029 77.001947,29.898120 77.001429,29.898127 77.001431,29.898218 77.001328,29.898219</coordinates></LinearRing></outerBoundaryIs></Polygon></MultiGeometry></Placemark><Placemark><name>Pit 330</name><description>0.65 ha, probability 0.99, older, Yamuna riverbed, pit</description><styleUrl>#old</styleUrl><MultiGeometry><Polygon><outerBoundaryIs><LinearRing><coordinates>77.184738,29.895128 77.184736,29.895037 77.184632,29.895039 77.184630,29.894949 77.184734,29.894947 77.184730,29.894767 77.184626,29.894769 77.184624,29.894678 77.184728,29.894677 77.184726,29.894587 77.184622,29.894588 77.184620,29.894498 77.184724,29.894496 77.184720,29.894316 77.184616,29.894318 77.184618,29.894408 77.184411,29.894411 77.184409,29.894321 77.184306,29.894323 77.184304,29.894233 77.184718,29.894226 77.184716,29.894136 77.184509,29.894139 77.184507,29.894049 77.184404,29.894051 77.184390,29.893419 77.184700,29.893414 77.184704,29.893595 77.184808,29.893593 77.184804,29.893413 77.184907,29.893411 77.184941,29.894944 77.184837,29.894946 77.184841,29.895126 77.184738,29.895128</coordinates></LinearRing></outerBoundaryIs></Polygon></MultiGeometry></Placemark><Placemark><name>Pit 331</name><description>0.16 ha, probability 0.99, new, outside riverbed, pit</description><styleUrl>#new</styleUrl><MultiGeometry><Polygon><outerBoundaryIs><LinearRing><coordinates>77.073094,29.475963 77.073092,29.475873 77.073195,29.475871 77.073193,29.475781 77.073296,29.475780 77.073292,29.475599 77.073189,29.475601 77.073186,29.475420 77.073392,29.475417 77.073390,29.475327 77.073493,29.475325 77.073504,29.475867 77.073401,29.475868 77.073403,29.475958 77.073094,29.475963</coordinates></LinearRing></outerBoundaryIs></Polygon></MultiGeometry></Placemark><Placemark><name>Pit 332</name><description>0.28 ha, probability 0.99, older, outside riverbed, pit</description><styleUrl>#old</styleUrl><MultiGeometry><Polygon><outerBoundaryIs><LinearRing><coordinates>77.181470,29.892475 77.181468,29.892385 77.181365,29.892387 77.181359,29.892116 77.181048,29.892121 77.181042,29.891851 77.181146,29.891849 77.181144,29.891759 77.181247,29.891757 77.181249,29.891847 77.181353,29.891846 77.181351,29.891756 77.181558,29.891752 77.181560,29.891842 77.181663,29.891841 77.181667,29.892021 77.181564,29.892023 77.181566,29.892113 77.181669,29.892111 77.181673,29.892292 77.181570,29.892293 77.181574,29.892474 77.181470,29.892475</coordinates></LinearRing></outerBoundaryIs></Polygon></MultiGeometry></Placemark><Placemark><name>Pit 333</name><description>1.64 ha, probability 0.99, older, outside riverbed, pit</description><styleUrl>#old</styleUrl><MultiGeometry><Polygon><outerBoundaryIs><LinearRing><coordinates>77.181765,29.891749 77.181763,29.891659 77.181142,29.891669 77.181132,29.891218 77.181029,29.891220 77.181027,29.891129 77.180923,29.891131 77.180919,29.890951 77.180712,29.890954 77.180708,29.890774 77.180605,29.890776 77.180607,29.890866 77.180503,29.890867 77.180507,29.891048 77.180404,29.891050 77.180396,29.890689 77.180603,29.890685 77.180601,29.890595 77.180497,29.890597 77.180490,29.890236 77.180593,29.890234 77.180589,29.890054 77.180486,29.890056 77.180470,29.889334 77.180780,29.889329 77.180782,29.889419 77.180886,29.889418 77.180892,29.889688 77.180995,29.889687 77.180999,29.889867 77.181103,29.889865 77.181107,29.890046 77.181210,29.890044 77.181212,29.890134 77.181109,29.890136 77.181111,29.890226 77.181214,29.890224 77.181218,29.890405 77.181322,29.890403 77.181327,29.890673 77.181431,29.890672 77.181437,29.890942 77.181540,29.890941 77.181544,29.891121 77.181648,29.891119 77.181650,29.891209 77.181546,29.891211 77.181548,29.891301 77.181652,29.891300 77.181654,29.891390 77.181861,29.891386 77.181863,29.891476 77.181966,29.891475 77.181970,29.891655 77.181867,29.891657 77.181868,29.891747 77.181765,29.891749</coordinates></LinearRing></outerBoundaryIs></Polygon></MultiGeometry></Placemark><Placemark><name>Pit 334</name><description>0.06 ha, probability 0.99, older, outside riverbed, pit</description><styleUrl>#old</styleUrl><MultiGeometry><Polygon><outerBoundaryIs><LinearRing><coordinates>76.767463,29.482090 76.767461,29.482000 76.767358,29.482001 76.767355,29.481820 76.767561,29.481818 76.767563,29.481908 76.767666,29.481907 76.767667,29.481997 76.767564,29.481998 76.767566,29.482088 76.767463,29.482090</coordinates></LinearRing></outerBoundaryIs></Polygon></MultiGeometry></Placemark><Placemark><name>Pit 335</name><description>0.97 ha, probability 0.99, older, outside riverbed, pit</description><styleUrl>#old</styleUrl><MultiGeometry><Polygon><outerBoundaryIs><LinearRing><coordinates>76.898706,29.892429 76.898703,29.892248 76.898599,29.892250 76.898596,29.892069 76.898492,29.892071 76.898491,29.891981 76.898594,29.891979 76.898591,29.891799 76.898694,29.891797 76.898692,29.891707 76.899003,29.891703 76.899000,29.891522 76.898896,29.891524 76.898891,29.891253 76.898787,29.891255 76.898784,29.891074 76.898680,29.891076 76.898679,29.890986 76.898782,29.890984 76.898779,29.890804 76.898882,29.890802 76.898886,29.890983 76.898989,29.890981 76.898988,29.890891 76.899195,29.890888 76.899193,29.890798 76.899296,29.890796 76.899302,29.891067 76.899509,29.891064 76.899510,29.891154 76.899407,29.891156 76.899408,29.891246 76.899719,29.891241 76.899722,29.891422 76.899412,29.891426 76.899417,29.891697 76.899210,29.891700 76.899215,29.891970 76.899319,29.891969 76.899322,29.892149 76.899529,29.892146 76.899531,29.892236 76.899324,29.892239 76.899322,29.892149 76.899219,29.892151 76.899222,29.892331 76.898808,29.892337 76.898810,29.892427 76.898706,29.892429</coordinates></LinearRing></outerBoundaryIs></Polygon></MultiGeometry></Placemark><Placemark><name>Pit 336</name><description>0.06 ha, probability 0.99, older, outside riverbed, pit</description><styleUrl>#old</styleUrl><MultiGeometry><Polygon><outerBoundaryIs><LinearRing><coordinates>77.058243,29.871360 77.058241,29.871270 77.058138,29.871272 77.058134,29.871091 77.058444,29.871087 77.058446,29.871177 77.058343,29.871178 77.058346,29.871359 77.058243,29.871360</coordinates></LinearRing></outerBoundaryIs></Polygon></MultiGeometry></Placemark><Placemark><name>Pit 337</name><description>0.38 ha, probability 0.99, older, outside riverbed, likely village pond</description><styleUrl>#pond</styleUrl><MultiGeometry><Polygon><outerBoundaryIs><LinearRing><coordinates>76.575962,29.489369 76.575961,29.489279 76.575857,29.489280 76.575856,29.489190 76.575650,29.489192 76.575647,29.489012 76.575544,29.489013 76.575540,29.488743 76.575746,29.488740 76.575745,29.488650 76.575848,29.488649 76.575846,29.488558 76.575949,29.488557 76.575948,29.488467 76.576051,29.488466 76.576057,29.488827 76.576160,29.488825 76.576168,29.489367 76.575962,29.489369</coordinates></LinearRing></outerBoundaryIs></Polygon></MultiGeometry></Placemark><Placemark><name>Pit 338</name><description>0.14 ha, probability 0.99, older, outside riverbed, pit</description><styleUrl>#old</styleUrl><MultiGeometry><Polygon><outerBoundaryIs><LinearRing><coordinates>76.827766,29.891717 76.827757,29.891266 76.828171,29.891260 76.828173,29.891350 76.828070,29.891352 76.828071,29.891442 76.827968,29.891443 76.827971,29.891624 76.828074,29.891622 76.828076,29.891712 76.827766,29.891717</coordinates></LinearRing></outerBoundaryIs></Polygon></MultiGeometry></Placemark><Placemark><name>Pit 339</name><description>0.15 ha, probability 0.99, older, outside riverbed, likely village pond</description><styleUrl>#pond</styleUrl><MultiGeometry><Polygon><outerBoundaryIs><LinearRing><coordinates>76.975546,29.887782 76.975544,29.887691 76.975441,29.887693 76.975439,29.887603 76.975542,29.887601 76.975540,29.887511 76.975955,29.887505 76.975956,29.887595 76.976060,29.887593 76.976063,29.887774 76.975546,29.887782</coordinates></LinearRing></outerBoundaryIs></Polygon></MultiGeometry></Placemark><Placemark><name>Pit 340</name><description>0.07 ha, probability 0.99, older, outside riverbed, pit</description><styleUrl>#old</styleUrl><MultiGeometry><Polygon><outerBoundaryIs><LinearRing><coordinates>76.581854,29.490202 76.581852,29.490111 76.581749,29.490113 76.581748,29.490022 76.581851,29.490021 76.581852,29.490111 76.581955,29.490110 76.581953,29.489930 76.582159,29.489927 76.582160,29.490017 76.582057,29.490019 76.582059,29.490109 76.582162,29.490108 76.582163,29.490198 76.581854,29.490202</coordinates></LinearRing></outerBoundaryIs></Polygon></MultiGeometry></Placemark><Placemark><name>Pit 341</name><description>0.67 ha, probability 0.99, older, outside riverbed, pit</description><styleUrl>#old</styleUrl><MultiGeometry><Polygon><outerBoundaryIs><LinearRing><coordinates>76.745480,29.887688 76.745479,29.887598 76.745375,29.887600 76.745372,29.887419 76.745269,29.887420 76.745259,29.886879 76.745363,29.886878 76.745364,29.886968 76.745468,29.886967 76.745469,29.887057 76.745366,29.887058 76.745369,29.887239 76.745783,29.887233 76.745778,29.886963 76.745882,29.886961 76.745883,29.887051 76.746090,29.887049 76.746087,29.886868 76.746294,29.886866 76.746293,29.886775 76.746396,29.886774 76.746395,29.886684 76.747016,29.886676 76.747014,29.886585 76.747118,29.886584 76.747121,29.886764 76.747017,29.886766 76.747019,29.886856 76.746915,29.886857 76.746914,29.886767 76.746707,29.886770 76.746708,29.886860 76.746605,29.886861 76.746606,29.886952 76.746503,29.886953 76.746504,29.887043 76.746297,29.887046 76.746301,29.887226 76.746197,29.887228 76.746199,29.887318 76.746095,29.887319 76.746097,29.887410 76.745993,29.887411 76.745995,29.887501 76.745788,29.887504 76.745789,29.887594 76.745686,29.887595 76.745687,29.887686 76.745480,29.887688</coordinates></LinearRing></outerBoundaryIs></Polygon></MultiGeometry></Placemark><Placemark><name>Pit 342</name><description>0.23 ha, probability 0.99, older, outside riverbed, pit</description><styleUrl>#old</styleUrl><MultiGeometry><Polygon><outerBoundaryIs><LinearRing><coordinates>76.980550,29.884278 76.980539,29.883737 76.980643,29.883735 76.980637,29.883465 76.980741,29.883463 76.980746,29.883734 76.980850,29.883732 76.980853,29.883913 76.980957,29.883911 76.980962,29.884182 76.980859,29.884183 76.980860,29.884273 76.980550,29.884278</coordinates></LinearRing></outerBoundaryIs></Polygon></MultiGeometry></Placemark><Placemark><name>Pit 343</name><description>0.13 ha, probability 0.99, older, outside riverbed, likely village pond</description><styleUrl>#pond</styleUrl><MultiGeometry><Polygon><outerBoundaryIs><LinearRing><coordinates>76.945015,29.877770 76.945014,29.877679 76.944910,29.877681 76.944907,29.877501 76.945424,29.877493 76.945428,29.877673 76.945324,29.877675 76.945326,29.877765 76.945015,29.877770</coordinates></LinearRing></outerBoundaryIs></Polygon></MultiGeometry></Placemark><Placemark><name>Pit 344</name><description>0.10 ha, probability 0.99, older, outside riverbed, pit</description><styleUrl>#old</styleUrl><MultiGeometry><Polygon><outerBoundaryIs><LinearRing><coordinates>76.937859,29.489371 76.937857,29.489280 76.937754,29.489282 76.937752,29.489192 76.937649,29.489193 76.937640,29.488742 76.937744,29.488741 76.937747,29.488921 76.937850,29.488920 76.937857,29.489280 76.937960,29.489279 76.937962,29.489369 76.937859,29.489371</coordinates></LinearRing></outerBoundaryIs></Polygon></MultiGeometry></Placemark><Placemark><name>Pit 345</name><description>0.16 ha, probability 0.99, older, outside riverbed, pit</description><styleUrl>#old</styleUrl><MultiGeometry><Polygon><outerBoundaryIs><LinearRing><coordinates>76.958850,29.875851 76.958843,29.875490 76.959257,29.875484 76.959264,29.875845 76.958850,29.875851</coordinates></LinearRing></outerBoundaryIs></Polygon></MultiGeometry></Placemark><Placemark><name>Pit 346</name><description>0.03 ha, probability 0.99, older, outside riverbed, pit</description><styleUrl>#old</styleUrl><MultiGeometry><Polygon><outerBoundaryIs><LinearRing><coordinates>76.942484,29.875371 76.942482,29.875281 76.942586,29.875279 76.942584,29.875189 76.942688,29.875187 76.942691,29.875368 76.942484,29.875371</coordinates></LinearRing></outerBoundaryIs></Polygon></MultiGeometry></Placemark><Placemark><name>Pit 347</name><description>0.71 ha, probability 0.99, older, outside riverbed, pit</description><styleUrl>#old</styleUrl><MultiGeometry><Polygon><outerBoundaryIs><LinearRing><coordinates>76.958089,29.490247 76.958087,29.490157 76.957778,29.490162 76.957762,29.489350 76.958690,29.489336 76.958692,29.489426 76.958589,29.489428 76.958590,29.489518 76.958693,29.489517 76.958706,29.490148 76.958499,29.490151 76.958501,29.490241 76.958089,29.490247</coordinates></LinearRing></outerBoundaryIs></Polygon></MultiGeometry></Placemark><Placemark><name>Pit 348</name><description>0.06 ha, probability 0.99, older, outside riverbed, pit</description><styleUrl>#old</styleUrl><MultiGeometry><Polygon><outerBoundaryIs><LinearRing><coordinates>76.873957,29.825837 76.873955,29.825747 76.874059,29.825745 76.874057,29.825655 76.874367,29.825651 76.874369,29.825741 76.874266,29.825742 76.874267,29.825832 76.873957,29.825837</coordinates></LinearRing></outerBoundaryIs></Polygon></MultiGeometry></Placemark><Placemark><name>Pit 349</name><description>0.19 ha, probability 0.99, new, outside riverbed, pit</description><styleUrl>#new</styleUrl><MultiGeometry><Polygon><outerBoundaryIs><LinearRing><coordinates>76.667284,29.523627 76.667277,29.523176 76.667690,29.523171 76.667696,29.523532 76.667592,29.523533 76.667594,29.523623 76.667284,29.523627</coordinates></LinearRing></outerBoundaryIs></Polygon></MultiGeometry></Placemark><Placemark><name>Pit 350</name><description>0.50 ha, probability 0.99, new, outside riverbed, pit</description><styleUrl>#new</styleUrl><MultiGeometry><Polygon><outerBoundaryIs><LinearRing><coordinates>76.742831,29.621280 76.742828,29.621099 76.742725,29.621101 76.742723,29.621010 76.742826,29.621009 76.742825,29.620919 76.742928,29.620918 76.742926,29.620827 76.742720,29.620830 76.742715,29.620559 76.742819,29.620558 76.742817,29.620468 76.742714,29.620469 76.742709,29.620199 76.743225,29.620192 76.743232,29.620553 76.743128,29.620554 76.743135,29.620915 76.743238,29.620913 76.743244,29.621274 76.742831,29.621280</coordinates></LinearRing></outerBoundaryIs></Polygon></MultiGeometry></Placemark><Placemark><name>Pit 351</name><description>0.26 ha, probability 0.99, older, outside riverbed, pit</description><styleUrl>#old</styleUrl><MultiGeometry><Polygon><outerBoundaryIs><LinearRing><coordinates>76.775121,29.554533 76.775119,29.554443 76.775016,29.554444 76.775007,29.553903 76.775316,29.553899 76.775318,29.553989 76.775421,29.553987 76.775430,29.554529 76.775121,29.554533</coordinates></LinearRing></outerBoundaryIs></Polygon></MultiGeometry></Placemark><Placemark><name>Pit 352</name><description>0.25 ha, probability 0.99, older, outside riverbed, pit</description><styleUrl>#old</styleUrl><MultiGeometry><Polygon><outerBoundaryIs><LinearRing><coordinates>76.847954,29.767918 76.847951,29.767737 76.847848,29.767739 76.847846,29.767649 76.847639,29.767652 76.847638,29.767561 76.847844,29.767559 76.847843,29.767468 76.847946,29.767467 76.847944,29.767377 76.848151,29.767374 76.848153,29.767464 76.848463,29.767460 76.848466,29.767640 76.848363,29.767642 76.848365,29.767732 76.848261,29.767733 76.848263,29.767823 76.848160,29.767825 76.848161,29.767915 76.847954,29.767918</coordinates></LinearRing></outerBoundaryIs></Polygon></MultiGeometry></Placemark><Placemark><name>Pit 353</name><description>0.11 ha, probability 0.99, older, outside riverbed, pit</description><styleUrl>#old</styleUrl><MultiGeometry><Polygon><outerBoundaryIs><LinearRing><coordinates>76.846916,29.767662 76.846912,29.767481 76.847016,29.767480 76.847014,29.767390 76.847221,29.767387 76.847222,29.767477 76.847326,29.767476 76.847327,29.767566 76.847534,29.767563 76.847536,29.767653 76.847122,29.767659 76.847121,29.767569 76.847017,29.767570 76.847019,29.767660 76.846916,29.767662</coordinates></LinearRing></outerBoundaryIs></Polygon></MultiGeometry></Placemark><Placemark><name>Pit 354</name><description>0.14 ha, probability 0.99, older, outside riverbed, pit</description><styleUrl>#old</styleUrl><MultiGeometry><Polygon><outerBoundaryIs><LinearRing><coordinates>77.075621,29.790704 77.075620,29.790613 77.075516,29.790615 77.075512,29.790435 77.075616,29.790433 77.075614,29.790343 77.075717,29.790341 77.075715,29.790251 77.075819,29.790249 77.075817,29.790159 77.075920,29.790158 77.075924,29.790338 77.075821,29.790340 77.075824,29.790520 77.075928,29.790518 77.075930,29.790609 77.075826,29.790610 77.075828,29.790700 77.075621,29.790704</coordinates></LinearRing></outerBoundaryIs></Polygon></MultiGeometry></Placemark><Placemark><name>Pit 355</name><description>0.58 ha, probability 0.99, older, Yamuna riverbed, pit</description><styleUrl>#old</styleUrl><MultiGeometry><Polygon><outerBoundaryIs><LinearRing><coordinates>77.102738,29.553269 77.102730,29.552908 77.102627,29.552909 77.102616,29.552368 77.102719,29.552367 77.102721,29.552457 77.102824,29.552455 77.102820,29.552275 77.103027,29.552272 77.103025,29.552181 77.103231,29.552178 77.103229,29.552088 77.103332,29.552086 77.103330,29.551996 77.103227,29.551998 77.103223,29.551817 77.103327,29.551816 77.103328,29.551906 77.103638,29.551901 77.103640,29.551991 77.103434,29.551994 77.103437,29.552175 77.103540,29.552173 77.103542,29.552263 77.103439,29.552265 77.103441,29.552355 77.103544,29.552354 77.103546,29.552444 77.103443,29.552445 77.103447,29.552626 77.103137,29.552631 77.103139,29.552721 77.102726,29.552727 77.102730,29.552908 77.102833,29.552906 77.102831,29.552816 77.103038,29.552813 77.103041,29.552993 77.103145,29.552991 77.103146,29.553082 77.103043,29.553083 77.103041,29.552993 77.102938,29.552995 77.102936,29.552905 77.102833,29.552906 77.102841,29.553267 77.102738,29.553269</coordinates></LinearRing></outerBoundaryIs></Polygon></MultiGeometry></Placemark><Placemark><name>Pit 356</name><description>0.31 ha, probability 0.99, older, outside riverbed, pit</description><styleUrl>#old</styleUrl><MultiGeometry><Polygon><outerBoundaryIs><LinearRing><coordinates>76.807234,29.763608 76.807226,29.763157 76.807330,29.763156 76.807323,29.762795 76.807530,29.762792 76.807532,29.762883 76.807635,29.762881 76.807648,29.763603 76.807234,29.763608</coordinates></LinearRing></outerBoundaryIs></Polygon></MultiGeometry></Placemark><Placemark><name>Pit 357</name><description>0.25 ha, probability 0.99, older, outside riverbed, pit</description><styleUrl>#old</styleUrl><MultiGeometry><Polygon><outerBoundaryIs><LinearRing><coordinates>76.807628,29.762520 76.807622,29.762160 76.807725,29.762158 76.807727,29.762248 76.807830,29.762247 76.807829,29.762157 76.808139,29.762153 76.808141,29.762243 76.808347,29.762240 76.808352,29.762510 76.807628,29.762520</coordinates></LinearRing></outerBoundaryIs></Polygon></MultiGeometry></Placemark><Placemark><name>Pit 358</name><description>0.17 ha, probability 0.99, older, outside riverbed, pit</description><styleUrl>#old</styleUrl><MultiGeometry><Polygon><outerBoundaryIs><LinearRing><coordinates>77.085154,29.766555 77.085152,29.766465 77.085255,29.766464 77.085253,29.766373 77.085357,29.766372 77.085355,29.766282 77.085148,29.766285 77.085144,29.766104 77.085248,29.766103 77.085244,29.765922 77.085554,29.765918 77.085556,29.766008 77.085453,29.766009 77.085464,29.766550 77.085154,29.766555</coordinates></LinearRing></outerBoundaryIs></Polygon></MultiGeometry></Placemark><Placemark><name>Pit 359</name><description>0.56 ha, probability 0.99, older, outside riverbed, pit</description><styleUrl>#old</styleUrl><MultiGeometry><Polygon><outerBoundaryIs><LinearRing><coordinates>76.714897,29.794614 76.714896,29.794523 76.714585,29.794527 76.714582,29.794347 76.714789,29.794344 76.714783,29.793983 76.714679,29.793985 76.714678,29.793895 76.714471,29.793897 76.714474,29.794078 76.714371,29.794079 76.714369,29.793989 76.714266,29.793990 76.714267,29.794080 76.714060,29.794083 76.714054,29.793722 76.714158,29.793721 76.714156,29.793631 76.714777,29.793623 76.714778,29.793713 76.714882,29.793711 76.714885,29.793892 76.714988,29.793891 76.714994,29.794251 76.715098,29.794250 76.715099,29.794340 76.715203,29.794339 76.715204,29.794429 76.715101,29.794430 76.715102,29.794521 76.715309,29.794518 76.715311,29.794608 76.714897,29.794614</coordinates></LinearRing></outerBoundaryIs></Polygon></MultiGeometry></Placemark><Placemark><name>Pit 360</name><description>0.34 ha, probability 0.99, older, outside riverbed, pit</description><styleUrl>#old</styleUrl><MultiGeometry><Polygon><outerBoundaryIs><LinearRing><coordinates>76.732397,29.542465 76.732395,29.542374 76.732292,29.542376 76.732290,29.542286 76.732187,29.542287 76.732186,29.542197 76.732082,29.542198 76.732081,29.542108 76.731978,29.542109 76.731976,29.542019 76.732079,29.542018 76.732078,29.541927 76.732387,29.541923 76.732386,29.541833 76.732592,29.541831 76.732594,29.541921 76.732697,29.541919 76.732700,29.542100 76.732803,29.542098 76.732806,29.542279 76.732703,29.542280 76.732704,29.542370 76.732601,29.542372 76.732603,29.542462 76.732397,29.542465</coordinates></LinearRing></outerBoundaryIs></Polygon></MultiGeometry></Placemark><Placemark><name>Pit 361</name><description>0.17 ha, probability 0.99, older, Yamuna riverbed, pit</description><styleUrl>#old</styleUrl><MultiGeometry><Polygon><outerBoundaryIs><LinearRing><coordinates>77.113786,29.800474 77.113782,29.800293 77.113886,29.800292 77.113884,29.800201 77.113987,29.800200 77.113985,29.800110 77.114296,29.800105 77.114303,29.800465 77.113786,29.800474</coordinates></LinearRing></outerBoundaryIs></Polygon></MultiGeometry></Placemark><Placemark><name>Pit 362</name><description>0.36 ha, probability 0.99, older, outside riverbed, pit</description><styleUrl>#old</styleUrl><MultiGeometry><Polygon><outerBoundaryIs><LinearRing><coordinates>76.865020,29.773633 76.865019,29.773543 76.864915,29.773544 76.864905,29.773003 76.865009,29.773002 76.865007,29.772912 76.865110,29.772910 76.865112,29.773000 76.865216,29.772999 76.865214,29.772909 76.865317,29.772907 76.865319,29.772997 76.865422,29.772996 76.865434,29.773627 76.865020,29.773633</coordinates></LinearRing></outerBoundaryIs></Polygon></MultiGeometry></Placemark><Placemark><name>Pit 363</name><description>0.23 ha, probability 0.99, older, outside riverbed, pit</description><styleUrl>#old</styleUrl><MultiGeometry><Polygon><outerBoundaryIs><LinearRing><coordinates>76.788438,29.805729 76.788437,29.805639 76.788230,29.805642 76.788225,29.805371 76.788121,29.805373 76.788113,29.804922 76.788320,29.804919 76.788322,29.805009 76.788218,29.805010 76.788220,29.805101 76.788323,29.805099 76.788328,29.805370 76.788432,29.805368 76.788435,29.805549 76.788745,29.805545 76.788747,29.805635 76.788954,29.805632 76.788955,29.805722 76.788438,29.805729</coordinates></LinearRing></outerBoundaryIs></Polygon></MultiGeometry></Placemark><Placemark><name>Pit 364</name><description>0.90 ha, probability 0.99, older, outside riverbed, pit</description><styleUrl>#old</styleUrl><MultiGeometry><Polygon><outerBoundaryIs><LinearRing><coordinates>76.543118,29.554363 76.543117,29.554273 76.542911,29.554275 76.542904,29.553824 76.542801,29.553825 76.542792,29.553284 76.542689,29.553285 76.542691,29.553375 76.542484,29.553378 76.542480,29.553107 76.542583,29.553106 76.542582,29.553016 76.542685,29.553015 76.542686,29.553105 76.542790,29.553104 76.542788,29.553013 76.542891,29.553012 76.542890,29.552922 76.543406,29.552916 76.543407,29.553006 76.543511,29.553005 76.543512,29.553095 76.543615,29.553094 76.543619,29.553365 76.543516,29.553366 76.543513,29.553185 76.543410,29.553187 76.543409,29.553096 76.543202,29.553099 76.543204,29.553189 76.543101,29.553190 76.543105,29.553461 76.543001,29.553462 76.543004,29.553642 76.543107,29.553641 76.543110,29.553822 76.543317,29.553819 76.543319,29.554000 76.543732,29.553995 76.543731,29.553905 76.543834,29.553904 76.543832,29.553813 76.543523,29.553817 76.543522,29.553727 76.543728,29.553724 76.543727,29.553634 76.543830,29.553633 76.543831,29.553723 76.543934,29.553722 76.543941,29.554173 76.543838,29.554174 76.543837,29.554084 76.543630,29.554086 76.543632,29.554177 76.543322,29.554180 76.543323,29.554270 76.543633,29.554267 76.543634,29.554357 76.543325,29.554361 76.543323,29.554270 76.543220,29.554272 76.543222,29.554362 76.543118,29.554363</coordinates></LinearRing></outerBoundaryIs></Polygon></MultiGeometry></Placemark><Placemark><name>Pit 365</name><description>0.29 ha, probability 0.99, older, outside riverbed, pit</description><styleUrl>#old</styleUrl><MultiGeometry><Polygon><outerBoundaryIs><LinearRing><coordinates>76.819684,29.760099 76.819682,29.760009 76.819579,29.760011 76.819576,29.759830 76.819679,29.759829 76.819676,29.759648 76.819572,29.759650 76.819571,29.759560 76.819674,29.759558 76.819672,29.759468 76.820086,29.759462 76.820096,29.760004 76.819992,29.760005 76.819994,29.760095 76.819684,29.760099</coordinates></LinearRing></outerBoundaryIs></Polygon></MultiGeometry></Placemark><Placemark><name>Pit 366</name><description>0.12 ha, probability 0.99, older, outside riverbed, pit</description><styleUrl>#old</styleUrl><MultiGeometry><Polygon><outerBoundaryIs><LinearRing><coordinates>77.049853,29.805270 77.049844,29.804819 77.050154,29.804814 77.050162,29.805175 77.049955,29.805178 77.049957,29.805269 77.049853,29.805270</coordinates></LinearRing></outerBoundaryIs></Polygon></MultiGeometry></Placemark><Placemark><name>Pit 367</name><description>0.10 ha, probability 0.99, new, outside riverbed, pit</description><styleUrl>#new</styleUrl><MultiGeometry><Polygon><outerBoundaryIs><LinearRing><coordinates>77.017194,29.558475 77.017190,29.558295 77.017397,29.558292 77.017395,29.558201 77.017601,29.558198 77.017606,29.558469 77.017194,29.558475</coordinates></LinearRing></outerBoundaryIs></Polygon></MultiGeometry></Placemark><Placemark><name>Pit 368</name><description>0.11 ha, probability 0.99, older, outside riverbed, pit</description><styleUrl>#old</styleUrl><MultiGeometry><Polygon><outerBoundaryIs><LinearRing><coordinates>77.049137,29.805642 77.049133,29.805462 77.049237,29.805460 77.049235,29.805370 77.049545,29.805365 77.049551,29.805636 77.049137,29.805642</coordinates></LinearRing></outerBoundaryIs></Polygon></MultiGeometry></Placemark><Placemark><name>Pit 369</name><description>0.07 ha, probability 0.99, older, outside riverbed, pit</description><styleUrl>#old</styleUrl><MultiGeometry><Polygon><outerBoundaryIs><LinearRing><coordinates>77.049966,29.805720 77.049962,29.805539 77.050066,29.805538 77.050068,29.805628 77.050171,29.805626 77.050165,29.805356 77.050062,29.805357 77.050060,29.805267 77.050164,29.805265 77.050165,29.805356 77.050269,29.805354 77.050274,29.805625 77.050171,29.805626 77.050173,29.805716 77.049966,29.805720</coordinates></LinearRing></outerBoundaryIs></Polygon></MultiGeometry></Placemark><Placemark><name>Pit 370</name><description>0.88 ha, probability 0.99, older, outside riverbed, pit</description><styleUrl>#old</styleUrl><MultiGeometry><Polygon><outerBoundaryIs><LinearRing><coordinates>76.515539,29.538980 76.515538,29.538889 76.515332,29.538892 76.515329,29.538711 76.515432,29.538710 76.515431,29.538620 76.515327,29.538621 76.515326,29.538531 76.514913,29.538535 76.514912,29.538445 76.514706,29.538448 76.514702,29.538177 76.515011,29.538173 76.515010,29.538083 76.515835,29.538074 76.515837,29.538164 76.515940,29.538163 76.515941,29.538253 76.516044,29.538252 76.516047,29.538432 76.516150,29.538431 76.516153,29.538612 76.516050,29.538613 76.516051,29.538703 76.516154,29.538702 76.516156,29.538792 76.516052,29.538793 76.516054,29.538883 76.515641,29.538888 76.515642,29.538978 76.515539,29.538980</coordinates></LinearRing></outerBoundaryIs></Polygon></MultiGeometry></Placemark><Placemark><name>Pit 371</name><description>0.08 ha, probability 0.99, older, outside riverbed, pit</description><styleUrl>#old</styleUrl><MultiGeometry><Polygon><outerBoundaryIs><LinearRing><coordinates>76.856590,29.528787 76.856583,29.528426 76.856790,29.528423 76.856796,29.528784 76.856590,29.528787</coordinates></LinearRing></outerBoundaryIs></Polygon></MultiGeometry></Placemark><Placemark><name>Pit 372</name><description>0.08 ha, probability 0.99, older, outside riverbed, likely village pond</description><styleUrl>#pond</styleUrl><MultiGeometry><Polygon><outerBoundaryIs><LinearRing><coordinates>76.928888,29.560148 76.928883,29.559877 76.929090,29.559874 76.929091,29.559965 76.928988,29.559966 76.928990,29.560056 76.929403,29.560050 76.929404,29.560141 76.928888,29.560148</coordinates></LinearRing></outerBoundaryIs></Polygon></MultiGeometry></Placemark><Placemark><name>Pit 373</name><description>0.10 ha, probability 0.99, older, outside riverbed, pit</description><styleUrl>#old</styleUrl><MultiGeometry><Polygon><outerBoundaryIs><LinearRing><coordinates>76.857809,29.747118 76.857807,29.747028 76.857704,29.747029 76.857700,29.746849 76.857804,29.746848 76.857800,29.746667 76.857904,29.746666 76.857907,29.746846 76.858010,29.746845 76.858015,29.747115 76.857809,29.747118</coordinates></LinearRing></outerBoundaryIs></Polygon></MultiGeometry></Placemark><Placemark><name>Pit 374</name><description>0.06 ha, probability 0.99, older, outside riverbed, pit</description><styleUrl>#old</styleUrl><MultiGeometry><Polygon><outerBoundaryIs><LinearRing><coordinates>77.000962,29.744850 77.000956,29.744579 77.001163,29.744576 77.001168,29.744847 77.000962,29.744850</coordinates></LinearRing></outerBoundaryIs></Polygon></MultiGeometry></Placemark><Placemark><name>Pit 375</name><description>0.22 ha, probability 0.99, older, outside riverbed, pit</description><styleUrl>#old</styleUrl><MultiGeometry><Polygon><outerBoundaryIs><LinearRing><coordinates>76.738413,29.556372 76.738412,29.556282 76.738308,29.556283 76.738305,29.556103 76.738202,29.556104 76.738199,29.555924 76.738096,29.555925 76.738094,29.555835 76.738198,29.555833 76.738196,29.555743 76.738299,29.555742 76.738301,29.555832 76.738404,29.555831 76.738405,29.555921 76.738612,29.555918 76.738616,29.556189 76.738720,29.556187 76.738723,29.556368 76.738413,29.556372</coordinates></LinearRing></outerBoundaryIs></Polygon></MultiGeometry></Placemark><Placemark><name>Pit 376</name><description>0.26 ha, probability 0.98, older, Yamuna riverbed, pit</description><styleUrl>#old</styleUrl><MultiGeometry><Polygon><outerBoundaryIs><LinearRing><coordinates>77.140046,29.712270 77.140044,29.712179 77.139941,29.712181 77.139939,29.712091 77.140146,29.712087 77.140142,29.711907 77.140245,29.711905 77.140241,29.711725 77.140345,29.711723 77.140343,29.711633 77.140446,29.711632 77.140444,29.711541 77.140548,29.711540 77.140546,29.711449 77.140752,29.711446 77.140756,29.711627 77.140859,29.711625 77.140861,29.711715 77.140551,29.711720 77.140555,29.711900 77.140452,29.711902 77.140456,29.712082 77.140249,29.712086 77.140251,29.712176 77.140148,29.712178 77.140150,29.712268 77.140046,29.712270</coordinates></LinearRing></outerBoundaryIs></Polygon></MultiGeometry></Placemark><Placemark><name>Pit 377</name><description>0.58 ha, probability 0.98, older, outside riverbed, pit</description><styleUrl>#old</styleUrl><MultiGeometry><Polygon><outerBoundaryIs><LinearRing><coordinates>76.741192,29.652070 76.741191,29.651979 76.740984,29.651982 76.740982,29.651892 76.740879,29.651893 76.740874,29.651623 76.740978,29.651621 76.740973,29.651351 76.741076,29.651349 76.741070,29.650988 76.741173,29.650987 76.741172,29.650897 76.741378,29.650894 76.741380,29.650984 76.741483,29.650983 76.741496,29.651705 76.741599,29.651703 76.741601,29.651793 76.741497,29.651795 76.741500,29.651975 76.741397,29.651977 76.741399,29.652067 76.741192,29.652070</coordinates></LinearRing></outerBoundaryIs></Polygon></MultiGeometry></Placemark><Placemark><name>Pit 378</name><description>0.06 ha, probability 0.98, new, Yamuna riverbed, pit</description><styleUrl>#new</styleUrl><MultiGeometry><Polygon><outerBoundaryIs><LinearRing><coordinates>77.132686,29.711215 77.132684,29.711125 77.132788,29.711124 77.132786,29.711033 77.133096,29.711028 77.133098,29.711119 77.132994,29.711120 77.132996,29.711210 77.132686,29.711215</coordinates></LinearRing></outerBoundaryIs></Polygon></MultiGeometry></Placemark><Placemark><name>Pit 379</name><description>0.44 ha, probability 0.98, older, outside riverbed, pit</description><styleUrl>#old</styleUrl><MultiGeometry><Polygon><outerBoundaryIs><LinearRing><coordinates>76.702993,29.873446 76.702991,29.873356 76.702888,29.873358 76.702885,29.873177 76.702988,29.873176 76.702987,29.873086 76.703194,29.873083 76.703192,29.872993 76.703089,29.872994 76.703085,29.872814 76.703292,29.872811 76.703291,29.872721 76.703601,29.872717 76.703603,29.872807 76.703707,29.872806 76.703716,29.873347 76.703612,29.873348 76.703614,29.873438 76.703200,29.873444 76.703198,29.873354 76.703302,29.873352 76.703299,29.873172 76.703195,29.873173 76.703197,29.873263 76.703093,29.873265 76.703096,29.873445 76.702993,29.873446</coordinates></LinearRing></outerBoundaryIs></Polygon></MultiGeometry></Placemark><Placemark><name>Pit 380</name><description>1.02 ha, probability 0.98, older, outside riverbed, pit</description><styleUrl>#old</styleUrl><MultiGeometry><Polygon><outerBoundaryIs><LinearRing><coordinates>76.623984,29.654550 76.623983,29.654460 76.623776,29.654462 76.623775,29.654372 76.623672,29.654373 76.623670,29.654283 76.623464,29.654286 76.623461,29.654105 76.623358,29.654106 76.623349,29.653565 76.623969,29.653558 76.623967,29.653467 76.624380,29.653462 76.624382,29.653553 76.624485,29.653551 76.624489,29.653822 76.624593,29.653821 76.624596,29.654001 76.624492,29.654002 76.624495,29.654183 76.624289,29.654185 76.624291,29.654366 76.624188,29.654367 76.624191,29.654547 76.623984,29.654550</coordinates></LinearRing></outerBoundaryIs></Polygon></MultiGeometry></Placemark><Placemark><name>Pit 381</name><description>0.15 ha, probability 0.98, older, outside riverbed, likely village pond</description><styleUrl>#pond</styleUrl><MultiGeometry><Polygon><outerBoundaryIs><LinearRing><coordinates>77.031460,29.867625 77.031456,29.867445 77.031560,29.867443 77.031556,29.867263 77.031453,29.867265 77.031451,29.867174 77.031347,29.867176 77.031342,29.866905 77.031549,29.866902 77.031551,29.866992 77.031654,29.866991 77.031665,29.867532 77.031562,29.867534 77.031563,29.867624 77.031460,29.867625</coordinates></LinearRing></outerBoundaryIs></Polygon></MultiGeometry></Placemark><Placemark><name>Pit 382</name><description>0.18 ha, probability 0.98, older, outside riverbed, pit</description><styleUrl>#old</styleUrl><MultiGeometry><Polygon><outerBoundaryIs><LinearRing><coordinates>76.980185,29.576355 76.980184,29.576265 76.980287,29.576263 76.980285,29.576173 76.980388,29.576172 76.980383,29.575901 76.980280,29.575903 76.980278,29.575812 76.980381,29.575811 76.980380,29.575721 76.980483,29.575719 76.980481,29.575629 76.980790,29.575624 76.980789,29.575534 76.980892,29.575533 76.980894,29.575623 76.980790,29.575624 76.980792,29.575715 76.980999,29.575711 76.981000,29.575802 76.980794,29.575805 76.980792,29.575715 76.980483,29.575719 76.980484,29.575809 76.980588,29.575808 76.980589,29.575898 76.980486,29.575900 76.980495,29.576351 76.980185,29.576355</coordinates></LinearRing></outerBoundaryIs></Polygon></MultiGeometry></Placemark><Placemark><name>Pit 383</name><description>0.66 ha, probability 0.98, older, outside riverbed, pit</description><styleUrl>#old</styleUrl><MultiGeometry><Polygon><outerBoundaryIs><LinearRing><coordinates>76.760822,29.485697 76.760820,29.485607 76.760717,29.485608 76.760714,29.485428 76.760611,29.485429 76.760606,29.485158 76.760709,29.485157 76.760708,29.485067 76.760811,29.485065 76.760808,29.484885 76.761014,29.484882 76.761013,29.484792 76.761219,29.484789 76.761220,29.484879 76.761427,29.484877 76.761428,29.484967 76.761531,29.484966 76.761533,29.485056 76.761636,29.485054 76.761639,29.485235 76.761536,29.485236 76.761539,29.485417 76.761333,29.485419 76.761336,29.485600 76.761027,29.485604 76.761028,29.485694 76.760822,29.485697</coordinates></LinearRing></outerBoundaryIs></Polygon></MultiGeometry></Placemark><Placemark><name>Pit 384</name><description>0.16 ha, probability 0.98, older, outside riverbed, pit</description><styleUrl>#old</styleUrl><MultiGeometry><Polygon><outerBoundaryIs><LinearRing><coordinates>76.846407,29.768120 76.846399,29.767669 76.846502,29.767668 76.846499,29.767487 76.846809,29.767483 76.846812,29.767663 76.846709,29.767665 76.846710,29.767755 76.846504,29.767758 76.846507,29.767938 76.846610,29.767937 76.846612,29.768027 76.846715,29.768025 76.846717,29.768116 76.846407,29.768120</coordinates></LinearRing></outerBoundaryIs></Polygon></MultiGeometry></Placemark><Placemark><name>Pit 385</name><description>0.22 ha, probability 0.98, older, outside riverbed, pit</description><styleUrl>#old</styleUrl><MultiGeometry><Polygon><outerBoundaryIs><LinearRing><coordinates>76.834835,29.489569 76.834834,29.489479 76.834731,29.489480 76.834726,29.489209 76.834829,29.489208 76.834826,29.489028 76.834929,29.489026 76.834927,29.488936 76.835030,29.488934 76.835033,29.489115 76.835240,29.489112 76.835243,29.489292 76.835346,29.489291 76.835349,29.489471 76.835246,29.489473 76.835244,29.489383 76.835141,29.489384 76.835138,29.489204 76.835035,29.489205 76.835041,29.489566 76.834835,29.489569</coordinates></LinearRing></outerBoundaryIs></Polygon></MultiGeometry></Placemark><Placemark><name>Pit 386</name><description>1.38 ha, probability 0.98, older, outside riverbed, pit</description><styleUrl>#old</styleUrl><MultiGeometry><Polygon><outerBoundaryIs><LinearRing><coordinates>76.694862,29.765909 76.694860,29.765818 76.694447,29.765824 76.694445,29.765733 76.694032,29.765739 76.694033,29.765829 76.692999,29.765842 76.692993,29.765481 76.693200,29.765479 76.693198,29.765388 76.693715,29.765382 76.693714,29.765292 76.693921,29.765289 76.693919,29.765199 76.694023,29.765197 76.694021,29.765107 76.694124,29.765106 76.694123,29.765016 76.694226,29.765014 76.694228,29.765105 76.694435,29.765102 76.694432,29.764922 76.694535,29.764920 76.694536,29.765010 76.694640,29.765009 76.694641,29.765099 76.694952,29.765095 76.694953,29.765186 76.695057,29.765184 76.695058,29.765274 76.695265,29.765272 76.695274,29.765813 76.695067,29.765816 76.695069,29.765906 76.694862,29.765909</coordinates></LinearRing></outerBoundaryIs></Polygon></MultiGeometry></Placemark><Placemark><name>Pit 387</name><description>0.11 ha, probability 0.98, new, outside riverbed, pit</description><styleUrl>#new</styleUrl><MultiGeometry><Polygon><outerBoundaryIs><LinearRing><coordinates>77.077011,29.592017 77.077010,29.591927 77.077113,29.591926 77.077111,29.591835 77.077214,29.591834 77.077212,29.591744 77.077109,29.591745 77.077105,29.591565 77.077002,29.591567 77.077000,29.591476 77.077207,29.591473 77.077210,29.591653 77.077314,29.591652 77.077317,29.591832 77.077420,29.591831 77.077422,29.591921 77.077216,29.591924 77.077218,29.592014 77.077011,29.592017</coordinates></LinearRing></outerBoundaryIs></Polygon></MultiGeometry></Placemark><Placemark><name>Pit 388</name><description>0.55 ha, probability 0.98, older, outside riverbed, pit</description><styleUrl>#old</styleUrl><MultiGeometry><Polygon><outerBoundaryIs><LinearRing><coordinates>77.069890,29.758495 77.069877,29.757864 77.069981,29.757862 77.069979,29.757772 77.070392,29.757765 77.070394,29.757856 77.069981,29.757862 77.069992,29.758403 77.070509,29.758395 77.070507,29.758305 77.070714,29.758302 77.070716,29.758392 77.071129,29.758385 77.071127,29.758295 77.071230,29.758294 77.071229,29.758203 77.071125,29.758205 77.071122,29.758025 77.071225,29.758023 77.071221,29.757843 77.070911,29.757847 77.070909,29.757757 77.071529,29.757748 77.071535,29.758018 77.071638,29.758017 77.071646,29.758377 77.071336,29.758382 77.071338,29.758472 77.069890,29.758495</coordinates></LinearRing></outerBoundaryIs></Polygon></MultiGeometry></Placemark><Placemark><name>Pit 389</name><description>1.98 ha, probability 0.98, older, outside riverbed, pit</description><styleUrl>#old</styleUrl><MultiGeometry><Polygon><outerBoundaryIs><LinearRing><coordinates>76.879611,29.729758 76.879609,29.729668 76.879506,29.729669 76.879503,29.729489 76.879606,29.729487 76.879603,29.729307 76.879499,29.729308 76.879498,29.729218 76.879601,29.729217 76.879594,29.728856 76.879801,29.728853 76.879798,29.728672 76.879694,29.728674 76.879693,29.728584 76.879589,29.728585 76.879579,29.728044 76.879476,29.728045 76.879474,29.727955 76.879578,29.727954 76.879576,29.727864 76.879679,29.727862 76.879678,29.727772 76.879781,29.727770 76.879783,29.727861 76.880196,29.727855 76.880198,29.727945 76.880404,29.727942 76.880406,29.728032 76.880613,29.728029 76.880614,29.728119 76.880718,29.728118 76.880733,29.728930 76.880836,29.728928 76.880841,29.729199 76.881048,29.729196 76.881050,29.729286 76.881153,29.729285 76.881155,29.729375 76.881051,29.729376 76.881053,29.729467 76.880846,29.729470 76.880848,29.729560 76.880538,29.729564 76.880536,29.729474 76.880433,29.729475 76.880435,29.729566 76.880331,29.729567 76.880333,29.729657 76.880126,29.729660 76.880128,29.729750 76.879921,29.729753 76.879920,29.729663 76.879816,29.729665 76.879818,29.729755 76.879611,29.729758</coordinates></LinearRing></outerBoundaryIs></Polygon></MultiGeometry></Placemark><Placemark><name>Pit 390</name><description>0.17 ha, probability 0.98, older, outside riverbed, pit</description><styleUrl>#old</styleUrl><MultiGeometry><Polygon><outerBoundaryIs><LinearRing><coordinates>76.622179,29.580581 76.622177,29.580401 76.622073,29.580402 76.622072,29.580312 76.621969,29.580313 76.621967,29.580223 76.622070,29.580222 76.622069,29.580131 76.622585,29.580125 76.622586,29.580215 76.622483,29.580217 76.622485,29.580307 76.622381,29.580308 76.622386,29.580579 76.622179,29.580581</coordinates></LinearRing></outerBoundaryIs></Polygon></MultiGeometry></Placemark><Placemark><name>Pit 391</name><description>0.28 ha, probability 0.98, older, outside riverbed, pit</description><styleUrl>#old</styleUrl><MultiGeometry><Polygon><outerBoundaryIs><LinearRing><coordinates>76.796720,29.759692 76.796717,29.759511 76.796820,29.759510 76.796817,29.759329 76.797127,29.759325 76.797125,29.759235 76.797022,29.759236 76.797020,29.759146 76.796917,29.759148 76.796915,29.759057 76.797122,29.759055 76.797119,29.758874 76.796912,29.758877 76.796910,29.758787 76.797014,29.758785 76.797011,29.758605 76.797114,29.758603 76.797117,29.758784 76.797221,29.758782 76.797225,29.759053 76.797122,29.759055 76.797124,29.759145 76.797330,29.759142 76.797334,29.759322 76.797230,29.759324 76.797232,29.759414 76.797128,29.759415 76.797132,29.759596 76.797028,29.759597 76.797030,29.759687 76.796720,29.759692</coordinates></LinearRing></outerBoundaryIs></Polygon></MultiGeometry></Placemark><Placemark><name>Pit 392</name><description>0.44 ha, probability 0.98, older, outside riverbed, pit</description><styleUrl>#old</styleUrl><MultiGeometry><Polygon><outerBoundaryIs><LinearRing><coordinates>76.612480,29.613274 76.612478,29.613183 76.611962,29.613190 76.611953,29.612648 76.612676,29.612640 76.612686,29.613271 76.612480,29.613274</coordinates></LinearRing></outerBoundaryIs></Polygon></MultiGeometry></Placemark><Placemark><name>Pit 393</name><description>0.11 ha, probability 0.98, older, outside riverbed, pit</description><styleUrl>#old</styleUrl><MultiGeometry><Polygon><outerBoundaryIs><LinearRing><coordinates>76.914126,29.756330 76.914123,29.756150 76.914226,29.756148 76.914225,29.756058 76.914328,29.756057 76.914325,29.755876 76.914221,29.755878 76.914219,29.755787 76.914116,29.755789 76.914114,29.755699 76.913804,29.755703 76.913803,29.755613 76.914113,29.755609 76.914114,29.755699 76.914218,29.755697 76.914219,29.755787 76.914323,29.755786 76.914325,29.755876 76.914428,29.755875 76.914431,29.756055 76.914328,29.756057 76.914331,29.756237 76.914228,29.756238 76.914230,29.756329 76.914126,29.756330</coordinates></LinearRing></outerBoundaryIs></Polygon></MultiGeometry></Placemark><Placemark><name>Pit 394</name><description>0.45 ha, probability 0.98, older, outside riverbed, pit</description><styleUrl>#old</styleUrl><MultiGeometry><Polygon><outerBoundaryIs><LinearRing><coordinates>76.748852,29.736513 76.748840,29.735791 76.749047,29.735789 76.749048,29.735879 76.748945,29.735880 76.748946,29.735970 76.749153,29.735968 76.749148,29.735697 76.749355,29.735694 76.749357,29.735785 76.749460,29.735783 76.749462,29.735873 76.749565,29.735872 76.749566,29.735962 76.749463,29.735964 76.749468,29.736234 76.749364,29.736236 76.749369,29.736506 76.748852,29.736513</coordinates></LinearRing></outerBoundaryIs></Polygon></MultiGeometry></Placemark><Placemark><name>Pit 395</name><description>0.30 ha, probability 0.98, older, outside riverbed, pit</description><styleUrl>#old</styleUrl><MultiGeometry><Polygon><outerBoundaryIs><LinearRing><coordinates>76.674560,29.626942 76.674559,29.626851 76.674352,29.626854 76.674351,29.626764 76.674454,29.626762 76.674452,29.626672 76.674556,29.626671 76.674554,29.626581 76.674967,29.626575 76.674966,29.626485 76.675069,29.626484 76.675072,29.626664 76.675175,29.626663 76.675177,29.626753 76.675280,29.626752 76.675282,29.626842 76.675385,29.626841 76.675386,29.626931 76.674560,29.626942</coordinates></LinearRing></outerBoundaryIs></Polygon></MultiGeometry></Placemark><Placemark><name>Pit 396</name><description>0.04 ha, probability 0.98, older, outside riverbed, pit</description><styleUrl>#old</styleUrl><MultiGeometry><Polygon><outerBoundaryIs><LinearRing><coordinates>76.573858,29.619873 76.573855,29.619693 76.574062,29.619690 76.574064,29.619871 76.573858,29.619873</coordinates></LinearRing></outerBoundaryIs></Polygon></MultiGeometry></Placemark><Placemark><name>Pit 397</name><description>0.10 ha, probability 0.98, older, outside riverbed, pit</description><styleUrl>#old</styleUrl><MultiGeometry><Polygon><outerBoundaryIs><LinearRing><coordinates>76.507246,29.501626 76.507243,29.501445 76.507347,29.501444 76.507345,29.501354 76.507448,29.501353 76.507447,29.501263 76.507550,29.501261 76.507551,29.501352 76.507655,29.501350 76.507656,29.501441 76.507553,29.501442 76.507555,29.501622 76.507246,29.501626</coordinates></LinearRing></outerBoundaryIs></Polygon></MultiGeometry></Placemark><Placemark><name>Pit 398</name><description>0.20 ha, probability 0.98, older, outside riverbed, pit</description><styleUrl>#old</styleUrl><MultiGeometry><Polygon><outerBoundaryIs><LinearRing><coordinates>76.829400,29.822401 76.829398,29.822311 76.829295,29.822313 76.829293,29.822222 76.829500,29.822220 76.829502,29.822310 76.829605,29.822308 76.829603,29.822218 76.829707,29.822217 76.829705,29.822127 76.829395,29.822131 76.829393,29.822041 76.829600,29.822038 76.829599,29.821948 76.829702,29.821946 76.829704,29.822036 76.830014,29.822032 76.830016,29.822122 76.830119,29.822121 76.830121,29.822211 76.830017,29.822212 76.830019,29.822303 76.829709,29.822307 76.829710,29.822397 76.829400,29.822401</coordinates></LinearRing></outerBoundaryIs></Polygon></MultiGeometry></Placemark><Placemark><name>Pit 399</name><description>0.04 ha, probability 0.98, older, outside riverbed, pit</description><styleUrl>#old</styleUrl><MultiGeometry><Polygon><outerBoundaryIs><LinearRing><coordinates>76.568106,29.501644 76.568105,29.501554 76.568208,29.501552 76.568207,29.501462 76.568310,29.501461 76.568311,29.501551 76.568414,29.501550 76.568416,29.501640 76.568106,29.501644</coordinates></LinearRing></outerBoundaryIs></Polygon></MultiGeometry></Placemark><Placemark><name>Pit 400</name><description>0.12 ha, probability 0.98, older, Yamuna riverbed, pit</description><styleUrl>#old</styleUrl><MultiGeometry><Polygon><outerBoundaryIs><LinearRing><coordinates>77.084785,29.533252 77.084777,29.532891 77.085087,29.532886 77.085094,29.533247 77.084785,29.533252</coordinates></LinearRing></outerBoundaryIs></Polygon></MultiGeometry></Placemark><Placemark><name>Pit 401</name><description>0.64 ha, probability 0.98, older, outside riverbed, likely village pond</description><styleUrl>#pond</styleUrl><MultiGeometry><Polygon><outerBoundaryIs><LinearRing><coordinates>76.739766,29.838861 76.739752,29.838049 76.739856,29.838048 76.739854,29.837957 76.740372,29.837951 76.740373,29.838041 76.740477,29.838039 76.740488,29.838671 76.740384,29.838672 76.740386,29.838762 76.740282,29.838764 76.740284,29.838854 76.740180,29.838855 76.740179,29.838765 76.740075,29.838767 76.740077,29.838857 76.739766,29.838861</coordinates></LinearRing></outerBoundaryIs></Polygon></MultiGeometry></Placemark><Placemark><name>Pit 402</name><description>0.25 ha, probability 0.98, older, outside riverbed, pit</description><styleUrl>#old</styleUrl><MultiGeometry><Polygon><outerBoundaryIs><LinearRing><coordinates>76.978269,29.905063 76.978267,29.904973 76.978163,29.904974 76.978162,29.904884 76.978265,29.904883 76.978256,29.904432 76.978360,29.904430 76.978361,29.904520 76.978465,29.904519 76.978467,29.904609 76.978570,29.904607 76.978572,29.904698 76.978676,29.904696 76.978679,29.904876 76.978783,29.904875 76.978784,29.904965 76.978991,29.904962 76.978990,29.904872 76.979093,29.904870 76.979097,29.905051 76.978786,29.905055 76.978784,29.904965 76.978681,29.904967 76.978679,29.904876 76.978576,29.904878 76.978579,29.905058 76.978269,29.905063</coordinates></LinearRing></outerBoundaryIs></Polygon></MultiGeometry></Placemark><Placemark><name>Pit 403</name><description>0.34 ha, probability 0.98, older, outside riverbed, pit</description><styleUrl>#old</styleUrl><MultiGeometry><Polygon><outerBoundaryIs><LinearRing><coordinates>76.858517,29.841393 76.858508,29.840942 76.858405,29.840944 76.858403,29.840853 76.858610,29.840850 76.858608,29.840760 76.858815,29.840757 76.858814,29.840667 76.859021,29.840664 76.859024,29.840845 76.859438,29.840839 76.859436,29.840749 76.859540,29.840747 76.859543,29.840928 76.859233,29.840932 76.859234,29.841022 76.858820,29.841028 76.858824,29.841208 76.858720,29.841210 76.858724,29.841390 76.858517,29.841393</coordinates></LinearRing></outerBoundaryIs></Polygon></MultiGeometry></Placemark><Placemark><name>Pit 404</name><description>0.24 ha, probability 0.98, older, outside riverbed, pit</description><styleUrl>#old</styleUrl><MultiGeometry><Polygon><outerBoundaryIs><LinearRing><coordinates>76.569381,29.544130 76.569377,29.543859 76.570305,29.543848 76.570309,29.544119 76.569897,29.544123 76.569895,29.544033 76.569586,29.544037 76.569587,29.544127 76.569381,29.544130</coordinates></LinearRing></outerBoundaryIs></Polygon></MultiGeometry></Placemark><Placemark><name>Pit 405</name><description>0.04 ha, probability 0.98, older, Yamuna riverbed, pit</description><styleUrl>#old</styleUrl><MultiGeometry><Polygon><outerBoundaryIs><LinearRing><coordinates>77.137305,29.704826 77.137303,29.704736 77.137200,29.704737 77.137198,29.704647 77.137301,29.704645 77.137299,29.704555 77.137402,29.704553 77.137408,29.704824 77.137305,29.704826</coordinates></LinearRing></outerBoundaryIs></Polygon></MultiGeometry></Placemark><Placemark><name>Pit 406</name><description>0.64 ha, probability 0.98, older, outside riverbed, pit</description><styleUrl>#old</styleUrl><MultiGeometry><Polygon><outerBoundaryIs><LinearRing><coordinates>76.934548,29.678170 76.934542,29.677899 76.934646,29.677898 76.934642,29.677718 76.934539,29.677719 76.934527,29.677088 76.934837,29.677083 76.934839,29.677173 76.935045,29.677170 76.935047,29.677260 76.935150,29.677259 76.935152,29.677349 76.935255,29.677348 76.935267,29.677979 76.934751,29.677987 76.934753,29.678077 76.934649,29.678078 76.934651,29.678169 76.934548,29.678170</coordinates></LinearRing></outerBoundaryIs></Polygon></MultiGeometry></Placemark><Placemark><name>Pit 407</name><description>0.24 ha, probability 0.98, older, outside riverbed, likely village pond</description><styleUrl>#pond</styleUrl><MultiGeometry><Polygon><outerBoundaryIs><LinearRing><coordinates>76.710847,29.592461 76.710844,29.592281 76.710947,29.592280 76.710946,29.592189 76.710843,29.592191 76.710841,29.592101 76.710635,29.592103 76.710632,29.591923 76.711148,29.591916 76.711149,29.592006 76.711356,29.592004 76.711357,29.592094 76.711564,29.592091 76.711565,29.592181 76.711152,29.592187 76.711154,29.592277 76.711051,29.592278 76.711052,29.592369 76.710949,29.592370 76.710950,29.592460 76.710847,29.592461</coordinates></LinearRing></outerBoundaryIs></Polygon></MultiGeometry></Placemark><Placemark><name>Pit 408</name><description>0.22 ha, probability 0.98, older, outside riverbed, pit</description><styleUrl>#old</styleUrl><MultiGeometry><Polygon><outerBoundaryIs><LinearRing><coordinates>77.048670,29.843632 77.048665,29.843361 77.048768,29.843360 77.048767,29.843269 77.048973,29.843266 77.048975,29.843356 77.049079,29.843355 77.049081,29.843445 77.049287,29.843442 77.049286,29.843352 77.049596,29.843347 77.049598,29.843437 77.049494,29.843438 77.049496,29.843529 77.049289,29.843532 77.049291,29.843622 77.048670,29.843632</coordinates></LinearRing></outerBoundaryIs></Polygon></MultiGeometry></Placemark><Placemark><name>Pit 409</name><description>0.03 ha, probability 0.98, older, outside riverbed, pit</description><styleUrl>#old</styleUrl><MultiGeometry><Polygon><outerBoundaryIs><LinearRing><coordinates>76.787639,29.591449 76.787638,29.591359 76.787741,29.591358 76.787739,29.591267 76.787842,29.591266 76.787846,29.591446 76.787639,29.591449</coordinates></LinearRing></outerBoundaryIs></Polygon></MultiGeometry></Placemark><Placemark><name>Pit 410</name><description>0.08 ha, probability 0.98, older, Yamuna riverbed, pit</description><styleUrl>#old</styleUrl><MultiGeometry><Polygon><outerBoundaryIs><LinearRing><coordinates>77.136691,29.705106 77.136689,29.705016 77.136792,29.705014 77.136790,29.704924 77.136687,29.704926 77.136685,29.704836 77.136788,29.704834 77.136790,29.704924 77.137100,29.704919 77.137104,29.705100 77.136691,29.705106</coordinates></LinearRing></outerBoundaryIs></Polygon></MultiGeometry></Placemark><Placemark><name>Pit 411</name><description>1.02 ha, probability 0.98, older, outside riverbed, pit</description><styleUrl>#old</styleUrl><MultiGeometry><Polygon><outerBoundaryIs><LinearRing><coordinates>76.945848,29.845999 76.945846,29.845909 76.945743,29.845911 76.945717,29.844558 76.945820,29.844556 76.945818,29.844466 76.945715,29.844468 76.945710,29.844197 76.946330,29.844188 76.946341,29.844729 76.946237,29.844730 76.946243,29.845001 76.946139,29.845003 76.946143,29.845183 76.946246,29.845181 76.946257,29.845723 76.946360,29.845721 76.946362,29.845811 76.946258,29.845813 76.946262,29.845993 76.945848,29.845999</coordinates></LinearRing></outerBoundaryIs></Polygon></MultiGeometry></Placemark><Placemark><name>Pit 412</name><description>0.11 ha, probability 0.98, older, outside riverbed, likely village pond</description><styleUrl>#pond</styleUrl><MultiGeometry><Polygon><outerBoundaryIs><LinearRing><coordinates>76.721172,29.507240 76.721167,29.506969 76.721270,29.506968 76.721269,29.506878 76.721372,29.506876 76.721370,29.506786 76.721473,29.506785 76.721479,29.507146 76.721376,29.507147 76.721378,29.507237 76.721172,29.507240</coordinates></LinearRing></outerBoundaryIs></Polygon></MultiGeometry></Placemark><Placemark><name>Pit 413</name><description>0.59 ha, probability 0.98, older, outside riverbed, pit</description><styleUrl>#old</styleUrl><MultiGeometry><Polygon><outerBoundaryIs><LinearRing><coordinates>76.602563,29.508452 76.602550,29.507640 76.602962,29.507635 76.602964,29.507725 76.603067,29.507724 76.603068,29.507814 76.603172,29.507813 76.603176,29.508083 76.603279,29.508082 76.603278,29.507992 76.603381,29.507991 76.603385,29.508261 76.603488,29.508260 76.603490,29.508350 76.603386,29.508352 76.603388,29.508442 76.602563,29.508452</coordinates></LinearRing></outerBoundaryIs></Polygon></MultiGeometry></Placemark><Placemark><name>Pit 414</name><description>0.03 ha, probability 0.98, older, outside riverbed, pit</description><styleUrl>#old</styleUrl><MultiGeometry><Polygon><outerBoundaryIs><LinearRing><coordinates>77.034212,29.845118 77.034210,29.845028 77.034314,29.845027 77.034312,29.844936 77.034416,29.844935 77.034419,29.845115 77.034212,29.845118</coordinates></LinearRing></outerBoundaryIs></Polygon></MultiGeometry></Placemark><Placemark><name>Pit 415</name><description>0.07 ha, probability 0.98, older, outside riverbed, pit</description><styleUrl>#old</styleUrl><MultiGeometry><Polygon><outerBoundaryIs><LinearRing><coordinates>76.566137,29.507713 76.566135,29.507623 76.566238,29.507621 76.566237,29.507531 76.566134,29.507532 76.566130,29.507262 76.566233,29.507261 76.566236,29.507441 76.566339,29.507440 76.566337,29.507350 76.566440,29.507348 76.566442,29.507439 76.566339,29.507440 76.566341,29.507620 76.566238,29.507621 76.566240,29.507712 76.566137,29.507713</coordinates></LinearRing></outerBoundaryIs></Polygon></MultiGeometry></Placemark><Placemark><name>Pit 416</name><description>0.30 ha, probability 0.98, older, outside riverbed, pit</description><styleUrl>#old</styleUrl><MultiGeometry><Polygon><outerBoundaryIs><LinearRing><coordinates>76.818873,29.801073 76.818872,29.800983 76.818768,29.800984 76.818767,29.800894 76.818663,29.800896 76.818660,29.800715 76.818557,29.800717 76.818553,29.800536 76.819070,29.800529 76.819072,29.800619 76.819176,29.800618 76.819179,29.800798 76.819282,29.800797 76.819287,29.801067 76.819080,29.801070 76.819079,29.800980 76.818975,29.800981 76.818977,29.801072 76.818873,29.801073</coordinates></LinearRing></outerBoundaryIs></Polygon></MultiGeometry></Placemark><Placemark><name>Pit 417</name><description>0.41 ha, probability 0.98, older, outside riverbed, pit</description><styleUrl>#old</styleUrl><MultiGeometry><Polygon><outerBoundaryIs><LinearRing><coordinates>76.559366,29.590809 76.559364,29.590718 76.559261,29.590720 76.559250,29.589998 76.559353,29.589997 76.559350,29.589816 76.559660,29.589813 76.559663,29.589993 76.559766,29.589992 76.559772,29.590353 76.559668,29.590354 76.559671,29.590534 76.559568,29.590536 76.559571,29.590716 76.559467,29.590717 76.559469,29.590807 76.559366,29.590809</coordinates></LinearRing></outerBoundaryIs></Polygon></MultiGeometry></Placemark><Placemark><name>Pit 418</name><description>0.16 ha, probability 0.98, older, outside riverbed, pit</description><styleUrl>#old</styleUrl><MultiGeometry><Polygon><outerBoundaryIs><LinearRing><coordinates>76.713748,29.714956 76.713743,29.714686 76.713640,29.714687 76.713635,29.714416 76.713739,29.714415 76.713737,29.714325 76.713841,29.714324 76.713842,29.714414 76.713945,29.714412 76.713955,29.714954 76.713748,29.714956</coordinates></LinearRing></outerBoundaryIs></Polygon></MultiGeometry></Placemark><Placemark><name>Pit 419</name><description>0.55 ha, probability 0.98, older, outside riverbed, pit</description><styleUrl>#old</styleUrl><MultiGeometry><Polygon><outerBoundaryIs><LinearRing><coordinates>76.846203,29.524961 76.846192,29.524330 76.846295,29.524329 76.846290,29.524058 76.846599,29.524054 76.846598,29.523963 76.846701,29.523962 76.846703,29.524052 76.846806,29.524051 76.846809,29.524231 76.846912,29.524230 76.846920,29.524681 76.846817,29.524682 76.846819,29.524772 76.846509,29.524777 76.846511,29.524867 76.846408,29.524868 76.846409,29.524959 76.846203,29.524961</coordinates></LinearRing></outerBoundaryIs></Polygon></MultiGeometry></Placemark><Placemark><name>Pit 420</name><description>0.29 ha, probability 0.98, older, outside riverbed, pit</description><styleUrl>#old</styleUrl><MultiGeometry><Polygon><outerBoundaryIs><LinearRing><coordinates>77.136274,29.826726 77.136270,29.826546 77.136167,29.826547 77.136161,29.826277 77.136264,29.826275 77.136257,29.825914 77.136567,29.825909 77.136584,29.826721 77.136481,29.826723 77.136479,29.826632 77.136375,29.826634 77.136377,29.826724 77.136274,29.826726</coordinates></LinearRing></outerBoundaryIs></Polygon></MultiGeometry></Placemark><Placemark><name>Pit 421</name><description>0.05 ha, probability 0.98, older, outside riverbed, pit</description><styleUrl>#old</styleUrl><MultiGeometry><Polygon><outerBoundaryIs><LinearRing><coordinates>76.715187,29.501001 76.715185,29.500911 76.715288,29.500909 76.715287,29.500819 76.715493,29.500817 76.715496,29.500997 76.715187,29.501001</coordinates></LinearRing></outerBoundaryIs></Polygon></MultiGeometry></Placemark><Placemark><name>Pit 422</name><description>0.38 ha, probability 0.98, older, outside riverbed, pit</description><styleUrl>#old</styleUrl><MultiGeometry><Polygon><outerBoundaryIs><LinearRing><coordinates>76.814728,29.541817 76.814727,29.541726 76.814624,29.541728 76.814622,29.541638 76.814519,29.541639 76.814512,29.541278 76.814616,29.541277 76.814609,29.540916 76.814712,29.540915 76.814714,29.541005 76.814817,29.541003 76.814820,29.541184 76.814924,29.541182 76.814927,29.541363 76.815030,29.541361 76.815032,29.541452 76.815135,29.541450 76.815141,29.541811 76.814728,29.541817</coordinates></LinearRing></outerBoundaryIs></Polygon></MultiGeometry></Placemark><Placemark><name>Pit 423</name><description>0.53 ha, probability 0.98, older, outside riverbed, pit</description><styleUrl>#old</styleUrl><MultiGeometry><Polygon><outerBoundaryIs><LinearRing><coordinates>76.875950,29.660697 76.875948,29.660607 76.875845,29.660608 76.875843,29.660518 76.875740,29.660520 76.875738,29.660429 76.875635,29.660431 76.875631,29.660250 76.875735,29.660249 76.875733,29.660159 76.876663,29.660146 76.876673,29.660687 76.875950,29.660697</coordinates></LinearRing></outerBoundaryIs></Polygon></MultiGeometry></Placemark><Placemark><name>Pit 424</name><description>0.32 ha, probability 0.98, older, outside riverbed, pit</description><styleUrl>#old</styleUrl><MultiGeometry><Polygon><outerBoundaryIs><LinearRing><coordinates>76.707120,29.866536 76.707117,29.866355 76.706910,29.866358 76.706908,29.866268 76.706805,29.866269 76.706806,29.866359 76.706599,29.866362 76.706596,29.866182 76.706493,29.866183 76.706491,29.866093 76.706388,29.866094 76.706386,29.866004 76.706179,29.866007 76.706177,29.865916 76.706591,29.865911 76.706593,29.866001 76.706903,29.865997 76.706905,29.866087 76.707112,29.866085 76.707114,29.866175 76.707321,29.866172 76.707327,29.866533 76.707120,29.866536</coordinates></LinearRing></outerBoundaryIs></Polygon></MultiGeometry></Placemark><Placemark><name>Pit 425</name><description>0.05 ha, probability 0.98, older, Yamuna riverbed, pit</description><styleUrl>#old</styleUrl><MultiGeometry><Polygon><outerBoundaryIs><LinearRing><coordinates>77.137054,29.707627 77.137050,29.707446 77.137257,29.707443 77.137259,29.707533 77.137362,29.707531 77.137364,29.707622 77.137054,29.707627</coordinates></LinearRing></outerBoundaryIs></Polygon></MultiGeometry></Placemark><Placemark><name>Pit 426</name><description>0.58 ha, probability 0.98, older, outside riverbed, pit</description><styleUrl>#old</styleUrl><MultiGeometry><Polygon><outerBoundaryIs><LinearRing><coordinates>76.705166,29.549314 76.705162,29.549043 76.705059,29.549044 76.705044,29.548142 76.705147,29.548141 76.705145,29.548051 76.705248,29.548049 76.705250,29.548140 76.705456,29.548137 76.705459,29.548317 76.705562,29.548316 76.705565,29.548496 76.705669,29.548495 76.705672,29.548676 76.705775,29.548674 76.705779,29.548945 76.705470,29.548949 76.705471,29.549039 76.705368,29.549040 76.705371,29.549221 76.705681,29.549217 76.705682,29.549307 76.705166,29.549314</coordinates></LinearRing></outerBoundaryIs></Polygon></MultiGeometry></Placemark><Placemark><name>Pit 427</name><description>0.07 ha, probability 0.98, older, outside riverbed, pit</description><styleUrl>#old</styleUrl><MultiGeometry><Polygon><outerBoundaryIs><LinearRing><coordinates>76.705093,29.501853 76.705091,29.501762 76.704885,29.501765 76.704883,29.501675 76.704986,29.501674 76.704985,29.501583 76.705191,29.501581 76.705193,29.501671 76.705296,29.501670 76.705297,29.501760 76.705194,29.501761 76.705196,29.501851 76.705093,29.501853</coordinates></LinearRing></outerBoundaryIs></Polygon></MultiGeometry></Placemark><Placemark><name>Pit 428</name><description>0.28 ha, probability 0.98, older, outside riverbed, pit</description><styleUrl>#old</styleUrl><MultiGeometry><Polygon><outerBoundaryIs><LinearRing><coordinates>76.687611,29.666387 76.687610,29.666297 76.687403,29.666300 76.687400,29.666119 76.687504,29.666118 76.687501,29.665938 76.687604,29.665936 76.687602,29.665846 76.687706,29.665845 76.687704,29.665755 76.687807,29.665753 76.687809,29.665843 76.687912,29.665842 76.687917,29.666113 76.688020,29.666111 76.688025,29.666382 76.687611,29.666387</coordinates></LinearRing></outerBoundaryIs></Polygon></MultiGeometry></Placemark><Placemark><name>Pit 429</name><description>0.12 ha, probability 0.98, older, outside riverbed, pit</description><styleUrl>#old</styleUrl><MultiGeometry><Polygon><outerBoundaryIs><LinearRing><coordinates>76.839042,29.687561 76.839037,29.687290 76.839347,29.687286 76.839349,29.687376 76.839555,29.687373 76.839557,29.687463 76.839454,29.687465 76.839455,29.687555 76.839042,29.687561</coordinates></LinearRing></outerBoundaryIs></Polygon></MultiGeometry></Placemark><Placemark><name>Pit 430</name><description>0.21 ha, probability 0.97, older, outside riverbed, pit</description><styleUrl>#old</styleUrl><MultiGeometry><Polygon><outerBoundaryIs><LinearRing><coordinates>76.532339,29.475983 76.532335,29.475712 76.532438,29.475711 76.532435,29.475530 76.532848,29.475525 76.532850,29.475706 76.532747,29.475707 76.532748,29.475797 76.532852,29.475796 76.532853,29.475886 76.532750,29.475888 76.532751,29.475978 76.532339,29.475983</coordinates></LinearRing></outerBoundaryIs></Polygon></MultiGeometry></Placemark><Placemark><name>Pit 431</name><description>0.53 ha, probability 0.97, older, outside riverbed, pit</description><styleUrl>#old</styleUrl><MultiGeometry><Polygon><outerBoundaryIs><LinearRing><coordinates>76.552382,29.478367 76.552380,29.478277 76.552071,29.478280 76.552061,29.477649 76.551958,29.477650 76.551955,29.477470 76.552059,29.477468 76.552057,29.477378 76.552470,29.477373 76.552472,29.477554 76.552679,29.477551 76.552683,29.477822 76.552786,29.477821 76.552790,29.478092 76.552687,29.478093 76.552691,29.478363 76.552382,29.478367</coordinates></LinearRing></outerBoundaryIs></Polygon></MultiGeometry></Placemark><Placemark><name>Pit 432</name><description>0.26 ha, probability 0.97, older, outside riverbed, pit</description><styleUrl>#old</styleUrl><MultiGeometry><Polygon><outerBoundaryIs><LinearRing><coordinates>76.901412,29.575341 76.901409,29.575161 76.901305,29.575163 76.901304,29.575072 76.901201,29.575074 76.901197,29.574893 76.901094,29.574895 76.901092,29.574805 76.901195,29.574803 76.901192,29.574623 76.901295,29.574621 76.901297,29.574712 76.901400,29.574710 76.901402,29.574800 76.901505,29.574799 76.901507,29.574889 76.901610,29.574888 76.901613,29.575068 76.901717,29.575066 76.901718,29.575157 76.901821,29.575155 76.901825,29.575336 76.901722,29.575337 76.901720,29.575247 76.901617,29.575248 76.901618,29.575339 76.901412,29.575341</coordinates></LinearRing></outerBoundaryIs></Polygon></MultiGeometry></Placemark><Placemark><name>Pit 433</name><description>0.13 ha, probability 0.97, older, outside riverbed, pit</description><styleUrl>#old</styleUrl><MultiGeometry><Polygon><outerBoundaryIs><LinearRing><coordinates>76.559781,29.590984 76.559774,29.590533 76.559878,29.590532 76.559875,29.590351 76.559978,29.590350 76.559981,29.590531 76.560084,29.590529 76.560087,29.590710 76.559984,29.590711 76.559986,29.590892 76.559883,29.590893 76.559885,29.590983 76.559781,29.590984</coordinates></LinearRing></outerBoundaryIs></Polygon></MultiGeometry></Placemark><Placemark><name>Pit 434</name><description>0.15 ha, probability 0.97, older, outside riverbed, pit</description><styleUrl>#old</styleUrl><MultiGeometry><Polygon><outerBoundaryIs><LinearRing><coordinates>76.920055,29.496847 76.920054,29.496757 76.919950,29.496758 76.919949,29.496668 76.920155,29.496665 76.920153,29.496575 76.920360,29.496572 76.920358,29.496482 76.920461,29.496480 76.920463,29.496570 76.920566,29.496569 76.920569,29.496749 76.920466,29.496751 76.920468,29.496841 76.920055,29.496847</coordinates></LinearRing></outerBoundaryIs></Polygon></MultiGeometry></Placemark><Placemark><name>Pit 435</name><description>0.43 ha, probability 0.97, older, outside riverbed, pit</description><styleUrl>#old</styleUrl><MultiGeometry><Polygon><outerBoundaryIs><LinearRing><coordinates>76.633831,29.541277 76.633830,29.541187 76.633520,29.541191 76.633519,29.541101 76.633415,29.541102 76.633413,29.540921 76.633516,29.540920 76.633517,29.541010 76.633620,29.541009 76.633617,29.540829 76.633411,29.540831 76.633407,29.540561 76.633613,29.540558 76.633615,29.540648 76.633718,29.540647 76.633716,29.540557 76.633819,29.540555 76.633821,29.540646 76.633924,29.540644 76.633923,29.540554 76.634026,29.540553 76.634027,29.540643 76.634130,29.540642 76.634139,29.541183 76.633933,29.541186 76.633934,29.541276 76.633831,29.541277</coordinates></LinearRing></outerBoundaryIs></Polygon></MultiGeometry></Placemark><Placemark><name>Pit 436</name><description>0.11 ha, probability 0.97, older, outside riverbed, pit</description><styleUrl>#old</styleUrl><MultiGeometry><Polygon><outerBoundaryIs><LinearRing><coordinates>76.797917,29.559730 76.797912,29.559460 76.798325,29.559454 76.798326,29.559544 76.798429,29.559543 76.798431,29.559633 76.798328,29.559634 76.798330,29.559725 76.798226,29.559726 76.798225,29.559636 76.798018,29.559639 76.798020,29.559729 76.797917,29.559730</coordinates></LinearRing></outerBoundaryIs></Polygon></MultiGeometry></Placemark><Placemark><name>Pit 437</name><description>0.04 ha, probability 0.97, older, outside riverbed, pit</description><styleUrl>#old</styleUrl><MultiGeometry><Polygon><outerBoundaryIs><LinearRing><coordinates>77.034553,29.477100 77.034549,29.476919 77.034755,29.476916 77.034759,29.477096 77.034553,29.477100</coordinates></LinearRing></outerBoundaryIs></Polygon></MultiGeometry></Placemark><Placemark><name>Pit 438</name><description>0.95 ha, probability 0.97, older, outside riverbed, pit</description><styleUrl>#old</styleUrl><MultiGeometry><Polygon><outerBoundaryIs><LinearRing><coordinates>76.930470,29.540185 76.930468,29.540095 76.930365,29.540097 76.930361,29.539916 76.930258,29.539918 76.930251,29.539557 76.930148,29.539558 76.930145,29.539378 76.930042,29.539379 76.930038,29.539199 76.930141,29.539197 76.930140,29.539107 76.929933,29.539110 76.929930,29.538930 76.930033,29.538928 76.930031,29.538838 76.929825,29.538841 76.929823,29.538751 76.929927,29.538749 76.929925,29.538659 76.929306,29.538668 76.929304,29.538578 76.929201,29.538580 76.929199,29.538489 76.929096,29.538491 76.929091,29.538220 76.929400,29.538216 76.929402,29.538306 76.929505,29.538304 76.929507,29.538395 76.929610,29.538393 76.929612,29.538483 76.929921,29.538479 76.929923,29.538569 76.930129,29.538566 76.930131,29.538656 76.930234,29.538655 76.930238,29.538835 76.930341,29.538834 76.930343,29.538924 76.930446,29.538922 76.930449,29.539103 76.930552,29.539101 76.930554,29.539191 76.930657,29.539190 76.930674,29.540092 76.930571,29.540094 76.930573,29.540184 76.930470,29.540185</coordinates></LinearRing></outerBoundaryIs></Polygon></MultiGeometry></Placemark><Placemark><name>Pit 439</name><description>0.13 ha, probability 0.97, older, outside riverbed, pit</description><styleUrl>#old</styleUrl><MultiGeometry><Polygon><outerBoundaryIs><LinearRing><coordinates>76.741954,29.528173 76.741950,29.527903 76.742259,29.527899 76.742258,29.527809 76.742361,29.527807 76.742367,29.528168 76.741954,29.528173</coordinates></LinearRing></outerBoundaryIs></Polygon></MultiGeometry></Placemark><Placemark><name>Pit 440</name><description>0.08 ha, probability 0.97, older, outside riverbed, pit</description><styleUrl>#old</styleUrl><MultiGeometry><Polygon><outerBoundaryIs><LinearRing><coordinates>76.611119,29.553646 76.611118,29.553556 76.610911,29.553558 76.610910,29.553468 76.611013,29.553467 76.611011,29.553376 76.611321,29.553373 76.611324,29.553553 76.611221,29.553554 76.611222,29.553645 76.611119,29.553646</coordinates></LinearRing></outerBoundaryIs></Polygon></MultiGeometry></Placemark><Placemark><name>Pit 441</name><description>0.26 ha, probability 0.97, older, outside riverbed, pit</description><styleUrl>#old</styleUrl><MultiGeometry><Polygon><outerBoundaryIs><LinearRing><coordinates>76.680677,29.497471 76.680668,29.496930 76.681184,29.496924 76.681185,29.497014 76.681288,29.497013 76.681296,29.497464 76.680677,29.497471</coordinates></LinearRing></outerBoundaryIs></Polygon></MultiGeometry></Placemark><Placemark><name>Pit 442</name><description>0.04 ha, probability 0.97, older, outside riverbed, pit</description><styleUrl>#old</styleUrl><MultiGeometry><Polygon><outerBoundaryIs><LinearRing><coordinates>76.928245,29.591466 76.928244,29.591375 76.928140,29.591377 76.928139,29.591287 76.928448,29.591282 76.928450,29.591372 76.928347,29.591374 76.928348,29.591464 76.928245,29.591466</coordinates></LinearRing></outerBoundaryIs></Polygon></MultiGeometry></Placemark><Placemark><name>Pit 443</name><description>0.39 ha, probability 0.97, older, outside riverbed, pit</description><styleUrl>#old</styleUrl><MultiGeometry><Polygon><outerBoundaryIs><LinearRing><coordinates>76.741378,29.596846 76.741377,29.596756 76.741480,29.596755 76.741477,29.596574 76.741580,29.596573 76.741577,29.596393 76.741680,29.596391 76.741679,29.596301 76.741782,29.596300 76.741779,29.596119 76.741882,29.596118 76.741880,29.596028 76.742087,29.596025 76.742092,29.596296 76.742195,29.596294 76.742201,29.596655 76.741994,29.596658 76.741996,29.596748 76.741583,29.596754 76.741585,29.596844 76.741378,29.596846</coordinates></LinearRing></outerBoundaryIs></Polygon></MultiGeometry></Placemark><Placemark><name>Pit 444</name><description>0.55 ha, probability 0.97, older, outside riverbed, pit</description><styleUrl>#old</styleUrl><MultiGeometry><Polygon><outerBoundaryIs><LinearRing><coordinates>76.537807,29.585285 76.537805,29.585105 76.537701,29.585106 76.537699,29.584925 76.537595,29.584927 76.537591,29.584656 76.537488,29.584657 76.537484,29.584386 76.537587,29.584385 76.537582,29.584024 76.537479,29.584026 76.537477,29.583935 76.537374,29.583937 76.537373,29.583846 76.537269,29.583848 76.537267,29.583667 76.537576,29.583664 76.537579,29.583844 76.537682,29.583843 76.537685,29.584023 76.537788,29.584022 76.537791,29.584202 76.537894,29.584201 76.537900,29.584562 76.538003,29.584561 76.538004,29.584651 76.538107,29.584650 76.538110,29.584830 76.538007,29.584832 76.538010,29.585012 76.537906,29.585013 76.537911,29.585284 76.537807,29.585285</coordinates></LinearRing></outerBoundaryIs></Polygon></MultiGeometry></Placemark><Placemark><name>Pit 445</name><description>0.17 ha, probability 0.97, older, outside riverbed, pit</description><styleUrl>#old</styleUrl><MultiGeometry><Polygon><outerBoundaryIs><LinearRing><coordinates>76.759817,29.487244 76.759816,29.487154 76.759713,29.487155 76.759711,29.487065 76.759814,29.487064 76.759811,29.486883 76.759914,29.486882 76.759913,29.486792 76.760222,29.486788 76.760228,29.487148 76.759919,29.487152 76.759921,29.487243 76.759817,29.487244</coordinates></LinearRing></outerBoundaryIs></Polygon></MultiGeometry></Placemark><Placemark><name>Pit 446</name><description>0.79 ha, probability 0.97, older, outside riverbed, pit</description><styleUrl>#old</styleUrl><MultiGeometry><Polygon><outerBoundaryIs><LinearRing><coordinates>77.010086,29.454735 77.010084,29.454645 77.009981,29.454646 77.009978,29.454466 77.009875,29.454468 77.009868,29.454107 77.009764,29.454108 77.009759,29.453838 77.009656,29.453839 77.009651,29.453569 77.009857,29.453566 77.009859,29.453656 77.010065,29.453653 77.010067,29.453743 77.010273,29.453740 77.010274,29.453830 77.010481,29.453827 77.010484,29.454007 77.010587,29.454006 77.010589,29.454096 77.010692,29.454094 77.010696,29.454275 77.010799,29.454273 77.010800,29.454363 77.010697,29.454365 77.010699,29.454455 77.010596,29.454457 77.010598,29.454547 77.010392,29.454550 77.010393,29.454640 77.010290,29.454642 77.010292,29.454732 77.010086,29.454735</coordinates></LinearRing></outerBoundaryIs></Polygon></MultiGeometry></Placemark><Placemark><name>Pit 447</name><description>0.04 ha, probability 0.97, older, outside riverbed, pit</description><styleUrl>#old</styleUrl><MultiGeometry><Polygon><outerBoundaryIs><LinearRing><coordinates>77.105417,29.810802 77.105411,29.810531 77.105515,29.810530 77.105518,29.810710 77.105622,29.810708 77.105624,29.810799 77.105417,29.810802</coordinates></LinearRing></outerBoundaryIs></Polygon></MultiGeometry></Placemark><Placemark><name>Pit 448</name><description>0.23 ha, probability 0.97, older, outside riverbed, likely village pond</description><styleUrl>#pond</styleUrl><MultiGeometry><Polygon><outerBoundaryIs><LinearRing><coordinates>76.941098,29.841197 76.941096,29.841107 76.940993,29.841109 76.940991,29.841018 76.940888,29.841020 76.940886,29.840930 76.940989,29.840928 76.940987,29.840838 76.941091,29.840836 76.941089,29.840746 76.940986,29.840748 76.940982,29.840567 76.941189,29.840564 76.941191,29.840655 76.941294,29.840653 76.941293,29.840563 76.941396,29.840561 76.941398,29.840652 76.941501,29.840650 76.941505,29.840830 76.941298,29.840833 76.941303,29.841104 76.941200,29.841106 76.941201,29.841196 76.941098,29.841197</coordinates></LinearRing></outerBoundaryIs></Polygon></MultiGeometry></Placemark><Placemark><name>Pit 449</name><description>0.92 ha, probability 0.97, older, outside riverbed, pit</description><styleUrl>#old</styleUrl><MultiGeometry><Polygon><outerBoundaryIs><LinearRing><coordinates>76.707825,29.871489 76.707824,29.871399 76.707720,29.871400 76.707717,29.871220 76.707614,29.871221 76.707609,29.870951 76.707712,29.870949 76.707709,29.870769 76.707606,29.870770 76.707604,29.870680 76.707708,29.870679 76.707706,29.870588 76.707810,29.870587 76.707808,29.870497 76.707912,29.870496 76.707910,29.870405 76.708117,29.870403 76.708116,29.870312 76.708426,29.870308 76.708425,29.870218 76.708632,29.870216 76.708633,29.870306 76.708737,29.870304 76.708738,29.870395 76.708531,29.870397 76.708533,29.870488 76.708636,29.870486 76.708642,29.870847 76.708539,29.870848 76.708541,29.870939 76.708644,29.870937 76.708649,29.871208 76.708442,29.871211 76.708443,29.871301 76.708236,29.871303 76.708238,29.871394 76.707927,29.871398 76.707929,29.871488 76.707825,29.871489</coordinates></LinearRing></outerBoundaryIs></Polygon></MultiGeometry></Placemark><Placemark><name>Pit 450</name><description>0.03 ha, probability 0.97, older, outside riverbed, pit</description><styleUrl>#old</styleUrl><MultiGeometry><Polygon><outerBoundaryIs><LinearRing><coordinates>77.047945,29.665639 77.047941,29.665459 77.048044,29.665457 77.048046,29.665547 77.048150,29.665546 77.048151,29.665636 77.047945,29.665639</coordinates></LinearRing></outerBoundaryIs></Polygon></MultiGeometry></Placemark><Placemark><name>Pit 451</name><description>0.11 ha, probability 0.97, older, outside riverbed, pit</description><styleUrl>#old</styleUrl><MultiGeometry><Polygon><outerBoundaryIs><LinearRing><coordinates>76.819374,29.760104 76.819370,29.759923 76.819267,29.759925 76.819269,29.760015 76.819062,29.760018 76.819060,29.759928 76.819164,29.759926 76.819162,29.759836 76.818955,29.759839 76.818950,29.759568 76.819054,29.759567 76.819055,29.759657 76.819159,29.759655 76.819162,29.759836 76.819369,29.759833 76.819370,29.759923 76.819474,29.759922 76.819477,29.760102 76.819374,29.760104</coordinates></LinearRing></outerBoundaryIs></Polygon></MultiGeometry></Placemark><Placemark><name>Pit 452</name><description>0.06 ha, probability 0.97, older, outside riverbed, pit</description><styleUrl>#old</styleUrl><MultiGeometry><Polygon><outerBoundaryIs><LinearRing><coordinates>77.058984,29.690278 77.058979,29.690008 77.059185,29.690005 77.059191,29.690275 77.058984,29.690278</coordinates></LinearRing></outerBoundaryIs></Polygon></MultiGeometry></Placemark><Placemark><name>Pit 453</name><description>0.44 ha, probability 0.97, older, outside riverbed, pit</description><styleUrl>#old</styleUrl><MultiGeometry><Polygon><outerBoundaryIs><LinearRing><coordinates>77.140564,29.896845 77.140554,29.896394 77.140658,29.896392 77.140654,29.896212 77.140758,29.896210 77.140756,29.896120 77.141170,29.896113 77.141175,29.896384 77.141279,29.896382 77.141283,29.896562 77.141179,29.896564 77.141185,29.896834 77.141082,29.896836 77.141080,29.896746 77.140873,29.896749 77.140875,29.896839 77.140564,29.896845</coordinates></LinearRing></outerBoundaryIs></Polygon></MultiGeometry></Placemark><Placemark><name>Pit 454</name><description>0.17 ha, probability 0.97, older, outside riverbed, pit</description><styleUrl>#old</styleUrl><MultiGeometry><Polygon><outerBoundaryIs><LinearRing><coordinates>76.845941,29.759645 76.845940,29.759555 76.846250,29.759551 76.846246,29.759370 76.846143,29.759372 76.846141,29.759282 76.846038,29.759283 76.846036,29.759193 76.845623,29.759199 76.845621,29.759108 76.846241,29.759100 76.846245,29.759280 76.846348,29.759279 76.846353,29.759549 76.846456,29.759548 76.846458,29.759638 76.845941,29.759645</coordinates></LinearRing></outerBoundaryIs></Polygon></MultiGeometry></Placemark><Placemark><name>Pit 455</name><description>0.93 ha, probability 0.97, older, outside riverbed, likely village pond</description><styleUrl>#pond</styleUrl><MultiGeometry><Polygon><outerBoundaryIs><LinearRing><coordinates>76.821212,29.644317 76.821211,29.644227 76.821108,29.644229 76.821104,29.644048 76.821001,29.644050 76.820990,29.643418 76.821196,29.643415 76.821195,29.643325 76.821608,29.643319 76.821606,29.643229 76.822122,29.643222 76.822126,29.643403 76.822229,29.643401 76.822230,29.643491 76.822127,29.643493 76.822132,29.643763 76.822029,29.643765 76.822030,29.643855 76.821927,29.643856 76.821929,29.643947 76.821826,29.643948 76.821827,29.644038 76.821724,29.644040 76.821726,29.644130 76.821519,29.644133 76.821521,29.644223 76.821314,29.644226 76.821316,29.644316 76.821212,29.644317</coordinates></LinearRing></outerBoundaryIs></Polygon></MultiGeometry></Placemark><Placemark><name>Pit 456</name><description>0.20 ha, probability 0.97, older, outside riverbed, pit</description><styleUrl>#old</styleUrl><MultiGeometry><Polygon><outerBoundaryIs><LinearRing><coordinates>76.944958,29.858824 76.944957,29.858734 76.945163,29.858731 76.945162,29.858640 76.945369,29.858637 76.945367,29.858547 76.945470,29.858546 76.945469,29.858456 76.945779,29.858451 76.945781,29.858541 76.945884,29.858540 76.945888,29.858720 76.945474,29.858726 76.945476,29.858816 76.944958,29.858824</coordinates></LinearRing></outerBoundaryIs></Polygon></MultiGeometry></Placemark><Placemark><name>Pit 457</name><description>0.66 ha, probability 0.97, older, outside riverbed, pit</description><styleUrl>#old</styleUrl><MultiGeometry><Polygon><outerBoundaryIs><LinearRing><coordinates>76.877759,29.846534 76.877749,29.845993 76.877645,29.845995 76.877638,29.845634 76.877949,29.845629 76.877947,29.845539 76.878154,29.845536 76.878156,29.845626 76.878363,29.845623 76.878380,29.846525 76.877759,29.846534</coordinates></LinearRing></outerBoundaryIs></Polygon></MultiGeometry></Placemark><Placemark><name>Pit 458</name><description>0.05 ha, probability 0.97, older, outside riverbed, pit</description><styleUrl>#old</styleUrl><MultiGeometry><Polygon><outerBoundaryIs><LinearRing><coordinates>76.847337,29.768107 76.847334,29.767927 76.847541,29.767924 76.847543,29.768014 76.847646,29.768012 76.847648,29.768103 76.847337,29.768107</coordinates></LinearRing></outerBoundaryIs></Polygon></MultiGeometry></Placemark><Placemark><name>Pit 459</name><description>0.04 ha, probability 0.97, older, outside riverbed, pit</description><styleUrl>#old</styleUrl><MultiGeometry><Polygon><outerBoundaryIs><LinearRing><coordinates>77.175363,29.883013 77.175357,29.882743 77.175461,29.882741 77.175465,29.882922 77.175568,29.882920 77.175570,29.883010 77.175363,29.883013</coordinates></LinearRing></outerBoundaryIs></Polygon></MultiGeometry></Placemark><Placemark><name>Pit 460</name><description>0.28 ha, probability 0.97, older, outside riverbed, pit</description><styleUrl>#old</styleUrl><MultiGeometry><Polygon><outerBoundaryIs><LinearRing><coordinates>76.928892,29.889916 76.928887,29.889645 76.928990,29.889643 76.928989,29.889553 76.929506,29.889546 76.929508,29.889636 76.929715,29.889633 76.929718,29.889813 76.929615,29.889815 76.929617,29.889905 76.928892,29.889916</coordinates></LinearRing></outerBoundaryIs></Polygon></MultiGeometry></Placemark><Placemark><name>Pit 461</name><description>1.70 ha, probability 0.97, older, outside riverbed, pit</description><styleUrl>#old</styleUrl><MultiGeometry><Polygon><outerBoundaryIs><LinearRing><coordinates>76.946673,29.722924 76.946669,29.722743 76.946566,29.722745 76.946568,29.722835 76.946464,29.722837 76.946463,29.722746 76.945946,29.722754 76.945944,29.722664 76.945841,29.722665 76.945839,29.722575 76.945736,29.722577 76.945734,29.722486 76.945631,29.722488 76.945629,29.722398 76.945526,29.722399 76.945522,29.722219 76.945315,29.722222 76.945310,29.721951 76.945414,29.721950 76.945410,29.721769 76.945513,29.721768 76.945512,29.721678 76.945615,29.721676 76.945613,29.721586 76.945820,29.721583 76.945818,29.721493 76.946128,29.721488 76.946130,29.721578 76.946337,29.721575 76.946338,29.721665 76.946442,29.721664 76.946445,29.721844 76.946548,29.721843 76.946550,29.721933 76.946654,29.721932 76.946655,29.722022 76.946759,29.722020 76.946760,29.722110 76.946864,29.722109 76.946867,29.722289 76.946971,29.722288 76.946972,29.722378 76.947076,29.722376 76.947074,29.722286 76.947177,29.722285 76.947188,29.722826 76.946981,29.722829 76.946983,29.722919 76.946673,29.722924</coordinates></LinearRing></outerBoundaryIs></Polygon></MultiGeometry></Placemark><Placemark><name>Pit 462</name><description>0.08 ha, probability 0.97, older, outside riverbed, pit</description><styleUrl>#old</styleUrl><MultiGeometry><Polygon><outerBoundaryIs><LinearRing><coordinates>76.947505,29.846065 76.947502,29.845885 76.947812,29.845880 76.947810,29.845790 76.947914,29.845788 76.947917,29.845969 76.947814,29.845970 76.947816,29.846061 76.947505,29.846065</coordinates></LinearRing></outerBoundaryIs></Polygon></MultiGeometry></Placemark><Placemark><name>Pit 463</name><description>0.16 ha, probability 0.96, older, outside riverbed, pit</description><styleUrl>#old</styleUrl><MultiGeometry><Polygon><outerBoundaryIs><LinearRing><coordinates>77.067404,29.733092 77.067403,29.733002 77.067196,29.733005 77.067190,29.732734 77.067604,29.732728 77.067606,29.732818 77.067709,29.732817 77.067713,29.732997 77.067609,29.732999 77.067611,29.733089 77.067404,29.733092</coordinates></LinearRing></outerBoundaryIs></Polygon></MultiGeometry></Placemark><Placemark><name>Pit 464</name><description>0.04 ha, probability 0.96, older, outside riverbed, pit</description><styleUrl>#old</styleUrl><MultiGeometry><Polygon><outerBoundaryIs><LinearRing><coordinates>76.954228,29.867078 76.954224,29.866897 76.954431,29.866894 76.954435,29.867075 76.954228,29.867078</coordinates></LinearRing></outerBoundaryIs></Polygon></MultiGeometry></Placemark><Placemark><name>Pit 465</name><description>0.69 ha, probability 0.96, older, outside riverbed, pit</description><styleUrl>#old</styleUrl><MultiGeometry><Polygon><outerBoundaryIs><LinearRing><coordinates>76.924956,29.559574 76.924954,29.559483 76.924851,29.559485 76.924841,29.558944 76.924944,29.558942 76.924942,29.558852 76.925149,29.558849 76.925147,29.558759 76.925456,29.558754 76.925458,29.558844 76.925664,29.558841 76.925668,29.559022 76.925771,29.559020 76.925774,29.559201 76.925878,29.559199 76.925881,29.559380 76.925778,29.559381 76.925780,29.559471 76.925470,29.559476 76.925472,29.559566 76.924956,29.559574</coordinates></LinearRing></outerBoundaryIs></Polygon></MultiGeometry></Placemark><Placemark><name>Pit 466</name><description>0.20 ha, probability 0.96, older, outside riverbed, pit</description><styleUrl>#old</styleUrl><MultiGeometry><Polygon><outerBoundaryIs><LinearRing><coordinates>76.900956,29.890953 76.900953,29.890772 76.900849,29.890774 76.900847,29.890684 76.901054,29.890681 76.901056,29.890771 76.901160,29.890769 76.901156,29.890589 76.901053,29.890590 76.901051,29.890500 76.900947,29.890502 76.900946,29.890412 76.901463,29.890404 76.901462,29.890314 76.901565,29.890312 76.901567,29.890403 76.901463,29.890404 76.901467,29.890584 76.901260,29.890587 76.901263,29.890768 76.901367,29.890766 76.901368,29.890857 76.901472,29.890855 76.901474,29.890945 76.901267,29.890948 76.901263,29.890768 76.901160,29.890769 76.901161,29.890860 76.901058,29.890861 76.901060,29.890951 76.900956,29.890953</coordinates></LinearRing></outerBoundaryIs></Polygon></MultiGeometry></Placemark><Placemark><name>Pit 467</name><description>0.09 ha, probability 0.96, older, outside riverbed, pit</description><styleUrl>#old</styleUrl><MultiGeometry><Polygon><outerBoundaryIs><LinearRing><coordinates>76.673414,29.626324 76.673410,29.626054 76.673719,29.626050 76.673724,29.626320 76.673414,29.626324</coordinates></LinearRing></outerBoundaryIs></Polygon></MultiGeometry></Placemark><Placemark><name>Pit 468</name><description>0.19 ha, probability 0.96, older, outside riverbed, pit</description><styleUrl>#old</styleUrl><MultiGeometry><Polygon><outerBoundaryIs><LinearRing><coordinates>76.989943,29.621231 76.989941,29.621141 76.989838,29.621142 76.989833,29.620872 76.989936,29.620870 76.989938,29.620960 76.990041,29.620959 76.990043,29.621049 76.990249,29.621046 76.990244,29.620775 76.990141,29.620777 76.990137,29.620596 76.990240,29.620595 76.990239,29.620505 76.990342,29.620503 76.990354,29.621134 76.990251,29.621136 76.990253,29.621226 76.989943,29.621231</coordinates></LinearRing></outerBoundaryIs></Polygon></MultiGeometry></Placemark><Placemark><name>Pit 469</name><description>0.18 ha, probability 0.96, older, outside riverbed, pit</description><styleUrl>#old</styleUrl><MultiGeometry><Polygon><outerBoundaryIs><LinearRing><coordinates>76.771251,29.787374 76.771250,29.787284 76.771146,29.787285 76.771145,29.787195 76.771041,29.787196 76.771038,29.787016 76.771141,29.787015 76.771140,29.786924 76.771036,29.786926 76.771035,29.786835 76.770931,29.786837 76.770930,29.786747 76.771240,29.786743 76.771245,29.787013 76.771348,29.787012 76.771350,29.787102 76.771453,29.787101 76.771458,29.787371 76.771251,29.787374</coordinates></LinearRing></outerBoundaryIs></Polygon></MultiGeometry></Placemark><Placemark><name>Pit 470</name><description>0.16 ha, probability 0.96, new, outside riverbed, pit</description><styleUrl>#new</styleUrl><MultiGeometry><Polygon><outerBoundaryIs><LinearRing><coordinates>76.946951,29.576396 76.946944,29.576035 76.947047,29.576033 76.947043,29.575853 76.947147,29.575851 76.947148,29.575942 76.947252,29.575940 76.947253,29.576030 76.947356,29.576029 76.947360,29.576209 76.947257,29.576211 76.947258,29.576301 76.947155,29.576302 76.947157,29.576393 76.946951,29.576396</coordinates></LinearRing></outerBoundaryIs></Polygon></MultiGeometry></Placemark><Placemark><name>Pit 471</name><description>0.06 ha, probability 0.96, older, outside riverbed, pit</description><styleUrl>#old</styleUrl><MultiGeometry><Polygon><outerBoundaryIs><LinearRing><coordinates>76.972446,29.698272 76.972442,29.698092 76.972752,29.698087 76.972756,29.698268 76.972446,29.698272</coordinates></LinearRing></outerBoundaryIs></Polygon></MultiGeometry></Placemark><Placemark><name>Pit 472</name><description>0.06 ha, probability 0.96, older, outside riverbed, pit</description><styleUrl>#old</styleUrl><MultiGeometry><Polygon><outerBoundaryIs><LinearRing><coordinates>76.816721,29.687508 76.816719,29.687417 76.816823,29.687416 76.816819,29.687236 76.816923,29.687234 76.816924,29.687324 76.817028,29.687323 76.817031,29.687503 76.816721,29.687508</coordinates></LinearRing></outerBoundaryIs></Polygon></MultiGeometry></Placemark><Placemark><name>Pit 473</name><description>0.19 ha, probability 0.96, older, outside riverbed, pit</description><styleUrl>#old</styleUrl><MultiGeometry><Polygon><outerBoundaryIs><LinearRing><coordinates>76.900968,29.891584 76.900966,29.891494 76.901173,29.891491 76.901170,29.891311 76.901066,29.891312 76.901068,29.891402 76.900861,29.891405 76.900856,29.891135 76.900959,29.891133 76.900958,29.891043 76.901268,29.891038 76.901270,29.891129 76.901166,29.891130 76.901170,29.891311 76.901273,29.891309 76.901272,29.891219 76.901375,29.891217 76.901379,29.891398 76.901275,29.891399 76.901277,29.891489 76.901380,29.891488 76.901382,29.891578 76.900968,29.891584</coordinates></LinearRing></outerBoundaryIs></Polygon></MultiGeometry></Placemark><Placemark><name>Pit 474</name><description>0.18 ha, probability 0.96, older, outside riverbed, pit</description><styleUrl>#old</styleUrl><MultiGeometry><Polygon><outerBoundaryIs><LinearRing><coordinates>76.876756,29.676295 76.876754,29.676204 76.876651,29.676206 76.876648,29.676026 76.876751,29.676024 76.876749,29.675934 76.877059,29.675929 76.877061,29.676020 76.877267,29.676017 76.877271,29.676197 76.877064,29.676200 76.877066,29.676290 76.876756,29.676295</coordinates></LinearRing></outerBoundaryIs></Polygon></MultiGeometry></Placemark><Placemark><name>Pit 475</name><description>0.18 ha, probability 0.96, older, outside riverbed, pit</description><styleUrl>#old</styleUrl><MultiGeometry><Polygon><outerBoundaryIs><LinearRing><coordinates>76.819592,29.760732 76.819587,29.760462 76.819690,29.760460 76.819689,29.760370 76.819999,29.760366 76.820001,29.760456 76.820104,29.760455 76.820109,29.760725 76.819592,29.760732</coordinates></LinearRing></outerBoundaryIs></Polygon></MultiGeometry></Placemark><Placemark><name>Pit 476</name><description>0.10 ha, probability 0.96, older, outside riverbed, pit</description><styleUrl>#old</styleUrl><MultiGeometry><Polygon><outerBoundaryIs><LinearRing><coordinates>77.022584,29.802172 77.022582,29.802082 77.022272,29.802086 77.022270,29.801996 77.022580,29.801992 77.022579,29.801901 77.022682,29.801900 77.022684,29.801990 77.022891,29.801987 77.022894,29.802167 77.022584,29.802172</coordinates></LinearRing></outerBoundaryIs></Polygon></MultiGeometry></Placemark><Placemark><name>Pit 477</name><description>0.73 ha, probability 0.96, older, outside riverbed, pit</description><styleUrl>#old</styleUrl><MultiGeometry><Polygon><outerBoundaryIs><LinearRing><coordinates>77.021817,29.722789 77.021815,29.722699 77.021608,29.722702 77.021606,29.722612 77.021710,29.722611 77.021706,29.722430 77.021913,29.722427 77.021911,29.722337 77.021808,29.722339 77.021806,29.722248 77.021702,29.722250 77.021701,29.722160 77.021494,29.722163 77.021492,29.722073 77.021079,29.722079 77.021075,29.721899 77.021179,29.721897 77.021177,29.721807 77.021280,29.721805 77.021278,29.721715 77.021382,29.721713 77.021380,29.721623 77.021483,29.721622 77.021481,29.721532 77.021791,29.721527 77.021790,29.721437 77.022100,29.721432 77.022116,29.722244 77.022012,29.722245 77.022014,29.722335 77.022118,29.722334 77.022121,29.722514 77.022018,29.722516 77.022020,29.722606 77.021916,29.722608 77.021920,29.722788 77.021817,29.722789</coordinates></LinearRing></outerBoundaryIs></Polygon></MultiGeometry></Placemark><Placemark><name>Pit 478</name><description>0.23 ha, probability 0.96, older, outside riverbed, pit</description><styleUrl>#old</styleUrl><MultiGeometry><Polygon><outerBoundaryIs><LinearRing><coordinates>76.980892,29.885897 76.980887,29.885626 76.980784,29.885628 76.980776,29.885267 76.980466,29.885272 76.980462,29.885091 76.980566,29.885090 76.980568,29.885180 76.980671,29.885179 76.980669,29.885088 76.980773,29.885087 76.980775,29.885177 76.980878,29.885175 76.980880,29.885266 76.981087,29.885262 76.981090,29.885443 76.980987,29.885444 76.980989,29.885535 76.981092,29.885533 76.981099,29.885894 76.980892,29.885897</coordinates></LinearRing></outerBoundaryIs></Polygon></MultiGeometry></Placemark><Placemark><name>Pit 479</name><description>0.10 ha, probability 0.96, older, outside riverbed, pit</description><styleUrl>#old</styleUrl><MultiGeometry><Polygon><outerBoundaryIs><LinearRing><coordinates>76.707103,29.822956 76.707098,29.822685 76.707408,29.822681 76.707410,29.822772 76.707513,29.822770 76.707515,29.822860 76.707412,29.822862 76.707413,29.822952 76.707103,29.822956</coordinates></LinearRing></outerBoundaryIs></Polygon></MultiGeometry></Placemark><Placemark><name>Pit 480</name><description>0.05 ha, probability 0.96, new, outside riverbed, pit</description><styleUrl>#new</styleUrl><MultiGeometry><Polygon><outerBoundaryIs><LinearRing><coordinates>76.666673,29.524086 76.666671,29.523996 76.666878,29.523993 76.666876,29.523903 76.666773,29.523904 76.666772,29.523814 76.666978,29.523811 76.666981,29.523992 76.666878,29.523993 76.666879,29.524083 76.666673,29.524086</coordinates></LinearRing></outerBoundaryIs></Polygon></MultiGeometry></Placemark><Placemark><name>Pit 481</name><description>0.85 ha, probability 0.96, older, outside riverbed, pit</description><styleUrl>#old</styleUrl><MultiGeometry><Polygon><outerBoundaryIs><LinearRing><coordinates>77.105282,29.898044 77.105280,29.897954 77.105073,29.897957 77.105071,29.897867 77.104968,29.897869 77.104956,29.897327 77.104853,29.897329 77.104847,29.897059 77.104744,29.897060 77.104742,29.896970 77.104638,29.896972 77.104636,29.896882 77.104326,29.896886 77.104320,29.896616 77.104631,29.896611 77.104634,29.896791 77.104841,29.896788 77.104840,29.896698 77.105047,29.896695 77.105045,29.896604 77.105148,29.896603 77.105152,29.896783 77.105255,29.896781 77.105259,29.896962 77.105156,29.896963 77.105160,29.897144 77.105263,29.897142 77.105271,29.897503 77.105685,29.897496 77.105687,29.897586 77.105790,29.897585 77.105800,29.898036 77.105282,29.898044</coordinates></LinearRing></outerBoundaryIs></Polygon></MultiGeometry></Placemark><Placemark><name>Pit 482</name><description>0.06 ha, probability 0.96, older, outside riverbed, likely village pond</description><styleUrl>#pond</styleUrl><MultiGeometry><Polygon><outerBoundaryIs><LinearRing><coordinates>76.632367,29.565748 76.632364,29.565568 76.632261,29.565569 76.632259,29.565479 76.632363,29.565478 76.632361,29.565388 76.632464,29.565386 76.632467,29.565567 76.632570,29.565565 76.632572,29.565656 76.632469,29.565657 76.632470,29.565747 76.632367,29.565748</coordinates></LinearRing></outerBoundaryIs></Polygon></MultiGeometry></Placemark><Placemark><name>Pit 483</name><description>0.11 ha, probability 0.96, older, outside riverbed, pit</description><styleUrl>#old</styleUrl><MultiGeometry><Polygon><outerBoundaryIs><LinearRing><coordinates>77.069620,29.528256 77.069613,29.527895 77.069716,29.527894 77.069714,29.527803 77.069611,29.527805 77.069609,29.527715 77.069816,29.527712 77.069827,29.528253 77.069620,29.528256</coordinates></LinearRing></outerBoundaryIs></Polygon></MultiGeometry></Placemark><Placemark><name>Pit 484</name><description>0.09 ha, probability 0.96, older, outside riverbed, pit</description><styleUrl>#old</styleUrl><MultiGeometry><Polygon><outerBoundaryIs><LinearRing><coordinates>76.803214,29.839273 76.803209,29.839002 76.803416,29.838999 76.803418,29.839090 76.803521,29.839088 76.803523,29.839178 76.803626,29.839177 76.803628,29.839267 76.803214,29.839273</coordinates></LinearRing></outerBoundaryIs></Polygon></MultiGeometry></Placemark><Placemark><name>Pit 485</name><description>0.06 ha, probability 0.96, older, outside riverbed, likely village pond</description><styleUrl>#pond</styleUrl><MultiGeometry><Polygon><outerBoundaryIs><LinearRing><coordinates>76.992025,29.601080 76.992020,29.600809 76.992123,29.600808 76.992125,29.600898 76.992228,29.600896 76.992230,29.600986 76.992333,29.600985 76.992335,29.601075 76.992025,29.601080</coordinates></LinearRing></outerBoundaryIs></Polygon></MultiGeometry></Placemark><Placemark><name>Pit 486</name><description>0.10 ha, probability 0.96, older, outside riverbed, pit</description><styleUrl>#old</styleUrl><MultiGeometry><Polygon><outerBoundaryIs><LinearRing><coordinates>77.108563,29.827622 77.108561,29.827532 77.108458,29.827534 77.108456,29.827444 77.108559,29.827442 77.108558,29.827352 77.108661,29.827350 77.108659,29.827260 77.108763,29.827258 77.108764,29.827349 77.108868,29.827347 77.108872,29.827527 77.108768,29.827529 77.108770,29.827619 77.108563,29.827622</coordinates></LinearRing></outerBoundaryIs></Polygon></MultiGeometry></Placemark><Placemark><name>Pit 487</name><description>0.41 ha, probability 0.96, older, outside riverbed, pit</description><styleUrl>#old</styleUrl><MultiGeometry><Polygon><outerBoundaryIs><LinearRing><coordinates>77.106005,29.897942 77.106001,29.897762 77.105897,29.897764 77.105892,29.897493 77.105995,29.897491 77.105993,29.897401 77.106511,29.897393 77.106513,29.897483 77.106616,29.897481 77.106620,29.897662 77.106724,29.897660 77.106729,29.897931 77.106005,29.897942</coordinates></LinearRing></outerBoundaryIs></Polygon></MultiGeometry></Placemark><Placemark><name>Pit 488</name><description>0.45 ha, probability 0.96, older, outside riverbed, pit</description><styleUrl>#old</styleUrl><MultiGeometry><Polygon><outerBoundaryIs><LinearRing><coordinates>76.882906,29.501348 76.882904,29.501258 76.882389,29.501265 76.882387,29.501175 76.882284,29.501177 76.882279,29.500906 76.882691,29.500900 76.882693,29.500990 76.882796,29.500989 76.882795,29.500899 76.883001,29.500896 76.882997,29.500715 76.882894,29.500717 76.882893,29.500627 76.882996,29.500625 76.882994,29.500535 76.883200,29.500532 76.883214,29.501254 76.883111,29.501255 76.883112,29.501345 76.882906,29.501348</coordinates></LinearRing></outerBoundaryIs></Polygon></MultiGeometry></Placemark><Placemark><name>Pit 489</name><description>0.48 ha, probability 0.96, older, outside riverbed, pit</description><styleUrl>#old</styleUrl><MultiGeometry><Polygon><outerBoundaryIs><LinearRing><coordinates>76.725575,29.735646 76.725574,29.735555 76.725471,29.735557 76.725469,29.735467 76.725262,29.735469 76.725261,29.735379 76.725157,29.735380 76.725150,29.734929 76.725046,29.734931 76.725043,29.734750 76.725560,29.734744 76.725562,29.734834 76.725665,29.734832 76.725666,29.734923 76.725770,29.734921 76.725778,29.735372 76.725674,29.735374 76.725679,29.735644 76.725575,29.735646</coordinates></LinearRing></outerBoundaryIs></Polygon></MultiGeometry></Placemark><Placemark><name>Pit 490</name><description>0.04 ha, probability 0.95, older, outside riverbed, pit</description><styleUrl>#old</styleUrl><MultiGeometry><Polygon><outerBoundaryIs><LinearRing><coordinates>77.060930,29.481205 77.060926,29.481024 77.060823,29.481026 77.060821,29.480936 77.060924,29.480934 77.060926,29.481024 77.061132,29.481021 77.061134,29.481111 77.061031,29.481113 77.061033,29.481203 77.060930,29.481205</coordinates></LinearRing></outerBoundaryIs></Polygon></MultiGeometry></Placemark><Placemark><name>Pit 491</name><description>0.09 ha, probability 0.95, older, outside riverbed, pit</description><styleUrl>#old</styleUrl><MultiGeometry><Polygon><outerBoundaryIs><LinearRing><coordinates>76.897618,29.692328 76.897616,29.692238 76.897513,29.692239 76.897511,29.692149 76.897615,29.692148 76.897613,29.692058 76.897923,29.692053 76.897924,29.692143 76.898028,29.692142 76.898029,29.692232 76.897720,29.692237 76.897721,29.692327 76.897618,29.692328</coordinates></LinearRing></outerBoundaryIs></Polygon></MultiGeometry></Placemark><Placemark><name>Pit 492</name><description>0.05 ha, probability 0.95, older, outside riverbed, pit</description><styleUrl>#old</styleUrl><MultiGeometry><Polygon><outerBoundaryIs><LinearRing><coordinates>76.631854,29.565935 76.631852,29.565845 76.631749,29.565846 76.631748,29.565756 76.631954,29.565753 76.631953,29.565663 76.632056,29.565662 76.632059,29.565842 76.631956,29.565844 76.631957,29.565934 76.631854,29.565935</coordinates></LinearRing></outerBoundaryIs></Polygon></MultiGeometry></Placemark><Placemark><name>Pit 493</name><description>0.13 ha, probability 0.95, older, outside riverbed, pit</description><styleUrl>#old</styleUrl><MultiGeometry><Polygon><outerBoundaryIs><LinearRing><coordinates>76.840564,29.765314 76.840559,29.765044 76.840456,29.765045 76.840454,29.764955 76.840868,29.764949 76.840874,29.765310 76.840564,29.765314</coordinates></LinearRing></outerBoundaryIs></Polygon></MultiGeometry></Placemark><Placemark><name>Pit 494</name><description>0.08 ha, probability 0.95, older, outside riverbed, likely village pond</description><styleUrl>#pond</styleUrl><MultiGeometry><Polygon><outerBoundaryIs><LinearRing><coordinates>76.823253,29.757343 76.823252,29.757253 76.823355,29.757252 76.823353,29.757162 76.823457,29.757160 76.823455,29.757070 76.823558,29.757069 76.823560,29.757159 76.823663,29.757157 76.823667,29.757338 76.823253,29.757343</coordinates></LinearRing></outerBoundaryIs></Polygon></MultiGeometry></Placemark><Placemark><name>Pit 495</name><description>0.40 ha, probability 0.95, older, outside riverbed, pit</description><styleUrl>#old</styleUrl><MultiGeometry><Polygon><outerBoundaryIs><LinearRing><coordinates>76.703290,29.591205 76.703288,29.591115 76.703495,29.591112 76.703493,29.591022 76.703287,29.591025 76.703284,29.590844 76.703180,29.590846 76.703182,29.590936 76.702975,29.590938 76.702977,29.591029 76.702770,29.591031 76.702769,29.590941 76.702872,29.590940 76.702869,29.590759 76.702972,29.590758 76.702971,29.590668 76.703177,29.590665 76.703176,29.590575 76.703073,29.590576 76.703071,29.590486 76.703174,29.590485 76.703173,29.590395 76.703482,29.590391 76.703484,29.590481 76.703587,29.590479 76.703599,29.591201 76.703290,29.591205</coordinates></LinearRing></outerBoundaryIs></Polygon></MultiGeometry></Placemark><Placemark><name>Pit 496</name><description>0.27 ha, probability 0.95, older, outside riverbed, pit</description><styleUrl>#old</styleUrl><MultiGeometry><Polygon><outerBoundaryIs><LinearRing><coordinates>76.660035,29.509281 76.660033,29.509190 76.659930,29.509192 76.659928,29.509101 76.660032,29.509100 76.660027,29.508829 76.659718,29.508833 76.659710,29.508382 76.660020,29.508378 76.660023,29.508559 76.660126,29.508558 76.660129,29.508738 76.660232,29.508737 76.660233,29.508827 76.660130,29.508828 76.660133,29.509009 76.660236,29.509007 76.660239,29.509188 76.660136,29.509189 76.660138,29.509279 76.660035,29.509281</coordinates></LinearRing></outerBoundaryIs></Polygon></MultiGeometry></Placemark><Placemark><name>Pit 497</name><description>0.63 ha, probability 0.95, older, outside riverbed, likely village pond</description><styleUrl>#pond</styleUrl><MultiGeometry><Polygon><outerBoundaryIs><LinearRing><coordinates>76.884691,29.553113 76.884689,29.553023 76.884483,29.553026 76.884481,29.552936 76.884275,29.552939 76.884273,29.552849 76.884170,29.552850 76.884168,29.552760 76.883962,29.552763 76.883960,29.552673 76.883857,29.552674 76.883854,29.552494 76.883751,29.552495 76.883742,29.552044 76.883845,29.552043 76.883847,29.552133 76.883950,29.552131 76.883952,29.552222 76.884055,29.552220 76.884057,29.552310 76.884263,29.552307 76.884268,29.552578 76.884474,29.552575 76.884473,29.552485 76.884370,29.552486 76.884368,29.552396 76.884471,29.552395 76.884473,29.552485 76.884576,29.552483 76.884578,29.552574 76.884681,29.552572 76.884682,29.552662 76.884992,29.552658 76.884995,29.552838 76.885098,29.552837 76.885100,29.552927 76.884997,29.552929 76.885000,29.553109 76.884691,29.553113</coordinates></LinearRing></outerBoundaryIs></Polygon></MultiGeometry></Placemark><Placemark><name>Pit 498</name><description>0.09 ha, probability 0.95, older, outside riverbed, pit</description><styleUrl>#old</styleUrl><MultiGeometry><Polygon><outerBoundaryIs><LinearRing><coordinates>77.040945,29.804686 77.040940,29.804416 77.041250,29.804411 77.041255,29.804682 77.040945,29.804686</coordinates></LinearRing></outerBoundaryIs></Polygon></MultiGeometry></Placemark><Placemark><name>Pit 499</name><description>0.23 ha, probability 0.95, older, Yamuna riverbed, pit</description><styleUrl>#old</styleUrl><MultiGeometry><Polygon><outerBoundaryIs><LinearRing><coordinates>77.104930,29.504695 77.104926,29.504515 77.105029,29.504513 77.105026,29.504333 77.105232,29.504329 77.105230,29.504239 77.105333,29.504237 77.105335,29.504328 77.105644,29.504323 77.105646,29.504413 77.105749,29.504411 77.105751,29.504501 77.105648,29.504503 77.105650,29.504593 77.105237,29.504600 77.105239,29.504690 77.105136,29.504692 77.105134,29.504601 77.105031,29.504603 77.105033,29.504693 77.104930,29.504695</coordinates></LinearRing></outerBoundaryIs></Polygon></MultiGeometry></Placemark><Placemark><name>Pit 500</name><description>0.40 ha, probability 0.95, older, outside riverbed, pit</description><styleUrl>#old</styleUrl><MultiGeometry><Polygon><outerBoundaryIs><LinearRing><coordinates>76.626872,29.628528 76.626869,29.628347 76.626766,29.628348 76.626763,29.628168 76.626866,29.628167 76.626865,29.628077 76.627071,29.628074 76.627070,29.627984 76.627173,29.627983 76.627171,29.627892 76.627791,29.627885 76.627792,29.627975 76.627689,29.627976 76.627693,29.628247 76.627487,29.628249 76.627488,29.628340 76.627282,29.628342 76.627283,29.628432 76.626974,29.628436 76.626975,29.628526 76.626872,29.628528</coordinates></LinearRing></outerBoundaryIs></Polygon></MultiGeometry></Placemark><Placemark><name>Pit 501</name><description>0.22 ha, probability 0.95, older, outside riverbed, pit</description><styleUrl>#old</styleUrl><MultiGeometry><Polygon><outerBoundaryIs><LinearRing><coordinates>76.609322,29.616019 76.609321,29.615929 76.609630,29.615925 76.609626,29.615654 76.609523,29.615656 76.609526,29.615836 76.609422,29.615837 76.609421,29.615747 76.609318,29.615748 76.609316,29.615658 76.609213,29.615659 76.609216,29.615840 76.609113,29.615841 76.609108,29.615570 76.609315,29.615568 76.609313,29.615478 76.609726,29.615473 76.609735,29.616014 76.609322,29.616019</coordinates></LinearRing></outerBoundaryIs></Polygon></MultiGeometry></Placemark><Placemark><name>Pit 502</name><description>0.11 ha, probability 0.95, older, outside riverbed, pit</description><styleUrl>#old</styleUrl><MultiGeometry><Polygon><outerBoundaryIs><LinearRing><coordinates>76.992994,29.843672 76.992989,29.843401 76.993093,29.843400 76.993091,29.843310 76.993298,29.843307 76.993305,29.843667 76.992994,29.843672</coordinates></LinearRing></outerBoundaryIs></Polygon></MultiGeometry></Placemark><Placemark><name>Pit 503</name><description>0.39 ha, probability 0.95, older, outside riverbed, pit</description><styleUrl>#old</styleUrl><MultiGeometry><Polygon><outerBoundaryIs><LinearRing><coordinates>76.809502,29.849382 76.809500,29.849292 76.809397,29.849293 76.809395,29.849203 76.809188,29.849206 76.809182,29.848845 76.809285,29.848844 76.809284,29.848754 76.809905,29.848745 76.809906,29.848835 76.809699,29.848838 76.809701,29.848928 76.809804,29.848927 76.809806,29.849017 76.809909,29.849016 76.809908,29.848926 76.810011,29.848924 76.810010,29.848834 76.810113,29.848833 76.810115,29.848923 76.810322,29.848920 76.810325,29.849100 76.809911,29.849106 76.809914,29.849286 76.809707,29.849289 76.809706,29.849199 76.809602,29.849200 76.809606,29.849381 76.809502,29.849382</coordinates></LinearRing></outerBoundaryIs></Polygon></MultiGeometry></Placemark><Placemark><name>Pit 504</name><description>0.05 ha, probability 0.95, older, outside riverbed, pit</description><styleUrl>#old</styleUrl><MultiGeometry><Polygon><outerBoundaryIs><LinearRing><coordinates>76.529749,29.468342 76.529748,29.468252 76.529645,29.468253 76.529643,29.468163 76.529953,29.468159 76.529955,29.468340 76.529749,29.468342</coordinates></LinearRing></outerBoundaryIs></Polygon></MultiGeometry></Placemark><Placemark><name>Pit 505</name><description>0.04 ha, probability 0.95, older, outside riverbed, pit</description><styleUrl>#old</styleUrl><MultiGeometry><Polygon><outerBoundaryIs><LinearRing><coordinates>76.630798,29.635066 76.630794,29.634796 76.630897,29.634794 76.630899,29.634885 76.631002,29.634883 76.631004,29.634974 76.630900,29.634975 76.630902,29.635065 76.630798,29.635066</coordinates></LinearRing></outerBoundaryIs></Polygon></MultiGeometry></Placemark><Placemark><name>Pit 506</name><description>0.18 ha, probability 0.95, older, outside riverbed, likely village pond</description><styleUrl>#pond</styleUrl><MultiGeometry><Polygon><outerBoundaryIs><LinearRing><coordinates>77.074533,29.783052 77.074531,29.782962 77.074427,29.782963 77.074424,29.782783 77.074527,29.782781 77.074525,29.782691 77.074629,29.782690 77.074627,29.782599 77.074730,29.782598 77.074728,29.782508 77.074935,29.782504 77.074939,29.782685 77.074835,29.782686 77.074843,29.783047 77.074533,29.783052</coordinates></LinearRing></outerBoundaryIs></Polygon></MultiGeometry></Placemark><Placemark><name>Pit 507</name><description>1.45 ha, probability 0.95, older, outside riverbed, pit</description><styleUrl>#old</styleUrl><MultiGeometry><Polygon><outerBoundaryIs><LinearRing><coordinates>76.500669,29.503324 76.500668,29.503234 76.500565,29.503235 76.500564,29.503145 76.500460,29.503146 76.500459,29.503056 76.500356,29.503057 76.500353,29.502877 76.500250,29.502878 76.500249,29.502788 76.500146,29.502789 76.500143,29.502608 76.500040,29.502610 76.500039,29.502519 76.500142,29.502518 76.500136,29.502157 76.500239,29.502156 76.500234,29.501795 76.500337,29.501794 76.500336,29.501704 76.500645,29.501700 76.500644,29.501610 76.500747,29.501609 76.500748,29.501699 76.500852,29.501698 76.500850,29.501608 76.501057,29.501606 76.501058,29.501696 76.501161,29.501695 76.501162,29.501785 76.501266,29.501784 76.501268,29.501964 76.501371,29.501963 76.501374,29.502143 76.501271,29.502145 76.501272,29.502235 76.501375,29.502234 76.501377,29.502324 76.501480,29.502323 76.501484,29.502593 76.501381,29.502594 76.501386,29.502955 76.501283,29.502957 76.501284,29.503047 76.501181,29.503048 76.501182,29.503138 76.501079,29.503139 76.501081,29.503230 76.500874,29.503232 76.500876,29.503322 76.500669,29.503324</coordinates></LinearRing></outerBoundaryIs></Polygon></MultiGeometry></Placemark><Placemark><name>Pit 508</name><description>0.33 ha, probability 0.95, older, outside riverbed, pit</description><styleUrl>#old</styleUrl><MultiGeometry><Polygon><outerBoundaryIs><LinearRing><coordinates>76.764793,29.790709 76.764792,29.790618 76.764585,29.790621 76.764580,29.790350 76.764683,29.790349 76.764682,29.790259 76.764578,29.790260 76.764574,29.789990 76.764677,29.789988 76.764676,29.789898 76.764986,29.789894 76.764987,29.789984 76.765091,29.789983 76.765096,29.790253 76.764992,29.790255 76.764995,29.790435 76.764892,29.790437 76.764893,29.790527 76.764997,29.790525 76.765000,29.790706 76.764793,29.790709</coordinates></LinearRing></outerBoundaryIs></Polygon></MultiGeometry></Placemark><Placemark><name>Pit 509</name><description>0.12 ha, probability 0.95, older, outside riverbed, pit</description><styleUrl>#old</styleUrl><MultiGeometry><Polygon><outerBoundaryIs><LinearRing><coordinates>76.792346,29.804413 76.792344,29.804323 76.792138,29.804326 76.792136,29.804235 76.791929,29.804238 76.791926,29.804058 76.792236,29.804054 76.792238,29.804144 76.792445,29.804141 76.792449,29.804412 76.792346,29.804413</coordinates></LinearRing></outerBoundaryIs></Polygon></MultiGeometry></Placemark><Placemark><name>Pit 510</name><description>0.15 ha, probability 0.94, older, outside riverbed, pit</description><styleUrl>#old</styleUrl><MultiGeometry><Polygon><outerBoundaryIs><LinearRing><coordinates>77.100344,29.865013 77.100342,29.864923 77.100135,29.864926 77.100130,29.864656 77.100233,29.864654 77.100231,29.864564 77.100335,29.864562 77.100337,29.864652 77.100440,29.864651 77.100444,29.864831 77.100651,29.864828 77.100655,29.865008 77.100344,29.865013</coordinates></LinearRing></outerBoundaryIs></Polygon></MultiGeometry></Placemark><Placemark><name>Pit 511</name><description>0.09 ha, probability 0.94, older, outside riverbed, pit</description><styleUrl>#old</styleUrl><MultiGeometry><Polygon><outerBoundaryIs><LinearRing><coordinates>76.741577,29.728308 76.741575,29.728218 76.741472,29.728219 76.741470,29.728129 76.741574,29.728128 76.741571,29.727947 76.741881,29.727943 76.741882,29.728033 76.741779,29.728035 76.741780,29.728125 76.741677,29.728126 76.741679,29.728216 76.741782,29.728215 76.741784,29.728305 76.741577,29.728308</coordinates></LinearRing></outerBoundaryIs></Polygon></MultiGeometry></Placemark><Placemark><name>Pit 512</name><description>0.15 ha, probability 0.94, older, outside riverbed, pit</description><styleUrl>#old</styleUrl><MultiGeometry><Polygon><outerBoundaryIs><LinearRing><coordinates>76.948326,29.845692 76.948317,29.845241 76.948421,29.845240 76.948419,29.845149 76.948522,29.845148 76.948524,29.845238 76.948628,29.845237 76.948635,29.845597 76.948531,29.845599 76.948533,29.845689 76.948326,29.845692</coordinates></LinearRing></outerBoundaryIs></Polygon></MultiGeometry></Placemark><Placemark><name>Pit 513</name><description>0.12 ha, probability 0.94, older, outside riverbed, pit</description><styleUrl>#old</styleUrl><MultiGeometry><Polygon><outerBoundaryIs><LinearRing><coordinates>76.847761,29.779921 76.847759,29.779830 76.847656,29.779832 76.847648,29.779381 76.847751,29.779379 76.847750,29.779289 76.847853,29.779288 76.847865,29.779919 76.847761,29.779921</coordinates></LinearRing></outerBoundaryIs></Polygon></MultiGeometry></Placemark><Placemark><name>Pit 514</name><description>0.38 ha, probability 0.94, older, outside riverbed, pit</description><styleUrl>#old</styleUrl><MultiGeometry><Polygon><outerBoundaryIs><LinearRing><coordinates>76.876497,29.845470 76.876490,29.845109 76.877214,29.845098 76.877216,29.845189 76.877320,29.845187 76.877318,29.845097 76.877628,29.845093 76.877632,29.845273 76.877528,29.845274 76.877530,29.845365 76.877219,29.845369 76.877221,29.845459 76.876497,29.845470</coordinates></LinearRing></outerBoundaryIs></Polygon></MultiGeometry></Placemark><Placemark><name>Pit 515</name><description>0.32 ha, probability 0.94, older, outside riverbed, pit</description><styleUrl>#old</styleUrl><MultiGeometry><Polygon><outerBoundaryIs><LinearRing><coordinates>76.774061,29.576563 76.774055,29.576202 76.774158,29.576201 76.774156,29.576111 76.774260,29.576109 76.774258,29.576019 76.774568,29.576015 76.774569,29.576105 76.774672,29.576104 76.774674,29.576194 76.774777,29.576193 76.774780,29.576373 76.774677,29.576374 76.774679,29.576465 76.774472,29.576467 76.774474,29.576558 76.774061,29.576563</coordinates></LinearRing></outerBoundaryIs></Polygon></MultiGeometry></Placemark><Placemark><name>Pit 516</name><description>0.24 ha, probability 0.94, older, outside riverbed, pit</description><styleUrl>#old</styleUrl><MultiGeometry><Polygon><outerBoundaryIs><LinearRing><coordinates>77.052675,29.806670 77.052666,29.806219 77.052769,29.806217 77.052767,29.806127 77.052871,29.806126 77.052869,29.806035 77.052972,29.806034 77.052974,29.806124 77.053078,29.806122 77.053089,29.806663 77.052675,29.806670</coordinates></LinearRing></outerBoundaryIs></Polygon></MultiGeometry></Placemark><Placemark><name>Pit 517</name><description>0.33 ha, probability 0.94, older, outside riverbed, pit</description><styleUrl>#old</styleUrl><MultiGeometry><Polygon><outerBoundaryIs><LinearRing><coordinates>77.078320,29.871136 77.078318,29.871046 77.078215,29.871047 77.078213,29.870957 77.078420,29.870954 77.078416,29.870773 77.078520,29.870772 77.078518,29.870682 77.078207,29.870686 77.078209,29.870777 77.078106,29.870778 77.078098,29.870418 77.078202,29.870416 77.078200,29.870326 77.078510,29.870321 77.078518,29.870682 77.078621,29.870680 77.078623,29.870770 77.078934,29.870765 77.078939,29.871036 77.078422,29.871044 77.078424,29.871134 77.078320,29.871136</coordinates></LinearRing></outerBoundaryIs></Polygon></MultiGeometry></Placemark><Placemark><name>Pit 518</name><description>0.06 ha, probability 0.94, older, outside riverbed, pit</description><styleUrl>#old</styleUrl><MultiGeometry><Polygon><outerBoundaryIs><LinearRing><coordinates>76.705187,29.501310 76.705182,29.501039 76.705388,29.501037 76.705393,29.501307 76.705187,29.501310</coordinates></LinearRing></outerBoundaryIs></Polygon></MultiGeometry></Placemark><Placemark><name>Pit 519</name><description>0.19 ha, probability 0.94, older, outside riverbed, pit</description><styleUrl>#old</styleUrl><MultiGeometry><Polygon><outerBoundaryIs><LinearRing><coordinates>76.849824,29.570837 76.849818,29.570476 76.849714,29.570478 76.849709,29.570207 76.849916,29.570204 76.849918,29.570294 76.850021,29.570293 76.850022,29.570383 76.850126,29.570382 76.850127,29.570472 76.850024,29.570473 76.850026,29.570564 76.850129,29.570562 76.850132,29.570743 76.850029,29.570744 76.850031,29.570834 76.849824,29.570837</coordinates></LinearRing></outerBoundaryIs></Polygon></MultiGeometry></Placemark><Placemark><name>Pit 520</name><description>0.13 ha, probability 0.94, older, outside riverbed, pit</description><styleUrl>#old</styleUrl><MultiGeometry><Polygon><outerBoundaryIs><LinearRing><coordinates>76.794242,29.869982 76.794240,29.869891 76.794344,29.869890 76.794341,29.869709 76.794237,29.869711 76.794236,29.869621 76.794442,29.869618 76.794441,29.869528 76.794648,29.869525 76.794651,29.869705 76.794548,29.869707 76.794552,29.869977 76.794242,29.869982</coordinates></LinearRing></outerBoundaryIs></Polygon></MultiGeometry></Placemark><Placemark><name>Pit 521</name><description>0.20 ha, probability 0.94, older, outside riverbed, pit</description><styleUrl>#old</styleUrl><MultiGeometry><Polygon><outerBoundaryIs><LinearRing><coordinates>76.943332,29.860382 76.943318,29.859660 76.943422,29.859659 76.943424,29.859749 76.943527,29.859747 76.943531,29.859928 76.943634,29.859926 76.943638,29.860106 76.943741,29.860105 76.943745,29.860285 76.943848,29.860284 76.943850,29.860374 76.943332,29.860382</coordinates></LinearRing></outerBoundaryIs></Polygon></MultiGeometry></Placemark><Placemark><name>Pit 522</name><description>0.44 ha, probability 0.94, older, outside riverbed, pit</description><styleUrl>#old</styleUrl><MultiGeometry><Polygon><outerBoundaryIs><LinearRing><coordinates>76.541727,29.503486 76.541726,29.503396 76.541313,29.503401 76.541311,29.503220 76.541414,29.503219 76.541412,29.503129 76.541309,29.503130 76.541308,29.503040 76.541102,29.503042 76.541103,29.503133 76.541000,29.503134 76.541001,29.503224 76.540795,29.503226 76.540794,29.503136 76.540690,29.503137 76.540689,29.503047 76.540998,29.503044 76.540997,29.502953 76.541306,29.502950 76.541308,29.503040 76.541514,29.503038 76.541513,29.502947 76.541616,29.502946 76.541617,29.503036 76.541824,29.503034 76.541822,29.502944 76.541925,29.502943 76.541927,29.503033 76.542133,29.503030 76.542134,29.503121 76.542237,29.503119 76.542239,29.503210 76.542136,29.503211 76.542140,29.503482 76.542037,29.503483 76.542035,29.503393 76.541932,29.503394 76.541933,29.503484 76.541727,29.503486</coordinates></LinearRing></outerBoundaryIs></Polygon></MultiGeometry></Placemark><Placemark><name>Pit 523</name><description>0.19 ha, probability 0.94, older, outside riverbed, pit</description><styleUrl>#old</styleUrl><MultiGeometry><Polygon><outerBoundaryIs><LinearRing><coordinates>76.977161,29.743764 76.977158,29.743584 76.976951,29.743587 76.976947,29.743406 76.977051,29.743405 76.977049,29.743315 76.976842,29.743318 76.976840,29.743228 76.976634,29.743231 76.976632,29.743141 76.976529,29.743142 76.976530,29.743232 76.976427,29.743234 76.976425,29.743144 76.976529,29.743142 76.976527,29.743052 76.976630,29.743050 76.976632,29.743141 76.976942,29.743136 76.976944,29.743226 76.977150,29.743223 76.977154,29.743403 76.977257,29.743402 76.977261,29.743582 76.977364,29.743581 76.977368,29.743761 76.977161,29.743764</coordinates></LinearRing></outerBoundaryIs></Polygon></MultiGeometry></Placemark><Placemark><name>Pit 524</name><description>0.25 ha, probability 0.94, older, outside riverbed, pit</description><styleUrl>#old</styleUrl><MultiGeometry><Polygon><outerBoundaryIs><LinearRing><coordinates>76.814136,29.848055 76.814132,29.847875 76.814029,29.847877 76.814027,29.847786 76.813924,29.847788 76.813921,29.847607 76.813817,29.847609 76.813815,29.847519 76.813919,29.847517 76.813921,29.847607 76.814024,29.847606 76.814022,29.847516 76.814126,29.847514 76.814124,29.847424 76.814228,29.847423 76.814226,29.847332 76.814330,29.847331 76.814333,29.847511 76.814436,29.847510 76.814438,29.847600 76.814541,29.847599 76.814543,29.847689 76.814336,29.847692 76.814338,29.847782 76.814441,29.847781 76.814443,29.847871 76.814339,29.847872 76.814341,29.847962 76.814237,29.847964 76.814239,29.848054 76.814136,29.848055</coordinates></LinearRing></outerBoundaryIs></Polygon></MultiGeometry></Placemark><Placemark><name>Pit 525</name><description>0.04 ha, probability 0.94, new, outside riverbed, pit</description><styleUrl>#new</styleUrl><MultiGeometry><Polygon><outerBoundaryIs><LinearRing><coordinates>77.089449,29.734370 77.089444,29.734099 77.089650,29.734096 77.089652,29.734186 77.089549,29.734188 77.089553,29.734368 77.089449,29.734370</coordinates></LinearRing></outerBoundaryIs></Polygon></MultiGeometry></Placemark><Placemark><name>Pit 526</name><description>0.15 ha, probability 0.94, older, outside riverbed, pit</description><styleUrl>#old</styleUrl><MultiGeometry><Polygon><outerBoundaryIs><LinearRing><coordinates>77.154943,29.901031 77.154941,29.900941 77.155044,29.900939 77.155040,29.900759 77.154937,29.900760 77.154935,29.900670 77.155245,29.900665 77.155247,29.900755 77.155454,29.900752 77.155458,29.900932 77.155355,29.900934 77.155357,29.901024 77.154943,29.901031</coordinates></LinearRing></outerBoundaryIs></Polygon></MultiGeometry></Placemark><Placemark><name>Pit 527</name><description>0.18 ha, probability 0.94, older, outside riverbed, pit</description><styleUrl>#old</styleUrl><MultiGeometry><Polygon><outerBoundaryIs><LinearRing><coordinates>76.861948,29.618398 76.861938,29.617857 76.862041,29.617855 76.862040,29.617765 76.862246,29.617762 76.862254,29.618213 76.862151,29.618214 76.862154,29.618395 76.861948,29.618398</coordinates></LinearRing></outerBoundaryIs></Polygon></MultiGeometry></Placemark><Placemark><name>Pit 528</name><description>0.16 ha, probability 0.94, older, outside riverbed, pit</description><styleUrl>#old</styleUrl><MultiGeometry><Polygon><outerBoundaryIs><LinearRing><coordinates>76.940341,29.716160 76.940339,29.716070 76.940235,29.716071 76.940234,29.715981 76.940440,29.715978 76.940437,29.715797 76.940540,29.715796 76.940535,29.715525 76.940328,29.715528 76.940327,29.715438 76.940637,29.715434 76.940644,29.715794 76.940747,29.715793 76.940750,29.715973 76.940647,29.715975 76.940649,29.716065 76.940442,29.716068 76.940444,29.716158 76.940341,29.716160</coordinates></LinearRing></outerBoundaryIs></Polygon></MultiGeometry></Placemark><Placemark><name>Pit 529</name><description>0.35 ha, probability 0.94, older, outside riverbed, pit</description><styleUrl>#old</styleUrl><MultiGeometry><Polygon><outerBoundaryIs><LinearRing><coordinates>76.714099,29.644302 76.714096,29.644122 76.713993,29.644123 76.713988,29.643852 76.713885,29.643854 76.713879,29.643493 76.713982,29.643491 76.713980,29.643401 76.714187,29.643399 76.714185,29.643308 76.714392,29.643306 76.714394,29.643396 76.714290,29.643397 76.714293,29.643578 76.714500,29.643575 76.714501,29.643665 76.714398,29.643666 76.714400,29.643757 76.714296,29.643758 76.714301,29.644029 76.714198,29.644030 76.714201,29.644210 76.714304,29.644209 76.714306,29.644299 76.714099,29.644302</coordinates></LinearRing></outerBoundaryIs></Polygon></MultiGeometry></Placemark><Placemark><name>Pit 530</name><description>0.23 ha, probability 0.94, older, outside riverbed, likely village pond</description><styleUrl>#pond</styleUrl><MultiGeometry><Polygon><outerBoundaryIs><LinearRing><coordinates>76.887747,29.683898 76.887736,29.683357 76.887943,29.683354 76.887945,29.683444 76.888048,29.683442 76.888050,29.683533 76.888153,29.683531 76.888155,29.683621 76.888258,29.683620 76.888261,29.683800 76.888158,29.683802 76.888160,29.683892 76.887747,29.683898</coordinates></LinearRing></outerBoundaryIs></Polygon></MultiGeometry></Placemark><Placemark><name>Pit 531</name><description>0.11 ha, probability 0.94, older, outside riverbed, pit</description><styleUrl>#old</styleUrl><MultiGeometry><Polygon><outerBoundaryIs><LinearRing><coordinates>76.958968,29.680067 76.958966,29.679977 76.958347,29.679986 76.958345,29.679895 76.958758,29.679889 76.958756,29.679799 76.959066,29.679795 76.959071,29.680065 76.958968,29.680067</coordinates></LinearRing></outerBoundaryIs></Polygon></MultiGeometry></Placemark><Placemark><name>Pit 532</name><description>1.42 ha, probability 0.94, older, outside riverbed, pit</description><styleUrl>#old</styleUrl><MultiGeometry><Polygon><outerBoundaryIs><LinearRing><coordinates>76.660057,29.586429 76.660037,29.585166 76.660140,29.585165 76.660129,29.584533 76.660233,29.584532 76.660231,29.584442 76.660850,29.584434 76.660852,29.584524 76.660955,29.584523 76.660957,29.584613 76.661060,29.584612 76.661061,29.584702 76.661165,29.584701 76.661173,29.585242 76.661070,29.585244 76.661069,29.585153 76.660553,29.585160 76.660551,29.585070 76.660448,29.585071 76.660449,29.585161 76.660346,29.585162 76.660349,29.585343 76.660452,29.585342 76.660454,29.585432 76.660351,29.585433 76.660354,29.585613 76.660457,29.585612 76.660455,29.585522 76.660559,29.585521 76.660560,29.585611 76.660663,29.585610 76.660665,29.585700 76.660768,29.585698 76.660763,29.585428 76.660867,29.585427 76.660870,29.585607 76.660973,29.585606 76.660979,29.585967 76.660876,29.585968 76.660880,29.586238 76.660674,29.586241 76.660671,29.586061 76.660464,29.586063 76.660466,29.586153 76.660362,29.586155 76.660364,29.586245 76.660261,29.586246 76.660264,29.586427 76.660057,29.586429</coordinates></LinearRing></outerBoundaryIs></Polygon></MultiGeometry></Placemark><Placemark><name>Pit 533</name><description>0.30 ha, probability 0.94, older, outside riverbed, likely village pond</description><styleUrl>#pond</styleUrl><MultiGeometry><Polygon><outerBoundaryIs><LinearRing><coordinates>77.000861,29.895610 77.000860,29.895520 77.000652,29.895523 77.000649,29.895342 77.000545,29.895344 77.000535,29.894803 77.000638,29.894801 77.000642,29.894982 77.000745,29.894980 77.000747,29.895070 77.000954,29.895067 77.000956,29.895157 77.001059,29.895156 77.001061,29.895246 77.001165,29.895244 77.001166,29.895335 77.001270,29.895333 77.001274,29.895513 77.001170,29.895515 77.001172,29.895605 77.000861,29.895610</coordinates></LinearRing></outerBoundaryIs></Polygon></MultiGeometry></Placemark><Placemark><name>Pit 534</name><description>0.11 ha, probability 0.93, new, outside riverbed, pit</description><styleUrl>#new</styleUrl><MultiGeometry><Polygon><outerBoundaryIs><LinearRing><coordinates>76.627877,29.478728 76.627874,29.478547 76.628080,29.478545 76.628078,29.478455 76.628285,29.478452 76.628286,29.478542 76.628389,29.478541 76.628391,29.478631 76.628288,29.478633 76.628289,29.478723 76.627877,29.478728</coordinates></LinearRing></outerBoundaryIs></Polygon></MultiGeometry></Placemark><Placemark><name>Pit 535</name><description>0.12 ha, probability 0.93, older, outside riverbed, pit</description><styleUrl>#old</styleUrl><MultiGeometry><Polygon><outerBoundaryIs><LinearRing><coordinates>76.905250,29.642234 76.905248,29.642144 76.904732,29.642151 76.904729,29.641971 76.905245,29.641963 76.905247,29.642054 76.905350,29.642052 76.905353,29.642232 76.905250,29.642234</coordinates></LinearRing></outerBoundaryIs></Polygon></MultiGeometry></Placemark><Placemark><name>Pit 536</name><description>0.20 ha, probability 0.93, older, outside riverbed, pit</description><styleUrl>#old</styleUrl><MultiGeometry><Polygon><outerBoundaryIs><LinearRing><coordinates>76.787781,29.499864 76.787780,29.499774 76.787677,29.499775 76.787675,29.499685 76.787778,29.499684 76.787777,29.499594 76.788395,29.499585 76.788399,29.499766 76.788502,29.499764 76.788503,29.499855 76.787781,29.499864</coordinates></LinearRing></outerBoundaryIs></Polygon></MultiGeometry></Placemark><Placemark><name>Pit 537</name><description>0.03 ha, probability 0.93, older, outside riverbed, pit</description><styleUrl>#old</styleUrl><MultiGeometry><Polygon><outerBoundaryIs><LinearRing><coordinates>77.120801,29.868114 77.120797,29.867934 77.121004,29.867930 77.121006,29.868021 77.120902,29.868022 77.120904,29.868113 77.120801,29.868114</coordinates></LinearRing></outerBoundaryIs></Polygon></MultiGeometry></Placemark><Placemark><name>Pit 538</name><description>0.55 ha, probability 0.93, older, outside riverbed, pit</description><styleUrl>#old</styleUrl><MultiGeometry><Polygon><outerBoundaryIs><LinearRing><coordinates>76.982201,29.789702 76.982199,29.789612 76.982096,29.789613 76.982094,29.789523 76.981991,29.789525 76.981989,29.789434 76.981885,29.789436 76.981880,29.789165 76.981984,29.789164 76.981982,29.789074 76.982189,29.789070 76.982187,29.788980 76.982394,29.788977 76.982392,29.788887 76.982805,29.788881 76.982809,29.789061 76.982706,29.789063 76.982716,29.789604 76.982303,29.789610 76.982304,29.789700 76.982201,29.789702</coordinates></LinearRing></outerBoundaryIs></Polygon></MultiGeometry></Placemark><Placemark><name>Pit 539</name><description>0.22 ha, probability 0.93, older, outside riverbed, likely village pond</description><styleUrl>#pond</styleUrl><MultiGeometry><Polygon><outerBoundaryIs><LinearRing><coordinates>76.747670,29.656315 76.747665,29.656045 76.747769,29.656043 76.747767,29.655953 76.747870,29.655952 76.747869,29.655862 76.747972,29.655860 76.747971,29.655770 76.748074,29.655769 76.748075,29.655859 76.748179,29.655857 76.748176,29.655677 76.747969,29.655680 76.747967,29.655590 76.748174,29.655587 76.748172,29.655497 76.748276,29.655495 76.748277,29.655585 76.748484,29.655583 76.748485,29.655673 76.748382,29.655674 76.748384,29.655765 76.748280,29.655766 76.748282,29.655856 76.748179,29.655857 76.748182,29.656038 76.748079,29.656039 76.748077,29.655949 76.747974,29.655950 76.747977,29.656131 76.747874,29.656132 76.747875,29.656222 76.747772,29.656224 76.747773,29.656314 76.747670,29.656315</coordinates></LinearRing></outerBoundaryIs></Polygon></MultiGeometry></Placemark><Placemark><name>Pit 540</name><description>0.16 ha, probability 0.93, older, outside riverbed, pit</description><styleUrl>#old</styleUrl><MultiGeometry><Polygon><outerBoundaryIs><LinearRing><coordinates>76.761804,29.696731 76.761803,29.696641 76.761906,29.696639 76.761904,29.696549 76.762008,29.696548 76.762005,29.696367 76.762108,29.696366 76.762106,29.696276 76.762313,29.696273 76.762321,29.696724 76.761804,29.696731</coordinates></LinearRing></outerBoundaryIs></Polygon></MultiGeometry></Placemark><Placemark><name>Pit 541</name><description>0.32 ha, probability 0.93, older, outside riverbed, pit</description><styleUrl>#old</styleUrl><MultiGeometry><Polygon><outerBoundaryIs><LinearRing><coordinates>76.802551,29.761958 76.802550,29.761868 76.802446,29.761869 76.802441,29.761599 76.802545,29.761597 76.802538,29.761236 76.802642,29.761235 76.802640,29.761145 76.802743,29.761143 76.802745,29.761234 76.802848,29.761232 76.802852,29.761413 76.802955,29.761411 76.802960,29.761682 76.802857,29.761683 76.802858,29.761773 76.802962,29.761772 76.802963,29.761862 76.802860,29.761864 76.802861,29.761954 76.802551,29.761958</coordinates></LinearRing></outerBoundaryIs></Polygon></MultiGeometry></Placemark><Placemark><name>Pit 542</name><description>0.25 ha, probability 0.93, older, outside riverbed, pit</description><styleUrl>#old</styleUrl><MultiGeometry><Polygon><outerBoundaryIs><LinearRing><coordinates>76.897588,29.816928 76.897584,29.816748 76.897481,29.816749 76.897474,29.816388 76.897371,29.816390 76.897367,29.816210 76.897471,29.816208 76.897469,29.816118 76.897572,29.816116 76.897571,29.816026 76.897674,29.816025 76.897677,29.816205 76.897781,29.816204 76.897789,29.816655 76.897686,29.816656 76.897689,29.816837 76.897793,29.816835 76.897795,29.816925 76.897588,29.816928</coordinates></LinearRing></outerBoundaryIs></Polygon></MultiGeometry></Placemark><Placemark><name>Pit 543</name><description>0.04 ha, probability 0.93, older, outside riverbed, pit</description><styleUrl>#old</styleUrl><MultiGeometry><Polygon><outerBoundaryIs><LinearRing><coordinates>76.978218,29.834331 76.978213,29.834060 76.978420,29.834057 76.978422,29.834147 76.978318,29.834149 76.978322,29.834329 76.978218,29.834331</coordinates></LinearRing></outerBoundaryIs></Polygon></MultiGeometry></Placemark><Placemark><name>Pit 544</name><description>0.03 ha, probability 0.93, older, outside riverbed, pit</description><styleUrl>#old</styleUrl><MultiGeometry><Polygon><outerBoundaryIs><LinearRing><coordinates>76.714546,29.493610 76.714545,29.493520 76.714648,29.493519 76.714646,29.493428 76.714750,29.493427 76.714753,29.493608 76.714546,29.493610</coordinates></LinearRing></outerBoundaryIs></Polygon></MultiGeometry></Placemark><Placemark><name>Pit 545</name><description>0.92 ha, probability 0.93, older, outside riverbed, pit</description><styleUrl>#old</styleUrl><MultiGeometry><Polygon><outerBoundaryIs><LinearRing><coordinates>76.960690,29.731468 76.960688,29.731378 76.960585,29.731380 76.960583,29.731290 76.960480,29.731291 76.960478,29.731201 76.959858,29.731210 76.959842,29.730398 76.960772,29.730384 76.960774,29.730475 76.960877,29.730473 76.960881,29.730654 76.960984,29.730652 76.960988,29.730832 76.960884,29.730834 76.960897,29.731465 76.960690,29.731468</coordinates></LinearRing></outerBoundaryIs></Polygon></MultiGeometry></Placemark><Placemark><name>Pit 546</name><description>0.41 ha, probability 0.93, older, outside riverbed, pit</description><styleUrl>#old</styleUrl><MultiGeometry><Polygon><outerBoundaryIs><LinearRing><coordinates>76.857816,29.708231 76.857812,29.708051 76.857709,29.708052 76.857706,29.707872 76.857602,29.707873 76.857601,29.707783 76.857704,29.707781 76.857706,29.707872 76.857809,29.707870 76.857806,29.707690 76.857702,29.707691 76.857701,29.707601 76.857907,29.707598 76.857906,29.707508 76.858216,29.707504 76.858214,29.707413 76.858421,29.707410 76.858426,29.707681 76.858529,29.707680 76.858534,29.707950 76.858327,29.707953 76.858329,29.708043 76.858226,29.708045 76.858227,29.708135 76.858124,29.708136 76.858121,29.707956 76.858017,29.707957 76.858016,29.707867 76.857912,29.707869 76.857919,29.708229 76.857816,29.708231</coordinates></LinearRing></outerBoundaryIs></Polygon></MultiGeometry></Placemark><Placemark><name>Pit 547</name><description>0.06 ha, probability 0.93, new, outside riverbed, pit</description><styleUrl>#new</styleUrl><MultiGeometry><Polygon><outerBoundaryIs><LinearRing><coordinates>76.781269,29.903090 76.781268,29.902999 76.780957,29.903004 76.780955,29.902913 76.781059,29.902912 76.781057,29.902822 76.781161,29.902820 76.781162,29.902911 76.781369,29.902908 76.781373,29.903088 76.781269,29.903090</coordinates></LinearRing></outerBoundaryIs></Polygon></MultiGeometry></Placemark><Placemark><name>Pit 548</name><description>0.10 ha, probability 0.93, older, outside riverbed, pit</description><styleUrl>#old</styleUrl><MultiGeometry><Polygon><outerBoundaryIs><LinearRing><coordinates>76.945108,29.839875 76.945107,29.839785 76.945003,29.839786 76.944998,29.839516 76.945308,29.839511 76.945314,29.839782 76.945210,29.839783 76.945212,29.839874 76.945108,29.839875</coordinates></LinearRing></outerBoundaryIs></Polygon></MultiGeometry></Placemark><Placemark><name>Pit 549</name><description>0.12 ha, probability 0.93, older, outside riverbed, pit</description><styleUrl>#old</styleUrl><MultiGeometry><Polygon><outerBoundaryIs><LinearRing><coordinates>76.790556,29.511015 76.790553,29.510835 76.790347,29.510838 76.790344,29.510657 76.790447,29.510656 76.790445,29.510566 76.790548,29.510564 76.790550,29.510655 76.790756,29.510652 76.790759,29.510832 76.790862,29.510831 76.790864,29.510921 76.790658,29.510924 76.790659,29.511014 76.790556,29.511015</coordinates></LinearRing></outerBoundaryIs></Polygon></MultiGeometry></Placemark><Placemark><name>Pit 550</name><description>0.11 ha, probability 0.93, older, outside riverbed, pit</description><styleUrl>#old</styleUrl><MultiGeometry><Polygon><outerBoundaryIs><LinearRing><coordinates>77.136389,29.837009 77.136385,29.836828 77.136592,29.836825 77.136590,29.836735 77.136901,29.836730 77.136904,29.836910 77.136698,29.836914 77.136699,29.837004 77.136389,29.837009</coordinates></LinearRing></outerBoundaryIs></Polygon></MultiGeometry></Placemark><Placemark><name>Pit 551</name><description>0.17 ha, probability 0.93, older, outside riverbed, pit</description><styleUrl>#old</styleUrl><MultiGeometry><Polygon><outerBoundaryIs><LinearRing><coordinates>76.900562,29.892041 76.900561,29.891951 76.900354,29.891954 76.900350,29.891773 76.900454,29.891772 76.900452,29.891682 76.900556,29.891680 76.900557,29.891770 76.901075,29.891763 76.901077,29.891853 76.900973,29.891855 76.900975,29.891945 76.901078,29.891943 76.901080,29.892034 76.900873,29.892037 76.900871,29.891946 76.900664,29.891949 76.900666,29.892040 76.900562,29.892041</coordinates></LinearRing></outerBoundaryIs></Polygon></MultiGeometry></Placemark><Placemark><name>Pit 552</name><description>0.13 ha, probability 0.93, older, outside riverbed, pit</description><styleUrl>#old</styleUrl><MultiGeometry><Polygon><outerBoundaryIs><LinearRing><coordinates>76.662339,29.517734 76.662335,29.517463 76.662438,29.517462 76.662436,29.517372 76.662746,29.517368 76.662750,29.517638 76.662647,29.517640 76.662648,29.517730 76.662545,29.517731 76.662544,29.517641 76.662441,29.517642 76.662442,29.517732 76.662339,29.517734</coordinates></LinearRing></outerBoundaryIs></Polygon></MultiGeometry></Placemark><Placemark><name>Pit 553</name><description>0.08 ha, probability 0.93, older, outside riverbed, pit</description><styleUrl>#old</styleUrl><MultiGeometry><Polygon><outerBoundaryIs><LinearRing><coordinates>76.942699,29.891788 76.942697,29.891698 76.942594,29.891699 76.942590,29.891519 76.942901,29.891514 76.942906,29.891785 76.942699,29.891788</coordinates></LinearRing></outerBoundaryIs></Polygon></MultiGeometry></Placemark><Placemark><name>Pit 554</name><description>0.36 ha, probability 0.92, older, outside riverbed, pit</description><styleUrl>#old</styleUrl><MultiGeometry><Polygon><outerBoundaryIs><LinearRing><coordinates>76.612230,29.617066 76.612229,29.616976 76.612435,29.616974 76.612434,29.616883 76.612331,29.616885 76.612328,29.616704 76.612534,29.616702 76.612533,29.616612 76.612739,29.616609 76.612738,29.616519 76.613151,29.616514 76.613154,29.616694 76.613257,29.616693 76.613261,29.616964 76.613055,29.616966 76.613056,29.617056 76.612230,29.617066</coordinates></LinearRing></outerBoundaryIs></Polygon></MultiGeometry></Placemark><Placemark><name>Pit 555</name><description>0.67 ha, probability 0.92, older, outside riverbed, pit</description><styleUrl>#old</styleUrl><MultiGeometry><Polygon><outerBoundaryIs><LinearRing><coordinates>76.878869,29.556354 76.878867,29.556264 76.878764,29.556265 76.878759,29.555995 76.878656,29.555996 76.878654,29.555906 76.878241,29.555912 76.878245,29.556092 76.878141,29.556093 76.878135,29.555733 76.878341,29.555730 76.878339,29.555640 76.878443,29.555638 76.878441,29.555548 76.878647,29.555545 76.878646,29.555455 76.878749,29.555453 76.878747,29.555363 76.878850,29.555362 76.878849,29.555271 76.878952,29.555270 76.878950,29.555180 76.879156,29.555177 76.879160,29.555357 76.879263,29.555356 76.879271,29.555807 76.879065,29.555810 76.879067,29.555900 76.879273,29.555897 76.879278,29.556168 76.879175,29.556169 76.879177,29.556259 76.878970,29.556262 76.878972,29.556352 76.878869,29.556354</coordinates></LinearRing></outerBoundaryIs></Polygon></MultiGeometry></Placemark><Placemark><name>Pit 556</name><description>0.04 ha, probability 0.92, new, outside riverbed, pit</description><styleUrl>#new</styleUrl><MultiGeometry><Polygon><outerBoundaryIs><LinearRing><coordinates>76.885319,29.559150 76.885316,29.558969 76.885522,29.558966 76.885525,29.559147 76.885319,29.559150</coordinates></LinearRing></outerBoundaryIs></Polygon></MultiGeometry></Placemark><Placemark><name>Pit 557</name><description>0.45 ha, probability 0.92, older, outside riverbed, pit</description><styleUrl>#old</styleUrl><MultiGeometry><Polygon><outerBoundaryIs><LinearRing><coordinates>76.560025,29.472412 76.560021,29.472142 76.560124,29.472140 76.560123,29.472050 76.561257,29.472037 76.561258,29.472127 76.561361,29.472126 76.561365,29.472397 76.560541,29.472406 76.560539,29.472316 76.560230,29.472320 76.560231,29.472410 76.560025,29.472412</coordinates></LinearRing></outerBoundaryIs></Polygon></MultiGeometry></Placemark><Placemark><name>Pit 558</name><description>0.34 ha, probability 0.92, older, outside riverbed, pit</description><styleUrl>#old</styleUrl><MultiGeometry><Polygon><outerBoundaryIs><LinearRing><coordinates>77.072884,29.607239 77.072882,29.607149 77.072779,29.607151 77.072764,29.606429 77.072867,29.606427 77.072865,29.606337 77.073072,29.606334 77.073074,29.606424 77.073177,29.606423 77.073188,29.606964 77.073085,29.606965 77.073090,29.607236 77.072884,29.607239</coordinates></LinearRing></outerBoundaryIs></Polygon></MultiGeometry></Placemark><Placemark><name>Pit 559</name><description>0.03 ha, probability 0.92, older, outside riverbed, pit</description><styleUrl>#old</styleUrl><MultiGeometry><Polygon><outerBoundaryIs><LinearRing><coordinates>76.944839,29.595464 76.944837,29.595374 76.944734,29.595375 76.944733,29.595285 76.944939,29.595282 76.944942,29.595463 76.944839,29.595464</coordinates></LinearRing></outerBoundaryIs></Polygon></MultiGeometry></Placemark><Placemark><name>Pit 560</name><description>0.04 ha, probability 0.92, older, outside riverbed, pit</description><styleUrl>#old</styleUrl><MultiGeometry><Polygon><outerBoundaryIs><LinearRing><coordinates>76.948808,29.646112 76.948806,29.646022 76.948909,29.646020 76.948907,29.645930 76.949011,29.645929 76.949012,29.646019 76.949116,29.646017 76.949117,29.646107 76.948808,29.646112</coordinates></LinearRing></outerBoundaryIs></Polygon></MultiGeometry></Placemark><Placemark><name>Pit 561</name><description>0.10 ha, probability 0.92, older, outside riverbed, pit</description><styleUrl>#old</styleUrl><MultiGeometry><Polygon><outerBoundaryIs><LinearRing><coordinates>76.680262,29.522291 76.680257,29.522020 76.680154,29.522021 76.680153,29.521931 76.680256,29.521930 76.680254,29.521840 76.680461,29.521837 76.680464,29.522017 76.680361,29.522019 76.680362,29.522109 76.680465,29.522108 76.680468,29.522288 76.680262,29.522291</coordinates></LinearRing></outerBoundaryIs></Polygon></MultiGeometry></Placemark><Placemark><name>Pit 562</name><description>0.13 ha, probability 0.92, older, outside riverbed, pit</description><styleUrl>#old</styleUrl><MultiGeometry><Polygon><outerBoundaryIs><LinearRing><coordinates>76.621668,29.580858 76.621662,29.580497 76.621868,29.580495 76.621870,29.580585 76.621973,29.580584 76.621974,29.580674 76.622078,29.580673 76.622081,29.580853 76.621668,29.580858</coordinates></LinearRing></outerBoundaryIs></Polygon></MultiGeometry></Placemark><Placemark><name>Pit 563</name><description>0.63 ha, probability 0.92, older, outside riverbed, pit</description><styleUrl>#old</styleUrl><MultiGeometry><Polygon><outerBoundaryIs><LinearRing><coordinates>76.872775,29.906604 76.872773,29.906513 76.872877,29.906512 76.872875,29.906422 76.872978,29.906420 76.872977,29.906330 76.872873,29.906332 76.872872,29.906241 76.872768,29.906243 76.872763,29.905972 76.872659,29.905974 76.872661,29.906064 76.872454,29.906067 76.872456,29.906157 76.872249,29.906160 76.872252,29.906340 76.872356,29.906339 76.872354,29.906249 76.872561,29.906246 76.872563,29.906336 76.872770,29.906333 76.872771,29.906423 76.872668,29.906425 76.872670,29.906515 76.872359,29.906519 76.872357,29.906429 76.872150,29.906432 76.872149,29.906342 76.872045,29.906343 76.872042,29.906163 76.872145,29.906161 76.872143,29.906071 76.872040,29.906073 76.872038,29.905983 76.872142,29.905981 76.872140,29.905891 76.872037,29.905892 76.872035,29.905802 76.872242,29.905799 76.872244,29.905889 76.872451,29.905886 76.872452,29.905977 76.872556,29.905975 76.872554,29.905885 76.872658,29.905883 76.872656,29.905793 76.873070,29.905787 76.873074,29.905968 76.873177,29.905966 76.873182,29.906237 76.873286,29.906235 76.873292,29.906596 76.873085,29.906599 76.873084,29.906509 76.872980,29.906510 76.872982,29.906601 76.872775,29.906604</coordinates></LinearRing></outerBoundaryIs></Polygon></MultiGeometry></Placemark><Placemark><name>Pit 564</name><description>0.09 ha, probability 0.92, older, outside riverbed, pit</description><styleUrl>#old</styleUrl><MultiGeometry><Polygon><outerBoundaryIs><LinearRing><coordinates>76.845111,29.759476 76.845106,29.759206 76.845209,29.759204 76.845208,29.759114 76.845518,29.759110 76.845519,29.759200 76.845313,29.759203 76.845314,29.759293 76.845211,29.759295 76.845213,29.759385 76.845419,29.759382 76.845421,29.759472 76.845111,29.759476</coordinates></LinearRing></outerBoundaryIs></Polygon></MultiGeometry></Placemark><Placemark><name>Pit 565</name><description>0.10 ha, probability 0.92, older, outside riverbed, likely village pond</description><styleUrl>#pond</styleUrl><MultiGeometry><Polygon><outerBoundaryIs><LinearRing><coordinates>77.031100,29.479769 77.031098,29.479679 77.030995,29.479680 77.030993,29.479590 77.030890,29.479592 77.030892,29.479682 77.030789,29.479683 77.030786,29.479503 77.031301,29.479495 77.031305,29.479676 77.031201,29.479677 77.031203,29.479767 77.031100,29.479769</coordinates></LinearRing></outerBoundaryIs></Polygon></MultiGeometry></Placemark><Placemark><name>Pit 566</name><description>0.05 ha, probability 0.92, older, outside riverbed, pit</description><styleUrl>#old</styleUrl><MultiGeometry><Polygon><outerBoundaryIs><LinearRing><coordinates>76.951044,29.708424 76.951038,29.708153 76.951245,29.708150 76.951249,29.708330 76.951145,29.708332 76.951147,29.708422 76.951044,29.708424</coordinates></LinearRing></outerBoundaryIs></Polygon></MultiGeometry></Placemark><Placemark><name>Pit 567</name><description>0.03 ha, probability 0.92, older, outside riverbed, pit</description><styleUrl>#old</styleUrl><MultiGeometry><Polygon><outerBoundaryIs><LinearRing><coordinates>76.781756,29.755563 76.781754,29.755473 76.781651,29.755474 76.781649,29.755384 76.781856,29.755381 76.781859,29.755562 76.781756,29.755563</coordinates></LinearRing></outerBoundaryIs></Polygon></MultiGeometry></Placemark><Placemark><name>Pit 568</name><description>0.26 ha, probability 0.92, older, outside riverbed, pit</description><styleUrl>#old</styleUrl><MultiGeometry><Polygon><outerBoundaryIs><LinearRing><coordinates>76.889885,29.731867 76.889883,29.731777 76.889780,29.731778 76.889778,29.731688 76.889675,29.731690 76.889665,29.731148 76.889768,29.731147 76.889766,29.731057 76.889870,29.731055 76.889873,29.731236 76.889976,29.731234 76.889978,29.731324 76.890081,29.731323 76.890085,29.731503 76.890188,29.731502 76.890193,29.731772 76.889987,29.731775 76.889988,29.731866 76.889885,29.731867</coordinates></LinearRing></outerBoundaryIs></Polygon></MultiGeometry></Placemark><Placemark><name>Pit 569</name><description>0.03 ha, probability 0.91, older, outside riverbed, likely village pond</description><styleUrl>#pond</styleUrl><MultiGeometry><Polygon><outerBoundaryIs><LinearRing><coordinates>76.943198,29.574466 76.943196,29.574376 76.943299,29.574374 76.943298,29.574284 76.943401,29.574282 76.943404,29.574463 76.943198,29.574466</coordinates></LinearRing></outerBoundaryIs></Polygon></MultiGeometry></Placemark><Placemark><name>Pit 570</name><description>0.06 ha, probability 0.91, older, outside riverbed, pit</description><styleUrl>#old</styleUrl><MultiGeometry><Polygon><outerBoundaryIs><LinearRing><coordinates>76.801299,29.819088 76.801296,29.818908 76.801400,29.818907 76.801398,29.818816 76.801605,29.818814 76.801606,29.818904 76.801503,29.818905 76.801506,29.819086 76.801299,29.819088</coordinates></LinearRing></outerBoundaryIs></Polygon></MultiGeometry></Placemark><Placemark><name>Pit 571</name><description>0.22 ha, probability 0.91, older, outside riverbed, pit</description><styleUrl>#old</styleUrl><MultiGeometry><Polygon><outerBoundaryIs><LinearRing><coordinates>77.069236,29.892390 77.069234,29.892299 77.069338,29.892298 77.069334,29.892117 77.069437,29.892116 77.069435,29.892026 77.069539,29.892024 77.069535,29.891844 77.069639,29.891842 77.069644,29.892113 77.070058,29.892106 77.070056,29.892016 77.070263,29.892013 77.070262,29.891922 77.070365,29.891921 77.070367,29.892011 77.070263,29.892013 77.070265,29.892103 77.070058,29.892106 77.070060,29.892196 77.069957,29.892198 77.069959,29.892288 77.069441,29.892296 77.069443,29.892386 77.069236,29.892390</coordinates></LinearRing></outerBoundaryIs></Polygon></MultiGeometry></Placemark><Placemark><name>Pit 572</name><description>0.05 ha, probability 0.91, older, outside riverbed, likely village pond</description><styleUrl>#pond</styleUrl><MultiGeometry><Polygon><outerBoundaryIs><LinearRing><coordinates>76.739266,29.839860 76.739263,29.839680 76.739573,29.839675 76.739575,29.839766 76.739472,29.839767 76.739473,29.839857 76.739266,29.839860</coordinates></LinearRing></outerBoundaryIs></Polygon></MultiGeometry></Placemark><Placemark><name>Pit 573</name><description>0.17 ha, probability 0.91, older, outside riverbed, pit</description><styleUrl>#old</styleUrl><MultiGeometry><Polygon><outerBoundaryIs><LinearRing><coordinates>77.087399,29.710223 77.087395,29.710043 77.087188,29.710046 77.087190,29.710136 77.087087,29.710138 77.087085,29.710048 77.087188,29.710046 77.087186,29.709956 77.087290,29.709954 77.087288,29.709864 77.087391,29.709862 77.087389,29.709772 77.087493,29.709771 77.087491,29.709680 77.087801,29.709676 77.087803,29.709766 77.087699,29.709767 77.087703,29.709948 77.087600,29.709949 77.087602,29.710040 77.087498,29.710041 77.087502,29.710222 77.087399,29.710223</coordinates></LinearRing></outerBoundaryIs></Polygon></MultiGeometry></Placemark><Placemark><name>Pit 574</name><description>0.03 ha, probability 0.91, older, Yamuna riverbed, pit</description><styleUrl>#old</styleUrl><MultiGeometry><Polygon><outerBoundaryIs><LinearRing><coordinates>77.098552,29.580401 77.098548,29.580221 77.098651,29.580219 77.098653,29.580309 77.098757,29.580308 77.098758,29.580398 77.098552,29.580401</coordinates></LinearRing></outerBoundaryIs></Polygon></MultiGeometry></Placemark><Placemark><name>Pit 575</name><description>0.31 ha, probability 0.91, older, outside riverbed, pit</description><styleUrl>#old</styleUrl><MultiGeometry><Polygon><outerBoundaryIs><LinearRing><coordinates>76.612997,29.613358 76.612989,29.612816 76.613092,29.612815 76.613090,29.612725 76.613194,29.612724 76.613195,29.612814 76.613298,29.612812 76.613300,29.612903 76.613506,29.612900 76.613508,29.612990 76.613611,29.612989 76.613614,29.613170 76.613717,29.613168 76.613719,29.613259 76.613306,29.613264 76.613307,29.613354 76.612997,29.613358</coordinates></LinearRing></outerBoundaryIs></Polygon></MultiGeometry></Placemark><Placemark><name>Pit 576</name><description>0.04 ha, probability 0.91, older, outside riverbed, pit</description><styleUrl>#old</styleUrl><MultiGeometry><Polygon><outerBoundaryIs><LinearRing><coordinates>76.827156,29.544353 76.827153,29.544173 76.827359,29.544170 76.827363,29.544350 76.827156,29.544353</coordinates></LinearRing></outerBoundaryIs></Polygon></MultiGeometry></Placemark><Placemark><name>Pit 577</name><description>0.03 ha, probability 0.91, older, outside riverbed, pit</description><styleUrl>#old</styleUrl><MultiGeometry><Polygon><outerBoundaryIs><LinearRing><coordinates>76.974567,29.499748 76.974566,29.499658 76.974669,29.499656 76.974667,29.499566 76.974770,29.499564 76.974773,29.499745 76.974567,29.499748</coordinates></LinearRing></outerBoundaryIs></Polygon></MultiGeometry></Placemark><Placemark><name>Pit 578</name><description>0.07 ha, probability 0.91, older, outside riverbed, pit</description><styleUrl>#old</styleUrl><MultiGeometry><Polygon><outerBoundaryIs><LinearRing><coordinates>76.874428,29.906400 76.874426,29.906309 76.874530,29.906308 76.874526,29.906128 76.874733,29.906125 76.874739,29.906395 76.874428,29.906400</coordinates></LinearRing></outerBoundaryIs></Polygon></MultiGeometry></Placemark><Placemark><name>Pit 579</name><description>0.10 ha, probability 0.91, older, outside riverbed, pit</description><styleUrl>#old</styleUrl><MultiGeometry><Polygon><outerBoundaryIs><LinearRing><coordinates>76.653506,29.513783 76.653500,29.513423 76.653397,29.513424 76.653395,29.513334 76.653705,29.513330 76.653708,29.513510 76.653604,29.513511 76.653606,29.513602 76.653709,29.513600 76.653712,29.513781 76.653506,29.513783</coordinates></LinearRing></outerBoundaryIs></Polygon></MultiGeometry></Placemark><Placemark><name>Pit 580</name><description>0.10 ha, probability 0.90, older, outside riverbed, pit</description><styleUrl>#old</styleUrl><MultiGeometry><Polygon><outerBoundaryIs><LinearRing><coordinates>76.923104,29.782455 76.923103,29.782365 76.922999,29.782366 76.922998,29.782276 76.923101,29.782275 76.923096,29.782004 76.923303,29.782001 76.923308,29.782271 76.923411,29.782270 76.923413,29.782360 76.923310,29.782362 76.923308,29.782271 76.923204,29.782273 76.923208,29.782453 76.923104,29.782455</coordinates></LinearRing></outerBoundaryIs></Polygon></MultiGeometry></Placemark><Placemark><name>Pit 581</name><description>0.08 ha, probability 0.90, older, outside riverbed, pit</description><styleUrl>#old</styleUrl><MultiGeometry><Polygon><outerBoundaryIs><LinearRing><coordinates>76.900259,29.892406 76.900257,29.892316 76.900361,29.892315 76.900359,29.892224 76.900255,29.892226 76.900254,29.892136 76.900771,29.892128 76.900773,29.892219 76.900566,29.892221 76.900568,29.892312 76.900361,29.892315 76.900362,29.892405 76.900259,29.892406</coordinates></LinearRing></outerBoundaryIs></Polygon></MultiGeometry></Placemark><Placemark><name>Pit 582</name><description>0.16 ha, probability 0.90, older, outside riverbed, pit</description><styleUrl>#old</styleUrl><MultiGeometry><Polygon><outerBoundaryIs><LinearRing><coordinates>76.777616,29.632097 76.777614,29.632006 76.777717,29.632005 76.777716,29.631915 76.777819,29.631913 76.777818,29.631823 76.777921,29.631822 76.777922,29.631912 76.778335,29.631907 76.778334,29.631816 76.778437,29.631815 76.778440,29.631995 76.778337,29.631997 76.778339,29.632087 76.777616,29.632097</coordinates></LinearRing></outerBoundaryIs></Polygon></MultiGeometry></Placemark><Placemark><name>Pit 583</name><description>0.09 ha, probability 0.90, older, outside riverbed, pit</description><styleUrl>#old</styleUrl><MultiGeometry><Polygon><outerBoundaryIs><LinearRing><coordinates>76.949345,29.834219 76.949343,29.834129 76.949240,29.834130 76.949236,29.833950 76.949443,29.833947 76.949441,29.833857 76.949545,29.833855 76.949552,29.834216 76.949345,29.834219</coordinates></LinearRing></outerBoundaryIs></Polygon></MultiGeometry></Placemark><Placemark><name>Pit 584</name><description>0.03 ha, probability 0.90, older, outside riverbed, pit</description><styleUrl>#old</styleUrl><MultiGeometry><Polygon><outerBoundaryIs><LinearRing><coordinates>76.972661,29.698720 76.972659,29.698630 76.972556,29.698631 76.972554,29.698541 76.972761,29.698538 76.972764,29.698719 76.972661,29.698720</coordinates></LinearRing></outerBoundaryIs></Polygon></MultiGeometry></Placemark><Placemark><name>Pit 585</name><description>0.11 ha, probability 0.90, older, outside riverbed, pit</description><styleUrl>#old</styleUrl><MultiGeometry><Polygon><outerBoundaryIs><LinearRing><coordinates>76.810719,29.848012 76.810718,29.847922 76.810614,29.847923 76.810611,29.847743 76.810714,29.847742 76.810711,29.847561 76.810918,29.847558 76.810920,29.847649 76.810816,29.847650 76.810818,29.847740 76.811025,29.847737 76.811027,29.847828 76.810923,29.847829 76.810925,29.847919 76.810821,29.847921 76.810823,29.848011 76.810719,29.848012</coordinates></LinearRing></outerBoundaryIs></Polygon></MultiGeometry></Placemark><Placemark><name>Pit 586</name><description>0.07 ha, probability 0.90, older, outside riverbed, pit</description><styleUrl>#old</styleUrl><MultiGeometry><Polygon><outerBoundaryIs><LinearRing><coordinates>76.760466,29.596143 76.760465,29.596053 76.760361,29.596055 76.760360,29.595964 76.760463,29.595963 76.760461,29.595873 76.760358,29.595874 76.760357,29.595784 76.760563,29.595781 76.760566,29.595962 76.760669,29.595960 76.760671,29.596051 76.760568,29.596052 76.760569,29.596142 76.760466,29.596143</coordinates></LinearRing></outerBoundaryIs></Polygon></MultiGeometry></Placemark><Placemark><name>Pit 587</name><description>0.28 ha, probability 0.90, older, outside riverbed, pit</description><styleUrl>#old</styleUrl><MultiGeometry><Polygon><outerBoundaryIs><LinearRing><coordinates>76.957203,29.572816 76.957202,29.572726 76.957098,29.572728 76.957091,29.572367 76.957195,29.572365 76.957193,29.572275 76.957709,29.572268 76.957714,29.572538 76.957611,29.572540 76.957614,29.572720 76.957511,29.572722 76.957513,29.572812 76.957203,29.572816</coordinates></LinearRing></outerBoundaryIs></Polygon></MultiGeometry></Placemark><Placemark><name>Pit 588</name><description>0.20 ha, probability 0.90, older, outside riverbed, pit</description><styleUrl>#old</styleUrl><MultiGeometry><Polygon><outerBoundaryIs><LinearRing><coordinates>76.845226,29.844647 76.845221,29.844377 76.845325,29.844375 76.845323,29.844285 76.845633,29.844281 76.845635,29.844371 76.845739,29.844369 76.845740,29.844460 76.845844,29.844458 76.845847,29.844639 76.845226,29.844647</coordinates></LinearRing></outerBoundaryIs></Polygon></MultiGeometry></Placemark><Placemark><name>Pit 589</name><description>0.32 ha, probability 0.90, older, outside riverbed, pit</description><styleUrl>#old</styleUrl><MultiGeometry><Polygon><outerBoundaryIs><LinearRing><coordinates>76.914150,29.648602 76.914148,29.648512 76.914251,29.648510 76.914246,29.648240 76.914143,29.648241 76.914141,29.648151 76.914245,29.648149 76.914243,29.648059 76.914036,29.648062 76.914038,29.648152 76.913935,29.648154 76.913930,29.647883 76.914033,29.647882 76.914024,29.647431 76.914128,29.647429 76.914131,29.647610 76.914234,29.647608 76.914240,29.647879 76.914343,29.647877 76.914351,29.648328 76.914558,29.648325 76.914553,29.648055 76.914656,29.648053 76.914661,29.648324 76.914558,29.648325 76.914560,29.648416 76.914456,29.648417 76.914460,29.648597 76.914150,29.648602</coordinates></LinearRing></outerBoundaryIs></Polygon></MultiGeometry></Placemark><Placemark><name>Pit 590</name><description>0.03 ha, probability 0.90, older, outside riverbed, pit</description><styleUrl>#old</styleUrl><MultiGeometry><Polygon><outerBoundaryIs><LinearRing><coordinates>77.004672,29.608919 77.004670,29.608829 77.004567,29.608830 77.004565,29.608740 77.004772,29.608737 77.004775,29.608918 77.004672,29.608919</coordinates></LinearRing></outerBoundaryIs></Polygon></MultiGeometry></Placemark><Placemark><name>Pit 591</name><description>0.16 ha, probability 0.90, older, outside riverbed, pit</description><styleUrl>#old</styleUrl><MultiGeometry><Polygon><outerBoundaryIs><LinearRing><coordinates>77.009370,29.699882 77.009366,29.699702 77.009263,29.699704 77.009256,29.699343 77.009566,29.699338 77.009577,29.699879 77.009370,29.699882</coordinates></LinearRing></outerBoundaryIs></Polygon></MultiGeometry></Placemark><Placemark><name>Pit 592</name><description>0.06 ha, probability 0.90, older, outside riverbed, pit</description><styleUrl>#old</styleUrl><MultiGeometry><Polygon><outerBoundaryIs><LinearRing><coordinates>77.095605,29.722183 77.095603,29.722093 77.095500,29.722094 77.095496,29.721914 77.095599,29.721912 77.095601,29.722003 77.095808,29.721999 77.095812,29.722180 77.095605,29.722183</coordinates></LinearRing></outerBoundaryIs></Polygon></MultiGeometry></Placemark><Placemark><name>Pit 593</name><description>0.13 ha, probability 0.89, older, outside riverbed, pit</description><styleUrl>#old</styleUrl><MultiGeometry><Polygon><outerBoundaryIs><LinearRing><coordinates>77.094730,29.898483 77.094728,29.898393 77.094418,29.898397 77.094414,29.898217 77.094517,29.898215 77.094515,29.898125 77.094619,29.898124 77.094617,29.898033 77.094720,29.898032 77.094722,29.898122 77.094826,29.898120 77.094833,29.898481 77.094730,29.898483</coordinates></LinearRing></outerBoundaryIs></Polygon></MultiGeometry></Placemark><Placemark><name>Pit 594</name><description>0.11 ha, probability 0.89, older, outside riverbed, pit</description><styleUrl>#old</styleUrl><MultiGeometry><Polygon><outerBoundaryIs><LinearRing><coordinates>76.677481,29.622483 76.677478,29.622303 76.677685,29.622300 76.677683,29.622210 76.677270,29.622215 76.677269,29.622125 76.677682,29.622120 76.677683,29.622210 76.677787,29.622209 76.677791,29.622479 76.677481,29.622483</coordinates></LinearRing></outerBoundaryIs></Polygon></MultiGeometry></Placemark><Placemark><name>Pit 595</name><description>0.07 ha, probability 0.89, older, outside riverbed, pit</description><styleUrl>#old</styleUrl><MultiGeometry><Polygon><outerBoundaryIs><LinearRing><coordinates>76.778830,29.489337 76.778829,29.489247 76.778932,29.489246 76.778925,29.488885 76.779028,29.488883 76.779030,29.488974 76.779133,29.488972 76.779136,29.489153 76.779033,29.489154 76.779035,29.489244 76.778932,29.489246 76.778933,29.489336 76.778830,29.489337</coordinates></LinearRing></outerBoundaryIs></Polygon></MultiGeometry></Placemark><Placemark><name>Pit 596</name><description>0.14 ha, probability 0.89, older, outside riverbed, pit</description><styleUrl>#old</styleUrl><MultiGeometry><Polygon><outerBoundaryIs><LinearRing><coordinates>76.774224,29.867816 76.774221,29.867636 76.774117,29.867637 76.774115,29.867547 76.774012,29.867548 76.774007,29.867278 76.774318,29.867273 76.774322,29.867544 76.774426,29.867543 76.774428,29.867633 76.774324,29.867634 76.774327,29.867815 76.774224,29.867816</coordinates></LinearRing></outerBoundaryIs></Polygon></MultiGeometry></Placemark><Placemark><name>Pit 597</name><description>0.04 ha, probability 0.89, older, Yamuna riverbed, pit</description><styleUrl>#old</styleUrl><MultiGeometry><Polygon><outerBoundaryIs><LinearRing><coordinates>77.102081,29.576375 77.102077,29.576195 77.102181,29.576193 77.102182,29.576284 77.102286,29.576282 77.102284,29.576192 77.102387,29.576190 77.102389,29.576280 77.102286,29.576282 77.102288,29.576372 77.102081,29.576375</coordinates></LinearRing></outerBoundaryIs></Polygon></MultiGeometry></Placemark><Placemark><name>Pit 598</name><description>0.21 ha, probability 0.89, older, outside riverbed, pit</description><styleUrl>#old</styleUrl><MultiGeometry><Polygon><outerBoundaryIs><LinearRing><coordinates>76.782982,29.813111 76.782976,29.812750 76.782873,29.812752 76.782871,29.812662 76.782974,29.812660 76.782971,29.812480 76.783075,29.812478 76.783073,29.812388 76.783177,29.812387 76.783175,29.812297 76.783278,29.812295 76.783290,29.812927 76.783083,29.812929 76.783086,29.813110 76.782982,29.813111</coordinates></LinearRing></outerBoundaryIs></Polygon></MultiGeometry></Placemark><Placemark><name>Pit 599</name><description>0.14 ha, probability 0.89, older, outside riverbed, pit</description><styleUrl>#old</styleUrl><MultiGeometry><Polygon><outerBoundaryIs><LinearRing><coordinates>77.086901,29.820839 77.086891,29.820388 77.087098,29.820385 77.087100,29.820475 77.087203,29.820474 77.087211,29.820834 77.086901,29.820839</coordinates></LinearRing></outerBoundaryIs></Polygon></MultiGeometry></Placemark><Placemark><name>Pit 600</name><description>0.03 ha, probability 0.89, older, outside riverbed, pit</description><styleUrl>#old</styleUrl><MultiGeometry><Polygon><outerBoundaryIs><LinearRing><coordinates>76.722447,29.776380 76.722444,29.776199 76.722547,29.776198 76.722549,29.776288 76.722652,29.776287 76.722654,29.776377 76.722447,29.776380</coordinates></LinearRing></outerBoundaryIs></Polygon></MultiGeometry></Placemark><Placemark><name>Pit 601</name><description>0.12 ha, probability 0.89, older, outside riverbed, pit</description><styleUrl>#old</styleUrl><MultiGeometry><Polygon><outerBoundaryIs><LinearRing><coordinates>77.123032,29.895233 77.123030,29.895143 77.123133,29.895142 77.123131,29.895051 77.123028,29.895053 77.123026,29.894963 77.123129,29.894961 77.123127,29.894871 77.123438,29.894866 77.123444,29.895137 77.123237,29.895140 77.123239,29.895230 77.123032,29.895233</coordinates></LinearRing></outerBoundaryIs></Polygon></MultiGeometry></Placemark><Placemark><name>Pit 602</name><description>0.05 ha, probability 0.89, older, outside riverbed, pit</description><styleUrl>#old</styleUrl><MultiGeometry><Polygon><outerBoundaryIs><LinearRing><coordinates>76.816430,29.682820 76.816425,29.682549 76.816632,29.682546 76.816635,29.682727 76.816532,29.682728 76.816533,29.682818 76.816430,29.682820</coordinates></LinearRing></outerBoundaryIs></Polygon></MultiGeometry></Placemark><Placemark><name>Pit 603</name><description>0.12 ha, probability 0.88, older, outside riverbed, pit</description><styleUrl>#old</styleUrl><MultiGeometry><Polygon><outerBoundaryIs><LinearRing><coordinates>76.878875,29.734640 76.878870,29.734370 76.878767,29.734371 76.878763,29.734191 76.878867,29.734189 76.878865,29.734099 76.879072,29.734096 76.879077,29.734367 76.878973,29.734368 76.878975,29.734458 76.879079,29.734457 76.879082,29.734637 76.878875,29.734640</coordinates></LinearRing></outerBoundaryIs></Polygon></MultiGeometry></Placemark><Placemark><name>Pit 604</name><description>0.29 ha, probability 0.88, older, outside riverbed, pit</description><styleUrl>#old</styleUrl><MultiGeometry><Polygon><outerBoundaryIs><LinearRing><coordinates>76.776004,29.851461 76.776003,29.851371 76.775589,29.851377 76.775586,29.851196 76.775482,29.851198 76.775479,29.851017 76.775583,29.851016 76.775579,29.850835 76.775993,29.850830 76.775995,29.850920 76.775891,29.850921 76.775893,29.851012 76.775996,29.851010 76.775998,29.851100 76.776102,29.851099 76.776106,29.851370 76.776210,29.851368 76.776211,29.851458 76.776004,29.851461</coordinates></LinearRing></outerBoundaryIs></Polygon></MultiGeometry></Placemark><Placemark><name>Pit 605</name><description>0.09 ha, probability 0.88, older, outside riverbed, pit</description><styleUrl>#old</styleUrl><MultiGeometry><Polygon><outerBoundaryIs><LinearRing><coordinates>76.941088,29.636752 76.941085,29.636571 76.941291,29.636568 76.941293,29.636658 76.941396,29.636657 76.941393,29.636477 76.941599,29.636474 76.941604,29.636744 76.941501,29.636746 76.941499,29.636655 76.941396,29.636657 76.941398,29.636747 76.941295,29.636749 76.941293,29.636658 76.941190,29.636660 76.941191,29.636750 76.941088,29.636752</coordinates></LinearRing></outerBoundaryIs></Polygon></MultiGeometry></Placemark><Placemark><name>Pit 606</name><description>0.20 ha, probability 0.88, older, outside riverbed, pit</description><styleUrl>#old</styleUrl><MultiGeometry><Polygon><outerBoundaryIs><LinearRing><coordinates>76.837544,29.605114 76.837540,29.604933 76.837437,29.604935 76.837434,29.604754 76.837331,29.604756 76.837329,29.604666 76.837535,29.604663 76.837534,29.604573 76.837637,29.604571 76.837639,29.604661 76.837742,29.604660 76.837740,29.604570 76.837843,29.604568 76.837847,29.604749 76.837950,29.604747 76.837952,29.604837 76.837848,29.604839 76.837852,29.605019 76.837748,29.605021 76.837750,29.605111 76.837544,29.605114</coordinates></LinearRing></outerBoundaryIs></Polygon></MultiGeometry></Placemark><Placemark><name>Pit 607</name><description>0.04 ha, probability 0.88, older, outside riverbed, pit</description><styleUrl>#old</styleUrl><MultiGeometry><Polygon><outerBoundaryIs><LinearRing><coordinates>77.022359,29.563900 77.022357,29.563810 77.022563,29.563807 77.022561,29.563717 77.022664,29.563715 77.022668,29.563895 77.022359,29.563900</coordinates></LinearRing></outerBoundaryIs></Polygon></MultiGeometry></Placemark><Placemark><name>Pit 608</name><description>0.04 ha, probability 0.88, older, outside riverbed, likely village pond</description><styleUrl>#pond</styleUrl><MultiGeometry><Polygon><outerBoundaryIs><LinearRing><coordinates>77.032961,29.890608 77.032958,29.890428 77.033165,29.890424 77.033168,29.890605 77.032961,29.890608</coordinates></LinearRing></outerBoundaryIs></Polygon></MultiGeometry></Placemark><Placemark><name>Pit 609</name><description>0.11 ha, probability 0.88, older, outside riverbed, pit</description><styleUrl>#old</styleUrl><MultiGeometry><Polygon><outerBoundaryIs><LinearRing><coordinates>76.559431,29.474043 76.559430,29.473953 76.559327,29.473954 76.559324,29.473774 76.559427,29.473773 76.559426,29.473683 76.559632,29.473680 76.559635,29.473861 76.559738,29.473859 76.559739,29.473950 76.559636,29.473951 76.559637,29.474041 76.559431,29.474043</coordinates></LinearRing></outerBoundaryIs></Polygon></MultiGeometry></Placemark><Placemark><name>Pit 610</name><description>0.39 ha, probability 0.88, older, outside riverbed, pit</description><styleUrl>#old</styleUrl><MultiGeometry><Polygon><outerBoundaryIs><LinearRing><coordinates>77.105577,29.897318 77.105575,29.897227 77.105679,29.897226 77.105677,29.897136 77.105574,29.897137 77.105572,29.897047 77.105468,29.897049 77.105466,29.896958 77.105363,29.896960 77.105357,29.896690 77.105461,29.896688 77.105459,29.896598 77.105976,29.896589 77.105984,29.896950 77.106087,29.896949 77.106091,29.897129 77.106195,29.897127 77.106197,29.897217 77.106093,29.897219 77.106095,29.897309 77.105577,29.897318</coordinates></LinearRing></outerBoundaryIs></Polygon></MultiGeometry></Placemark><Placemark><name>Pit 611</name><description>0.15 ha, probability 0.88, older, outside riverbed, pit</description><styleUrl>#old</styleUrl><MultiGeometry><Polygon><outerBoundaryIs><LinearRing><coordinates>76.569584,29.530592 76.569583,29.530502 76.569480,29.530503 76.569478,29.530413 76.569582,29.530411 76.569580,29.530321 76.569787,29.530319 76.569785,29.530229 76.569888,29.530227 76.569890,29.530318 76.569993,29.530316 76.569994,29.530407 76.570097,29.530405 76.570099,29.530496 76.569996,29.530497 76.569997,29.530587 76.569584,29.530592</coordinates></LinearRing></outerBoundaryIs></Polygon></MultiGeometry></Placemark><Placemark><name>Pit 612</name><description>0.15 ha, probability 0.88, older, outside riverbed, likely village pond</description><styleUrl>#pond</styleUrl><MultiGeometry><Polygon><outerBoundaryIs><LinearRing><coordinates>76.764399,29.531396 76.764397,29.531306 76.764294,29.531308 76.764293,29.531217 76.764499,29.531215 76.764497,29.531124 76.764807,29.531120 76.764805,29.531030 76.765012,29.531027 76.765016,29.531298 76.764913,29.531299 76.764912,29.531209 76.764808,29.531210 76.764810,29.531301 76.764707,29.531302 76.764708,29.531392 76.764399,29.531396</coordinates></LinearRing></outerBoundaryIs></Polygon></MultiGeometry></Placemark><Placemark><name>Pit 613</name><description>0.42 ha, probability 0.87, older, outside riverbed, pit</description><styleUrl>#old</styleUrl><MultiGeometry><Polygon><outerBoundaryIs><LinearRing><coordinates>76.878158,29.735011 76.878157,29.734921 76.878260,29.734920 76.878258,29.734830 76.878155,29.734831 76.878143,29.734200 76.878350,29.734197 76.878348,29.734106 76.878452,29.734105 76.878453,29.734195 76.878660,29.734192 76.878674,29.734914 76.878467,29.734917 76.878468,29.735007 76.878158,29.735011</coordinates></LinearRing></outerBoundaryIs></Polygon></MultiGeometry></Placemark><Placemark><name>Pit 614</name><description>0.10 ha, probability 0.87, older, outside riverbed, pit</description><styleUrl>#old</styleUrl><MultiGeometry><Polygon><outerBoundaryIs><LinearRing><coordinates>77.050155,29.738864 77.050150,29.738593 77.050460,29.738588 77.050461,29.738679 77.050565,29.738677 77.050567,29.738767 77.050463,29.738769 77.050465,29.738859 77.050155,29.738864</coordinates></LinearRing></outerBoundaryIs></Polygon></MultiGeometry></Placemark><Placemark><name>Pit 615</name><description>0.07 ha, probability 0.87, older, outside riverbed, pit</description><styleUrl>#old</styleUrl><MultiGeometry><Polygon><outerBoundaryIs><LinearRing><coordinates>76.839671,29.488961 76.839665,29.488600 76.839768,29.488598 76.839770,29.488689 76.839873,29.488687 76.839874,29.488777 76.839978,29.488776 76.839979,29.488866 76.839773,29.488869 76.839775,29.488959 76.839671,29.488961</coordinates></LinearRing></outerBoundaryIs></Polygon></MultiGeometry></Placemark><Placemark><name>Pit 616</name><description>0.08 ha, probability 0.87, older, outside riverbed, pit</description><styleUrl>#old</styleUrl><MultiGeometry><Polygon><outerBoundaryIs><LinearRing><coordinates>76.934353,29.700368 76.934351,29.700278 76.934248,29.700279 76.934243,29.700009 76.934346,29.700007 76.934348,29.700097 76.934451,29.700096 76.934453,29.700186 76.934556,29.700185 76.934560,29.700365 76.934353,29.700368</coordinates></LinearRing></outerBoundaryIs></Polygon></MultiGeometry></Placemark><Placemark><name>Pit 617</name><description>0.11 ha, probability 0.87, older, outside riverbed, pit</description><styleUrl>#old</styleUrl><MultiGeometry><Polygon><outerBoundaryIs><LinearRing><coordinates>76.617526,29.573600 76.617524,29.573510 76.617421,29.573511 76.617418,29.573330 76.617522,29.573329 76.617520,29.573239 76.617314,29.573241 76.617311,29.573061 76.617621,29.573057 76.617622,29.573147 76.617519,29.573149 76.617520,29.573239 76.617623,29.573238 76.617629,29.573599 76.617526,29.573600</coordinates></LinearRing></outerBoundaryIs></Polygon></MultiGeometry></Placemark><Placemark><name>Pit 618</name><description>0.06 ha, probability 0.87, older, outside riverbed, pit</description><styleUrl>#old</styleUrl><MultiGeometry><Polygon><outerBoundaryIs><LinearRing><coordinates>76.748302,29.764401 76.748299,29.764220 76.748610,29.764216 76.748613,29.764397 76.748302,29.764401</coordinates></LinearRing></outerBoundaryIs></Polygon></MultiGeometry></Placemark><Placemark><name>Pit 619</name><description>0.03 ha, probability 0.86, older, Yamuna riverbed, pit</description><styleUrl>#old</styleUrl><MultiGeometry><Polygon><outerBoundaryIs><LinearRing><coordinates>77.120662,29.655383 77.120658,29.655202 77.120761,29.655201 77.120763,29.655291 77.120866,29.655289 77.120868,29.655380 77.120662,29.655383</coordinates></LinearRing></outerBoundaryIs></Polygon></MultiGeometry></Placemark><Placemark><name>Pit 620</name><description>0.28 ha, probability 0.86, older, outside riverbed, pit</description><styleUrl>#old</styleUrl><MultiGeometry><Polygon><outerBoundaryIs><LinearRing><coordinates>76.661728,29.518192 76.661726,29.518102 76.661623,29.518104 76.661616,29.517652 76.662131,29.517646 76.662139,29.518097 76.662035,29.518098 76.662037,29.518189 76.661728,29.518192</coordinates></LinearRing></outerBoundaryIs></Polygon></MultiGeometry></Placemark><Placemark><name>Pit 621</name><description>0.07 ha, probability 0.86, older, outside riverbed, pit</description><styleUrl>#old</styleUrl><MultiGeometry><Polygon><outerBoundaryIs><LinearRing><coordinates>77.048654,29.842820 77.048648,29.842549 77.048752,29.842548 77.048750,29.842458 77.048853,29.842456 77.048861,29.842817 77.048654,29.842820</coordinates></LinearRing></outerBoundaryIs></Polygon></MultiGeometry></Placemark><Placemark><name>Pit 622</name><description>0.81 ha, probability 0.86, older, outside riverbed, pit</description><styleUrl>#old</styleUrl><MultiGeometry><Polygon><outerBoundaryIs><LinearRing><coordinates>76.720492,29.503639 76.720489,29.503459 76.720386,29.503460 76.720383,29.503280 76.720486,29.503279 76.720484,29.503188 76.720587,29.503187 76.720586,29.503097 76.720379,29.503099 76.720376,29.502919 76.720273,29.502920 76.720270,29.502740 76.720064,29.502743 76.720066,29.502833 76.719962,29.502834 76.719964,29.502924 76.719861,29.502926 76.719858,29.502745 76.719755,29.502747 76.719759,29.503017 76.719656,29.503019 76.719658,29.503109 76.719864,29.503106 76.719867,29.503287 76.719764,29.503288 76.719765,29.503378 76.719456,29.503382 76.719454,29.503292 76.719351,29.503293 76.719348,29.503113 76.719245,29.503114 76.719242,29.502934 76.719139,29.502935 76.719136,29.502755 76.719239,29.502753 76.719237,29.502663 76.719547,29.502659 76.719545,29.502569 76.720473,29.502557 76.720475,29.502647 76.720578,29.502646 76.720583,29.502916 76.720686,29.502915 76.720687,29.503005 76.720584,29.503007 76.720586,29.503097 76.720689,29.503095 76.720693,29.503366 76.720590,29.503367 76.720592,29.503458 76.720695,29.503456 76.720696,29.503547 76.720593,29.503548 76.720595,29.503638 76.720492,29.503639</coordinates></LinearRing></outerBoundaryIs></Polygon></MultiGeometry></Placemark><Placemark><name>Pit 623</name><description>0.06 ha, probability 0.86, older, outside riverbed, likely village pond</description><styleUrl>#pond</styleUrl><MultiGeometry><Polygon><outerBoundaryIs><LinearRing><coordinates>76.988815,29.595354 76.988810,29.595083 76.989016,29.595080 76.989018,29.595170 76.989121,29.595169 76.989123,29.595259 76.988917,29.595262 76.988919,29.595352 76.988815,29.595354</coordinates></LinearRing></outerBoundaryIs></Polygon></MultiGeometry></Placemark><Placemark><name>Pit 624</name><description>0.15 ha, probability 0.86, older, outside riverbed, pit</description><styleUrl>#old</styleUrl><MultiGeometry><Polygon><outerBoundaryIs><LinearRing><coordinates>76.765879,29.610508 76.765875,29.610328 76.765669,29.610331 76.765667,29.610240 76.765461,29.610243 76.765456,29.609973 76.765559,29.609971 76.765561,29.610061 76.765767,29.610059 76.765769,29.610149 76.765872,29.610147 76.765874,29.610238 76.765977,29.610236 76.765979,29.610326 76.766082,29.610325 76.766085,29.610506 76.765879,29.610508</coordinates></LinearRing></outerBoundaryIs></Polygon></MultiGeometry></Placemark><Placemark><name>Pit 625</name><description>0.05 ha, probability 0.86, older, outside riverbed, pit</description><styleUrl>#old</styleUrl><MultiGeometry><Polygon><outerBoundaryIs><LinearRing><coordinates>77.054077,29.804393 77.054073,29.804212 77.054383,29.804207 77.054385,29.804298 77.054282,29.804299 77.054284,29.804389 77.054077,29.804393</coordinates></LinearRing></outerBoundaryIs></Polygon></MultiGeometry></Placemark><Placemark><name>Pit 626</name><description>0.20 ha, probability 0.85, older, outside riverbed, pit</description><styleUrl>#old</styleUrl><MultiGeometry><Polygon><outerBoundaryIs><LinearRing><coordinates>76.978517,29.575478 76.978512,29.575207 76.978615,29.575206 76.978617,29.575296 76.978720,29.575294 76.978718,29.575204 76.978924,29.575201 76.978923,29.575111 76.979129,29.575108 76.979131,29.575198 76.979337,29.575195 76.979341,29.575375 76.979134,29.575378 76.979136,29.575469 76.978517,29.575478</coordinates></LinearRing></outerBoundaryIs></Polygon></MultiGeometry></Placemark><Placemark><name>Pit 627</name><description>0.05 ha, probability 0.85, older, outside riverbed, pit</description><styleUrl>#old</styleUrl><MultiGeometry><Polygon><outerBoundaryIs><LinearRing><coordinates>76.901901,29.590402 76.901898,29.590222 76.902207,29.590217 76.902209,29.590308 76.902106,29.590309 76.902107,29.590399 76.901901,29.590402</coordinates></LinearRing></outerBoundaryIs></Polygon></MultiGeometry></Placemark><Placemark><name>Pit 628</name><description>0.06 ha, probability 0.85, older, outside riverbed, pit</description><styleUrl>#old</styleUrl><MultiGeometry><Polygon><outerBoundaryIs><LinearRing><coordinates>77.039501,29.559307 77.039497,29.559127 77.039807,29.559122 77.039810,29.559303 77.039501,29.559307</coordinates></LinearRing></outerBoundaryIs></Polygon></MultiGeometry></Placemark><Placemark><name>Pit 629</name><description>0.03 ha, probability 0.85, older, outside riverbed, pit</description><styleUrl>#old</styleUrl><MultiGeometry><Polygon><outerBoundaryIs><LinearRing><coordinates>76.882910,29.484837 76.882908,29.484746 76.883011,29.484745 76.883010,29.484655 76.883113,29.484653 76.883116,29.484834 76.882910,29.484837</coordinates></LinearRing></outerBoundaryIs></Polygon></MultiGeometry></Placemark><Placemark><name>Pit 630</name><description>0.03 ha, probability 0.85, older, outside riverbed, pit</description><styleUrl>#old</styleUrl><MultiGeometry><Polygon><outerBoundaryIs><LinearRing><coordinates>77.136842,29.897085 77.136838,29.896905 77.137045,29.896902 77.137047,29.896992 77.136943,29.896993 77.136945,29.897084 77.136842,29.897085</coordinates></LinearRing></outerBoundaryIs></Polygon></MultiGeometry></Placemark><Placemark><name>Pit 631</name><description>0.08 ha, probability 0.85, older, outside riverbed, pit</description><styleUrl>#old</styleUrl><MultiGeometry><Polygon><outerBoundaryIs><LinearRing><coordinates>76.625329,29.654624 76.625324,29.654353 76.625428,29.654352 76.625430,29.654532 76.625637,29.654530 76.625636,29.654439 76.625739,29.654438 76.625737,29.654348 76.625841,29.654347 76.625844,29.654527 76.625637,29.654530 76.625639,29.654620 76.625329,29.654624</coordinates></LinearRing></outerBoundaryIs></Polygon></MultiGeometry></Placemark><Placemark><name>Pit 632</name><description>0.30 ha, probability 0.85, older, outside riverbed, pit</description><styleUrl>#old</styleUrl><MultiGeometry><Polygon><outerBoundaryIs><LinearRing><coordinates>76.882173,29.500727 76.882169,29.500547 76.882066,29.500548 76.882063,29.500368 76.881960,29.500369 76.881958,29.500279 76.881855,29.500280 76.881853,29.500190 76.882163,29.500186 76.882164,29.500276 76.882267,29.500275 76.882266,29.500184 76.882472,29.500181 76.882475,29.500362 76.882578,29.500360 76.882577,29.500270 76.882886,29.500266 76.882888,29.500356 76.882991,29.500355 76.882989,29.500264 76.883092,29.500263 76.883096,29.500443 76.882374,29.500454 76.882379,29.500724 76.882173,29.500727</coordinates></LinearRing></outerBoundaryIs></Polygon></MultiGeometry></Placemark><Placemark><name>Pit 633</name><description>0.39 ha, probability 0.85, older, outside riverbed, pit</description><styleUrl>#old</styleUrl><MultiGeometry><Polygon><outerBoundaryIs><LinearRing><coordinates>76.913701,29.597541 76.913699,29.597451 76.913390,29.597455 76.913388,29.597365 76.913491,29.597363 76.913489,29.597273 76.913593,29.597272 76.913591,29.597182 76.913694,29.597180 76.913691,29.597000 76.913587,29.597001 76.913586,29.596911 76.913792,29.596908 76.913796,29.597088 76.914002,29.597085 76.914004,29.597176 76.914313,29.597171 76.914312,29.597081 76.914518,29.597078 76.914523,29.597349 76.914420,29.597350 76.914422,29.597440 76.913906,29.597448 76.913907,29.597538 76.913701,29.597541</coordinates></LinearRing></outerBoundaryIs></Polygon></MultiGeometry></Placemark><Placemark><name>Pit 634</name><description>0.04 ha, probability 0.85, older, outside riverbed, pit</description><styleUrl>#old</styleUrl><MultiGeometry><Polygon><outerBoundaryIs><LinearRing><coordinates>76.738570,29.841493 76.738568,29.841403 76.738672,29.841402 76.738670,29.841311 76.738774,29.841310 76.738775,29.841400 76.738879,29.841399 76.738880,29.841489 76.738570,29.841493</coordinates></LinearRing></outerBoundaryIs></Polygon></MultiGeometry></Placemark><Placemark><name>Pit 635</name><description>0.04 ha, probability 0.84, new, outside riverbed, pit</description><styleUrl>#new</styleUrl><MultiGeometry><Polygon><outerBoundaryIs><LinearRing><coordinates>77.030020,29.487635 77.030014,29.487364 77.030117,29.487363 77.030119,29.487453 77.030222,29.487451 77.030224,29.487541 77.030121,29.487543 77.030123,29.487633 77.030020,29.487635</coordinates></LinearRing></outerBoundaryIs></Polygon></MultiGeometry></Placemark><Placemark><name>Pit 636</name><description>0.16 ha, probability 0.84, older, outside riverbed, likely village pond</description><styleUrl>#pond</styleUrl><MultiGeometry><Polygon><outerBoundaryIs><LinearRing><coordinates>76.991453,29.493000 76.991451,29.492910 76.990833,29.492919 76.990831,29.492829 76.990934,29.492827 76.990932,29.492737 76.991654,29.492726 76.991659,29.492997 76.991453,29.493000</coordinates></LinearRing></outerBoundaryIs></Polygon></MultiGeometry></Placemark><Placemark><name>Pit 637</name><description>0.95 ha, probability 0.84, older, outside riverbed, pit</description><styleUrl>#old</styleUrl><MultiGeometry><Polygon><outerBoundaryIs><LinearRing><coordinates>76.860721,29.619047 76.860719,29.618956 76.860513,29.618959 76.860511,29.618869 76.860408,29.618871 76.860391,29.617969 76.860494,29.617967 76.860491,29.617787 76.860388,29.617788 76.860385,29.617608 76.860488,29.617606 76.860484,29.617426 76.861001,29.617419 76.861002,29.617509 76.860899,29.617510 76.860901,29.617600 76.861107,29.617598 76.861120,29.618319 76.860914,29.618322 76.860916,29.618412 76.861019,29.618411 76.861022,29.618591 76.860919,29.618593 76.860917,29.618502 76.860814,29.618504 76.860819,29.618775 76.861025,29.618772 76.861024,29.618681 76.861127,29.618680 76.861134,29.619041 76.860721,29.619047</coordinates></LinearRing></outerBoundaryIs></Polygon></MultiGeometry></Placemark><Placemark><name>Pit 638</name><description>0.11 ha, probability 0.84, older, outside riverbed, pit</description><styleUrl>#old</styleUrl><MultiGeometry><Polygon><outerBoundaryIs><LinearRing><coordinates>76.997310,29.816090 76.997308,29.815999 76.997204,29.816001 76.997201,29.815821 76.997511,29.815816 76.997513,29.815906 76.997616,29.815904 76.997618,29.815995 76.997722,29.815993 76.997723,29.816083 76.997310,29.816090</coordinates></LinearRing></outerBoundaryIs></Polygon></MultiGeometry></Placemark><Placemark><name>Pit 639</name><description>0.09 ha, probability 0.84, older, outside riverbed, pit</description><styleUrl>#old</styleUrl><MultiGeometry><Polygon><outerBoundaryIs><LinearRing><coordinates>76.948931,29.834225 76.948928,29.834045 76.948824,29.834046 76.948822,29.833956 76.948926,29.833954 76.948924,29.833864 76.949131,29.833861 76.949138,29.834222 76.948931,29.834225</coordinates></LinearRing></outerBoundaryIs></Polygon></MultiGeometry></Placemark><Placemark><name>Pit 640</name><description>0.11 ha, probability 0.84, older, outside riverbed, pit</description><styleUrl>#old</styleUrl><MultiGeometry><Polygon><outerBoundaryIs><LinearRing><coordinates>76.895411,29.668360 76.895410,29.668270 76.895203,29.668273 76.895201,29.668182 76.895305,29.668181 76.895301,29.668001 76.895508,29.667998 76.895511,29.668178 76.895718,29.668175 76.895719,29.668265 76.895616,29.668267 76.895618,29.668357 76.895411,29.668360</coordinates></LinearRing></outerBoundaryIs></Polygon></MultiGeometry></Placemark><Placemark><name>Pit 641</name><description>0.11 ha, probability 0.84, older, outside riverbed, pit</description><styleUrl>#old</styleUrl><MultiGeometry><Polygon><outerBoundaryIs><LinearRing><coordinates>76.788340,29.560942 76.788339,29.560852 76.788235,29.560853 76.788234,29.560763 76.788337,29.560762 76.788332,29.560491 76.788435,29.560490 76.788439,29.560670 76.788645,29.560667 76.788648,29.560848 76.788545,29.560849 76.788546,29.560940 76.788340,29.560942</coordinates></LinearRing></outerBoundaryIs></Polygon></MultiGeometry></Placemark><Placemark><name>Pit 642</name><description>0.06 ha, probability 0.83, older, outside riverbed, pit</description><styleUrl>#old</styleUrl><MultiGeometry><Polygon><outerBoundaryIs><LinearRing><coordinates>77.051829,29.810833 77.051827,29.810743 77.051931,29.810741 77.051927,29.810561 77.052030,29.810559 77.052032,29.810650 77.052136,29.810648 77.052139,29.810828 77.051829,29.810833</coordinates></LinearRing></outerBoundaryIs></Polygon></MultiGeometry></Placemark><Placemark><name>Pit 643</name><description>0.04 ha, probability 0.83, older, outside riverbed, pit</description><styleUrl>#old</styleUrl><MultiGeometry><Polygon><outerBoundaryIs><LinearRing><coordinates>76.976210,29.742696 76.976204,29.742425 76.976308,29.742424 76.976311,29.742604 76.976415,29.742602 76.976416,29.742693 76.976210,29.742696</coordinates></LinearRing></outerBoundaryIs></Polygon></MultiGeometry></Placemark><Placemark><name>Pit 644</name><description>0.12 ha, probability 0.83, older, outside riverbed, pit</description><styleUrl>#old</styleUrl><MultiGeometry><Polygon><outerBoundaryIs><LinearRing><coordinates>76.800203,29.879103 76.800200,29.878923 76.800096,29.878924 76.800095,29.878834 76.799991,29.878836 76.799990,29.878745 76.800197,29.878742 76.800198,29.878833 76.800405,29.878830 76.800407,29.878920 76.800510,29.878919 76.800509,29.878828 76.800612,29.878827 76.800615,29.879007 76.800512,29.879009 76.800514,29.879099 76.800410,29.879100 76.800408,29.879010 76.800305,29.879012 76.800307,29.879102 76.800203,29.879103</coordinates></LinearRing></outerBoundaryIs></Polygon></MultiGeometry></Placemark><Placemark><name>Pit 645</name><description>0.13 ha, probability 0.83, older, outside riverbed, pit</description><styleUrl>#old</styleUrl><MultiGeometry><Polygon><outerBoundaryIs><LinearRing><coordinates>76.963106,29.488369 76.963104,29.488279 76.963001,29.488280 76.962999,29.488190 76.963102,29.488188 76.963101,29.488098 76.963719,29.488089 76.963721,29.488179 76.963412,29.488184 76.963415,29.488364 76.963106,29.488369</coordinates></LinearRing></outerBoundaryIs></Polygon></MultiGeometry></Placemark><Placemark><name>Pit 646</name><description>0.25 ha, probability 0.82, older, outside riverbed, pit</description><styleUrl>#old</styleUrl><MultiGeometry><Polygon><outerBoundaryIs><LinearRing><coordinates>76.802194,29.874655 76.802190,29.874475 76.801983,29.874478 76.801982,29.874387 76.802085,29.874386 76.802084,29.874296 76.802291,29.874293 76.802289,29.874203 76.802082,29.874205 76.802080,29.874115 76.801977,29.874117 76.801975,29.874026 76.801872,29.874028 76.801869,29.873848 76.802179,29.873843 76.802181,29.873933 76.802284,29.873932 76.802286,29.874022 76.802389,29.874021 76.802394,29.874291 76.802291,29.874293 76.802294,29.874473 76.802501,29.874470 76.802503,29.874561 76.802399,29.874562 76.802401,29.874652 76.802194,29.874655</coordinates></LinearRing></outerBoundaryIs></Polygon></MultiGeometry></Placemark><Placemark><name>Pit 647</name><description>0.19 ha, probability 0.82, older, outside riverbed, pit</description><styleUrl>#old</styleUrl><MultiGeometry><Polygon><outerBoundaryIs><LinearRing><coordinates>76.955604,29.661079 76.955603,29.660989 76.955499,29.660991 76.955497,29.660900 76.955807,29.660896 76.955806,29.660806 76.956219,29.660800 76.956220,29.660890 76.956324,29.660888 76.956327,29.661069 76.955604,29.661079</coordinates></LinearRing></outerBoundaryIs></Polygon></MultiGeometry></Placemark><Placemark><name>Pit 648</name><description>0.10 ha, probability 0.82, older, outside riverbed, pit</description><styleUrl>#old</styleUrl><MultiGeometry><Polygon><outerBoundaryIs><LinearRing><coordinates>77.016395,29.642845 77.016392,29.642665 77.016598,29.642662 77.016596,29.642572 77.016906,29.642567 77.016908,29.642657 77.016805,29.642659 77.016807,29.642749 77.016703,29.642751 77.016705,29.642841 77.016395,29.642845</coordinates></LinearRing></outerBoundaryIs></Polygon></MultiGeometry></Placemark><Placemark><name>Pit 649</name><description>0.09 ha, probability 0.82, older, outside riverbed, pit</description><styleUrl>#old</styleUrl><MultiGeometry><Polygon><outerBoundaryIs><LinearRing><coordinates>77.083534,29.713261 77.083530,29.713081 77.083634,29.713079 77.083632,29.712989 77.083839,29.712986 77.083840,29.713076 77.083944,29.713074 77.083947,29.713255 77.083844,29.713256 77.083842,29.713166 77.083739,29.713168 77.083741,29.713258 77.083534,29.713261</coordinates></LinearRing></outerBoundaryIs></Polygon></MultiGeometry></Placemark><Placemark><name>Pit 650</name><description>0.03 ha, probability 0.82, older, outside riverbed, pit</description><styleUrl>#old</styleUrl><MultiGeometry><Polygon><outerBoundaryIs><LinearRing><coordinates>76.859691,29.787422 76.859689,29.787332 76.859586,29.787334 76.859584,29.787243 76.859791,29.787241 76.859794,29.787421 76.859691,29.787422</coordinates></LinearRing></outerBoundaryIs></Polygon></MultiGeometry></Placemark><Placemark><name>Pit 651</name><description>0.06 ha, probability 0.82, older, outside riverbed, pit</description><styleUrl>#old</styleUrl><MultiGeometry><Polygon><outerBoundaryIs><LinearRing><coordinates>76.800048,29.627463 76.800046,29.627373 76.800150,29.627371 76.800148,29.627281 76.800251,29.627280 76.800250,29.627190 76.800353,29.627188 76.800358,29.627459 76.800048,29.627463</coordinates></LinearRing></outerBoundaryIs></Polygon></MultiGeometry></Placemark><Placemark><name>Pit 652</name><description>0.45 ha, probability 0.81, older, Yamuna riverbed, pit</description><styleUrl>#old</styleUrl><MultiGeometry><Polygon><outerBoundaryIs><LinearRing><coordinates>77.141410,29.703496 77.141408,29.703406 77.141718,29.703401 77.141716,29.703311 77.141613,29.703313 77.141611,29.703222 77.141714,29.703221 77.141713,29.703131 77.141816,29.703129 77.141812,29.702949 77.141915,29.702947 77.141917,29.703037 77.142021,29.703035 77.142019,29.702945 77.142329,29.702940 77.142327,29.702850 77.142430,29.702848 77.142432,29.702938 77.142638,29.702935 77.142637,29.702845 77.142843,29.702842 77.142853,29.703293 77.142440,29.703299 77.142438,29.703209 77.142231,29.703212 77.142233,29.703303 77.141820,29.703309 77.141824,29.703490 77.141410,29.703496</coordinates></LinearRing></outerBoundaryIs></Polygon></MultiGeometry></Placemark><Placemark><name>Pit 653</name><description>0.05 ha, probability 0.81, older, outside riverbed, pit</description><styleUrl>#old</styleUrl><MultiGeometry><Polygon><outerBoundaryIs><LinearRing><coordinates>77.015206,29.650532 77.015202,29.650352 77.014996,29.650355 77.014994,29.650265 77.015200,29.650262 77.015202,29.650352 77.015409,29.650349 77.015411,29.650439 77.015307,29.650441 77.015309,29.650531 77.015206,29.650532</coordinates></LinearRing></outerBoundaryIs></Polygon></MultiGeometry></Placemark><Placemark><name>Pit 654</name><description>0.09 ha, probability 0.81, older, outside riverbed, pit</description><styleUrl>#old</styleUrl><MultiGeometry><Polygon><outerBoundaryIs><LinearRing><coordinates>77.013761,29.463341 77.013759,29.463251 77.013553,29.463254 77.013550,29.463074 77.013653,29.463072 77.013655,29.463162 77.013758,29.463161 77.013756,29.463070 77.013859,29.463069 77.013861,29.463159 77.014067,29.463156 77.014069,29.463246 77.013966,29.463248 77.013967,29.463338 77.013761,29.463341</coordinates></LinearRing></outerBoundaryIs></Polygon></MultiGeometry></Placemark><Placemark><name>Pit 655</name><description>0.25 ha, probability 0.81, older, outside riverbed, pit</description><styleUrl>#old</styleUrl><MultiGeometry><Polygon><outerBoundaryIs><LinearRing><coordinates>77.100871,29.865456 77.100869,29.865366 77.100973,29.865364 77.100969,29.865184 77.101072,29.865182 77.101068,29.865002 77.100965,29.865003 77.100963,29.864913 77.100860,29.864915 77.100854,29.864644 77.101061,29.864641 77.101059,29.864551 77.101266,29.864547 77.101268,29.864638 77.101475,29.864634 77.101477,29.864724 77.101373,29.864726 77.101375,29.864816 77.101272,29.864818 77.101277,29.865089 77.101174,29.865090 77.101176,29.865180 77.101072,29.865182 77.101076,29.865362 77.100973,29.865364 77.100974,29.865454 77.100871,29.865456</coordinates></LinearRing></outerBoundaryIs></Polygon></MultiGeometry></Placemark><Placemark><name>Pit 656</name><description>0.04 ha, probability 0.81, older, outside riverbed, pit</description><styleUrl>#old</styleUrl><MultiGeometry><Polygon><outerBoundaryIs><LinearRing><coordinates>76.752461,29.848708 76.752456,29.848438 76.752663,29.848435 76.752665,29.848525 76.752561,29.848526 76.752564,29.848707 76.752461,29.848708</coordinates></LinearRing></outerBoundaryIs></Polygon></MultiGeometry></Placemark><Placemark><name>Pit 657</name><description>0.08 ha, probability 0.81, older, outside riverbed, likely village pond</description><styleUrl>#pond</styleUrl><MultiGeometry><Polygon><outerBoundaryIs><LinearRing><coordinates>77.052714,29.884438 77.052707,29.884077 77.052914,29.884074 77.052921,29.884435 77.052714,29.884438</coordinates></LinearRing></outerBoundaryIs></Polygon></MultiGeometry></Placemark><Placemark><name>Pit 658</name><description>0.06 ha, probability 0.81, older, outside riverbed, pit</description><styleUrl>#old</styleUrl><MultiGeometry><Polygon><outerBoundaryIs><LinearRing><coordinates>76.717313,29.529216 76.717310,29.529036 76.717207,29.529037 76.717206,29.528947 76.717412,29.528944 76.717414,29.529034 76.717517,29.529033 76.717520,29.529213 76.717313,29.529216</coordinates></LinearRing></outerBoundaryIs></Polygon></MultiGeometry></Placemark><Placemark><name>Pit 659</name><description>0.08 ha, probability 0.81, older, outside riverbed, pit</description><styleUrl>#old</styleUrl><MultiGeometry><Polygon><outerBoundaryIs><LinearRing><coordinates>76.765758,29.609517 76.765756,29.609427 76.765653,29.609429 76.765652,29.609338 76.765548,29.609340 76.765547,29.609249 76.765857,29.609245 76.765858,29.609336 76.765961,29.609334 76.765964,29.609515 76.765758,29.609517</coordinates></LinearRing></outerBoundaryIs></Polygon></MultiGeometry></Placemark><Placemark><name>Pit 660</name><description>0.12 ha, probability 0.81, older, outside riverbed, pit</description><styleUrl>#old</styleUrl><MultiGeometry><Polygon><outerBoundaryIs><LinearRing><coordinates>76.800800,29.629077 76.800798,29.628987 76.800695,29.628988 76.800693,29.628898 76.800590,29.628899 76.800585,29.628629 76.800482,29.628630 76.800480,29.628540 76.800687,29.628537 76.800688,29.628627 76.800792,29.628626 76.800793,29.628716 76.800896,29.628715 76.800900,29.628895 76.800796,29.628897 76.800798,29.628987 76.800901,29.628985 76.800903,29.629076 76.800800,29.629077</coordinates></LinearRing></outerBoundaryIs></Polygon></MultiGeometry></Placemark><Placemark><name>Pit 661</name><description>0.07 ha, probability 0.81, older, outside riverbed, pit</description><styleUrl>#old</styleUrl><MultiGeometry><Polygon><outerBoundaryIs><LinearRing><coordinates>76.861339,29.618948 76.861330,29.618497 76.861433,29.618495 76.861438,29.618766 76.861645,29.618763 76.861647,29.618853 76.861440,29.618856 76.861442,29.618946 76.861339,29.618948</coordinates></LinearRing></outerBoundaryIs></Polygon></MultiGeometry></Placemark><Placemark><name>Pit 662</name><description>0.04 ha, probability 0.80, older, outside riverbed, pit</description><styleUrl>#old</styleUrl><MultiGeometry><Polygon><outerBoundaryIs><LinearRing><coordinates>76.937529,29.488293 76.937527,29.488203 76.937321,29.488206 76.937319,29.488115 76.937628,29.488111 76.937632,29.488291 76.937529,29.488293</coordinates></LinearRing></outerBoundaryIs></Polygon></MultiGeometry></Placemark><Placemark><name>Pit 663</name><description>0.45 ha, probability 0.80, older, outside riverbed, pit</description><styleUrl>#old</styleUrl><MultiGeometry><Polygon><outerBoundaryIs><LinearRing><coordinates>76.714629,29.565794 76.714628,29.565704 76.714525,29.565706 76.714520,29.565435 76.714623,29.565434 76.714620,29.565253 76.714517,29.565254 76.714515,29.565164 76.714412,29.565166 76.714408,29.564895 76.714614,29.564892 76.714616,29.564983 76.714925,29.564979 76.714927,29.565069 76.715030,29.565067 76.715031,29.565158 76.715135,29.565156 76.715136,29.565246 76.714930,29.565249 76.714931,29.565339 76.715034,29.565338 76.715037,29.565518 76.715141,29.565517 76.715142,29.565607 76.715039,29.565609 76.715042,29.565789 76.714939,29.565790 76.714937,29.565700 76.714834,29.565702 76.714836,29.565792 76.714629,29.565794</coordinates></LinearRing></outerBoundaryIs></Polygon></MultiGeometry></Placemark><Placemark><name>Pit 664</name><description>0.12 ha, probability 0.80, older, outside riverbed, pit</description><styleUrl>#old</styleUrl><MultiGeometry><Polygon><outerBoundaryIs><LinearRing><coordinates>76.691195,29.491112 76.691192,29.490932 76.690986,29.490934 76.690983,29.490754 76.691189,29.490751 76.691191,29.490841 76.691294,29.490840 76.691292,29.490750 76.691396,29.490749 76.691400,29.491019 76.691503,29.491018 76.691505,29.491108 76.691195,29.491112</coordinates></LinearRing></outerBoundaryIs></Polygon></MultiGeometry></Placemark><Placemark><name>Pit 665</name><description>0.04 ha, probability 0.80, older, outside riverbed, pit</description><styleUrl>#old</styleUrl><MultiGeometry><Polygon><outerBoundaryIs><LinearRing><coordinates>76.850003,29.749934 76.850001,29.749844 76.849897,29.749846 76.849896,29.749755 76.850206,29.749751 76.850208,29.749841 76.850104,29.749843 76.850106,29.749933 76.850003,29.749934</coordinates></LinearRing></outerBoundaryIs></Polygon></MultiGeometry></Placemark><Placemark><name>Pit 666</name><description>0.03 ha, probability 0.80, older, outside riverbed, pit</description><styleUrl>#old</styleUrl><MultiGeometry><Polygon><outerBoundaryIs><LinearRing><coordinates>76.888778,29.739011 76.888777,29.738920 76.888880,29.738919 76.888878,29.738829 76.888982,29.738827 76.888985,29.739008 76.888778,29.739011</coordinates></LinearRing></outerBoundaryIs></Polygon></MultiGeometry></Placemark><Placemark><name>Pit 667</name><description>0.25 ha, probability 0.80, older, outside riverbed, pit</description><styleUrl>#old</styleUrl><MultiGeometry><Polygon><outerBoundaryIs><LinearRing><coordinates>77.059606,29.690359 77.059602,29.690179 77.059705,29.690177 77.059702,29.689997 77.060115,29.689990 77.060117,29.690080 77.060427,29.690076 77.060428,29.690166 77.060325,29.690167 77.060329,29.690348 77.059606,29.690359</coordinates></LinearRing></outerBoundaryIs></Polygon></MultiGeometry></Placemark><Placemark><name>Pit 668</name><description>0.06 ha, probability 0.79, older, outside riverbed, pit</description><styleUrl>#old</styleUrl><MultiGeometry><Polygon><outerBoundaryIs><LinearRing><coordinates>76.686461,29.721262 76.686460,29.721172 76.686357,29.721173 76.686354,29.720993 76.686560,29.720990 76.686562,29.721080 76.686665,29.721079 76.686667,29.721169 76.686563,29.721170 76.686565,29.721261 76.686461,29.721262</coordinates></LinearRing></outerBoundaryIs></Polygon></MultiGeometry></Placemark><Placemark><name>Pit 669</name><description>0.04 ha, probability 0.79, older, outside riverbed, pit</description><styleUrl>#old</styleUrl><MultiGeometry><Polygon><outerBoundaryIs><LinearRing><coordinates>76.963305,29.488005 76.963300,29.487734 76.963403,29.487733 76.963405,29.487823 76.963508,29.487821 76.963509,29.487912 76.963406,29.487913 76.963408,29.488003 76.963305,29.488005</coordinates></LinearRing></outerBoundaryIs></Polygon></MultiGeometry></Placemark><Placemark><name>Pit 670</name><description>0.04 ha, probability 0.79, older, Yamuna riverbed, pit</description><styleUrl>#old</styleUrl><MultiGeometry><Polygon><outerBoundaryIs><LinearRing><coordinates>77.101941,29.564649 77.101938,29.564469 77.102041,29.564467 77.102043,29.564557 77.102249,29.564554 77.102251,29.564644 77.101941,29.564649</coordinates></LinearRing></outerBoundaryIs></Polygon></MultiGeometry></Placemark><Placemark><name>Pit 671</name><description>0.08 ha, probability 0.79, older, outside riverbed, pit</description><styleUrl>#old</styleUrl><MultiGeometry><Polygon><outerBoundaryIs><LinearRing><coordinates>76.686380,29.505520 76.686376,29.505250 76.686685,29.505246 76.686688,29.505426 76.686585,29.505427 76.686587,29.505518 76.686380,29.505520</coordinates></LinearRing></outerBoundaryIs></Polygon></MultiGeometry></Placemark><Placemark><name>Pit 672</name><description>0.04 ha, probability 0.79, older, outside riverbed, pit</description><styleUrl>#old</styleUrl><MultiGeometry><Polygon><outerBoundaryIs><LinearRing><coordinates>77.028587,29.663681 77.028586,29.663591 77.028689,29.663589 77.028687,29.663499 77.028790,29.663498 77.028792,29.663588 77.028895,29.663586 77.028897,29.663676 77.028587,29.663681</coordinates></LinearRing></outerBoundaryIs></Polygon></MultiGeometry></Placemark><Placemark><name>Pit 673</name><description>0.03 ha, probability 0.78, older, outside riverbed, pit</description><styleUrl>#old</styleUrl><MultiGeometry><Polygon><outerBoundaryIs><LinearRing><coordinates>76.839765,29.891099 76.839764,29.891008 76.839867,29.891007 76.839865,29.890917 76.839969,29.890915 76.839972,29.891096 76.839765,29.891099</coordinates></LinearRing></outerBoundaryIs></Polygon></MultiGeometry></Placemark><Placemark><name>Pit 674</name><description>0.15 ha, probability 0.78, older, outside riverbed, pit</description><styleUrl>#old</styleUrl><MultiGeometry><Polygon><outerBoundaryIs><LinearRing><coordinates>76.912074,29.642587 76.912072,29.642497 76.911969,29.642498 76.911967,29.642408 76.912070,29.642406 76.912067,29.642226 76.912170,29.642225 76.912168,29.642134 76.912065,29.642136 76.912063,29.642046 76.912167,29.642044 76.912165,29.641954 76.911958,29.641957 76.911957,29.641867 76.912370,29.641861 76.912371,29.641951 76.912268,29.641952 76.912275,29.642313 76.912172,29.642315 76.912173,29.642405 76.912277,29.642403 76.912278,29.642494 76.912175,29.642495 76.912177,29.642585 76.912074,29.642587</coordinates></LinearRing></outerBoundaryIs></Polygon></MultiGeometry></Placemark><Placemark><name>Pit 675</name><description>0.03 ha, probability 0.78, older, outside riverbed, pit</description><styleUrl>#old</styleUrl><MultiGeometry><Polygon><outerBoundaryIs><LinearRing><coordinates>76.965405,29.766495 76.965401,29.766315 76.965505,29.766313 76.965507,29.766403 76.965610,29.766402 76.965612,29.766492 76.965405,29.766495</coordinates></LinearRing></outerBoundaryIs></Polygon></MultiGeometry></Placemark><Placemark><name>Pit 676</name><description>0.03 ha, probability 0.78, older, outside riverbed, pit</description><styleUrl>#old</styleUrl><MultiGeometry><Polygon><outerBoundaryIs><LinearRing><coordinates>76.794460,29.870610 76.794457,29.870430 76.794664,29.870427 76.794666,29.870517 76.794562,29.870519 76.794564,29.870609 76.794460,29.870610</coordinates></LinearRing></outerBoundaryIs></Polygon></MultiGeometry></Placemark><Placemark><name>Pit 677</name><description>0.27 ha, probability 0.78, older, outside riverbed, pit</description><styleUrl>#old</styleUrl><MultiGeometry><Polygon><outerBoundaryIs><LinearRing><coordinates>76.774705,29.554358 76.774702,29.554178 76.774496,29.554180 76.774494,29.554090 76.774391,29.554091 76.774389,29.554001 76.774286,29.554003 76.774283,29.553822 76.774386,29.553821 76.774384,29.553731 76.774281,29.553732 76.774280,29.553642 76.774692,29.553636 76.774694,29.553727 76.774797,29.553725 76.774808,29.554357 76.774705,29.554358</coordinates></LinearRing></outerBoundaryIs></Polygon></MultiGeometry></Placemark><Placemark><name>Pit 678</name><description>0.04 ha, probability 0.78, older, outside riverbed, pit</description><styleUrl>#old</styleUrl><MultiGeometry><Polygon><outerBoundaryIs><LinearRing><coordinates>76.801902,29.869967 76.801899,29.869787 76.802106,29.869784 76.802109,29.869965 76.801902,29.869967</coordinates></LinearRing></outerBoundaryIs></Polygon></MultiGeometry></Placemark><Placemark><name>Pit 679</name><description>0.08 ha, probability 0.78, older, outside riverbed, pit</description><styleUrl>#old</styleUrl><MultiGeometry><Polygon><outerBoundaryIs><LinearRing><coordinates>76.505446,29.526371 76.505441,29.526010 76.505544,29.526009 76.505547,29.526189 76.505650,29.526188 76.505651,29.526278 76.505857,29.526276 76.505859,29.526366 76.505446,29.526371</coordinates></LinearRing></outerBoundaryIs></Polygon></MultiGeometry></Placemark><Placemark><name>Pit 680</name><description>0.05 ha, probability 0.78, older, outside riverbed, pit</description><styleUrl>#old</styleUrl><MultiGeometry><Polygon><outerBoundaryIs><LinearRing><coordinates>76.785002,29.804512 76.784999,29.804332 76.785206,29.804329 76.785208,29.804419 76.785311,29.804418 76.785313,29.804508 76.785002,29.804512</coordinates></LinearRing></outerBoundaryIs></Polygon></MultiGeometry></Placemark><Placemark><name>Pit 681</name><description>0.06 ha, probability 0.78, older, outside riverbed, pit</description><styleUrl>#old</styleUrl><MultiGeometry><Polygon><outerBoundaryIs><LinearRing><coordinates>76.911861,29.854706 76.911859,29.854616 76.911756,29.854617 76.911752,29.854437 76.911856,29.854436 76.911858,29.854526 76.912065,29.854523 76.912068,29.854703 76.911861,29.854706</coordinates></LinearRing></outerBoundaryIs></Polygon></MultiGeometry></Placemark><Placemark><name>Pit 682</name><description>0.05 ha, probability 0.78, older, outside riverbed, pit</description><styleUrl>#old</styleUrl><MultiGeometry><Polygon><outerBoundaryIs><LinearRing><coordinates>76.940122,29.854925 76.940118,29.854745 76.940222,29.854743 76.940220,29.854653 76.940323,29.854652 76.940328,29.854922 76.940122,29.854925</coordinates></LinearRing></outerBoundaryIs></Polygon></MultiGeometry></Placemark><Placemark><name>Pit 683</name><description>0.07 ha, probability 0.78, older, outside riverbed, pit</description><styleUrl>#old</styleUrl><MultiGeometry><Polygon><outerBoundaryIs><LinearRing><coordinates>76.802498,29.874290 76.802496,29.874200 76.802600,29.874198 76.802598,29.874108 76.802701,29.874107 76.802700,29.874017 76.802803,29.874015 76.802805,29.874105 76.802908,29.874104 76.802910,29.874194 76.802807,29.874196 76.802808,29.874286 76.802498,29.874290</coordinates></LinearRing></outerBoundaryIs></Polygon></MultiGeometry></Placemark><Placemark><name>Pit 684</name><description>0.04 ha, probability 0.77, older, outside riverbed, pit</description><styleUrl>#old</styleUrl><MultiGeometry><Polygon><outerBoundaryIs><LinearRing><coordinates>77.182406,29.892640 77.182404,29.892550 77.182300,29.892552 77.182298,29.892462 77.182402,29.892460 77.182400,29.892370 77.182503,29.892368 77.182509,29.892639 77.182406,29.892640</coordinates></LinearRing></outerBoundaryIs></Polygon></MultiGeometry></Placemark><Placemark><name>Pit 685</name><description>0.03 ha, probability 0.77, older, outside riverbed, pit</description><styleUrl>#old</styleUrl><MultiGeometry><Polygon><outerBoundaryIs><LinearRing><coordinates>76.971287,29.844990 76.971284,29.844810 76.971387,29.844808 76.971389,29.844899 76.971493,29.844897 76.971494,29.844987 76.971287,29.844990</coordinates></LinearRing></outerBoundaryIs></Polygon></MultiGeometry></Placemark><Placemark><name>Pit 686</name><description>0.18 ha, probability 0.77, older, outside riverbed, pit</description><styleUrl>#old</styleUrl><MultiGeometry><Polygon><outerBoundaryIs><LinearRing><coordinates>77.047520,29.843018 77.047514,29.842747 77.047617,29.842746 77.047614,29.842565 77.047510,29.842567 77.047509,29.842477 77.048026,29.842469 77.048028,29.842559 77.047924,29.842561 77.047928,29.842741 77.047824,29.842743 77.047828,29.842923 77.047621,29.842926 77.047623,29.843016 77.047520,29.843018</coordinates></LinearRing></outerBoundaryIs></Polygon></MultiGeometry></Placemark><Placemark><name>Pit 687</name><description>0.07 ha, probability 0.77, older, outside riverbed, pit</description><styleUrl>#old</styleUrl><MultiGeometry><Polygon><outerBoundaryIs><LinearRing><coordinates>77.045370,29.625169 77.045368,29.625079 77.045575,29.625076 77.045571,29.624896 77.045778,29.624892 77.045781,29.625073 77.045678,29.625074 77.045680,29.625164 77.045370,29.625169</coordinates></LinearRing></outerBoundaryIs></Polygon></MultiGeometry></Placemark><Placemark><name>Pit 688</name><description>0.05 ha, probability 0.76, older, outside riverbed, pit</description><styleUrl>#old</styleUrl><MultiGeometry><Polygon><outerBoundaryIs><LinearRing><coordinates>77.091968,29.716286 77.091965,29.716106 77.092068,29.716104 77.092066,29.716014 77.092170,29.716012 77.092175,29.716283 77.091968,29.716286</coordinates></LinearRing></outerBoundaryIs></Polygon></MultiGeometry></Placemark><Placemark><name>Pit 689</name><description>0.15 ha, probability 0.76, older, outside riverbed, pit</description><styleUrl>#old</styleUrl><MultiGeometry><Polygon><outerBoundaryIs><LinearRing><coordinates>76.620760,29.582223 76.620759,29.582133 76.620553,29.582135 76.620550,29.581955 76.620446,29.581956 76.620444,29.581775 76.620753,29.581772 76.620755,29.581862 76.620858,29.581861 76.620862,29.582131 76.620965,29.582130 76.620967,29.582220 76.620760,29.582223</coordinates></LinearRing></outerBoundaryIs></Polygon></MultiGeometry></Placemark><Placemark><name>Pit 690</name><description>0.08 ha, probability 0.76, older, outside riverbed, pit</description><styleUrl>#old</styleUrl><MultiGeometry><Polygon><outerBoundaryIs><LinearRing><coordinates>76.914654,29.647963 76.914651,29.647783 76.914754,29.647781 76.914756,29.647871 76.914859,29.647870 76.914857,29.647780 76.914961,29.647778 76.914957,29.647598 76.915060,29.647596 76.915066,29.647867 76.914962,29.647868 76.914964,29.647959 76.914654,29.647963</coordinates></LinearRing></outerBoundaryIs></Polygon></MultiGeometry></Placemark><Placemark><name>Pit 691</name><description>0.10 ha, probability 0.76, older, outside riverbed, pit</description><styleUrl>#old</styleUrl><MultiGeometry><Polygon><outerBoundaryIs><LinearRing><coordinates>76.945988,29.858538 76.945986,29.858448 76.946090,29.858446 76.946088,29.858356 76.945984,29.858358 76.945983,29.858268 76.946189,29.858264 76.946191,29.858355 76.946295,29.858353 76.946291,29.858173 76.946395,29.858171 76.946400,29.858442 76.946296,29.858443 76.946298,29.858534 76.945988,29.858538</coordinates></LinearRing></outerBoundaryIs></Polygon></MultiGeometry></Placemark><Placemark><name>Pit 692</name><description>0.04 ha, probability 0.76, older, outside riverbed, pit</description><styleUrl>#old</styleUrl><MultiGeometry><Polygon><outerBoundaryIs><LinearRing><coordinates>76.959944,29.772801 76.959940,29.772621 76.960147,29.772618 76.960150,29.772798 76.959944,29.772801</coordinates></LinearRing></outerBoundaryIs></Polygon></MultiGeometry></Placemark><Placemark><name>Pit 693</name><description>0.14 ha, probability 0.76, older, outside riverbed, pit</description><styleUrl>#old</styleUrl><MultiGeometry><Polygon><outerBoundaryIs><LinearRing><coordinates>76.714317,29.772696 76.714314,29.772515 76.714417,29.772514 76.714414,29.772333 76.714724,29.772329 76.714730,29.772690 76.714317,29.772696</coordinates></LinearRing></outerBoundaryIs></Polygon></MultiGeometry></Placemark><Placemark><name>Pit 694</name><description>0.07 ha, probability 0.76, older, outside riverbed, pit</description><styleUrl>#old</styleUrl><MultiGeometry><Polygon><outerBoundaryIs><LinearRing><coordinates>76.959341,29.731218 76.959339,29.731128 76.959236,29.731129 76.959234,29.731039 76.959648,29.731033 76.959651,29.731213 76.959341,29.731218</coordinates></LinearRing></outerBoundaryIs></Polygon></MultiGeometry></Placemark><Placemark><name>Pit 695</name><description>0.12 ha, probability 0.75, older, outside riverbed, pit</description><styleUrl>#old</styleUrl><MultiGeometry><Polygon><outerBoundaryIs><LinearRing><coordinates>76.859141,29.830377 76.859136,29.830106 76.859653,29.830099 76.859654,29.830189 76.859448,29.830192 76.859449,29.830282 76.859656,29.830280 76.859658,29.830370 76.859347,29.830374 76.859346,29.830284 76.859242,29.830285 76.859244,29.830376 76.859141,29.830377</coordinates></LinearRing></outerBoundaryIs></Polygon></MultiGeometry></Placemark><Placemark><name>Pit 696</name><description>0.14 ha, probability 0.75, older, outside riverbed, pit</description><styleUrl>#old</styleUrl><MultiGeometry><Polygon><outerBoundaryIs><LinearRing><coordinates>76.860692,29.830355 76.860691,29.830265 76.860898,29.830262 76.860896,29.830172 76.860792,29.830173 76.860791,29.830083 76.861308,29.830076 76.861313,29.830346 76.860692,29.830355</coordinates></LinearRing></outerBoundaryIs></Polygon></MultiGeometry></Placemark><Placemark><name>Pit 697</name><description>0.05 ha, probability 0.75, new, Yamuna riverbed, pit</description><styleUrl>#new</styleUrl><MultiGeometry><Polygon><outerBoundaryIs><LinearRing><coordinates>77.104117,29.570028 77.104115,29.569938 77.104012,29.569939 77.104010,29.569849 77.104216,29.569846 77.104214,29.569756 77.104318,29.569754 77.104321,29.569934 77.104218,29.569936 77.104220,29.570026 77.104117,29.570028</coordinates></LinearRing></outerBoundaryIs></Polygon></MultiGeometry></Placemark><Placemark><name>Pit 698</name><description>0.15 ha, probability 0.75, older, outside riverbed, pit</description><styleUrl>#old</styleUrl><MultiGeometry><Polygon><outerBoundaryIs><LinearRing><coordinates>76.913858,29.850888 76.913855,29.850707 76.914062,29.850704 76.914058,29.850524 76.914265,29.850521 76.914267,29.850611 76.914474,29.850608 76.914479,29.850879 76.914272,29.850882 76.914270,29.850792 76.914063,29.850795 76.914065,29.850885 76.913858,29.850888</coordinates></LinearRing></outerBoundaryIs></Polygon></MultiGeometry></Placemark><Placemark><name>Pit 699</name><description>0.07 ha, probability 0.75, older, outside riverbed, pit</description><styleUrl>#old</styleUrl><MultiGeometry><Polygon><outerBoundaryIs><LinearRing><coordinates>76.732290,29.801425 76.732289,29.801334 76.732185,29.801336 76.732184,29.801245 76.732287,29.801244 76.732285,29.801154 76.732492,29.801151 76.732497,29.801422 76.732290,29.801425</coordinates></LinearRing></outerBoundaryIs></Polygon></MultiGeometry></Placemark><Placemark><name>Pit 700</name><description>0.03 ha, probability 0.75, older, outside riverbed, pit</description><styleUrl>#old</styleUrl><MultiGeometry><Polygon><outerBoundaryIs><LinearRing><coordinates>76.803309,29.844595 76.803308,29.844505 76.803411,29.844503 76.803410,29.844413 76.803513,29.844412 76.803516,29.844592 76.803309,29.844595</coordinates></LinearRing></outerBoundaryIs></Polygon></MultiGeometry></Placemark><Placemark><name>Pit 701</name><description>0.10 ha, probability 0.75, older, outside riverbed, pit</description><styleUrl>#old</styleUrl><MultiGeometry><Polygon><outerBoundaryIs><LinearRing><coordinates>77.059467,29.693699 77.059462,29.693429 77.059875,29.693422 77.059879,29.693603 77.059672,29.693606 77.059674,29.693696 77.059467,29.693699</coordinates></LinearRing></outerBoundaryIs></Polygon></MultiGeometry></Placemark><Placemark><name>Pit 702</name><description>0.21 ha, probability 0.74, older, outside riverbed, pit</description><styleUrl>#old</styleUrl><MultiGeometry><Polygon><outerBoundaryIs><LinearRing><coordinates>76.546049,29.563804 76.546047,29.563713 76.545944,29.563715 76.545939,29.563354 76.546351,29.563349 76.546356,29.563620 76.546459,29.563618 76.546461,29.563799 76.546049,29.563804</coordinates></LinearRing></outerBoundaryIs></Polygon></MultiGeometry></Placemark><Placemark><name>Pit 703</name><description>0.12 ha, probability 0.74, older, outside riverbed, pit</description><styleUrl>#old</styleUrl><MultiGeometry><Polygon><outerBoundaryIs><LinearRing><coordinates>76.611526,29.488221 76.611525,29.488131 76.611422,29.488132 76.611418,29.487862 76.611521,29.487860 76.611519,29.487770 76.611622,29.487769 76.611624,29.487859 76.611727,29.487858 76.611730,29.488038 76.611833,29.488037 76.611834,29.488127 76.611628,29.488130 76.611630,29.488220 76.611526,29.488221</coordinates></LinearRing></outerBoundaryIs></Polygon></MultiGeometry></Placemark><Placemark><name>Pit 704</name><description>0.22 ha, probability 0.74, older, outside riverbed, pit</description><styleUrl>#old</styleUrl><MultiGeometry><Polygon><outerBoundaryIs><LinearRing><coordinates>76.787650,29.877650 76.787648,29.877560 76.787441,29.877563 76.787440,29.877472 76.787336,29.877474 76.787338,29.877564 76.787131,29.877567 76.787126,29.877296 76.787540,29.877291 76.787538,29.877200 76.787642,29.877199 76.787643,29.877289 76.787747,29.877288 76.787748,29.877378 76.787852,29.877377 76.787854,29.877467 76.787957,29.877465 76.787959,29.877556 76.787855,29.877557 76.787857,29.877647 76.787650,29.877650</coordinates></LinearRing></outerBoundaryIs></Polygon></MultiGeometry></Placemark><Placemark><name>Pit 705</name><description>0.19 ha, probability 0.73, older, outside riverbed, pit</description><styleUrl>#old</styleUrl><MultiGeometry><Polygon><outerBoundaryIs><LinearRing><coordinates>77.092888,29.859899 77.092885,29.859719 77.092781,29.859720 77.092775,29.859450 77.092879,29.859448 77.092881,29.859538 77.092984,29.859537 77.092982,29.859446 77.093086,29.859445 77.093088,29.859535 77.093398,29.859530 77.093402,29.859710 77.093298,29.859712 77.093302,29.859892 77.093199,29.859894 77.093197,29.859804 77.092990,29.859807 77.092992,29.859897 77.092888,29.859899</coordinates></LinearRing></outerBoundaryIs></Polygon></MultiGeometry></Placemark><Placemark><name>Pit 706</name><description>0.18 ha, probability 0.73, older, outside riverbed, pit</description><styleUrl>#old</styleUrl><MultiGeometry><Polygon><outerBoundaryIs><LinearRing><coordinates>77.018132,29.470583 77.018130,29.470493 77.018027,29.470494 77.018022,29.470224 77.018125,29.470222 77.018123,29.470132 77.018329,29.470129 77.018331,29.470219 77.018228,29.470221 77.018233,29.470491 77.018645,29.470485 77.018638,29.470124 77.018741,29.470123 77.018750,29.470574 77.018132,29.470583</coordinates></LinearRing></outerBoundaryIs></Polygon></MultiGeometry></Placemark><Placemark><name>Pit 707</name><description>0.16 ha, probability 0.72, older, outside riverbed, pit</description><styleUrl>#old</styleUrl><MultiGeometry><Polygon><outerBoundaryIs><LinearRing><coordinates>76.536229,29.549209 76.536225,29.548939 76.536122,29.548940 76.536117,29.548669 76.536221,29.548668 76.536219,29.548578 76.536426,29.548575 76.536427,29.548666 76.536324,29.548667 76.536325,29.548757 76.536428,29.548756 76.536430,29.548846 76.536533,29.548845 76.536534,29.548935 76.536431,29.548936 76.536434,29.549117 76.536331,29.549118 76.536332,29.549208 76.536229,29.549209</coordinates></LinearRing></outerBoundaryIs></Polygon></MultiGeometry></Placemark><Placemark><name>Pit 708</name><description>0.10 ha, probability 0.72, older, outside riverbed, pit</description><styleUrl>#old</styleUrl><MultiGeometry><Polygon><outerBoundaryIs><LinearRing><coordinates>77.051953,29.593310 77.051949,29.593129 77.051846,29.593131 77.051842,29.592950 77.051739,29.592952 77.051737,29.592862 77.051944,29.592859 77.051942,29.592768 77.052045,29.592767 77.052049,29.592947 77.051946,29.592949 77.051947,29.593039 77.052051,29.593037 77.052053,29.593128 77.052156,29.593126 77.052158,29.593216 77.052054,29.593218 77.052056,29.593308 77.051953,29.593310</coordinates></LinearRing></outerBoundaryIs></Polygon></MultiGeometry></Placemark><Placemark><name>Pit 709</name><description>0.10 ha, probability 0.72, older, outside riverbed, pit</description><styleUrl>#old</styleUrl><MultiGeometry><Polygon><outerBoundaryIs><LinearRing><coordinates>76.940975,29.582348 76.940973,29.582258 76.940870,29.582259 76.940863,29.581898 76.941069,29.581895 76.941071,29.581986 76.941174,29.581984 76.941179,29.582255 76.941076,29.582256 76.941078,29.582346 76.940975,29.582348</coordinates></LinearRing></outerBoundaryIs></Polygon></MultiGeometry></Placemark><Placemark><name>Pit 710</name><description>0.10 ha, probability 0.72, older, outside riverbed, pit</description><styleUrl>#old</styleUrl><MultiGeometry><Polygon><outerBoundaryIs><LinearRing><coordinates>76.711677,29.799889 76.711675,29.799798 76.711572,29.799800 76.711570,29.799709 76.711674,29.799708 76.711672,29.799618 76.711879,29.799615 76.711880,29.799705 76.711984,29.799704 76.711985,29.799794 76.712089,29.799793 76.712090,29.799883 76.711677,29.799889</coordinates></LinearRing></outerBoundaryIs></Polygon></MultiGeometry></Placemark><Placemark><name>Pit 711</name><description>0.22 ha, probability 0.72, older, outside riverbed, pit</description><styleUrl>#old</styleUrl><MultiGeometry><Polygon><outerBoundaryIs><LinearRing><coordinates>77.137121,29.837358 77.137119,29.837268 77.137016,29.837269 77.137014,29.837179 77.137117,29.837177 77.137109,29.836817 77.137213,29.836815 77.137211,29.836725 77.137418,29.836721 77.137420,29.836812 77.137523,29.836810 77.137529,29.837080 77.137322,29.837084 77.137324,29.837174 77.137427,29.837172 77.137429,29.837263 77.137326,29.837264 77.137328,29.837354 77.137121,29.837358</coordinates></LinearRing></outerBoundaryIs></Polygon></MultiGeometry></Placemark><Placemark><name>Pit 712</name><description>0.18 ha, probability 0.70, older, outside riverbed, pit</description><styleUrl>#old</styleUrl><MultiGeometry><Polygon><outerBoundaryIs><LinearRing><coordinates>77.055942,29.642328 77.055940,29.642238 77.056043,29.642236 77.056041,29.642146 77.055628,29.642153 77.055626,29.642062 77.055523,29.642064 77.055521,29.641974 77.056244,29.641963 77.056251,29.642323 77.055942,29.642328</coordinates></LinearRing></outerBoundaryIs></Polygon></MultiGeometry></Placemark><Placemark><name>Pit 713</name><description>0.18 ha, probability 0.70, older, outside riverbed, pit</description><styleUrl>#old</styleUrl><MultiGeometry><Polygon><outerBoundaryIs><LinearRing><coordinates>76.878586,29.846523 76.878570,29.845621 76.878673,29.845619 76.878685,29.846250 76.878788,29.846249 76.878783,29.845978 76.878990,29.845975 76.878992,29.846066 76.878888,29.846067 76.878894,29.846338 76.878790,29.846339 76.878793,29.846520 76.878586,29.846523</coordinates></LinearRing></outerBoundaryIs></Polygon></MultiGeometry></Placemark><Placemark><name>Pit 714</name><description>0.14 ha, probability 0.69, older, outside riverbed, pit</description><styleUrl>#old</styleUrl><MultiGeometry><Polygon><outerBoundaryIs><LinearRing><coordinates>76.861327,29.618316 76.861315,29.617685 76.861419,29.617683 76.861415,29.617503 76.861518,29.617502 76.861522,29.617682 76.861625,29.617681 76.861623,29.617590 76.861727,29.617589 76.861732,29.617859 76.861628,29.617861 76.861627,29.617771 76.861420,29.617774 76.861430,29.618315 76.861327,29.618316</coordinates></LinearRing></outerBoundaryIs></Polygon></MultiGeometry></Placemark><Placemark><name>Pit 715</name><description>0.15 ha, probability 0.65, older, outside riverbed, pit</description><styleUrl>#old</styleUrl><MultiGeometry><Polygon><outerBoundaryIs><LinearRing><coordinates>76.862369,29.686152 76.862368,29.686062 76.862471,29.686060 76.862469,29.685970 76.862263,29.685973 76.862261,29.685883 76.862364,29.685881 76.862363,29.685791 76.862259,29.685793 76.862258,29.685702 76.862464,29.685699 76.862466,29.685790 76.862673,29.685787 76.862674,29.685877 76.862778,29.685875 76.862781,29.686056 76.862574,29.686059 76.862576,29.686149 76.862369,29.686152</coordinates></LinearRing></outerBoundaryIs></Polygon></MultiGeometry></Placemark><Placemark><name>Pit 716</name><description>0.11 ha, probability 0.64, older, outside riverbed, pit</description><styleUrl>#old</styleUrl><MultiGeometry><Polygon><outerBoundaryIs><LinearRing><coordinates>76.777609,29.631736 76.777601,29.631285 76.777808,29.631282 76.777810,29.631372 76.777913,29.631371 76.777916,29.631551 76.777813,29.631553 76.777814,29.631643 76.777711,29.631644 76.777713,29.631734 76.777609,29.631736</coordinates></LinearRing></outerBoundaryIs></Polygon></MultiGeometry></Placemark><Placemark><name>Pit 717</name><description>0.15 ha, probability 0.63, older, outside riverbed, pit</description><styleUrl>#old</styleUrl><MultiGeometry><Polygon><outerBoundaryIs><LinearRing><coordinates>76.959318,29.730045 76.959308,29.729504 76.959411,29.729502 76.959410,29.729412 76.959513,29.729411 76.959516,29.729591 76.959620,29.729590 76.959621,29.729680 76.959725,29.729678 76.959727,29.729768 76.959623,29.729770 76.959625,29.729860 76.959522,29.729862 76.959525,29.730042 76.959318,29.730045</coordinates></LinearRing></outerBoundaryIs></Polygon></MultiGeometry></Placemark><Placemark><name>Pit 718</name><description>0.12 ha, probability 0.63, older, outside riverbed, pit</description><styleUrl>#old</styleUrl><MultiGeometry><Polygon><outerBoundaryIs><LinearRing><coordinates>77.106251,29.816021 77.106247,29.815841 77.106454,29.815838 77.106452,29.815747 77.106348,29.815749 77.106346,29.815659 77.106657,29.815654 77.106659,29.815744 77.106762,29.815742 77.106764,29.815833 77.106660,29.815834 77.106662,29.815924 77.106559,29.815926 77.106561,29.816016 77.106457,29.816018 77.106455,29.815928 77.106352,29.815929 77.106354,29.816020 77.106251,29.816021</coordinates></LinearRing></outerBoundaryIs></Polygon></MultiGeometry></Placemark><Placemark><name>Pit 719</name><description>0.10 ha, probability 0.62, older, outside riverbed, pit</description><styleUrl>#old</styleUrl><MultiGeometry><Polygon><outerBoundaryIs><LinearRing><coordinates>76.740978,29.860951 76.740976,29.860860 76.741080,29.860859 76.741078,29.860769 76.741181,29.860767 76.741174,29.860316 76.741277,29.860315 76.741283,29.860676 76.741387,29.860674 76.741388,29.860765 76.741285,29.860766 76.741287,29.860856 76.741183,29.860858 76.741185,29.860948 76.740978,29.860951</coordinates></LinearRing></outerBoundaryIs></Polygon></MultiGeometry></Placemark></Document></kml>