{
"type": "FeatureCollection",
"name": "pits",
"crs": { "type": "name", "properties": { "name": "urn:ogc:def:crs:OGC:1.3:CRS84" } },
"features": [
{ "type": "Feature", "properties": { "pit_id": 1, "latitude": 29.690326, "longitude": 76.95772, "category": "pit", "area_ha": 1.18, "area_m2": 11800.0, "prob_max": 1.0, "prob_mean": 0.766, "new_pit": 0, "setting": "outside riverbed", "water_share": 0.992, "buildings_near": 0.038, "compactness": 0.215, "size_class": "medium (0.5-2 ha)", "google_maps": "https://www.google.com/maps?q=29.690326,76.957720" }, "geometry": { "type": "Polygon", "coordinates": [ [ [ 76.957845647751114, 29.691451466187821 ], [ 76.957836901857078, 29.691000478962494 ], [ 76.957733597994448, 29.691002006161145 ], [ 76.957726601790981, 29.690641216334836 ], [ 76.957623298288993, 29.690642743430775 ], [ 76.95761805149634, 29.69037215103047 ], [ 76.957514748262824, 29.69037367802925 ], [ 76.957512999439999, 29.690283480554278 ], [ 76.957409696290682, 29.690285007467025 ], [ 76.957416691261145, 29.690645797381219 ], [ 76.957313387735283, 29.690647324235716 ], [ 76.95731513640564, 29.69073752171651 ], [ 76.957418440023631, 29.690735994856453 ], [ 76.957421937572477, 29.690916389802961 ], [ 76.957318633770171, 29.690917916674138 ], [ 76.957322131166521, 29.69109831162648 ], [ 76.957425435153112, 29.69109678474419 ], [ 76.95742893276558, 29.691277179680114 ], [ 76.957325628594674, 29.691278706573524 ], [ 76.957322131166521, 29.69109831162648 ], [ 76.95690891514063, 29.691104418350832 ], [ 76.95691066348212, 29.691194615847241 ], [ 76.956807359363623, 29.691196142332686 ], [ 76.956809107620927, 29.691286339833326 ], [ 76.956705803402315, 29.691287866243837 ], [ 76.956698810789419, 29.690927076211075 ], [ 76.95680211463943, 29.69092554982279 ], [ 76.956800366413916, 29.690835352316853 ], [ 76.956903670163825, 29.690833825853645 ], [ 76.956901921854126, 29.690743628351932 ], [ 76.957108529145771, 29.690740575195175 ], [ 76.95710328371149, 29.690469982715467 ], [ 76.957206587068953, 29.690468456033042 ], [ 76.957204838514599, 29.690378258542726 ], [ 76.957308141771961, 29.690376731785381 ], [ 76.957302895880204, 29.690106139323145 ], [ 76.957199592899272, 29.690107666063817 ], [ 76.957197844376736, 29.690017468568197 ], [ 76.957301147265525, 29.690015941833092 ], [ 76.957295901469166, 29.689745349354975 ], [ 76.957399204073567, 29.689743822556064 ], [ 76.957397455398549, 29.689653625066274 ], [ 76.957294152886291, 29.689655151859636 ], [ 76.95729240431136, 29.689564954362954 ], [ 76.957189101883301, 29.689566481070269 ], [ 76.957190850366075, 29.689656678572511 ], [ 76.957087547837929, 29.689658205204911 ], [ 76.957078805964215, 29.68920721765274 ], [ 76.957285410091146, 29.689204164363037 ], [ 76.957287158634287, 29.689294361864999 ], [ 76.957183856482644, 29.689295888555648 ], [ 76.957185604941571, 29.689386086061848 ], [ 76.957288907185344, 29.689384559365646 ], [ 76.95729240431136, 29.689564954362954 ], [ 76.957499009143632, 29.689561900706877 ], [ 76.957500757902849, 29.689652098192433 ], [ 76.957707362887589, 29.689649044203332 ], [ 76.957709111839037, 29.689739241676453 ], [ 76.957812414411634, 29.689737714555623 ], [ 76.957808916332382, 29.689557319619183 ], [ 76.957912218712735, 29.689555792428997 ], [ 76.957934957994354, 29.690728359348956 ], [ 76.958038261564624, 29.690726832006014 ], [ 76.958050506995022, 29.691358214062166 ], [ 76.957947202779678, 29.691359741444028 ], [ 76.957948952066545, 29.69144993888089 ], [ 76.957845647751114, 29.691451466187821 ] ], [ [ 76.957208335631236, 29.690558653522054 ], [ 76.957311639072898, 29.690557126753589 ], [ 76.957309890418458, 29.690466929270144 ], [ 76.957206587068953, 29.690468456033042 ], [ 76.957208335631236, 29.690558653522054 ] ], [ [ 76.957512999439999, 29.690283480554278 ], [ 76.957616302581371, 29.690281953561058 ], [ 76.957614553674347, 29.690191756090321 ], [ 76.957511250625132, 29.690193283077985 ], [ 76.957512999439999, 29.690283480554278 ] ], [ [ 76.957404450146342, 29.69001441501749 ], [ 76.957507753019215, 29.690012888121423 ], [ 76.957506004228193, 29.689922690641165 ], [ 76.957609307000979, 29.689921163670171 ], [ 76.95760580925851, 29.689740768716792 ], [ 76.957502506670011, 29.689742295676666 ], [ 76.95750425544513, 29.689832493159578 ], [ 76.957400952756529, 29.689834020044522 ], [ 76.957404450146342, 29.69001441501749 ] ] ] } },
{ "type": "Feature", "properties": { "pit_id": 2, "latitude": 29.528043, "longitude": 76.741582, "category": "pit", "area_ha": 0.23, "area_m2": 2300.0, "prob_max": 1.0, "prob_mean": 0.913, "new_pit": 0, "setting": "outside riverbed", "water_share": 1.0, "buildings_near": 0.0, "compactness": 1.0, "size_class": "small (0.1-0.5 ha)", "google_maps": "https://www.google.com/maps?q=29.528043,76.741582" }, "geometry": { "type": "Polygon", "coordinates": [ [ [ 76.741337039097289, 29.528271801788176 ], [ 76.741329311397379, 29.527820748220428 ], [ 76.74174191243597, 29.527815340995474 ], [ 76.741743458327633, 29.527905551691859 ], [ 76.74184660866112, 29.527904199680716 ], [ 76.741852792663906, 29.528265042433546 ], [ 76.741646491258379, 29.528267746415359 ], [ 76.741644945429996, 29.528177535719216 ], [ 76.741541794808114, 29.528178887585199 ], [ 76.741543340545064, 29.528269098286284 ], [ 76.741337039097289, 29.528271801788176 ] ] ] } },
{ "type": "Feature", "properties": { "pit_id": 3, "latitude": 29.810915, "longitude": 77.002379, "category": "pit", "area_ha": 0.2, "area_m2": 2000.0, "prob_max": 1.0, "prob_mean": 0.967, "new_pit": 0, "setting": "outside riverbed", "water_share": 1.0, "buildings_near": 0.0, "compactness": 1.0, "size_class": "small (0.1-0.5 ha)", "google_maps": "https://www.google.com/maps?q=29.810915,77.002379" }, "geometry": { "type": "Polygon", "coordinates": [ [ [ 77.002177118922546, 29.811143925138339 ], [ 77.002168131655296, 29.810692958182234 ], [ 77.002581827105971, 29.810686687548611 ], [ 77.002590816227169, 29.811137654390858 ], [ 77.002177118922546, 29.811143925138339 ] ] ] } },
{ "type": "Feature", "properties": { "pit_id": 4, "latitude": 29.81076, "longitude": 77.003337, "category": "pit", "area_ha": 1.11, "area_m2": 11100.0, "prob_max": 1.0, "prob_mean": 0.86, "new_pit": 1, "setting": "outside riverbed", "water_share": 0.991, "buildings_near": 0.0, "compactness": 0.514, "size_class": "medium (0.5-2 ha)", "google_maps": "https://www.google.com/maps?q=29.810760,77.003337" }, "geometry": { "type": "Polygon", "coordinates": [ [ [ 77.00279946286463, 29.811224711885007 ], [ 77.002797664830496, 29.811134518531919 ], [ 77.002694240532918, 29.811136086501829 ], [ 77.002681655171514, 29.810504732953209 ], [ 77.00278507882021, 29.810503165023164 ], [ 77.002783280851418, 29.810412971659446 ], [ 77.002886704399245, 29.810411403654239 ], [ 77.002884906345926, 29.81032121029488 ], [ 77.003815717074588, 29.81030709466042 ], [ 77.003817515962169, 29.810397287968524 ], [ 77.004024362886298, 29.810394150259992 ], [ 77.004036956625924, 29.811025503299653 ], [ 77.003933532519071, 29.811027072234225 ], [ 77.003937130618553, 29.811207458816408 ], [ 77.003109735986456, 29.811220007473036 ], [ 77.00310793767423, 29.811129814137047 ], [ 77.003004513401137, 29.81113138234954 ], [ 77.00300631162068, 29.811221575691228 ], [ 77.00279946286463, 29.811224711885007 ] ], [ [ 77.00320956354237, 29.811038052512064 ], [ 77.003312987706408, 29.811036484143539 ], [ 77.003311189225116, 29.810946290816279 ], [ 77.003207765153761, 29.810947859179109 ], [ 77.00320956354237, 29.811038052512064 ] ], [ [ 77.00362326014951, 29.811031778552774 ], [ 77.003830108404046, 29.811028641087937 ], [ 77.00382471159422, 29.810758061187606 ], [ 77.003514440034422, 29.810762767212289 ], [ 77.003516238684767, 29.810852960530816 ], [ 77.003619662638897, 29.810851391931088 ], [ 77.00362326014951, 29.811031778552774 ] ], [ [ 77.003414613288285, 29.810944722372575 ], [ 77.003518037343284, 29.810943153848026 ], [ 77.003516238684767, 29.810852960530816 ], [ 77.003412814722466, 29.810854529049681 ], [ 77.003414613288285, 29.810944722372575 ] ], [ [ 77.00371769010215, 29.810579243325083 ], [ 77.003821113761859, 29.81057767458072 ], [ 77.003819314857935, 29.810487481275288 ], [ 77.003715891290923, 29.810489050013953 ], [ 77.00371769010215, 29.810579243325083 ] ] ] } },
{ "type": "Feature", "properties": { "pit_id": 5, "latitude": 29.532242, "longitude": 76.856318, "category": "pit", "area_ha": 0.04, "area_m2": 400.0, "prob_max": 1.0, "prob_mean": 0.83, "new_pit": 0, "setting": "outside riverbed", "water_share": 0.75, "buildings_near": 0.01, "compactness": 1.0, "size_class": "tiny (<0.1 ha)", "google_maps": "https://www.google.com/maps?q=29.532242,76.856318" }, "geometry": { "type": "Polygon", "coordinates": [ [ [ 76.856243142932229, 29.532400767865617 ], [ 76.856238199604761, 29.53213015300744 ], [ 76.856444495838417, 29.532127270845912 ], [ 76.856446143789597, 29.532217475789412 ], [ 76.856342995585095, 29.532218916915436 ], [ 76.856346291327114, 29.532399326809056 ], [ 76.856243142932229, 29.532400767865617 ] ] ] } },
{ "type": "Feature", "properties": { "pit_id": 6, "latitude": 29.533573, "longitude": 76.578337, "category": "pit", "area_ha": 0.16, "area_m2": 1600.0, "prob_max": 1.0, "prob_mean": 0.971, "new_pit": 1, "setting": "outside riverbed", "water_share": 0.5, "buildings_near": 0.121, "compactness": 1.0, "size_class": "small (0.1-0.5 ha)", "google_maps": "https://www.google.com/maps?q=29.533573,76.578337" }, "geometry": { "type": "Polygon", "coordinates": [ [ [ 76.578094121965336, 29.533739552986443 ], [ 76.578088517946085, 29.533378680526098 ], [ 76.578294846858341, 29.533376230009349 ], [ 76.578296248036565, 29.533466448117419 ], [ 76.578605741631563, 29.533462771728658 ], [ 76.57860994602801, 29.53373342600484 ], [ 76.57830045160955, 29.533737102433886 ], [ 76.57829905041217, 29.533646884329677 ], [ 76.57819588568475, 29.533648109641494 ], [ 76.578197286790612, 29.533738327750164 ], [ 76.578094121965336, 29.533739552986443 ] ] ] } },
{ "type": "Feature", "properties": { "pit_id": 7, "latitude": 29.810674, "longitude": 77.106813, "category": "pit", "area_ha": 0.79, "area_m2": 7900.0, "prob_max": 1.0, "prob_mean": 0.893, "new_pit": 0, "setting": "outside riverbed", "water_share": 0.949, "buildings_near": 0.0, "compactness": 0.346, "size_class": "medium (0.5-2 ha)", "google_maps": "https://www.google.com/maps?q=29.810674,77.106813" }, "geometry": { "type": "Polygon", "coordinates": [ [ [ 77.105832497091058, 29.81088548740097 ], [ 77.105830606624025, 29.810795299883125 ], [ 77.105727189371805, 29.810796948466578 ], [ 77.105721518300228, 29.81052638588702 ], [ 77.106342020016626, 29.810516493281387 ], [ 77.106340129120582, 29.810426305788095 ], [ 77.106443545950583, 29.810424656743525 ], [ 77.10644543693931, 29.810514844230831 ], [ 77.107272772011513, 29.810501648915956 ], [ 77.107270880281419, 29.810411461476562 ], [ 77.107477713778209, 29.810408161851381 ], [ 77.107479605693641, 29.810498349278788 ], [ 77.107893272954797, 29.810491749034341 ], [ 77.107898949864719, 29.810762311236608 ], [ 77.107588698597709, 29.810767261595135 ], [ 77.107590590640186, 29.810857449011177 ], [ 77.105832497091058, 29.81088548740097 ] ], [ [ 77.106347692756316, 29.810787055753188 ], [ 77.106451109957021, 29.810785406684669 ], [ 77.106449218942515, 29.810695219201389 ], [ 77.106345801834507, 29.810696868263918 ], [ 77.106347692756316, 29.810787055753188 ] ], [ [ 77.107175030121368, 29.810773860941346 ], [ 77.107278447253336, 29.810772211226059 ], [ 77.107276555497464, 29.81068202379069 ], [ 77.10717313845818, 29.810683673499984 ], [ 77.107175030121368, 29.810773860941346 ] ], [ [ 77.106035550458898, 29.81070181496646 ], [ 77.106138967592699, 29.810700166146468 ], [ 77.106137076864812, 29.810609978643889 ], [ 77.106033659823694, 29.810611627457909 ], [ 77.106035550458898, 29.81070181496646 ] ], [ [ 77.106242384717902, 29.810698517245616 ], [ 77.106345801834507, 29.810696868263918 ], [ 77.106343910921268, 29.810606680773329 ], [ 77.106240493897332, 29.810608329749034 ], [ 77.106242384717902, 29.810698517245616 ] ] ] } },
{ "type": "Feature", "properties": { "pit_id": 8, "latitude": 29.527296, "longitude": 76.856717, "category": "pit", "area_ha": 0.11, "area_m2": 1100.0, "prob_max": 1.0, "prob_mean": 0.91, "new_pit": 0, "setting": "outside riverbed", "water_share": 0.545, "buildings_near": 0.001, "compactness": 1.0, "size_class": "small (0.1-0.5 ha)", "google_maps": "https://www.google.com/maps?q=29.527296,76.856717" }, "geometry": { "type": "Polygon", "coordinates": [ [ [ 76.856774681938774, 29.52761125777193 ], [ 76.85677138607798, 29.52743084779221 ], [ 76.856668242748995, 29.527432288959119 ], [ 76.856664947101038, 29.52725187896365 ], [ 76.856768090247186, 29.527250437807275 ], [ 76.85676479444642, 29.527070027817093 ], [ 76.856867937402242, 29.527068586591277 ], [ 76.856866289421703, 29.526978381599495 ], [ 76.856969432278618, 29.526976940298987 ], [ 76.856976024611456, 29.527337760237216 ], [ 76.856872881388895, 29.527339201558792 ], [ 76.856877825443092, 29.527609816514531 ], [ 76.856774681938774, 29.52761125777193 ] ], [ [ 76.856769738158832, 29.5273406428004 ], [ 76.856872881388895, 29.527339201558792 ], [ 76.856871233385846, 29.527248996570936 ], [ 76.856768090247186, 29.527250437807275 ], [ 76.856769738158832, 29.5273406428004 ] ] ] } },
{ "type": "Feature", "properties": { "pit_id": 9, "latitude": 29.70086, "longitude": 76.777979, "category": "pit", "area_ha": 0.29, "area_m2": 2900.0, "prob_max": 1.0, "prob_mean": 0.964, "new_pit": 0, "setting": "outside riverbed", "water_share": 0.034, "buildings_near": 0.13, "compactness": 1.0, "size_class": "small (0.1-0.5 ha)", "google_maps": "https://www.google.com/maps?q=29.700860,76.777979" }, "geometry": { "type": "Polygon", "coordinates": [ [ [ 76.77769178487749, 29.701030109184536 ], [ 76.777690195967324, 29.700939902588139 ], [ 76.777483546629256, 29.70094267678607 ], [ 76.777480369199523, 29.700762263569178 ], [ 76.77779034264239, 29.700758102181769 ], [ 76.777788753661667, 29.700667895586506 ], [ 76.7782020511154, 29.700662345962559 ], [ 76.778203640465065, 29.700752552537619 ], [ 76.778410289333038, 29.700749777232289 ], [ 76.778415057978762, 29.701020396919336 ], [ 76.77769178487749, 29.701030109184536 ] ] ] } },
{ "type": "Feature", "properties": { "pit_id": 10, "latitude": 29.824026, "longitude": 77.003313, "category": "pit", "area_ha": 0.17, "area_m2": 1700.0, "prob_max": 1.0, "prob_mean": 0.834, "new_pit": 0, "setting": "outside riverbed", "water_share": 1.0, "buildings_near": 0.006, "compactness": 1.0, "size_class": "small (0.1-0.5 ha)", "google_maps": "https://www.google.com/maps?q=29.824026,77.003313" }, "geometry": { "type": "Polygon", "coordinates": [ [ [ 77.003270738758687, 29.824479982442835 ], [ 77.003261741737688, 29.824029016699267 ], [ 77.003158304196234, 29.824030585645261 ], [ 77.003156504909313, 29.823940392486843 ], [ 77.003053067452413, 29.823941961346232 ], [ 77.003051268266432, 29.823851768180813 ], [ 77.00315470563055, 29.823850199327115 ], [ 77.003152906359972, 29.823760006166054 ], [ 77.003463218125034, 29.823755299136629 ], [ 77.003472215951021, 29.824206264843216 ], [ 77.003368778240386, 29.824207833962408 ], [ 77.003374176755784, 29.824478413387475 ], [ 77.003270738758687, 29.824479982442835 ] ] ] } },
{ "type": "Feature", "properties": { "pit_id": 11, "latitude": 29.819133, "longitude": 76.964423, "category": "pit", "area_ha": 0.17, "area_m2": 1700.0, "prob_max": 1.0, "prob_mean": 0.894, "new_pit": 0, "setting": "outside riverbed", "water_share": 1.0, "buildings_near": -0.0, "compactness": 1.0, "size_class": "small (0.1-0.5 ha)", "google_maps": "https://www.google.com/maps?q=29.819133,76.964423" }, "geometry": { "type": "Polygon", "coordinates": [ [ [ 76.964161126816293, 29.819293251049018 ], [ 76.964155835036138, 29.819022664972756 ], [ 76.964362704695006, 29.819019588537493 ], [ 76.964360940598823, 29.818929393187254 ], [ 76.964567810040165, 29.81892631643958 ], [ 76.964569574321843, 29.819016511778646 ], [ 76.964673009123246, 29.819014973277877 ], [ 76.964678302294587, 29.819285559270369 ], [ 76.964161126816293, 29.819293251049018 ] ] ] } },
{ "type": "Feature", "properties": { "pit_id": 12, "latitude": 29.523249, "longitude": 77.048796, "category": "pit", "area_ha": 0.45, "area_m2": 4500.0, "prob_max": 1.0, "prob_mean": 0.967, "new_pit": 0, "setting": "outside riverbed", "water_share": 0.489, "buildings_near": 0.125, "compactness": 0.782, "size_class": "small (0.1-0.5 ha)", "google_maps": "https://www.google.com/maps?q=29.523249,77.048796" }, "geometry": { "type": "Polygon", "coordinates": [ [ [ 77.048479601672355, 29.523531151916618 ], [ 77.048477783965069, 29.523440957201021 ], [ 77.048271529012709, 29.523444136547518 ], [ 77.048269711496403, 29.523353941818971 ], [ 77.048372838885385, 29.523352352191491 ], [ 77.048365568537577, 29.522991573287275 ], [ 77.04877807654907, 29.522985214071081 ], [ 77.048779894489016, 29.523075408775895 ], [ 77.049398656806019, 29.523065867519112 ], [ 77.049402293806978, 29.523246256855046 ], [ 77.049299166592135, 29.523247847275929 ], [ 77.049300985013673, 29.523338041947714 ], [ 77.049197857699198, 29.523339632294491 ], [ 77.049199676037674, 29.523429826970766 ], [ 77.049096548623567, 29.523431417243419 ], [ 77.049094730376453, 29.523341222561342 ], [ 77.048991603045408, 29.523342812748275 ], [ 77.048993421201175, 29.523433007436171 ], [ 77.048890293770526, 29.523434597548981 ], [ 77.048892111843216, 29.523524792241357 ], [ 77.048479601672355, 29.523531151916618 ] ] ] } },
{ "type": "Feature", "properties": { "pit_id": 13, "latitude": 29.589098, "longitude": 76.882624, "category": "pit", "area_ha": 0.05, "area_m2": 500.0, "prob_max": 1.0, "prob_mean": 0.802, "new_pit": 0, "setting": "outside riverbed", "water_share": 0.8, "buildings_near": -0.0, "compactness": 1.0, "size_class": "tiny (<0.1 ha)", "google_maps": "https://www.google.com/maps?q=29.589098,76.882624" }, "geometry": { "type": "Polygon", "coordinates": [ [ [ 76.882677908064721, 29.589232706274622 ], [ 76.882676232960961, 29.589142503458795 ], [ 76.88257302845858, 29.589143967489921 ], [ 76.882571353454125, 29.589053764667444 ], [ 76.882674557864817, 29.589052300641661 ], [ 76.882672882776291, 29.588962097823185 ], [ 76.88287929139139, 29.58895916954183 ], [ 76.882882641942842, 29.589139575156068 ], [ 76.88277943745571, 29.58914103934751 ], [ 76.882781112651173, 29.589231242157997 ], [ 76.882677908064721, 29.589232706274622 ] ], [ [ 76.882676232960961, 29.589142503458795 ], [ 76.88277943745571, 29.58914103934751 ], [ 76.882777762267864, 29.589050836535716 ], [ 76.882674557864817, 29.589052300641661 ], [ 76.882676232960961, 29.589142503458795 ] ] ] } },
{ "type": "Feature", "properties": { "pit_id": 14, "latitude": 29.693873, "longitude": 77.061486, "category": "pit", "area_ha": 0.35, "area_m2": 3500.0, "prob_max": 1.0, "prob_mean": 0.875, "new_pit": 0, "setting": "outside riverbed", "water_share": 1.0, "buildings_near": -0.0, "compactness": 0.688, "size_class": "small (0.1-0.5 ha)", "google_maps": "https://www.google.com/maps?q=29.693873,77.061486" }, "geometry": { "type": "Polygon", "coordinates": [ [ [ 77.060922571043434, 29.694127795500396 ], [ 77.060918888155996, 29.693947412116735 ], [ 77.061125488794062, 29.693944196435055 ], [ 77.061123647178619, 29.693854004752929 ], [ 77.061226947392953, 29.693852396797237 ], [ 77.061223264002919, 29.693672013440693 ], [ 77.062049663941892, 29.693659146991767 ], [ 77.062053348806174, 29.693839530254639 ], [ 77.061950048658829, 29.693841138854118 ], [ 77.06195189101139, 29.693931330489416 ], [ 77.061745290507304, 29.69393454745866 ], [ 77.061747132683962, 29.694024739104325 ], [ 77.061333931206732, 29.694031172100559 ], [ 77.061335773023202, 29.694121363768321 ], [ 77.060922571043434, 29.694127795500396 ] ], [ [ 77.061641990242705, 29.69393615582257 ], [ 77.061745290507304, 29.69393454745866 ], [ 77.06174344833903, 29.693844355811663 ], [ 77.06164014816656, 29.693845964169725 ], [ 77.061641990242705, 29.69393615582257 ] ] ] } },
{ "type": "Feature", "properties": { "pit_id": 15, "latitude": 29.528665, "longitude": 76.617398, "category": "pit", "area_ha": 1.3, "area_m2": 13000.0, "prob_max": 1.0, "prob_mean": 0.936, "new_pit": 0, "setting": "outside riverbed", "water_share": 0.538, "buildings_near": 0.032, "compactness": 0.479, "size_class": "medium (0.5-2 ha)", "google_maps": "https://www.google.com/maps?q=29.528665,76.617398" }, "geometry": { "type": "Polygon", "coordinates": [ [ [ 76.616718767322823, 29.529395170556356 ], [ 76.616708722161874, 29.528763655242432 ], [ 76.616605564326036, 29.528764910178939 ], [ 76.616602694521816, 29.528584477211329 ], [ 76.616499536862364, 29.528585732058652 ], [ 76.616498102061527, 29.528495515568338 ], [ 76.616601259629505, 29.528494260725594 ], [ 76.616598389864492, 29.528313827750249 ], [ 76.617733120668589, 29.528300019300577 ], [ 76.617731684789788, 29.528209802861426 ], [ 76.617834842004925, 29.528208547072374 ], [ 76.617833406041186, 29.528118330636524 ], [ 76.618039720268911, 29.52811581882758 ], [ 76.618042592568756, 29.528296251679638 ], [ 76.618145749855742, 29.528294995645975 ], [ 76.618148622364686, 29.528475428483716 ], [ 76.618251779828057, 29.528474172360873 ], [ 76.618257525290304, 29.528835038002502 ], [ 76.618154367461074, 29.528836294143701 ], [ 76.618155803751534, 29.528926510555486 ], [ 76.617536856090027, 29.528934045750049 ], [ 76.61753398461326, 29.528753612870155 ], [ 76.617430826829732, 29.528754868446722 ], [ 76.617433698123548, 29.528935301335796 ], [ 76.617330540150547, 29.528936556841526 ], [ 76.6173319757158, 29.52902677328871 ], [ 76.617950924004603, 29.529019239026702 ], [ 76.617952360125201, 29.52910945544507 ], [ 76.617023936780527, 29.529120755799255 ], [ 76.617021066192279, 29.528940322878654 ], [ 76.616917908193116, 29.528941578064355 ], [ 76.616920778598441, 29.529122010994133 ], [ 76.616817620409805, 29.529123266108989 ], [ 76.616821925792394, 29.529393915507754 ], [ 76.616718767322823, 29.529395170556356 ] ] ] } },
{ "type": "Feature", "properties": { "pit_id": 16, "latitude": 29.822345, "longitude": 77.00324, "category": "pit", "area_ha": 0.59, "area_m2": 5900.0, "prob_max": 1.0, "prob_mean": 0.88, "new_pit": 0, "setting": "outside riverbed", "water_share": 1.0, "buildings_near": 0.005, "compactness": 0.476, "size_class": "medium (0.5-2 ha)", "google_maps": "https://www.google.com/maps?q=29.822345,77.003240" }, "geometry": { "type": "Polygon", "coordinates": [ [ [ 77.002826403958295, 29.822952973804075 ], [ 77.002824605047692, 29.822862780612617 ], [ 77.002721168679372, 29.822864349160952 ], [ 77.002713973489676, 29.822503576359022 ], [ 77.002920845476126, 29.82250043922701 ], [ 77.002919046513625, 29.82241024603459 ], [ 77.002815610617233, 29.822411814635352 ], [ 77.002810214057007, 29.822141235033026 ], [ 77.002913649675136, 29.822139666449345 ], [ 77.002919046513625, 29.82241024603459 ], [ 77.003022482401832, 29.822408677352922 ], [ 77.003024281457101, 29.822498870539647 ], [ 77.003127717429891, 29.822497301771381 ], [ 77.003125918281881, 29.822407108590355 ], [ 77.00322935415376, 29.822405539746882 ], [ 77.003227554921182, 29.822315346570218 ], [ 77.00333099069212, 29.822313777651544 ], [ 77.003332790017453, 29.822403970822513 ], [ 77.003436225872989, 29.822402401817236 ], [ 77.003429028249684, 29.822041629148156 ], [ 77.003325592765137, 29.822043198130647 ], [ 77.003323793472489, 29.821953004954345 ], [ 77.003427228864268, 29.821951435977557 ], [ 77.003421830757119, 29.821680856457771 ], [ 77.003525265862478, 29.821679287417165 ], [ 77.003510870527663, 29.820957742018102 ], [ 77.003614304882873, 29.820956172942161 ], [ 77.003630500506034, 29.821767911458871 ], [ 77.003527065316092, 29.821769480586063 ], [ 77.003546859845429, 29.822761605356064 ], [ 77.003443423627061, 29.822763174465027 ], [ 77.003445223086018, 29.82285336762364 ], [ 77.003134914103626, 29.822858074482198 ], [ 77.003136713292491, 29.822948267656574 ], [ 77.002826403958295, 29.822952973804075 ] ], [ [ 77.002822806145261, 29.82277258741982 ], [ 77.002926242412656, 29.822771018796288 ], [ 77.002924443425641, 29.822680825607851 ], [ 77.002821007251001, 29.822682394225705 ], [ 77.002822806145261, 29.82277258741982 ] ], [ [ 77.003129516586057, 29.82258749495108 ], [ 77.003232952643444, 29.822585926096217 ], [ 77.003231153394509, 29.822495732922221 ], [ 77.003127717429891, 29.822497301771381 ], [ 77.003129516586057, 29.82258749495108 ] ] ] } },
{ "type": "Feature", "properties": { "pit_id": 17, "latitude": 29.809743, "longitude": 77.002371, "category": "pit", "area_ha": 0.39, "area_m2": 3900.0, "prob_max": 1.0, "prob_mean": 0.832, "new_pit": 0, "setting": "outside riverbed", "water_share": 0.923, "buildings_near": -0.0, "compactness": 0.876, "size_class": "small (0.1-0.5 ha)", "google_maps": "https://www.google.com/maps?q=29.809743,77.002371" }, "geometry": { "type": "Polygon", "coordinates": [ [ [ 77.002157347204033, 29.810151797791001 ], [ 77.002141171078208, 29.809340057114348 ], [ 77.002348016039065, 29.809336922130026 ], [ 77.002346218547189, 29.809246728726226 ], [ 77.002449640922677, 29.809245161118472 ], [ 77.002451438507251, 29.809335354516573 ], [ 77.002554860967265, 29.809333786822265 ], [ 77.002565647202275, 29.809874947148721 ], [ 77.002669070210274, 29.809873379339393 ], [ 77.002672665872652, 29.81005376609285 ], [ 77.002569242679272, 29.81005533391356 ], [ 77.002571040430013, 29.810145527293994 ], [ 77.002157347204033, 29.810151797791001 ] ] ] } },
{ "type": "Feature", "properties": { "pit_id": 18, "latitude": 29.809883, "longitude": 77.003344, "category": "pit", "area_ha": 0.57, "area_m2": 5700.0, "prob_max": 1.0, "prob_mean": 0.937, "new_pit": 0, "setting": "outside riverbed", "water_share": 0.982, "buildings_near": 0.0, "compactness": 0.689, "size_class": "medium (0.5-2 ha)", "google_maps": "https://www.google.com/maps?q=29.809883,77.003344" }, "geometry": { "type": "Polygon", "coordinates": [ [ [ 77.00288131026376, 29.810140823572176 ], [ 77.002874118197454, 29.80978005011082 ], [ 77.002770695298466, 29.809781618076176 ], [ 77.00276530161257, 29.809511037949097 ], [ 77.003178992047168, 29.809504765670837 ], [ 77.003182588571136, 29.809685152377995 ], [ 77.003286011344755, 29.809683584094895 ], [ 77.003287809711679, 29.809773777440796 ], [ 77.004011769547077, 29.809762797155127 ], [ 77.00401896569187, 29.810123570365882 ], [ 77.00288131026376, 29.810140823572176 ] ] ] } },
{ "type": "Feature", "properties": { "pit_id": 19, "latitude": 29.699701, "longitude": 76.957763, "category": "pit", "area_ha": 0.13, "area_m2": 1300.0, "prob_max": 1.0, "prob_mean": 0.792, "new_pit": 0, "setting": "outside riverbed", "water_share": 0.846, "buildings_near": 0.043, "compactness": 1.0, "size_class": "small (0.1-0.5 ha)", "google_maps": "https://www.google.com/maps?q=29.699701,76.957763" }, "geometry": { "type": "Polygon", "coordinates": [ [ [ 76.957805231354641, 29.700023272614118 ], [ 76.957799982080303, 29.699752680626574 ], [ 76.95759335643433, 29.699755735699988 ], [ 76.957595106000099, 29.699845933041612 ], [ 76.957491793073004, 29.699847460463108 ], [ 76.957490043599407, 29.699757263115931 ], [ 76.95759335643433, 29.699755735699988 ], [ 76.957591606876505, 29.699665538357042 ], [ 76.957488294133782, 29.699667065767425 ], [ 76.957486544676115, 29.699576868417594 ], [ 76.957796482603868, 29.699572285961583 ], [ 76.957794732877588, 29.699482088627121 ], [ 76.958001357938599, 29.699479033265018 ], [ 76.958003107849265, 29.699569230588367 ], [ 76.957899795230546, 29.699570758315229 ], [ 76.957908544442262, 29.700021744939967 ], [ 76.957805231354641, 29.700023272614118 ] ] ] } },
{ "type": "Feature", "properties": { "pit_id": 20, "latitude": 29.587103, "longitude": 76.6671, "category": "pit", "area_ha": 0.52, "area_m2": 5200.0, "prob_max": 1.0, "prob_mean": 0.706, "new_pit": 0, "setting": "outside riverbed", "water_share": 0.269, "buildings_near": 0.139, "compactness": 0.491, "size_class": "medium (0.5-2 ha)", "google_maps": "https://www.google.com/maps?q=29.587103,76.667100" }, "geometry": { "type": "Polygon", "coordinates": [ [ [ 76.667305962676323, 29.587782085794132 ], [ 76.667304479229173, 29.587691872409948 ], [ 76.667201264134476, 29.587693168948512 ], [ 76.667199780785808, 29.5876029555583 ], [ 76.667096565776063, 29.587604252011939 ], [ 76.667090632815828, 29.58724339841925 ], [ 76.666987418166258, 29.587244694773769 ], [ 76.666984451910096, 29.587064267960198 ], [ 76.666881237437238, 29.587065564225071 ], [ 76.666879754411013, 29.586975350811613 ], [ 76.666570111227102, 29.586979239110907 ], [ 76.666565663014453, 29.586708598820202 ], [ 76.666772091260128, 29.586706006729234 ], [ 76.666770608352621, 29.586615793305874 ], [ 76.667183464396061, 29.586610608180592 ], [ 76.667186430951602, 29.586791034988199 ], [ 76.667289645129031, 29.586789738496954 ], [ 76.66729706209469, 29.587240805469627 ], [ 76.667503491346551, 29.587238212199253 ], [ 76.667512393028929, 29.587779492466975 ], [ 76.667305962676323, 29.587782085794132 ] ], [ [ 76.667198297443875, 29.587512742166801 ], [ 76.667404727259623, 29.587510149028414 ], [ 76.667403243740992, 29.587419935645084 ], [ 76.667300028928224, 29.587421232249635 ], [ 76.667298545508089, 29.587331018860286 ], [ 76.667195330780302, 29.587332315379925 ], [ 76.667198297443875, 29.587512742166801 ] ] ] } },
{ "type": "Feature", "properties": { "pit_id": 21, "latitude": 29.700307, "longitude": 76.958713, "category": "likely village pond", "area_ha": 0.52, "area_m2": 5200.0, "prob_max": 1.0, "prob_mean": 0.702, "new_pit": 0, "setting": "outside riverbed", "water_share": 1.0, "buildings_near": 0.164, "compactness": 0.491, "size_class": "medium (0.5-2 ha)", "google_maps": "https://www.google.com/maps?q=29.700307,76.958713" }, "geometry": { "type": "Polygon", "coordinates": [ [ [ 76.958752555252445, 29.700911493353622 ], [ 76.958749053909642, 29.700731098823148 ], [ 76.958645740148128, 29.700732627185896 ], [ 76.958647490723351, 29.700822824457358 ], [ 76.958544176861693, 29.700824352745148 ], [ 76.958537174977323, 29.700463563629118 ], [ 76.958433861476479, 29.700465091814145 ], [ 76.95842686008821, 29.70010430265469 ], [ 76.958530173220296, 29.70010277449191 ], [ 76.958528422800939, 29.700012577204298 ], [ 76.958425109761052, 29.700014105361518 ], [ 76.958419858827284, 29.699743513474072 ], [ 76.958523171590599, 29.699741985333535 ], [ 76.958521421203073, 29.699651788040629 ], [ 76.958728046521443, 29.699648731529159 ], [ 76.95873154767321, 29.699829126091387 ], [ 76.958834860504837, 29.699827597703759 ], [ 76.95883661118485, 29.699917794977328 ], [ 76.958939924100704, 29.699916266503628 ], [ 76.958953930564931, 29.700637844600021 ], [ 76.959057244210356, 29.700636316001308 ], [ 76.959060746090401, 29.700816710501044 ], [ 76.958854118422792, 29.70081976764023 ], [ 76.958855869190373, 29.700909964899235 ], [ 76.958752555252445, 29.700911493353622 ] ], [ [ 76.958633486344397, 29.700101246248607 ], [ 76.958840112568765, 29.700098189520492 ], [ 76.958838361872836, 29.700007992249578 ], [ 76.958631735832853, 29.700011048966569 ], [ 76.958633486344397, 29.700101246248607 ] ], [ [ 76.958526672389539, 29.699922379915368 ], [ 76.958629985329253, 29.699920851683213 ], [ 76.958626484345956, 29.699740457112487 ], [ 76.958523171590599, 29.699741985333535 ], [ 76.958526672389539, 29.699922379915368 ] ] ] } },
{ "type": "Feature", "properties": { "pit_id": 22, "latitude": 29.700304, "longitude": 77.136584, "category": "pit", "area_ha": 1.29, "area_m2": 12900.0, "prob_max": 1.0, "prob_mean": 0.925, "new_pit": 0, "setting": "Yamuna riverbed", "water_share": 0.915, "buildings_near": 0.0, "compactness": 0.261, "size_class": "medium (0.5-2 ha)", "google_maps": "https://www.google.com/maps?q=29.700304,77.136584" }, "geometry": { "type": "Polygon", "coordinates": [ [ [ 77.1370180181124, 29.701041200053222 ], [ 77.137014198233373, 29.700860825671672 ], [ 77.136807593510341, 29.700864160406649 ], [ 77.136805683768159, 29.700773973201713 ], [ 77.136702381485776, 29.700775640442409 ], [ 77.136698562211777, 29.700595266016407 ], [ 77.136595260105025, 29.700596933164483 ], [ 77.136593350573193, 29.70050674594339 ], [ 77.136076840369952, 29.700515080446252 ], [ 77.136073022253868, 29.700334705939397 ], [ 77.135866418480433, 29.700338039152911 ], [ 77.135868327349826, 29.700428226419145 ], [ 77.135765025357941, 29.700429892911245 ], [ 77.135766934143874, 29.700520080182191 ], [ 77.135663632051148, 29.700521746599879 ], [ 77.135661723357373, 29.700431559322872 ], [ 77.13524851526833, 29.700438224164532 ], [ 77.135246606951839, 29.700348036861914 ], [ 77.135453210829411, 29.700344704614171 ], [ 77.135449393853847, 29.700164330029171 ], [ 77.135552695595322, 29.7001626637967 ], [ 77.135550787028393, 29.700072476508275 ], [ 77.135860691924279, 29.700067477346185 ], [ 77.135858783089589, 29.699977290074592 ], [ 77.136065386125821, 29.699973956909599 ], [ 77.136063477115513, 29.6998837696488 ], [ 77.135753572824584, 29.69988876925737 ], [ 77.135751664099402, 29.699798581977038 ], [ 77.13606156811386, 29.699793582386647 ], [ 77.136063477115513, 29.6998837696488 ], [ 77.136889888176057, 29.699870433818191 ], [ 77.136891797923553, 29.699960621030456 ], [ 77.136995099359211, 29.699958953683403 ], [ 77.136998919064595, 29.700139328091783 ], [ 77.137102220675857, 29.700137660652114 ], [ 77.137098400786186, 29.699957286255874 ], [ 77.137408305015001, 29.699952283490418 ], [ 77.137419766446925, 29.700493406553818 ], [ 77.137523068392071, 29.700491738767948 ], [ 77.137530709888978, 29.700852487425795 ], [ 77.137427407575217, 29.700854155235938 ], [ 77.137421676715974, 29.70058359372635 ], [ 77.137215072615319, 29.700586929068773 ], [ 77.137220802921661, 29.700857490614766 ], [ 77.137117500581866, 29.700859158183459 ], [ 77.137121320645193, 29.701039532552887 ], [ 77.1370180181124, 29.701041200053222 ] ], [ [ 77.136694742972495, 29.700414891585027 ], [ 77.137004648687764, 29.700409889694289 ], [ 77.136998919064595, 29.700139328091783 ], [ 77.136895617444623, 29.700140995450962 ], [ 77.136897527218196, 29.700231182659206 ], [ 77.136587622029779, 29.700236184272086 ], [ 77.136589531535563, 29.700326371497198 ], [ 77.136692833365871, 29.700324704367326 ], [ 77.136694742972495, 29.700414891585027 ] ], [ [ 77.136176324127561, 29.700333039211916 ], [ 77.136382927848942, 29.700329705515525 ], [ 77.136381018527445, 29.70023951827827 ], [ 77.136174414990393, 29.700242851962543 ], [ 77.136176324127561, 29.700333039211916 ] ], [ [ 77.135554604170906, 29.700252851083814 ], [ 77.135657905995842, 29.700251184764799 ], [ 77.135655997328101, 29.700160997483767 ], [ 77.135552695595322, 29.7001626637967 ], [ 77.135554604170906, 29.700252851083814 ] ], [ [ 77.136069204172486, 29.700154331427179 ], [ 77.136172505861879, 29.700152664711833 ], [ 77.136170596742062, 29.700062477459781 ], [ 77.136067295144827, 29.700064144169055 ], [ 77.136069204172486, 29.700154331427179 ] ] ] } },
{ "type": "Feature", "properties": { "pit_id": 23, "latitude": 29.701333, "longitude": 77.141313, "category": "pit", "area_ha": 0.08, "area_m2": 800.0, "prob_max": 1.0, "prob_mean": 0.859, "new_pit": 0, "setting": "Yamuna riverbed", "water_share": 1.0, "buildings_near": 0.0, "compactness": 1.0, "size_class": "tiny (<0.1 ha)", "google_maps": "https://www.google.com/maps?q=29.701333,77.141313" }, "geometry": { "type": "Polygon", "coordinates": [ [ [ 77.141368200077324, 29.701512217325028 ], [ 77.141366286210797, 29.701422030398103 ], [ 77.141262983573583, 29.70142370122862 ], [ 77.141259156050964, 29.701243327358554 ], [ 77.141362458503849, 29.701241656540187 ], [ 77.141366286210797, 29.701422030398103 ], [ 77.141676194070214, 29.701417017423633 ], [ 77.141672365810351, 29.701236643602222 ], [ 77.141775668228433, 29.701234972461933 ], [ 77.141773754019411, 29.701144785555282 ], [ 77.141877056336639, 29.701143114340599 ], [ 77.141878970637848, 29.701233301241153 ], [ 77.141775668228433, 29.701234972461933 ], [ 77.141779496672612, 29.70141534627118 ], [ 77.141676194070214, 29.701417017423633 ], [ 77.141678108213199, 29.701507204332326 ], [ 77.141368200077324, 29.701512217325028 ] ] ] } },
{ "type": "Feature", "properties": { "pit_id": 24, "latitude": 29.707869, "longitude": 76.68049, "category": "pit", "area_ha": 0.18, "area_m2": 1800.0, "prob_max": 1.0, "prob_mean": 0.819, "new_pit": 0, "setting": "outside riverbed", "water_share": 0.944, "buildings_near": 0.0, "compactness": 1.0, "size_class": "small (0.1-0.5 ha)", "google_maps": "https://www.google.com/maps?q=29.707869,76.680490" }, "geometry": { "type": "Polygon", "coordinates": [ [ [ 76.680351027554394, 29.70816613697491 ], [ 76.680348022829236, 29.707985714687258 ], [ 76.68024468563182, 29.707987026171189 ], [ 76.680243183371758, 29.707896815020632 ], [ 76.680346520476903, 29.707895503541472 ], [ 76.680345018131391, 29.707805292394404 ], [ 76.680448355137415, 29.707803980839433 ], [ 76.680445350282326, 29.707623558550928 ], [ 76.680342013460887, 29.707624870096346 ], [ 76.680340511135867, 29.707534658945377 ], [ 76.680547184587368, 29.707532035783515 ], [ 76.680548687096945, 29.707622246924942 ], [ 76.680652023904742, 29.707620935218372 ], [ 76.680659537016524, 29.708071990882146 ], [ 76.680556199747315, 29.70807330261259 ], [ 76.680557702297889, 29.708163513746218 ], [ 76.680351027554394, 29.70816613697491 ] ] ] } },
{ "type": "Feature", "properties": { "pit_id": 25, "latitude": 29.54197, "longitude": 76.627316, "category": "likely village pond", "area_ha": 0.89, "area_m2": 8900.0, "prob_max": 1.0, "prob_mean": 0.938, "new_pit": 0, "setting": "outside riverbed", "water_share": 0.775, "buildings_near": 0.182, "compactness": 0.686, "size_class": "medium (0.5-2 ha)", "google_maps": "https://www.google.com/maps?q=29.541970,76.627316" }, "geometry": { "type": "Polygon", "coordinates": [ [ [ 76.627450401108703, 29.542348049868874 ], [ 76.62744895578227, 29.542257834055576 ], [ 76.62724261381004, 29.542260361563706 ], [ 76.627241168673251, 29.542170145739885 ], [ 76.626828485015906, 29.542175199777077 ], [ 76.626827040251811, 29.542084983933506 ], [ 76.626517527714299, 29.542088773607041 ], [ 76.626511749821944, 29.541727910164511 ], [ 76.626718090787989, 29.541725383832453 ], [ 76.626716646148324, 29.541635167977823 ], [ 76.626922986905001, 29.54163264133479 ], [ 76.626921542088851, 29.541542425488096 ], [ 76.627231052899944, 29.541538634937051 ], [ 76.627232497990676, 29.541628850769893 ], [ 76.627438838681556, 29.54162632332639 ], [ 76.627440283961917, 29.541716539148709 ], [ 76.627543454389013, 29.54171527530227 ], [ 76.627544899767472, 29.541805491118698 ], [ 76.627751240784946, 29.541802963176433 ], [ 76.627752686353048, 29.541893178982335 ], [ 76.627855856943441, 29.541891914886513 ], [ 76.627857302609641, 29.541982130686506 ], [ 76.628166814615895, 29.541978337904908 ], [ 76.628168260563271, 29.542068553689752 ], [ 76.628271431310367, 29.542067289264509 ], [ 76.62827287735584, 29.542157505043434 ], [ 76.628169706517212, 29.542158769473307 ], [ 76.628171152477734, 29.542248985255572 ], [ 76.627964810597661, 29.542251513884406 ], [ 76.627966256381725, 29.542341729674607 ], [ 76.627450401108703, 29.542348049868874 ] ] ] } },
{ "type": "Feature", "properties": { "pit_id": 26, "latitude": 29.702176, "longitude": 77.136565, "category": "pit", "area_ha": 0.35, "area_m2": 3500.0, "prob_max": 1.0, "prob_mean": 0.86, "new_pit": 0, "setting": "Yamuna riverbed", "water_share": 0.571, "buildings_near": 0.0, "compactness": 0.608, "size_class": "small (0.1-0.5 ha)", "google_maps": "https://www.google.com/maps?q=29.702176,77.136565" }, "geometry": { "type": "Polygon", "coordinates": [ [ [ 77.13633308793797, 29.702856614672243 ], [ 77.136321631233912, 29.702315491417526 ], [ 77.136424935117702, 29.702313824395628 ], [ 77.136419206606377, 29.702043262768374 ], [ 77.136315902999073, 29.702044929772065 ], [ 77.136312084219256, 29.701864555335057 ], [ 77.136415387642231, 29.701862888343495 ], [ 77.136413478173182, 29.701772701129052 ], [ 77.136516781495331, 29.701771034063064 ], [ 77.136518691056537, 29.701861221271432 ], [ 77.136621994462161, 29.701859554118904 ], [ 77.136620084808783, 29.701769366916594 ], [ 77.136826691409667, 29.701766032382196 ], [ 77.136824781580657, 29.701675845190671 ], [ 77.136928084775917, 29.701674177808815 ], [ 77.136929994697084, 29.701764364994265 ], [ 77.137136601245857, 29.701761029976964 ], [ 77.137138511360021, 29.701851217148931 ], [ 77.136725297859087, 29.701857886885886 ], [ 77.136729117376191, 29.702038261274357 ], [ 77.136625813794936, 29.702039928519504 ], [ 77.136629633162443, 29.70222030291476 ], [ 77.136732936928013, 29.702218635657459 ], [ 77.136736756514566, 29.702399010035215 ], [ 77.136633452564666, 29.702400677304638 ], [ 77.13663536227881, 29.702490864497555 ], [ 77.13653205822807, 29.702492531692567 ], [ 77.136535877498062, 29.702672906086548 ], [ 77.136432573254325, 29.702674573213201 ], [ 77.136436392374733, 29.702854947613943 ], [ 77.13633308793797, 29.702856614672243 ] ] ] } },
{ "type": "Feature", "properties": { "pit_id": 27, "latitude": 29.580914, "longitude": 77.095756, "category": "pit", "area_ha": 0.59, "area_m2": 5900.0, "prob_max": 1.0, "prob_mean": 0.891, "new_pit": 0, "setting": "Yamuna riverbed", "water_share": 0.322, "buildings_near": -0.0, "compactness": 0.457, "size_class": "medium (0.5-2 ha)", "google_maps": "https://www.google.com/maps?q=29.580914,77.095756" }, "geometry": { "type": "Polygon", "coordinates": [ [ [ 77.095681582825065, 29.581348560469308 ], [ 77.095679718878316, 29.581258369237425 ], [ 77.095886085065132, 29.581255110573274 ], [ 77.095884220943645, 29.581164919351945 ], [ 77.096090586913306, 29.581161660379284 ], [ 77.096088722617097, 29.58107146916851 ], [ 77.095779173924697, 29.581076357489515 ], [ 77.095777309911782, 29.580986166259581 ], [ 77.095055029973892, 29.580997569496805 ], [ 77.095053166610725, 29.580907378223927 ], [ 77.094949983820143, 29.580909006931464 ], [ 77.094948120557049, 29.580818815651316 ], [ 77.095051303256042, 29.580817186949719 ], [ 77.0950475765721, 29.58063680439729 ], [ 77.095563489023704, 29.580628659747216 ], [ 77.095565352819477, 29.580718850994391 ], [ 77.09618444803111, 29.580709074735346 ], [ 77.096186312385001, 29.580799265945505 ], [ 77.096495860151094, 29.580794376716799 ], [ 77.096497724788307, 29.580884567907777 ], [ 77.096600907451631, 29.58088293799873 ], [ 77.09660277218893, 29.580973129182436 ], [ 77.096190041118234, 29.580979648361811 ], [ 77.096193769885403, 29.5811600307728 ], [ 77.096296952849031, 29.58115840108621 ], [ 77.096298817336944, 29.581248592283753 ], [ 77.096092451218013, 29.581251851588721 ], [ 77.096094315531204, 29.58134204279682 ], [ 77.095681582825065, 29.581348560469308 ] ] ] } },
{ "type": "Feature", "properties": { "pit_id": 28, "latitude": 29.802376, "longitude": 76.960572, "category": "pit", "area_ha": 0.69, "area_m2": 6900.0, "prob_max": 1.0, "prob_mean": 0.879, "new_pit": 0, "setting": "outside riverbed", "water_share": 0.971, "buildings_near": 0.124, "compactness": 0.719, "size_class": "medium (0.5-2 ha)", "google_maps": "https://www.google.com/maps?q=29.802376,76.960572" }, "geometry": { "type": "Polygon", "coordinates": [ [ [ 76.960529075243329, 29.802836625363902 ], [ 76.960527315739654, 29.802746429585163 ], [ 76.960630734049261, 29.802744895005645 ], [ 76.960628974460903, 29.802654699231152 ], [ 76.960318719786102, 29.80265930271046 ], [ 76.96031520118936, 29.802478911124052 ], [ 76.960108365070198, 29.802481979683744 ], [ 76.960110124179238, 29.802572175488748 ], [ 76.960006706015008, 29.802573709652904 ], [ 76.960004946998637, 29.802483513842322 ], [ 76.959901528919076, 29.802485047920058 ], [ 76.959896252195946, 29.802214460463638 ], [ 76.960103087791069, 29.802211392260755 ], [ 76.960101328713989, 29.80212119645044 ], [ 76.960411581768739, 29.802116593556512 ], [ 76.960409822421667, 29.802026397761587 ], [ 76.960926910223066, 29.802018724682725 ], [ 76.960928670033468, 29.802108920449783 ], [ 76.961032087662431, 29.802107385585899 ], [ 76.961037367419607, 29.802377972862388 ], [ 76.961140785318577, 29.802376437900939 ], [ 76.961146065425709, 29.802647025148772 ], [ 76.960835810870805, 29.802651629840732 ], [ 76.9608375706445, 29.80274182560408 ], [ 76.960734152350881, 29.802743360345293 ], [ 76.960735912039894, 29.802833556112876 ], [ 76.960529075243329, 29.802836625363902 ] ] ] } },
{ "type": "Feature", "properties": { "pit_id": 29, "latitude": 29.706734, "longitude": 76.957915, "category": "pit", "area_ha": 0.4, "area_m2": 4000.0, "prob_max": 1.0, "prob_mean": 0.975, "new_pit": 0, "setting": "outside riverbed", "water_share": 1.0, "buildings_near": -0.0, "compactness": 0.824, "size_class": "small (0.1-0.5 ha)", "google_maps": "https://www.google.com/maps?q=29.706734,76.957915" }, "geometry": { "type": "Polygon", "coordinates": [ [ [ 76.957736847248285, 29.707151913319169 ], [ 76.957735097038068, 29.707061716084723 ], [ 76.957631776734388, 29.707063243951012 ], [ 76.957624776342016, 29.706702454977734 ], [ 76.957521456399263, 29.706703982741246 ], [ 76.957517956435254, 29.706523588235562 ], [ 76.957931235420773, 29.706517476742796 ], [ 76.95792948508182, 29.706427279510201 ], [ 76.958239443960736, 29.706422695061732 ], [ 76.958237693353084, 29.7063324978445 ], [ 76.958341012871244, 29.706330969539504 ], [ 76.958344514278963, 29.706511363961525 ], [ 76.958241194576345, 29.706512892277633 ], [ 76.958246446470952, 29.706783483917423 ], [ 76.958143126483719, 29.706785012169686 ], [ 76.958144877038947, 29.706875209385871 ], [ 76.958041556951528, 29.70687673756316 ], [ 76.958045057901415, 29.707057132002671 ], [ 76.957941737621596, 29.707058660110548 ], [ 76.957943488016255, 29.707148857333873 ], [ 76.957736847248285, 29.707151913319169 ] ] ] } },
{ "type": "Feature", "properties": { "pit_id": 30, "latitude": 29.704721, "longitude": 77.135391, "category": "pit", "area_ha": 0.07, "area_m2": 700.0, "prob_max": 1.0, "prob_mean": 0.921, "new_pit": 0, "setting": "Yamuna riverbed", "water_share": 1.0, "buildings_near": -0.0, "compactness": 1.0, "size_class": "tiny (<0.1 ha)", "google_maps": "https://www.google.com/maps?q=29.704721,77.135391" }, "geometry": { "type": "Polygon", "coordinates": [ [ [ 77.135238726844733, 29.704859066656621 ], [ 77.13523490955447, 29.70467869216931 ], [ 77.135338215930062, 29.704677025875121 ], [ 77.135336307205776, 29.704586838635517 ], [ 77.135542919746541, 29.704583505817787 ], [ 77.135546737572469, 29.70476388027139 ], [ 77.135443431122084, 29.704765546732634 ], [ 77.135445339955893, 29.704855733963491 ], [ 77.135238726844733, 29.704859066656621 ] ] ] } },
{ "type": "Feature", "properties": { "pit_id": 31, "latitude": 29.585416, "longitude": 76.668017, "category": "pit", "area_ha": 0.21, "area_m2": 2100.0, "prob_max": 1.0, "prob_mean": 0.988, "new_pit": 0, "setting": "outside riverbed", "water_share": 1.0, "buildings_near": 0.0, "compactness": 0.846, "size_class": "small (0.1-0.5 ha)", "google_maps": "https://www.google.com/maps?q=29.585416,76.668017" }, "geometry": { "type": "Polygon", "coordinates": [ [ [ 76.667582967863694, 29.585793501244371 ], [ 76.667580000722921, 29.585613074446162 ], [ 76.667786426632233, 29.585610480864997 ], [ 76.667784942888531, 29.585520267473402 ], [ 76.667888155741323, 29.585518970567271 ], [ 76.667886671912655, 29.58542875717913 ], [ 76.66798988466698, 29.585427460197561 ], [ 76.667985432946395, 29.585156820039522 ], [ 76.668088645418806, 29.585155522991958 ], [ 76.668087161433718, 29.585065309608094 ], [ 76.668293586174855, 29.585062715281897 ], [ 76.668299522889427, 29.58542356877172 ], [ 76.668196310155366, 29.585424865993847 ], [ 76.6681977942592, 29.585515079367788 ], [ 76.668094581426658, 29.585516376514473 ], [ 76.668096065445511, 29.585606589891874 ], [ 76.667786426632233, 29.585610480864997 ], [ 76.667789394139874, 29.585790907644284 ], [ 76.667582967863694, 29.585793501244371 ] ] ] } },
{ "type": "Feature", "properties": { "pit_id": 32, "latitude": 29.799471, "longitude": 76.869882, "category": "pit", "area_ha": 1.03, "area_m2": 10300.0, "prob_max": 1.0, "prob_mean": 0.894, "new_pit": 0, "setting": "outside riverbed", "water_share": 0.33, "buildings_near": 0.081, "compactness": 0.681, "size_class": "medium (0.5-2 ha)", "google_maps": "https://www.google.com/maps?q=29.799471,76.869882" }, "geometry": { "type": "Polygon", "coordinates": [ [ [ 76.869542396502737, 29.79991482758917 ], [ 76.869540718825093, 29.79982462696297 ], [ 76.869333877168728, 29.799827553237755 ], [ 76.869332199684052, 29.799737352599621 ], [ 76.869228778937099, 29.799738815610425 ], [ 76.86922542417598, 29.799558414319552 ], [ 76.869122003606762, 29.79955987723887 ], [ 76.869118649061463, 29.799379475932106 ], [ 76.869222069445314, 29.799378013023404 ], [ 76.869220392091421, 29.799287812373361 ], [ 76.869323812375001, 29.799286349389135 ], [ 76.869320457504728, 29.799105948095701 ], [ 76.869423877595324, 29.799104485041248 ], [ 76.869422200078944, 29.79901428439787 ], [ 76.869939299954311, 29.799006967939469 ], [ 76.86994097793405, 29.799097168556266 ], [ 76.870044397978916, 29.799095705016718 ], [ 76.870046076058955, 29.799185905626892 ], [ 76.870149496188873, 29.799184442001192 ], [ 76.870151174369198, 29.799274642604715 ], [ 76.870564855183332, 29.799268787272137 ], [ 76.870568212308257, 29.799449188432693 ], [ 76.870775053040248, 29.799446260260058 ], [ 76.870780089340855, 29.799716861959116 ], [ 76.870262986063551, 29.799724181864129 ], [ 76.87026466438229, 29.799814382454436 ], [ 76.869747560450975, 29.799821700364785 ], [ 76.869749238313972, 29.799911900980355 ], [ 76.869542396502737, 29.79991482758917 ] ], [ [ 76.869330522207008, 29.799647151960148 ], [ 76.869433942853647, 29.799645688873813 ], [ 76.869432265291536, 29.799555488238344 ], [ 76.869328844737566, 29.799556951319374 ], [ 76.869330522207008, 29.799647151960148 ] ] ] } },
{ "type": "Feature", "properties": { "pit_id": 33, "latitude": 29.705517, "longitude": 77.129664, "category": "pit", "area_ha": 0.55, "area_m2": 5500.0, "prob_max": 1.0, "prob_mean": 0.765, "new_pit": 0, "setting": "Yamuna riverbed", "water_share": 0.0, "buildings_near": -0.0, "compactness": 0.474, "size_class": "medium (0.5-2 ha)", "google_maps": "https://www.google.com/maps?q=29.705517,77.129664" }, "geometry": { "type": "Polygon", "coordinates": [ [ [ 77.130402352397581, 29.705839167456897 ], [ 77.130398543598474, 29.705658792427087 ], [ 77.130295235885143, 29.705660454917993 ], [ 77.130297140188176, 29.705750642439614 ], [ 77.130193832374005, 29.70575230485607 ], [ 77.130191928163143, 29.705662117328398 ], [ 77.130088620432488, 29.705663779658305 ], [ 77.130090524551179, 29.70575396719202 ], [ 77.129883908879535, 29.70575729162244 ], [ 77.129880101019538, 29.705576916529449 ], [ 77.129776793355092, 29.705578578611817 ], [ 77.129778697188584, 29.705668766165026 ], [ 77.12946877386679, 29.705673751947259 ], [ 77.129466870309827, 29.705583564375896 ], [ 77.129363562610777, 29.705585226136268 ], [ 77.129365466075569, 29.705675413713671 ], [ 77.129262158275665, 29.705677075399581 ], [ 77.129264061656926, 29.705767262981684 ], [ 77.128954137928815, 29.705772247574565 ], [ 77.128950331728007, 29.705591872372747 ], [ 77.129053639461674, 29.705590210934375 ], [ 77.129051736282079, 29.705500023337482 ], [ 77.128948428640584, 29.705501684769811 ], [ 77.128944622491687, 29.705321309559938 ], [ 77.129461159690862, 29.705313001653799 ], [ 77.129459256168516, 29.705222814077082 ], [ 77.129562563490211, 29.70522115226041 ], [ 77.129566370727929, 29.705401527400397 ], [ 77.129772985714055, 29.705398203501368 ], [ 77.129769178107637, 29.705217828385564 ], [ 77.129975792690459, 29.705214504188724 ], [ 77.129977696673691, 29.705304691735197 ], [ 77.130081004044285, 29.705303029509995 ], [ 77.130082908128358, 29.705393217049078 ], [ 77.130186215582484, 29.705391554737314 ], [ 77.130188119767382, 29.705481742269008 ], [ 77.130394734834013, 29.705478417391898 ], [ 77.130398543598474, 29.705658792427087 ], [ 77.130501851303165, 29.705657129855688 ], [ 77.13050566028663, 29.705837504873404 ], [ 77.130402352397581, 29.705839167456897 ] ], [ [ 77.129158850467121, 29.705678737004995 ], [ 77.129262158275665, 29.705677075399581 ], [ 77.129260254903059, 29.705586887816139 ], [ 77.129156947186701, 29.705588549415506 ], [ 77.129158850467121, 29.705678737004995 ] ], [ [ 77.129673485681991, 29.705580240613674 ], [ 77.129776793355092, 29.705578578611817 ], [ 77.129774889530253, 29.705488391057258 ], [ 77.129671581949324, 29.705490053053065 ], [ 77.129673485681991, 29.705580240613674 ] ] ] } },
{ "type": "Feature", "properties": { "pit_id": 34, "latitude": 29.58442, "longitude": 77.093854, "category": "pit", "area_ha": 3.32, "area_m2": 33200.0, "prob_max": 1.0, "prob_mean": 0.948, "new_pit": 1, "setting": "Yamuna riverbed", "water_share": 0.313, "buildings_near": 0.0, "compactness": 0.201, "size_class": "large (>2 ha)", "google_maps": "https://www.google.com/maps?q=29.584420,77.093854" }, "geometry": { "type": "Polygon", "coordinates": [ [ [ 77.094542126939245, 29.58614824295886 ], [ 77.094540263642429, 29.586058051726305 ], [ 77.094437075578625, 29.586059680291882 ], [ 77.09443521238191, 29.585969489052061 ], [ 77.094332024401254, 29.585971117531578 ], [ 77.094330161304683, 29.585880926284489 ], [ 77.094226973407174, 29.585882554677948 ], [ 77.09422511041069, 29.585792363423575 ], [ 77.094121922596344, 29.585793991730966 ], [ 77.094120059699975, 29.585703800469329 ], [ 77.094016871968776, 29.58570542869068 ], [ 77.094015009172509, 29.585615237421766 ], [ 77.093911821524458, 29.585616865557057 ], [ 77.093908096140623, 29.585436483003352 ], [ 77.093804908667366, 29.585438111046642 ], [ 77.093803046079785, 29.585347919761844 ], [ 77.093699858689689, 29.58534954771909 ], [ 77.093692408790659, 29.584988782542837 ], [ 77.093589221758577, 29.584990410396198 ], [ 77.093587359396651, 29.584900219092862 ], [ 77.093484172447731, 29.584901846860177 ], [ 77.093482310185891, 29.584811655549572 ], [ 77.093379123320119, 29.58481328323084 ], [ 77.093377261158395, 29.58472309191297 ], [ 77.093274074375785, 29.584724719508177 ], [ 77.09327035026098, 29.584544336856542 ], [ 77.093167163653149, 29.584545964359769 ], [ 77.093161577819373, 29.584275390354513 ], [ 77.093058391477925, 29.584277017759817 ], [ 77.093052805995313, 29.584006443724761 ], [ 77.092949619920262, 29.584008071032137 ], [ 77.092944034788772, 29.583737496967263 ], [ 77.092840848980117, 29.583739124176724 ], [ 77.092835264199721, 29.583468550082049 ], [ 77.092938449733509, 29.583466922890402 ], [ 77.092917971849985, 29.582474817839266 ], [ 77.093021156367499, 29.582473190632811 ], [ 77.0930137097521, 29.582112425143432 ], [ 77.093116893894688, 29.582110797880624 ], [ 77.0931131704546, 29.581930415139816 ], [ 77.093216354405484, 29.581928787808771 ], [ 77.093231249102104, 29.582650318692526 ], [ 77.093128064418309, 29.582651946071071 ], [ 77.093131787993968, 29.582832328790559 ], [ 77.093028603118455, 29.58283395610086 ], [ 77.093030464827379, 29.582924147464542 ], [ 77.09313364979451, 29.582922520148287 ], [ 77.093135511603506, 29.583012711504711 ], [ 77.093238696653785, 29.583011084102417 ], [ 77.093240558562883, 29.583101275451565 ], [ 77.093343743696309, 29.58309964796323 ], [ 77.093349329749316, 29.58337022198484 ], [ 77.09345251514911, 29.583368594398586 ], [ 77.093454377275336, 29.583458785730507 ], [ 77.093557562758292, 29.583457158058202 ], [ 77.093555700540435, 29.583366966732221 ], [ 77.093762071297661, 29.583363711159166 ], [ 77.093765796108329, 29.583544093786077 ], [ 77.093868981657465, 29.583542465867499 ], [ 77.093867119156272, 29.583452274560642 ], [ 77.093970304605307, 29.583450646567908 ], [ 77.09397589240919, 29.583721220466629 ], [ 77.094079078124608, 29.583719592375964 ], [ 77.094082803552823, 29.583899974956566 ], [ 77.094185989443019, 29.583898346773903 ], [ 77.09419157792378, 29.584168920616996 ], [ 77.09429476408036, 29.584167292336403 ], [ 77.09429848995984, 29.584347674879904 ], [ 77.094401676291184, 29.584346046507324 ], [ 77.094405402387835, 29.584526429033634 ], [ 77.094508588893945, 29.58452480056906 ], [ 77.09451045204662, 29.584614991824267 ], [ 77.094613638635892, 29.584613363273636 ], [ 77.094615501888654, 29.584703554521575 ], [ 77.094718688561073, 29.584701925884886 ], [ 77.094720551913952, 29.584792117125545 ], [ 77.094823738669504, 29.58479048840281 ], [ 77.094829329053894, 29.585061062098958 ], [ 77.094932516075843, 29.585059433278285 ], [ 77.094934379645892, 29.585149624501724 ], [ 77.094831192532297, 29.585151253328348 ], [ 77.094833056019212, 29.585241444556399 ], [ 77.094729868805516, 29.585243073308856 ], [ 77.094728005410246, 29.585152882074848 ], [ 77.094521631140665, 29.58515613932753 ], [ 77.094523494352686, 29.585246330573398 ], [ 77.094626681583335, 29.585244701981186 ], [ 77.094628544895471, 29.585334893219784 ], [ 77.094834919514582, 29.585331635783113 ], [ 77.094838646530803, 29.58551201823256 ], [ 77.094941834010896, 29.585510389382172 ], [ 77.094951152157989, 29.585961345452723 ], [ 77.094847964219738, 29.585962974332823 ], [ 77.094849827782966, 29.586053165548883 ], [ 77.094746639744599, 29.586054794354801 ], [ 77.094748503224679, 29.586144985575469 ], [ 77.094542126939245, 29.58614824295886 ] ], [ [ 77.094643451697763, 29.58605642308061 ], [ 77.094746639744599, 29.586054794354801 ], [ 77.094744776273004, 29.585964603132808 ], [ 77.094641588317785, 29.58596623185268 ], [ 77.094643451697763, 29.58605642308061 ] ], [ [ 77.094637861583294, 29.585785849392792 ], [ 77.09474104935525, 29.585784220684811 ], [ 77.094739185909091, 29.585694029458821 ], [ 77.094635998228767, 29.585695658160855 ], [ 77.094637861583294, 29.585785849392792 ] ], [ [ 77.094739185909091, 29.585694029458821 ], [ 77.094842373580931, 29.58569240067666 ], [ 77.094840510051625, 29.585602209455274 ], [ 77.094737322471417, 29.585603838231492 ], [ 77.094739185909091, 29.585694029458821 ] ], [ [ 77.094221384443159, 29.585611980910841 ], [ 77.094324572065773, 29.585610352535205 ], [ 77.094322709003094, 29.585520161282773 ], [ 77.094219521472112, 29.585521789652471 ], [ 77.094221384443159, 29.585611980910841 ] ], [ [ 77.094013146384711, 29.585525046151528 ], [ 77.094219521472112, 29.585521789652471 ], [ 77.094215795555456, 29.585341407131736 ], [ 77.094112608199254, 29.585343035409434 ], [ 77.094110745345276, 29.585252844141134 ], [ 77.094007558072221, 29.585254472332775 ], [ 77.094013146384711, 29.585525046151528 ] ], [ [ 77.093574323100398, 29.584268879932178 ], [ 77.093883881972175, 29.584263996274281 ], [ 77.093882019403154, 29.584173804978096 ], [ 77.093572460806257, 29.584178688618191 ], [ 77.093574323100398, 29.584268879932178 ] ], [ [ 77.093157853972571, 29.584095007677675 ], [ 77.093261040122286, 29.584093380204141 ], [ 77.09325545414076, 29.583822806196704 ], [ 77.093049082382592, 29.583826061028045 ], [ 77.093052805995313, 29.584006443724761 ], [ 77.093155992061881, 29.584004816337263 ], [ 77.093157853972571, 29.584095007677675 ] ] ] } },
{ "type": "Feature", "properties": { "pit_id": 35, "latitude": 29.823578, "longitude": 77.139917, "category": "pit", "area_ha": 1.54, "area_m2": 15400.0, "prob_max": 1.0, "prob_mean": 0.895, "new_pit": 0, "setting": "outside riverbed", "water_share": 1.0, "buildings_near": 0.0, "compactness": 0.319, "size_class": "medium (0.5-2 ha)", "google_maps": "https://www.google.com/maps?q=29.823578,77.139917" }, "geometry": { "type": "Polygon", "coordinates": [ [ [ 77.139014549175414, 29.824245701785703 ], [ 77.139012627896577, 29.824155516393283 ], [ 77.138909199120931, 29.824157191620674 ], [ 77.138899593321256, 29.823706264608035 ], [ 77.139209878231128, 29.823701238774419 ], [ 77.139207956819192, 29.823611053386106 ], [ 77.139621669539324, 29.823604351166612 ], [ 77.139619747765209, 29.823514165801278 ], [ 77.139516319690998, 29.823515841471391 ], [ 77.1395105546992, 29.823245285349063 ], [ 77.139613982495248, 29.823243609697194 ], [ 77.139612060756036, 29.823153424326485 ], [ 77.139922343813637, 29.823148396903857 ], [ 77.139920421804987, 29.823058211550055 ], [ 77.140023849380682, 29.82305653558684 ], [ 77.140025771482044, 29.82314672093456 ], [ 77.140129199141711, 29.823145044884392 ], [ 77.140127276947624, 29.823054859542744 ], [ 77.140230704505854, 29.823053183417773 ], [ 77.14022878222778, 29.822962998080861 ], [ 77.140435637132597, 29.822959645600445 ], [ 77.140433714677812, 29.822869460274365 ], [ 77.140226859958432, 29.822872812742617 ], [ 77.140224937697809, 29.822782627403026 ], [ 77.14032836496915, 29.822780951215417 ], [ 77.140324520288644, 29.822600580544371 ], [ 77.140634801493945, 29.822595551532814 ], [ 77.140636724107992, 29.822685736850751 ], [ 77.140533296955567, 29.822687413274906 ], [ 77.140535219485614, 29.82277759859759 ], [ 77.140638646730764, 29.822775922167359 ], [ 77.140642492002499, 29.822956292796512 ], [ 77.140435637132597, 29.822959645600445 ], [ 77.140437559596123, 29.823049830925182 ], [ 77.14074784216605, 29.823044801579709 ], [ 77.14075745600546, 29.823495728091928 ], [ 77.140343744040322, 29.823502433845835 ], [ 77.140351433785426, 29.823863175128768 ], [ 77.140558290527281, 29.823859822364899 ], [ 77.140562135823117, 29.82404019297395 ], [ 77.139941564380123, 29.82405025036801 ], [ 77.139943486484782, 29.824140435707029 ], [ 77.139840057787666, 29.824142111662361 ], [ 77.139841979808338, 29.824232297006123 ], [ 77.139738551009756, 29.824233972886656 ], [ 77.139736629081838, 29.824143787536819 ], [ 77.139529771643964, 29.824147139043081 ], [ 77.139527849910209, 29.824056953679726 ], [ 77.139424421270917, 29.824058629305458 ], [ 77.139426342911946, 29.824148814674878 ], [ 77.139116056663511, 29.824153841085007 ], [ 77.139117978035074, 29.824244026471341 ], [ 77.139014549175414, 29.824245701785703 ] ], [ [ 77.139928109891926, 29.823418952957226 ], [ 77.140134965776355, 29.823415600901242 ], [ 77.140133043556077, 29.82332541556363 ], [ 77.1399261878571, 29.823328767607453 ], [ 77.139928109891926, 29.823418952957226 ] ] ] } },
{ "type": "Feature", "properties": { "pit_id": 36, "latitude": 29.795283, "longitude": 76.980188, "category": "pit", "area_ha": 1.83, "area_m2": 18300.0, "prob_max": 1.0, "prob_mean": 0.85, "new_pit": 0, "setting": "outside riverbed", "water_share": 0.967, "buildings_near": 0.081, "compactness": 0.616, "size_class": "medium (0.5-2 ha)", "google_maps": "https://www.google.com/maps?q=29.795283,76.980188" }, "geometry": { "type": "Polygon", "coordinates": [ [ [ 76.980362503781862, 29.796135125739795 ], [ 76.980360726966737, 29.796044930947861 ], [ 76.980153906580327, 29.796048030270235 ], [ 76.980150353344825, 29.795867640659885 ], [ 76.980046943324766, 29.795869190188583 ], [ 76.980041613809931, 29.795598605746189 ], [ 76.979938204059721, 29.795600155177194 ], [ 76.979936427663546, 29.795509960354764 ], [ 76.97983301799789, 29.79551150969932 ], [ 76.979831241702414, 29.795421314869948 ], [ 76.979417603329594, 29.795427511417468 ], [ 76.979419379254551, 29.795517706269337 ], [ 76.979005740382121, 29.795523901546268 ], [ 76.979002189281346, 29.79534351179619 ], [ 76.979105598826294, 29.795341963109429 ], [ 76.979103823195373, 29.795251768238021 ], [ 76.979310642075802, 29.795248670633313 ], [ 76.979308866267687, 29.795158475771821 ], [ 76.979412275603181, 29.795156926853867 ], [ 76.979410499710497, 29.79506673199668 ], [ 76.979513908945279, 29.795065183003537 ], [ 76.979506805084753, 29.79470440358401 ], [ 76.979817031629167, 29.794699756187196 ], [ 76.979815255406322, 29.794609561345883 ], [ 76.980022072876992, 29.79460646268852 ], [ 76.980020296476965, 29.79451626785713 ], [ 76.980433930950966, 29.794510069595148 ], [ 76.98043926128679, 29.794780654017803 ], [ 76.98054267016299, 29.794779104233388 ], [ 76.980544447050363, 29.794869299032648 ], [ 76.980647856011132, 29.794867749161774 ], [ 76.980649632999203, 29.794957943954074 ], [ 76.980753042044526, 29.794956393996767 ], [ 76.980756596230151, 29.795136783566139 ], [ 76.980860005452655, 29.795135233516749 ], [ 76.980861782650194, 29.795225428293815 ], [ 76.980965191957253, 29.795223878157969 ], [ 76.980968746561842, 29.795404267696853 ], [ 76.981072156046082, 29.795402717468935 ], [ 76.981079265722684, 29.795763496508229 ], [ 76.980975855867925, 29.795765046758671 ], [ 76.980977633214621, 29.795855241520815 ], [ 76.980667403323991, 29.795859891804096 ], [ 76.980669180400866, 29.795950086581794 ], [ 76.980565770328539, 29.795951636520222 ], [ 76.980567547320859, 29.796041831302219 ], [ 76.980464137147834, 29.796043381165454 ], [ 76.980465914055586, 29.796133575951757 ], [ 76.980362503781862, 29.796135125739795 ] ] ] } },
{ "type": "Feature", "properties": { "pit_id": 37, "latitude": 29.841095, "longitude": 76.891809, "category": "pit", "area_ha": 2.16, "area_m2": 21600.0, "prob_max": 1.0, "prob_mean": 0.814, "new_pit": 0, "setting": "outside riverbed", "water_share": 0.94, "buildings_near": -0.0, "compactness": 0.339, "size_class": "large (>2 ha)", "google_maps": "https://www.google.com/maps?q=29.841095,76.891809" }, "geometry": { "type": "Polygon", "coordinates": [ [ [ 76.891434950743275, 29.841827885580916 ], [ 76.891433250550151, 29.84173768666297 ], [ 76.891122862498463, 29.841742132981466 ], [ 76.891121162591674, 29.841651934046073 ], [ 76.891017699985198, 29.841653415984879 ], [ 76.891010900806677, 29.841292620208559 ], [ 76.891321287488537, 29.841288174213698 ], [ 76.891317887388411, 29.841107776349894 ], [ 76.891110963313011, 29.841110740405924 ], [ 76.891109263460251, 29.841020541461276 ], [ 76.891005801503837, 29.841022023362449 ], [ 76.890992203702567, 29.840300431714706 ], [ 76.891095664916094, 29.840298949856564 ], [ 76.891093965132811, 29.840208750900032 ], [ 76.891197426245753, 29.840207268966289 ], [ 76.891199126121904, 29.840297467917441 ], [ 76.891509509692995, 29.840293021614201 ], [ 76.891511209855437, 29.840383220547888 ], [ 76.891614671123222, 29.840381738279468 ], [ 76.891616371386249, 29.840471937206466 ], [ 76.891926755421849, 29.840467489899201 ], [ 76.891928455971168, 29.84055768880873 ], [ 76.892238840215853, 29.840553240756513 ], [ 76.892240541051478, 29.840643439648588 ], [ 76.892447464028365, 29.840640473864781 ], [ 76.892449165057442, 29.840730672744762 ], [ 76.892759549743431, 29.840726223445561 ], [ 76.892769757751637, 29.841267416600871 ], [ 76.892666295640197, 29.841268899813876 ], [ 76.892667996909083, 29.841359098673866 ], [ 76.892564534697058, 29.841360581811269 ], [ 76.892567937072258, 29.841540979538024 ], [ 76.892464474666767, 29.841542462605208 ], [ 76.892467876887153, 29.841722860337455 ], [ 76.89236441428821, 29.841724343334441 ], [ 76.892366115317117, 29.841814542203945 ], [ 76.891434950743275, 29.841827885580916 ] ], [ [ 76.891533312669807, 29.841555806565754 ], [ 76.891740237612069, 29.841552841808074 ], [ 76.891738537163533, 29.841462642902297 ], [ 76.891945461889193, 29.841459677831448 ], [ 76.891943761262638, 29.841369478935132 ], [ 76.89163337444117, 29.841373926403786 ], [ 76.891635074789122, 29.841464125316261 ], [ 76.891531612406979, 29.841465607649234 ], [ 76.891533312669807, 29.841555806565754 ] ], [ [ 76.891833496939, 29.841010165885628 ], [ 76.891936958833654, 29.8410086833366 ], [ 76.891935258245709, 29.840918484433679 ], [ 76.891831796443924, 29.840919966977314 ], [ 76.891833496939, 29.841010165885628 ] ], [ [ 76.891624872817175, 29.840922931821648 ], [ 76.891728334634422, 29.840921449439968 ], [ 76.891726634239916, 29.840831250524964 ], [ 76.891623172515537, 29.840832732901255 ], [ 76.891624872817175, 29.840922931821648 ] ], [ [ 76.891102464126419, 29.840659745669491 ], [ 76.891205925703673, 29.84065826370885 ], [ 76.891204225796642, 29.840568064762977 ], [ 76.891100764312256, 29.840569546718239 ], [ 76.891102464126419, 29.840659745669491 ] ] ] } },
{ "type": "Feature", "properties": { "pit_id": 38, "latitude": 29.841037, "longitude": 76.79845, "category": "pit", "area_ha": 0.72, "area_m2": 7200.0, "prob_max": 1.0, "prob_mean": 0.879, "new_pit": 0, "setting": "outside riverbed", "water_share": 0.611, "buildings_near": 0.112, "compactness": 0.887, "size_class": "medium (0.5-2 ha)", "google_maps": "https://www.google.com/maps?q=29.841037,76.798450" }, "geometry": { "type": "Polygon", "coordinates": [ [ [ 76.798182820651974, 29.841506837843045 ], [ 76.798181204275366, 29.841416634174109 ], [ 76.798077736485723, 29.841418043294631 ], [ 76.798076120209345, 29.841327839619293 ], [ 76.797972652505266, 29.841329248653686 ], [ 76.797969420160285, 29.841148841288824 ], [ 76.797865952634623, 29.841150250232005 ], [ 76.797864336566022, 29.841060046542495 ], [ 76.797967803998816, 29.84105863760443 ], [ 76.797964571697875, 29.840878230231684 ], [ 76.798068038937558, 29.840876821222849 ], [ 76.798064806480227, 29.840696413855092 ], [ 76.799099476615581, 29.840682319414316 ], [ 76.799101093769394, 29.840772523047693 ], [ 76.798997626696021, 29.84077393286136 ], [ 76.799000860839911, 29.840954340134427 ], [ 76.798897393573426, 29.840955749877327 ], [ 76.798902244565696, 29.84122636079243 ], [ 76.798798777013204, 29.841227770469697 ], [ 76.798800393932439, 29.841317974110549 ], [ 76.798593458619692, 29.841320793232313 ], [ 76.798595075360495, 29.84141099688209 ], [ 76.79838813983261, 29.841413815690089 ], [ 76.798389756394982, 29.841504019348804 ], [ 76.798182820651974, 29.841506837843045 ] ] ] } },
{ "type": "Feature", "properties": { "pit_id": 39, "latitude": 29.5243, "longitude": 76.599838, "category": "likely village pond", "area_ha": 0.52, "area_m2": 5200.0, "prob_max": 1.0, "prob_mean": 0.879, "new_pit": 0, "setting": "outside riverbed", "water_share": 0.942, "buildings_near": 0.181, "compactness": 1.0, "size_class": "medium (0.5-2 ha)", "google_maps": "https://www.google.com/maps?q=29.524300,76.599838" }, "geometry": { "type": "Polygon", "coordinates": [ [ [ 76.599619443004386, 29.52463920870434 ], [ 76.599618023410159, 29.524548991411383 ], [ 76.599514868983164, 29.524550232924121 ], [ 76.599513449486849, 29.524460015625358 ], [ 76.59941029514485, 29.524461257053563 ], [ 76.599404617590054, 29.524100387827453 ], [ 76.599610925536027, 29.524097904927327 ], [ 76.599609505980595, 29.524007687626654 ], [ 76.599712659852429, 29.524006446061129 ], [ 76.599711240212017, 29.523916228763706 ], [ 76.60012385526889, 29.523911261719839 ], [ 76.600129535332499, 29.524272130829221 ], [ 76.600232689446344, 29.524270888850118 ], [ 76.600238369979238, 29.524631757920748 ], [ 76.599619443004386, 29.52463920870434 ] ] ] } },
{ "type": "Feature", "properties": { "pit_id": 40, "latitude": 29.524409, "longitude": 76.599061, "category": "likely village pond", "area_ha": 0.08, "area_m2": 800.0, "prob_max": 1.0, "prob_mean": 0.961, "new_pit": 0, "setting": "outside riverbed", "water_share": 1.0, "buildings_near": 0.225, "compactness": 1.0, "size_class": "tiny (<0.1 ha)", "google_maps": "https://www.google.com/maps?q=29.524409,76.599061" }, "geometry": { "type": "Polygon", "coordinates": [ [ [ 76.598999096751243, 29.524556439287892 ], [ 76.598997677712177, 29.524466221966442 ], [ 76.598894523337847, 29.524467462994668 ], [ 76.598891685462021, 29.524287028338833 ], [ 76.599201148016917, 29.524283305041362 ], [ 76.599205405663412, 29.52455395698237 ], [ 76.598999096751243, 29.524556439287892 ] ] ] } },
{ "type": "Feature", "properties": { "pit_id": 41, "latitude": 29.685075, "longitude": 76.672375, "category": "pit", "area_ha": 0.69, "area_m2": 6900.0, "prob_max": 1.0, "prob_mean": 0.827, "new_pit": 0, "setting": "outside riverbed", "water_share": 0.783, "buildings_near": 0.048, "compactness": 0.547, "size_class": "medium (0.5-2 ha)", "google_maps": "https://www.google.com/maps?q=29.685075,76.672375" }, "geometry": { "type": "Polygon", "coordinates": [ [ [ 76.672330370263822, 29.685710055532809 ], [ 76.672328876426334, 29.685619843712683 ], [ 76.672122246948931, 29.685622452308241 ], [ 76.672119259663077, 29.685442028645088 ], [ 76.672015945098565, 29.685443332812614 ], [ 76.67201146449726, 29.685172697293911 ], [ 76.672114778785229, 29.685171393140642 ], [ 76.672111791567289, 29.684990969464518 ], [ 76.672008477463677, 29.684992273608298 ], [ 76.672005490457266, 29.68481184991748 ], [ 76.672108804376535, 29.684810545783201 ], [ 76.672104323641335, 29.684539910251495 ], [ 76.672620891753056, 29.684533388443768 ], [ 76.67262387982484, 29.684713812085381 ], [ 76.672727193611152, 29.684712507472817 ], [ 76.672730181894465, 29.684892931099721 ], [ 76.672833495858342, 29.684891626397153 ], [ 76.672834990102388, 29.684981838203907 ], [ 76.672731676046325, 29.684983142911229 ], [ 76.672736158542662, 29.685253778337977 ], [ 76.672632844203264, 29.685255082979033 ], [ 76.672635832383762, 29.68543550659987 ], [ 76.672532517853213, 29.685436811169936 ], [ 76.672535505876553, 29.685617234795082 ], [ 76.67243219115484, 29.68561853929414 ], [ 76.672433685084513, 29.685708751109512 ], [ 76.672330370263822, 29.685710055532809 ] ], [ [ 76.672316925971018, 29.684898149104935 ], [ 76.672523553946334, 29.684895540263341 ], [ 76.672522059985624, 29.684805328441033 ], [ 76.672315432194665, 29.684807937273135 ], [ 76.672316925971018, 29.684898149104935 ] ] ] } },
{ "type": "Feature", "properties": { "pit_id": 42, "latitude": 29.837643, "longitude": 77.112697, "category": "pit", "area_ha": 1.18, "area_m2": 11800.0, "prob_max": 1.0, "prob_mean": 0.944, "new_pit": 0, "setting": "outside riverbed", "water_share": 0.941, "buildings_near": 0.103, "compactness": 0.556, "size_class": "medium (0.5-2 ha)", "google_maps": "https://www.google.com/maps?q=29.837643,77.112697" }, "geometry": { "type": "Polygon", "coordinates": [ [ [ 77.112198635357871, 29.838119691768327 ], [ 77.112196737090883, 29.838029504992743 ], [ 77.111782957561161, 29.838036124226928 ], [ 77.111781059673987, 29.837945937425975 ], [ 77.111574170043014, 29.837949246545456 ], [ 77.11157227235006, 29.837859059731155 ], [ 77.111468827614459, 29.837860714163504 ], [ 77.111466930022914, 29.837770527341849 ], [ 77.111673819299924, 29.837767218408246 ], [ 77.111671921531396, 29.837677031597252 ], [ 77.111878810588351, 29.837673722351916 ], [ 77.111876912642856, 29.837583535551598 ], [ 77.112187245885238, 29.837578571094639 ], [ 77.112185347669978, 29.837488384310994 ], [ 77.112495680556407, 29.837483419143659 ], [ 77.112493782071368, 29.837393232376691 ], [ 77.112700670433625, 29.837389921872497 ], [ 77.112698771771619, 29.837299735116197 ], [ 77.113009103971947, 29.837294768770946 ], [ 77.113007205040176, 29.837204582031323 ], [ 77.11373131255624, 29.837192991101904 ], [ 77.113733212137589, 29.837283177799453 ], [ 77.11383665612675, 29.837281521622671 ], [ 77.113840455500892, 29.837461895001738 ], [ 77.113737011326137, 29.837463551190542 ], [ 77.11373891093335, 29.837553737884068 ], [ 77.113532022372368, 29.837557050030917 ], [ 77.113533921802613, 29.837647236735119 ], [ 77.113327033021562, 29.837650548570267 ], [ 77.11332893227484, 29.837740735285152 ], [ 77.113018598760149, 29.837745702448906 ], [ 77.113020497743676, 29.837835889180468 ], [ 77.112813608505178, 29.837839200230331 ], [ 77.112815507311709, 29.837929386972554 ], [ 77.112712062586738, 29.837931042382099 ], [ 77.112713961309097, 29.838021229129005 ], [ 77.11261051648269, 29.838022884463612 ], [ 77.112612415120878, 29.838113071215179 ], [ 77.112198635357871, 29.838119691768327 ] ] ] } },
{ "type": "Feature", "properties": { "pit_id": 43, "latitude": 29.844105, "longitude": 76.701449, "category": "pit", "area_ha": 0.45, "area_m2": 4500.0, "prob_max": 1.0, "prob_mean": 0.791, "new_pit": 0, "setting": "outside riverbed", "water_share": 1.0, "buildings_near": 0.0, "compactness": 0.641, "size_class": "small (0.1-0.5 ha)", "google_maps": "https://www.google.com/maps?q=29.844105,76.701449" }, "geometry": { "type": "Polygon", "coordinates": [ [ [ 76.70094582465407, 29.844329208249789 ], [ 76.700939708010949, 29.843968374944623 ], [ 76.700836232206569, 29.843969707986684 ], [ 76.700834703156062, 29.843879499652292 ], [ 76.701248605960203, 29.843874167017315 ], [ 76.701250135382381, 29.843964375332355 ], [ 76.70135361115895, 29.843963041966212 ], [ 76.701352081643876, 29.843872833656015 ], [ 76.7014555573206, 29.843871500213698 ], [ 76.701457086928599, 29.843961708519064 ], [ 76.702077941400532, 29.843953706134723 ], [ 76.702082531938686, 29.844224330955843 ], [ 76.701875579918337, 29.844226998770413 ], [ 76.701877109925803, 29.84431720705118 ], [ 76.701566681564415, 29.844321208179906 ], [ 76.701565151835723, 29.844230999884616 ], [ 76.701358199745883, 29.844233666888975 ], [ 76.701359729288754, 29.844323875193954 ], [ 76.70094582465407, 29.844329208249789 ] ] ] } },
{ "type": "Feature", "properties": { "pit_id": 44, "latitude": 29.842551, "longitude": 76.846675, "category": "pit", "area_ha": 0.55, "area_m2": 5500.0, "prob_max": 1.0, "prob_mean": 0.969, "new_pit": 0, "setting": "outside riverbed", "water_share": 0.891, "buildings_near": 0.148, "compactness": 0.6, "size_class": "medium (0.5-2 ha)", "google_maps": "https://www.google.com/maps?q=29.842551,76.846675" }, "geometry": { "type": "Polygon", "coordinates": [ [ [ 76.846227629480566, 29.842828693386231 ], [ 76.846225969842735, 29.842738492150939 ], [ 76.846019037072253, 29.842741385702762 ], [ 76.846015718190714, 29.842560983207207 ], [ 76.84611918439397, 29.84255953648228 ], [ 76.846117524871644, 29.842469335237773 ], [ 76.84632445706977, 29.842466441555466 ], [ 76.846319477990704, 29.842195837845548 ], [ 76.846422943799823, 29.842194390898651 ], [ 76.8464246035782, 29.842284592131371 ], [ 76.846838467110828, 29.842278803512862 ], [ 76.846840127268237, 29.842369004723238 ], [ 76.847253991051758, 29.842363214787845 ], [ 76.847257312132257, 29.842543617162629 ], [ 76.847360778245033, 29.842542169465787 ], [ 76.847362438889462, 29.842632370645948 ], [ 76.847465905087589, 29.84263092286287 ], [ 76.847467565832446, 29.842721124036458 ], [ 76.847053700623192, 29.842726914703849 ], [ 76.847052040249849, 29.842636713509236 ], [ 76.846845107785725, 29.842639608346467 ], [ 76.846846767973318, 29.842729809551592 ], [ 76.846639835293274, 29.842732704075345 ], [ 76.84664149530262, 29.842822905289641 ], [ 76.846227629480566, 29.842828693386231 ] ] ] } },
{ "type": "Feature", "properties": { "pit_id": 45, "latitude": 29.693256, "longitude": 77.061712, "category": "pit", "area_ha": 0.35, "area_m2": 3500.0, "prob_max": 1.0, "prob_mean": 0.98, "new_pit": 0, "setting": "outside riverbed", "water_share": 1.0, "buildings_near": -0.0, "compactness": 0.991, "size_class": "small (0.1-0.5 ha)", "google_maps": "https://www.google.com/maps?q=29.693256,77.061712" }, "geometry": { "type": "Polygon", "coordinates": [ [ [ 77.061322880483772, 29.693490022066072 ], [ 77.061321038725922, 29.693399830388984 ], [ 77.061217738980645, 29.693401438395888 ], [ 77.061215897323294, 29.693311246711623 ], [ 77.061319196976442, 29.693309638710573 ], [ 77.061317355235332, 29.693219447030831 ], [ 77.061420654787966, 29.693217838955153 ], [ 77.061418812963097, 29.693127647279923 ], [ 77.061625411858941, 29.69312443089888 ], [ 77.061623569858185, 29.693034239234031 ], [ 77.061726869201408, 29.693032630928663 ], [ 77.061725027116879, 29.692942439268325 ], [ 77.062034924819912, 29.692937613886958 ], [ 77.062045979111147, 29.693478763723558 ], [ 77.061322880483772, 29.693490022066072 ] ] ] } },
{ "type": "Feature", "properties": { "pit_id": 46, "latitude": 29.590334, "longitude": 76.90245, "category": "pit", "area_ha": 0.06, "area_m2": 600.0, "prob_max": 1.0, "prob_mean": 0.797, "new_pit": 0, "setting": "outside riverbed", "water_share": 0.0, "buildings_near": 0.0, "compactness": 1.0, "size_class": "tiny (<0.1 ha)", "google_maps": "https://www.google.com/maps?q=29.590334,76.902450" }, "geometry": { "type": "Polygon", "coordinates": [ [ [ 76.902418620915498, 29.590485035689188 ], [ 76.90241692816781, 29.590394833921259 ], [ 76.902313723570444, 29.590396313354933 ], [ 76.902310338281566, 29.590215909804353 ], [ 76.902516747101828, 29.590212950878431 ], [ 76.902518439925814, 29.590303152643578 ], [ 76.902621644416072, 29.590301673054974 ], [ 76.902623337339435, 29.590391874813413 ], [ 76.902520132757473, 29.590393354407421 ], [ 76.902521825596864, 29.590483556169946 ], [ 76.902418620915498, 29.590485035689188 ] ] ] } },
{ "type": "Feature", "properties": { "pit_id": 47, "latitude": 29.733917, "longitude": 77.090244, "category": "pit", "area_ha": 0.64, "area_m2": 6400.0, "prob_max": 1.0, "prob_mean": 0.868, "new_pit": 1, "setting": "outside riverbed", "water_share": 0.25, "buildings_near": 0.0, "compactness": 0.38, "size_class": "medium (0.5-2 ha)", "google_maps": "https://www.google.com/maps?q=29.733917,77.090244" }, "geometry": { "type": "Polygon", "coordinates": [ [ [ 77.090071210236033, 29.734450023073439 ], [ 77.090069339703405, 29.734359833600784 ], [ 77.089862660094369, 29.734363098434791 ], [ 77.089858919423904, 29.734182719461714 ], [ 77.089755579791273, 29.734184351745931 ], [ 77.089753709561123, 29.73409416225147 ], [ 77.08985704910144, 29.734092529973179 ], [ 77.089855178787445, 29.734002340483283 ], [ 77.08995851822695, 29.734000708130338 ], [ 77.089960388633244, 29.734090897614294 ], [ 77.090167067671345, 29.73408763265472 ], [ 77.090161455924061, 29.733817064234493 ], [ 77.089748098921646, 29.733823593760015 ], [ 77.089746228725488, 29.733733404260178 ], [ 77.089642889545956, 29.733735036434126 ], [ 77.08964101945061, 29.733644846927035 ], [ 77.089744358537828, 29.73364321475902 ], [ 77.089742488358667, 29.733553025256516 ], [ 77.089845827345073, 29.733551393013851 ], [ 77.089849567896508, 29.733731772005633 ], [ 77.089952907059057, 29.733730139670488 ], [ 77.089949166322967, 29.733549760690579 ], [ 77.090052505292363, 29.73354812828671 ], [ 77.090050634844758, 29.733457938800687 ], [ 77.090463990268063, 29.733451408402995 ], [ 77.090465861084937, 29.733541597865276 ], [ 77.090569200011828, 29.733539965058423 ], [ 77.090571070929528, 29.733630154513431 ], [ 77.09067440994022, 29.733628521620048 ], [ 77.090680023021292, 29.733899089959202 ], [ 77.090576683733644, 29.733900722870409 ], [ 77.090582296614286, 29.734171291215365 ], [ 77.090685636178904, 29.734169658286341 ], [ 77.090689378326474, 29.734350037164415 ], [ 77.090482698819457, 29.734353302965605 ], [ 77.090480827926058, 29.734263113515354 ], [ 77.090274148569677, 29.734266378982269 ], [ 77.090276019278448, 29.734356568444401 ], [ 77.090172679495168, 29.7343582010629 ], [ 77.090174550120125, 29.734448390529604 ], [ 77.090071210236033, 29.734450023073439 ] ], [ [ 77.089858919423904, 29.734182719461714 ], [ 77.089962259048036, 29.734181087096896 ], [ 77.089960388633244, 29.734090897614294 ], [ 77.08985704910144, 29.734092529973179 ], [ 77.089858919423904, 29.734182719461714 ] ], [ [ 77.090471473586589, 29.733812166244086 ], [ 77.090574812790422, 29.733810533419415 ], [ 77.090572941855726, 29.733720343967097 ], [ 77.090469602744207, 29.733721976785823 ], [ 77.090471473586589, 29.733812166244086 ] ] ] } },
{ "type": "Feature", "properties": { "pit_id": 48, "latitude": 29.59055, "longitude": 76.907323, "category": "pit", "area_ha": 0.12, "area_m2": 1200.0, "prob_max": 1.0, "prob_mean": 0.823, "new_pit": 0, "setting": "outside riverbed", "water_share": 0.167, "buildings_near": 0.0, "compactness": 1.0, "size_class": "small (0.1-0.5 ha)", "google_maps": "https://www.google.com/maps?q=29.590550,76.907323" }, "geometry": { "type": "Polygon", "coordinates": [ [ [ 76.907274323822392, 29.590686016161513 ], [ 76.907272626741886, 29.590595814651529 ], [ 76.906963013188999, 29.590600264063845 ], [ 76.906961316391303, 29.590510062536325 ], [ 76.907167725250901, 29.590507096352436 ], [ 76.907166028277544, 29.590416894834419 ], [ 76.907475641233916, 29.590412444973598 ], [ 76.907477338482366, 29.590502646475382 ], [ 76.907580542877398, 29.590501163022697 ], [ 76.907583937580853, 29.59068156601149 ], [ 76.907274323822392, 29.590686016161513 ] ] ] } },
{ "type": "Feature", "properties": { "pit_id": 49, "latitude": 29.844211, "longitude": 76.799139, "category": "pit", "area_ha": 1.42, "area_m2": 14200.0, "prob_max": 1.0, "prob_mean": 0.813, "new_pit": 0, "setting": "outside riverbed", "water_share": 0.035, "buildings_near": 0.114, "compactness": 0.306, "size_class": "medium (0.5-2 ha)", "google_maps": "https://www.google.com/maps?q=29.844211,76.799139" }, "geometry": { "type": "Polygon", "coordinates": [ [ [ 76.799379198107417, 29.844738661296319 ], [ 76.799377580444627, 29.84464845773093 ], [ 76.799481051490247, 29.84464704745421 ], [ 76.799479433741908, 29.844556843892626 ], [ 76.79958290468727, 29.84455543354002 ], [ 76.799579669026841, 29.844375026423155 ], [ 76.799786610523938, 29.844372205495397 ], [ 76.799784992518937, 29.844282001945231 ], [ 76.799474580540959, 29.844286233200009 ], [ 76.799476198267257, 29.844376436765533 ], [ 76.798958844359206, 29.844383487262284 ], [ 76.798960461628354, 29.844473690852077 ], [ 76.797925752332475, 29.844487785821251 ], [ 76.797927368679979, 29.844577989460873 ], [ 76.797823897617107, 29.844579398517372 ], [ 76.7978222813625, 29.844489194872626 ], [ 76.797718810385177, 29.844490603843006 ], [ 76.797717194230813, 29.844400400191823 ], [ 76.797820665115225, 29.844398991226576 ], [ 76.797819048875283, 29.844308787579198 ], [ 76.797922519659465, 29.844307378538051 ], [ 76.79792090333396, 29.844217174894474 ], [ 76.798024374017899, 29.844215765777431 ], [ 76.798022757606844, 29.844125562137659 ], [ 76.798126228190554, 29.844124152944723 ], [ 76.79812461169395, 29.844033949308756 ], [ 76.798435023122295, 29.84402972125925 ], [ 76.798431789593721, 29.843849314014069 ], [ 76.798638730137668, 29.843846494929842 ], [ 76.798637113198609, 29.843756291315493 ], [ 76.79884405352739, 29.843753471917481 ], [ 76.798842436409885, 29.843663268312071 ], [ 76.798945906470351, 29.843661858496667 ], [ 76.798947523680766, 29.843752062096954 ], [ 76.799050993826782, 29.843750652195443 ], [ 76.799052611137427, 29.843840855789317 ], [ 76.799259551593238, 29.843838035733022 ], [ 76.799261169096994, 29.843928239315339 ], [ 76.799571580004311, 29.843924008608013 ], [ 76.799573197794118, 29.844014212173672 ], [ 76.799883608913987, 29.844009980721932 ], [ 76.799885226989829, 29.844100184270928 ], [ 76.800195638322251, 29.844095952074792 ], [ 76.800197256684129, 29.844186155607101 ], [ 76.800300727206476, 29.844184744707928 ], [ 76.800299108751688, 29.844094541180741 ], [ 76.800816460788639, 29.844087485495379 ], [ 76.800819698634527, 29.844267892497239 ], [ 76.800716228056032, 29.84426930380657 ], [ 76.800717846897115, 29.844359507310653 ], [ 76.800303964138095, 29.844365151758375 ], [ 76.800302345668598, 29.84427494823381 ], [ 76.799991933800854, 29.84427918070368 ], [ 76.799993551991648, 29.844369384243613 ], [ 76.799786610523938, 29.844372205495397 ], [ 76.799788228536272, 29.844462409044247 ], [ 76.7996847576985, 29.844463819553749 ], [ 76.799686375625285, 29.844554023106397 ], [ 76.799893317479288, 29.844551201996151 ], [ 76.799896553726512, 29.844731609077066 ], [ 76.799379198107417, 29.844738661296319 ] ] ] } },
{ "type": "Feature", "properties": { "pit_id": 50, "latitude": 29.839607, "longitude": 77.118403, "category": "likely village pond", "area_ha": 0.87, "area_m2": 8700.0, "prob_max": 1.0, "prob_mean": 0.936, "new_pit": 0, "setting": "outside riverbed", "water_share": 0.885, "buildings_near": 0.225, "compactness": 0.865, "size_class": "medium (0.5-2 ha)", "google_maps": "https://www.google.com/maps?q=29.839607,77.118403" }, "geometry": { "type": "Polygon", "coordinates": [ [ [ 77.117931874914376, 29.840102833514948 ], [ 77.11792997134468, 29.840012647100991 ], [ 77.117826524815442, 29.840014306620724 ], [ 77.11782271788762, 29.839833933776742 ], [ 77.117926164231235, 29.839832274269071 ], [ 77.117924260687488, 29.839742087851086 ], [ 77.117820814436669, 29.839743747352749 ], [ 77.117818910994373, 29.83965356092741 ], [ 77.117922357152381, 29.839651901431765 ], [ 77.117918550108087, 29.839471528589094 ], [ 77.118125442026965, 29.839468209379085 ], [ 77.118123538332185, 29.839378022967789 ], [ 77.118226984185853, 29.839376363247407 ], [ 77.118221272874933, 29.839105804023504 ], [ 77.118841946144954, 29.839095844109973 ], [ 77.118843850463435, 29.839186030483145 ], [ 77.118947296070971, 29.839184370208258 ], [ 77.118953009356687, 29.83945492930162 ], [ 77.118849563470732, 29.839456589594587 ], [ 77.118857180934867, 29.839817335057717 ], [ 77.118753734669056, 29.83981899529384 ], [ 77.11875563896389, 29.839909181662296 ], [ 77.118652192596613, 29.839910841823503 ], [ 77.118654096807319, 29.840001028196639 ], [ 77.118447203861223, 29.840004348288286 ], [ 77.118449107894932, 29.840094534672122 ], [ 77.117931874914376, 29.840102833514948 ] ] ] } },
{ "type": "Feature", "properties": { "pit_id": 51, "latitude": 29.840733, "longitude": 76.976821, "category": "pit", "area_ha": 5.75, "area_m2": 57500.0, "prob_max": 1.0, "prob_mean": 0.884, "new_pit": 0, "setting": "outside riverbed", "water_share": 0.923, "buildings_near": 0.054, "compactness": 0.351, "size_class": "large (>2 ha)", "google_maps": "https://www.google.com/maps?q=29.840733,76.976821" }, "geometry": { "type": "Polygon", "coordinates": [ [ [ 76.977655822688916, 29.842549365848441 ], [ 76.977652267260424, 29.842368977235139 ], [ 76.977445351155794, 29.84237207666742 ], [ 76.977443573639363, 29.842281882347514 ], [ 76.977340115667786, 29.842283431936579 ], [ 76.977338338252281, 29.842193237609731 ], [ 76.977131422470606, 29.842196336533696 ], [ 76.977129645248866, 29.842106142194275 ], [ 76.977026187438781, 29.842107691529183 ], [ 76.977024410317966, 29.842017497182798 ], [ 76.97692095259265, 29.842019046431112 ], [ 76.976919175572746, 29.841928852077793 ], [ 76.976815717932212, 29.841930401239509 ], [ 76.976813941013219, 29.841840206879237 ], [ 76.976710483457481, 29.841841755954373 ], [ 76.976706929829405, 29.841661367218585 ], [ 76.976603472451288, 29.8416629162015 ], [ 76.976599919041178, 29.841482527449166 ], [ 76.976496461840682, 29.841484076339867 ], [ 76.976492908648538, 29.841303687570981 ], [ 76.976389451625664, 29.841305236369475 ], [ 76.976385898651486, 29.841124847584027 ], [ 76.976282441806248, 29.841126396290313 ], [ 76.976280665424099, 29.841036201889978 ], [ 76.976177208663628, 29.841037750509678 ], [ 76.976175432382391, 29.840947556102389 ], [ 76.976071975706702, 29.840949104635506 ], [ 76.976070199526376, 29.840858910221268 ], [ 76.975966742935455, 29.840860458667802 ], [ 76.97596496685604, 29.840770264246615 ], [ 76.975758053835719, 29.840773360885535 ], [ 76.97575627795004, 29.84068316645179 ], [ 76.975652821520626, 29.840684714644183 ], [ 76.975651045735873, 29.840594520203485 ], [ 76.975444133038508, 29.840597616334136 ], [ 76.97544235744752, 29.840507421880879 ], [ 76.975338901179583, 29.84050896981914 ], [ 76.975337125689478, 29.840418775358934 ], [ 76.975233669506324, 29.840420323210616 ], [ 76.97523189411713, 29.840330128743449 ], [ 76.975128438018771, 29.840331676508555 ], [ 76.975126662730474, 29.840241482034454 ], [ 76.975023206716884, 29.840243029712965 ], [ 76.975019656350156, 29.840062640749551 ], [ 76.974916200514187, 29.840064188335877 ], [ 76.974910875303081, 29.839793604863925 ], [ 76.975014330860532, 29.83979205729446 ], [ 76.975012555713448, 29.839701862806766 ], [ 76.975116011170002, 29.839700315161945 ], [ 76.975114235938136, 29.83961012067855 ], [ 76.975321146641392, 29.839607025157264 ], [ 76.975319371231905, 29.839516830683749 ], [ 76.976457378501976, 29.839499799589664 ], [ 76.97645915493267, 29.839589994001351 ], [ 76.976769520660909, 29.839585347440455 ], [ 76.976767743951697, 29.839495153045622 ], [ 76.976974654211176, 29.839492054944785 ], [ 76.976976431106053, 29.839582249328377 ], [ 76.977183341518923, 29.839579150892444 ], [ 76.977185118607551, 29.839669345263456 ], [ 76.977288573894711, 29.83966779591843 ], [ 76.977292128281846, 29.839848184645223 ], [ 76.977395583746613, 29.839846635207987 ], [ 76.977397361045121, 29.839936829563761 ], [ 76.97750081659467, 29.839935280039938 ], [ 76.977502593994089, 29.840025474388767 ], [ 76.977606049628406, 29.84002392477835 ], [ 76.977607827128722, 29.840114119120233 ], [ 76.977711282847807, 29.840112569423233 ], [ 76.977713060449048, 29.840202763758146 ], [ 76.977816516252901, 29.84020121397457 ], [ 76.977820071665278, 29.840381602629186 ], [ 76.977923527646738, 29.840380052753389 ], [ 76.977927083277095, 29.840560441391421 ], [ 76.978133995587143, 29.840557341374431 ], [ 76.978157110385581, 29.841729867245864 ], [ 76.978053653027615, 29.841731417367971 ], [ 76.978055431052709, 29.841821611662095 ], [ 76.978158888503529, 29.841820061534367 ], [ 76.97816600105601, 29.842180838675066 ], [ 76.977959085403526, 29.842183938894557 ], [ 76.97796086337614, 29.842274133187658 ], [ 76.9776504895583, 29.842278782926488 ], [ 76.977652267260424, 29.842368977235139 ], [ 76.978169557380724, 29.842361227237451 ], [ 76.978171335555189, 29.842451421516639 ], [ 76.978067877454421, 29.842452971683745 ], [ 76.978069655544104, 29.842543165967232 ], [ 76.977655822688916, 29.842549365848441 ] ], [ [ 76.977855627565162, 29.842185488882848 ], [ 76.977959085403526, 29.842183938894557 ], [ 76.977957307438984, 29.842093744600117 ], [ 76.977853849693474, 29.842095294582794 ], [ 76.977855627565162, 29.842185488882848 ] ], [ [ 76.977645156500316, 29.84200819999257 ], [ 76.977852071829858, 29.842005100281398 ], [ 76.977850293974313, 29.841914905978687 ], [ 76.97795375153413, 29.841913356007268 ], [ 76.977950195661577, 29.841732967409108 ], [ 76.977846738287454, 29.841734517369265 ], [ 76.977848516126855, 29.841824711674651 ], [ 76.977641601168699, 29.84182781136332 ], [ 76.977645156500316, 29.84200819999257 ] ], [ [ 76.977739725436379, 29.841555678622484 ], [ 76.977843182632867, 29.841554128754535 ], [ 76.977841404817696, 29.841463934445169 ], [ 76.977737947714047, 29.841465484307502 ], [ 76.977739725436379, 29.841555678622484 ] ], [ [ 76.976264678347789, 29.840224452227112 ], [ 76.976368134264618, 29.840222903577025 ], [ 76.976366357870305, 29.840132709169016 ], [ 76.976262902046329, 29.840134257813496 ], [ 76.976264678347789, 29.840224452227112 ] ], [ [ 76.976569716358256, 29.839949222839678 ], [ 76.976983538766248, 29.839943026849426 ], [ 76.976981761839099, 29.839852832471159 ], [ 76.97687830634203, 29.839854381584544 ], [ 76.976876529515806, 29.839764187199322 ], [ 76.976773074103505, 29.839765736226109 ], [ 76.976774850836918, 29.839855930616967 ], [ 76.976567939802464, 29.839859028438926 ], [ 76.976569716358256, 29.839949222839678 ] ] ] } },
{ "type": "Feature", "properties": { "pit_id": 52, "latitude": 29.836135, "longitude": 77.092907, "category": "pit", "area_ha": 0.21, "area_m2": 2100.0, "prob_max": 1.0, "prob_mean": 0.923, "new_pit": 0, "setting": "outside riverbed", "water_share": 0.762, "buildings_near": -0.0, "compactness": 0.947, "size_class": "small (0.1-0.5 ha)", "google_maps": "https://www.google.com/maps?q=29.836135,77.092907" }, "geometry": { "type": "Polygon", "coordinates": [ [ [ 77.09301978887251, 29.836440343704588 ], [ 77.093017907961837, 29.836350155793493 ], [ 77.092811019122706, 29.836353435364568 ], [ 77.092807257698141, 29.836173059514529 ], [ 77.092703813451351, 29.836174699166776 ], [ 77.092700052246542, 29.835994323299467 ], [ 77.092596608176805, 29.835995962858885 ], [ 77.092592847191753, 29.835815586974331 ], [ 77.092799734951512, 29.835812307798371 ], [ 77.092801615625362, 29.835902495729421 ], [ 77.09290505958522, 29.835900856014096 ], [ 77.092906940360407, 29.835991043937856 ], [ 77.093010384404536, 29.83598940413566 ], [ 77.093012265281033, 29.836079592052123 ], [ 77.093115709409417, 29.836077952163041 ], [ 77.093119471373655, 29.836258327980055 ], [ 77.093222915679078, 29.836256687998144 ], [ 77.093226677863072, 29.836437063797884 ], [ 77.09301978887251, 29.836440343704588 ] ] ] } },
{ "type": "Feature", "properties": { "pit_id": 53, "latitude": 29.525398, "longitude": 76.617907, "category": "pit", "area_ha": 0.11, "area_m2": 1100.0, "prob_max": 1.0, "prob_mean": 0.965, "new_pit": 0, "setting": "outside riverbed", "water_share": 0.0, "buildings_near": 0.02, "compactness": 1.0, "size_class": "small (0.1-0.5 ha)", "google_maps": "https://www.google.com/maps?q=29.525398,76.617907" }, "geometry": { "type": "Polygon", "coordinates": [ [ [ 76.617896356268247, 29.525591014173305 ], [ 76.617893484543728, 29.525410581234723 ], [ 76.617584021403843, 29.525414348175186 ], [ 76.617582585825744, 29.525324131690208 ], [ 76.617788894409316, 29.52532162048573 ], [ 76.61778745865486, 29.525231404008636 ], [ 76.617993767029375, 29.525228892493349 ], [ 76.617995202966725, 29.52531910896127 ], [ 76.618098357235624, 29.525317853079049 ], [ 76.618102665361278, 29.525588502461325 ], [ 76.617896356268247, 29.525591014173305 ] ] ] } },
{ "type": "Feature", "properties": { "pit_id": 54, "latitude": 29.592493, "longitude": 76.712436, "category": "pit", "area_ha": 0.52, "area_m2": 5200.0, "prob_max": 1.0, "prob_mean": 0.833, "new_pit": 0, "setting": "outside riverbed", "water_share": 0.115, "buildings_near": 0.102, "compactness": 0.649, "size_class": "medium (0.5-2 ha)", "google_maps": "https://www.google.com/maps?q=29.592493,76.712436" }, "geometry": { "type": "Polygon", "coordinates": [ [ [ 76.712196689557558, 29.592895126068015 ], [ 76.712195165865268, 29.592804914846472 ], [ 76.712091947961326, 29.592806246492344 ], [ 76.71208890078104, 29.592625824035647 ], [ 76.711985683053655, 29.592627155591607 ], [ 76.711982636084613, 29.59244673312001 ], [ 76.711879418533769, 29.592448064586051 ], [ 76.711876371775944, 29.592267642099539 ], [ 76.712805327832442, 29.592255656105412 ], [ 76.712803803638252, 29.592165444903937 ], [ 76.712907020851432, 29.592164112730675 ], [ 76.712908545137367, 29.592254323927293 ], [ 76.713011762435357, 29.592252991668971 ], [ 76.713016335610007, 29.592523625236428 ], [ 76.712913118036781, 29.592524957509337 ], [ 76.712914642350484, 29.592615168700757 ], [ 76.712811424678591, 29.592616500898316 ], [ 76.712812948907455, 29.592706712093303 ], [ 76.712606513359361, 29.592709376257549 ], [ 76.712608037411684, 29.592799587460952 ], [ 76.712298383762288, 29.592803583120396 ], [ 76.71229990754631, 29.592893794337076 ], [ 76.712196689557558, 29.592895126068015 ] ], [ [ 76.712503295574905, 29.592710708219379 ], [ 76.712606513359361, 29.592709376257549 ], [ 76.712604989313974, 29.592619165052849 ], [ 76.712501771621262, 29.592620497009797 ], [ 76.712503295574905, 29.592710708219379 ] ], [ [ 76.712706682869538, 29.592527621814543 ], [ 76.712913118036781, 29.592524957509337 ], [ 76.712911593730041, 29.59243474631662 ], [ 76.712705158746289, 29.592437410612114 ], [ 76.712706682869538, 29.592527621814543 ] ] ] } },
{ "type": "Feature", "properties": { "pit_id": 55, "latitude": 29.525387, "longitude": 76.616891, "category": "pit", "area_ha": 0.28, "area_m2": 2800.0, "prob_max": 1.0, "prob_mean": 0.983, "new_pit": 0, "setting": "outside riverbed", "water_share": 0.929, "buildings_near": 0.028, "compactness": 0.696, "size_class": "small (0.1-0.5 ha)", "google_maps": "https://www.google.com/maps?q=29.525387,76.616891" }, "geometry": { "type": "Polygon", "coordinates": [ [ [ 76.616659935935459, 29.525696294247844 ], [ 76.616658501160813, 29.525606077725453 ], [ 76.616555346526027, 29.525607332501487 ], [ 76.616552477179255, 29.525426899443644 ], [ 76.61644932272084, 29.525428154130516 ], [ 76.616447888148699, 29.52533793759509 ], [ 76.616551042515667, 29.525336682912805 ], [ 76.616549607858602, 29.525246466380668 ], [ 76.617065379138097, 29.525240191792246 ], [ 76.61706394403032, 29.525149975281757 ], [ 76.617373406445239, 29.525146209582505 ], [ 76.617374841827356, 29.525236426079253 ], [ 76.617477996044045, 29.525235170681587 ], [ 76.617479431524146, 29.525325387172447 ], [ 76.617066814252411, 29.525330408301453 ], [ 76.617068249373247, 29.525420624809378 ], [ 76.616965094947517, 29.525421879896228 ], [ 76.616967965025921, 29.525602312917382 ], [ 76.616864810410746, 29.525603567933405 ], [ 76.6168662453683, 29.525693784446627 ], [ 76.616659935935459, 29.525696294247844 ] ] ] } },
{ "type": "Feature", "properties": { "pit_id": 56, "latitude": 29.523384, "longitude": 76.836322, "category": "pit", "area_ha": 0.08, "area_m2": 800.0, "prob_max": 1.0, "prob_mean": 0.835, "new_pit": 0, "setting": "outside riverbed", "water_share": 1.0, "buildings_near": 0.004, "compactness": 1.0, "size_class": "tiny (<0.1 ha)", "google_maps": "https://www.google.com/maps?q=29.523384,76.836322" }, "geometry": { "type": "Polygon", "coordinates": [ [ [ 76.836170756532141, 29.523566585633873 ], [ 76.836167497767661, 29.523386173444763 ], [ 76.836270638186733, 29.52338474836175 ], [ 76.836267379269131, 29.523204336177823 ], [ 76.836473659719402, 29.52320148579275 ], [ 76.836476919002607, 29.523381897955844 ], [ 76.836373778598372, 29.523383323198775 ], [ 76.836377037728454, 29.523563735367055 ], [ 76.836170756532141, 29.523566585633873 ] ] ] } },
{ "type": "Feature", "properties": { "pit_id": 57, "latitude": 29.590596, "longitude": 76.846675, "category": "pit", "area_ha": 0.07, "area_m2": 700.0, "prob_max": 1.0, "prob_mean": 0.956, "new_pit": 0, "setting": "outside riverbed", "water_share": 0.286, "buildings_near": -0.0, "compactness": 1.0, "size_class": "tiny (<0.1 ha)", "google_maps": "https://www.google.com/maps?q=29.590596,76.846675" }, "geometry": { "type": "Polygon", "coordinates": [ [ [ 76.846677119314322, 29.590731038031834 ], [ 76.846675476131054, 29.590640833384047 ], [ 76.846572267984598, 29.590642269494495 ], [ 76.846570624900536, 29.590552064840146 ], [ 76.84667383295529, 29.590550628734928 ], [ 76.846672189786986, 29.590460424084515 ], [ 76.846775397742547, 29.590458987904363 ], [ 76.846778684270035, 29.59063939719341 ], [ 76.846881892401541, 29.590637960922599 ], [ 76.846878605690634, 29.590457551644029 ], [ 76.846981813631245, 29.590456115303532 ], [ 76.846985100525572, 29.590636524571618 ], [ 76.846881892401541, 29.590637960922599 ], [ 76.846883535768228, 29.59072816555992 ], [ 76.846677119314322, 29.590731038031834 ] ] ] } },
{ "type": "Feature", "properties": { "pit_id": 58, "latitude": 29.523817, "longitude": 76.83762, "category": "pit", "area_ha": 0.85, "area_m2": 8500.0, "prob_max": 1.0, "prob_mean": 0.814, "new_pit": 0, "setting": "outside riverbed", "water_share": 0.965, "buildings_near": 0.002, "compactness": 0.203, "size_class": "medium (0.5-2 ha)", "google_maps": "https://www.google.com/maps?q=29.523817,76.837620" }, "geometry": { "type": "Polygon", "coordinates": [ [ [ 76.836707648101083, 29.524732138130425 ], [ 76.836702758304995, 29.524461519973894 ], [ 76.836805899783784, 29.524460094428587 ], [ 76.836797749815105, 29.524009064167597 ], [ 76.837107172835843, 29.524004787130067 ], [ 76.837110433349466, 29.524185199207139 ], [ 76.837213574524327, 29.524183773357624 ], [ 76.837216835250459, 29.524364185419035 ], [ 76.837319976600696, 29.524362759479143 ], [ 76.837318346142524, 29.524272553454292 ], [ 76.837421487393954, 29.524271127439651 ], [ 76.83742311794353, 29.524361333459282 ], [ 76.8376294006069, 29.5243584811797 ], [ 76.837624508432029, 29.524087863148125 ], [ 76.837521367378258, 29.524089289312268 ], [ 76.837511583777456, 29.52354805318258 ], [ 76.83740844326465, 29.523549479235498 ], [ 76.837405182306597, 29.523369067171398 ], [ 76.837302041969167, 29.523370493133942 ], [ 76.837300411592679, 29.523280287094721 ], [ 76.837197271339235, 29.523281712972103 ], [ 76.83719564106157, 29.523191506926352 ], [ 76.837298781223609, 29.523190081054175 ], [ 76.837297150861971, 29.523099875012345 ], [ 76.836781450434501, 29.523107003547583 ], [ 76.836779820537274, 29.523016797478395 ], [ 76.836573540497113, 29.523019648322389 ], [ 76.836571910790099, 29.522929442241466 ], [ 76.837087610377822, 29.522922314557874 ], [ 76.837085980221246, 29.522832108501706 ], [ 76.837189120025116, 29.522830682730326 ], [ 76.837190750273095, 29.522920888781297 ], [ 76.837500169914364, 29.522916610971805 ], [ 76.83750180044396, 29.523006817005843 ], [ 76.837604940400936, 29.523005390904224 ], [ 76.83761635495577, 29.523636833069364 ], [ 76.837719495545102, 29.523635406851319 ], [ 76.837727649478367, 29.524086436904025 ], [ 76.837830790517287, 29.524085010579952 ], [ 76.837837314163181, 29.524445834577747 ], [ 76.837940455560286, 29.524444408152878 ], [ 76.837943717610614, 29.524624820133507 ], [ 76.8378405760307, 29.524626246568804 ], [ 76.837838945093225, 29.524536040573921 ], [ 76.837735803597312, 29.524537466924041 ], [ 76.837734172758658, 29.524447260922653 ], [ 76.837631031346703, 29.524448687187597 ], [ 76.837632662093952, 29.524538893194197 ], [ 76.837426379064965, 29.524541745494634 ], [ 76.83742800963681, 29.524631951510354 ], [ 76.837118584763417, 29.524636229376927 ], [ 76.837110433349466, 29.524185199207139 ], [ 76.836904150977446, 29.524188050666286 ], [ 76.836913931599625, 29.524729286928626 ], [ 76.836707648101083, 29.524732138130425 ] ] ] } },
{ "type": "Feature", "properties": { "pit_id": 59, "latitude": 29.833155, "longitude": 77.015364, "category": "pit", "area_ha": 0.23, "area_m2": 2300.0, "prob_max": 1.0, "prob_mean": 0.798, "new_pit": 0, "setting": "outside riverbed", "water_share": 1.0, "buildings_near": -0.0, "compactness": 0.927, "size_class": "small (0.1-0.5 ha)", "google_maps": "https://www.google.com/maps?q=29.833155,77.015364" }, "geometry": { "type": "Polygon", "coordinates": [ [ [ 77.015036766004627, 29.833322989222136 ], [ 77.015029523527289, 29.8329622197219 ], [ 77.015236415490634, 29.832959062307065 ], [ 77.015238226283245, 29.833049254672652 ], [ 77.015445118399285, 29.833046096922626 ], [ 77.015443307421094, 29.832955904568486 ], [ 77.015546753373982, 29.832954325577795 ], [ 77.01554856444497, 29.833044517926201 ], [ 77.01575545651167, 29.833041359690561 ], [ 77.015759079049516, 29.833221744360458 ], [ 77.01565563283468, 29.833223323530198 ], [ 77.015657444023134, 29.83331351586888 ], [ 77.015036766004627, 29.833322989222136 ] ] ] } },
{ "type": "Feature", "properties": { "pit_id": 60, "latitude": 29.68514, "longitude": 76.956734, "category": "likely village pond", "area_ha": 0.93, "area_m2": 9300.0, "prob_max": 1.0, "prob_mean": 0.846, "new_pit": 0, "setting": "outside riverbed", "water_share": 0.849, "buildings_near": 0.163, "compactness": 0.325, "size_class": "medium (0.5-2 ha)", "google_maps": "https://www.google.com/maps?q=29.685140,76.956734" }, "geometry": { "type": "Polygon", "coordinates": [ [ [ 76.957126161797831, 29.686319370109093 ], [ 76.957124413609193, 29.686229172557926 ], [ 76.957021114582176, 29.686230698979148 ], [ 76.957017618413019, 29.686050303861723 ], [ 76.956707721837049, 29.686054882609241 ], [ 76.956709469641282, 29.686145080185277 ], [ 76.956606170674604, 29.686146606279085 ], [ 76.956595684521204, 29.685605420769654 ], [ 76.956492386099328, 29.685606946749648 ], [ 76.956476658234749, 29.684795168346234 ], [ 76.956373360634046, 29.684796694195764 ], [ 76.956357634242195, 29.683984915635239 ], [ 76.956254337462624, 29.683986441354325 ], [ 76.956252590217588, 29.683896243724305 ], [ 76.956459183584585, 29.683893192216814 ], [ 76.95646792081034, 29.684344180298055 ], [ 76.956674515066723, 29.684341128413166 ], [ 76.956676262719938, 29.684431326014337 ], [ 76.95688285712879, 29.684428273796492 ], [ 76.956884604974206, 29.684518471385225 ], [ 76.956987902258817, 29.684516945150058 ], [ 76.957005382071301, 29.68541892090909 ], [ 76.957108680269187, 29.685417394537886 ], [ 76.957110428386287, 29.685507592100958 ], [ 76.956903831798314, 29.68551064477402 ], [ 76.956905579739114, 29.685600842346879 ], [ 76.956802281341083, 29.685602368568269 ], [ 76.956800533492427, 29.685512170989853 ], [ 76.956697235178581, 29.68551369712522 ], [ 76.956702478472039, 29.685784289873173 ], [ 76.956805777062257, 29.685782763721143 ], [ 76.956807524934774, 29.685872961295605 ], [ 76.957117420934139, 29.685868382340026 ], [ 76.957119169090973, 29.685958579896489 ], [ 76.95722246783366, 29.685957053411478 ], [ 76.957229460909005, 29.686317843601845 ], [ 76.957126161797831, 29.686319370109093 ] ], [ [ 76.956695487429968, 29.685423499539912 ], [ 76.956798785651699, 29.685421973410111 ], [ 76.95679703781893, 29.685331775829034 ], [ 76.956693739689328, 29.685333301953293 ], [ 76.956695487429968, 29.685423499539912 ] ], [ [ 76.95679703781893, 29.685331775829034 ], [ 76.956900335940588, 29.685330249624318 ], [ 76.956898588023648, 29.685240052047501 ], [ 76.956795289994105, 29.685241578246657 ], [ 76.95679703781893, 29.685331775829034 ] ], [ [ 76.956473163241142, 29.684614773130949 ], [ 76.956576460649671, 29.684613247212063 ], [ 76.956572965503611, 29.684432852002566 ], [ 76.956469668279325, 29.684434377910346 ], [ 76.956473163241142, 29.684614773130949 ] ] ] } },
{ "type": "Feature", "properties": { "pit_id": 61, "latitude": 29.589674, "longitude": 76.888846, "category": "pit", "area_ha": 0.53, "area_m2": 5300.0, "prob_max": 1.0, "prob_mean": 0.932, "new_pit": 0, "setting": "outside riverbed", "water_share": 0.377, "buildings_near": -0.0, "compactness": 0.578, "size_class": "medium (0.5-2 ha)", "google_maps": "https://www.google.com/maps?q=29.589674,76.888846" }, "geometry": { "type": "Polygon", "coordinates": [ [ [ 76.888264385528458, 29.589875149431766 ], [ 76.888262705412103, 29.589784946915309 ], [ 76.888159500588486, 29.58978641531807 ], [ 76.888157820571465, 29.589696212794941 ], [ 76.888054615831891, 29.589697681112181 ], [ 76.888051256004189, 29.589517276051279 ], [ 76.888257665108924, 29.589514339358058 ], [ 76.88825598502315, 29.589424136836346 ], [ 76.888359189472354, 29.589422668374848 ], [ 76.888360869649816, 29.589512870891195 ], [ 76.888464074183076, 29.589511402344172 ], [ 76.888465754459872, 29.589601604853854 ], [ 76.888568959077162, 29.589600136221314 ], [ 76.888567278708663, 29.589509933717 ], [ 76.889496119094886, 29.589496712464975 ], [ 76.889497800288638, 29.58958691492106 ], [ 76.88960100482943, 29.589585445486883 ], [ 76.88960436742326, 29.589765850384389 ], [ 76.889501162699077, 29.589767319829296 ], [ 76.889502843915778, 29.589857522281445 ], [ 76.888677205113282, 29.589869274997621 ], [ 76.888675524630145, 29.589779072502598 ], [ 76.888469115036429, 29.589782009869275 ], [ 76.888470795336175, 29.58987221237502 ], [ 76.888264385528458, 29.589875149431766 ] ] ] } },
{ "type": "Feature", "properties": { "pit_id": 62, "latitude": 29.691689, "longitude": 76.957024, "category": "pit", "area_ha": 0.26, "area_m2": 2600.0, "prob_max": 1.0, "prob_mean": 0.71, "new_pit": 0, "setting": "outside riverbed", "water_share": 1.0, "buildings_near": 0.03, "compactness": 0.918, "size_class": "small (0.1-0.5 ha)", "google_maps": "https://www.google.com/maps?q=29.691689,76.957024" }, "geometry": { "type": "Polygon", "coordinates": [ [ [ 76.957029703853294, 29.692004866639515 ], [ 76.957024458361545, 29.691734274198687 ], [ 76.956921153698076, 29.691735800797954 ], [ 76.956915908554322, 29.691465208328548 ], [ 76.957019212941333, 29.691463681745955 ], [ 76.957017464483826, 29.691373484259067 ], [ 76.957224073049687, 29.691370430863554 ], [ 76.95722582169148, 29.691460628339314 ], [ 76.957329126054645, 29.691459101515289 ], [ 76.957327377320681, 29.691368904045074 ], [ 76.95743068158373, 29.691367377146104 ], [ 76.957437676935868, 29.691728166996803 ], [ 76.957644286175324, 29.691725112912941 ], [ 76.95764603521755, 29.691815310361196 ], [ 76.957439425793794, 29.691818364456157 ], [ 76.957437676935868, 29.691728166996803 ], [ 76.957231067664608, 29.691731220758712 ], [ 76.95723281633822, 29.691821418229193 ], [ 76.957129511598495, 29.691822944994986 ], [ 76.957131260187907, 29.691913142469708 ], [ 76.95744117465965, 29.691908561914211 ], [ 76.957442923533478, 29.691998759370925 ], [ 76.957029703853294, 29.692004866639515 ] ], [ [ 76.957127763017056, 29.691732747518948 ], [ 76.957231067664608, 29.691731220758712 ], [ 76.957229318998941, 29.691641023286905 ], [ 76.957126014443546, 29.691642550041578 ], [ 76.957127763017056, 29.691732747518948 ] ] ] } },
{ "type": "Feature", "properties": { "pit_id": 63, "latitude": 29.692578, "longitude": 76.957919, "category": "pit", "area_ha": 0.38, "area_m2": 3800.0, "prob_max": 1.0, "prob_mean": 0.736, "new_pit": 0, "setting": "outside riverbed", "water_share": 1.0, "buildings_near": 0.138, "compactness": 0.542, "size_class": "small (0.1-0.5 ha)", "google_maps": "https://www.google.com/maps?q=29.692578,76.957919" }, "geometry": { "type": "Polygon", "coordinates": [ [ [ 76.957672271805251, 29.693168271926183 ], [ 76.957667024344545, 29.692897679637003 ], [ 76.957563718530778, 29.692899206791438 ], [ 76.957560220447718, 29.692718811914233 ], [ 76.957456914810308, 29.692720338977072 ], [ 76.957444672415235, 29.692088956826325 ], [ 76.957547977407557, 29.692087429802413 ], [ 76.957549726389445, 29.692177627250921 ], [ 76.957653031465966, 29.692176100140948 ], [ 76.957661776955419, 29.692627087335904 ], [ 76.957765082484769, 29.692625560117651 ], [ 76.95776333327882, 29.692535362686872 ], [ 76.957866638708055, 29.692533835393704 ], [ 76.957864889417905, 29.692443637967155 ], [ 76.957761584080814, 29.692445165254767 ], [ 76.957759834890766, 29.692354967821334 ], [ 76.957863140135686, 29.692353440539279 ], [ 76.957854393843974, 29.691902453380088 ], [ 76.957957698620177, 29.691900926045349 ], [ 76.957966445372662, 29.692351913176733 ], [ 76.958069750601695, 29.692350385733711 ], [ 76.958074999025101, 29.692620977979988 ], [ 76.95797169351961, 29.692622505439701 ], [ 76.957975192324014, 29.692802900275062 ], [ 76.957768580920558, 29.692805954975253 ], [ 76.957775577887546, 29.693166744674574 ], [ 76.957672271805251, 29.693168271926183 ] ] ] } },
{ "type": "Feature", "properties": { "pit_id": 64, "latitude": 29.528089, "longitude": 76.581782, "category": "pit", "area_ha": 0.11, "area_m2": 1100.0, "prob_max": 1.0, "prob_mean": 0.872, "new_pit": 0, "setting": "outside riverbed", "water_share": 1.0, "buildings_near": 0.0, "compactness": 1.0, "size_class": "small (0.1-0.5 ha)", "google_maps": "https://www.google.com/maps?q=29.528089,76.581782" }, "geometry": { "type": "Polygon", "coordinates": [ [ [ 76.581723804479495, 29.52828231467619 ], [ 76.581722400554966, 29.528192096647167 ], [ 76.581619241533701, 29.528193324410775 ], [ 76.581615030072939, 29.527922670302576 ], [ 76.581924506294342, 29.527918986812097 ], [ 76.581930122685776, 29.52827985889996 ], [ 76.581723804479495, 29.52828231467619 ] ] ] } },
{ "type": "Feature", "properties": { "pit_id": 65, "latitude": 29.589281, "longitude": 76.883234, "category": "pit", "area_ha": 0.08, "area_m2": 800.0, "prob_max": 1.0, "prob_mean": 0.79, "new_pit": 0, "setting": "outside riverbed", "water_share": 1.0, "buildings_near": -0.0, "compactness": 1.0, "size_class": "tiny (<0.1 ha)", "google_maps": "https://www.google.com/maps?q=29.589281,76.883234" }, "geometry": { "type": "Polygon", "coordinates": [ [ [ 76.883094077328721, 29.589407254912125 ], [ 76.883089050894213, 29.589136646532683 ], [ 76.883295459815088, 29.589133717588648 ], [ 76.883297135469022, 29.589223920372422 ], [ 76.883400340009715, 29.589222455774816 ], [ 76.883403691523839, 29.589402861327745 ], [ 76.883094077328721, 29.589407254912125 ] ] ] } },
{ "type": "Feature", "properties": { "pit_id": 66, "latitude": 29.696559, "longitude": 76.75095, "category": "likely village pond", "area_ha": 0.48, "area_m2": 4800.0, "prob_max": 1.0, "prob_mean": 0.759, "new_pit": 0, "setting": "outside riverbed", "water_share": 1.0, "buildings_near": 0.193, "compactness": 0.63, "size_class": "small (0.1-0.5 ha)", "google_maps": "https://www.google.com/maps?q=29.696559,76.750950" }, "geometry": { "type": "Polygon", "coordinates": [ [ [ 76.750958641674373, 29.697055341944253 ], [ 76.75095551213866, 29.696874926038969 ], [ 76.750852190142453, 29.696876292153792 ], [ 76.750842802259413, 29.696335044376813 ], [ 76.750739480809415, 29.696336410381253 ], [ 76.750736351756416, 29.696155994435202 ], [ 76.750839673021986, 29.696154628440709 ], [ 76.750838108413944, 29.696064420470702 ], [ 76.751044750739268, 29.696061688250076 ], [ 76.751046315531767, 29.696151896210129 ], [ 76.751149636775978, 29.696150529974037 ], [ 76.751151201667781, 29.696240737927827 ], [ 76.751254522997101, 29.696239371606232 ], [ 76.751259217991873, 29.696509995444817 ], [ 76.751052574772814, 29.696512728037323 ], [ 76.751054139600868, 29.696602935990846 ], [ 76.75136410469544, 29.696598836966388 ], [ 76.751360974493124, 29.696418421087859 ], [ 76.751464295992648, 29.696417054595248 ], [ 76.751468991583423, 29.69668767839616 ], [ 76.751572313352469, 29.696686311808101 ], [ 76.751573878655861, 29.696776519734158 ], [ 76.751470556794587, 29.696777886327197 ], [ 76.751472122012871, 29.696868094256921 ], [ 76.751368800052262, 29.696869460774401 ], [ 76.751370365185437, 29.696959668707795 ], [ 76.751163721058433, 29.696962401511101 ], [ 76.751165286014285, 29.697052609453131 ], [ 76.750958641674373, 29.697055341944253 ] ] ] } },
{ "type": "Feature", "properties": { "pit_id": 67, "latitude": 29.527347, "longitude": 76.678371, "category": "pit", "area_ha": 0.52, "area_m2": 5200.0, "prob_max": 1.0, "prob_mean": 0.994, "new_pit": 1, "setting": "outside riverbed", "water_share": 1.0, "buildings_near": 0.357, "compactness": 1.0, "size_class": "medium (0.5-2 ha)", "google_maps": "https://www.google.com/maps?q=29.527347,76.678371" }, "geometry": { "type": "Polygon", "coordinates": [ [ [ 76.678288299970546, 29.527729536178942 ], [ 76.678286810393217, 29.527639322485889 ], [ 76.67818365689908, 29.527640625164448 ], [ 76.67818216741999, 29.527550411465342 ], [ 76.678079014010507, 29.52755171405915 ], [ 76.678076035255557, 29.527371286647554 ], [ 76.677972882022218, 29.527372589151852 ], [ 76.677966924959506, 29.527011734294071 ], [ 76.678070077827073, 29.527010431808801 ], [ 76.678068588486894, 29.526920218095889 ], [ 76.678378046774554, 29.526916310174418 ], [ 76.678379536389045, 29.527006523873048 ], [ 76.678482689229469, 29.527005221067821 ], [ 76.678484178942213, 29.527095434760405 ], [ 76.678587331867291, 29.52709413187042 ], [ 76.678590311496023, 29.527274559242194 ], [ 76.678693464597217, 29.527273256262692 ], [ 76.678694954513219, 29.527363469941871 ], [ 76.678798107699066, 29.527362166877619 ], [ 76.678804067796676, 29.527723021562384 ], [ 76.678288299970546, 29.527729536178942 ] ] ] } },
{ "type": "Feature", "properties": { "pit_id": 68, "latitude": 29.825562, "longitude": 77.13668, "category": "pit", "area_ha": 0.03, "area_m2": 300.0, "prob_max": 1.0, "prob_mean": 0.69, "new_pit": 0, "setting": "outside riverbed", "water_share": 1.0, "buildings_near": -0.0, "compactness": 1.0, "size_class": "tiny (<0.1 ha)", "google_maps": "https://www.google.com/maps?q=29.825562,77.136680" }, "geometry": { "type": "Polygon", "coordinates": [ [ [ 77.136561040773302, 29.825638667978044 ], [ 77.136559121589215, 29.825548482459929 ], [ 77.136662551956405, 29.825546809001739 ], [ 77.136660632688304, 29.825456623488364 ], [ 77.136764062954029, 29.825454949955361 ], [ 77.136767901684422, 29.825635320968622 ], [ 77.136561040773302, 29.825638667978044 ] ] ] } },
{ "type": "Feature", "properties": { "pit_id": 69, "latitude": 29.540006, "longitude": 76.931089, "category": "pit", "area_ha": 0.13, "area_m2": 1300.0, "prob_max": 1.0, "prob_mean": 0.766, "new_pit": 0, "setting": "outside riverbed", "water_share": 0.846, "buildings_near": 0.0, "compactness": 1.0, "size_class": "small (0.1-0.5 ha)", "google_maps": "https://www.google.com/maps?q=29.540006,76.931089" }, "geometry": { "type": "Polygon", "coordinates": [ [ [ 76.931090312855389, 29.540266409285085 ], [ 76.931088598106697, 29.540176208351443 ], [ 76.930882294455671, 29.540179207102877 ], [ 76.930880579897689, 29.540089006156972 ], [ 76.931086883365793, 29.540086007416491 ], [ 76.931083453907434, 29.539905605542625 ], [ 76.930980302360197, 29.539907104941914 ], [ 76.930978587734188, 29.539816903997529 ], [ 76.930875436270597, 29.539818403311351 ], [ 76.930872007224906, 29.53963800140771 ], [ 76.930975158505589, 29.539636502104834 ], [ 76.930976873115981, 29.539726703051834 ], [ 76.931080024480309, 29.539725203663505 ], [ 76.931083453907434, 29.539905605542625 ], [ 76.931186605446854, 29.539904106063339 ], [ 76.931188320263587, 29.539994306995453 ], [ 76.931291471886666, 29.5399928074307 ], [ 76.931296616658074, 29.540263410202698 ], [ 76.931090312855389, 29.540266409285085 ] ] ] } },
{ "type": "Feature", "properties": { "pit_id": 70, "latitude": 29.798918, "longitude": 76.708781, "category": "pit", "area_ha": 0.03, "area_m2": 300.0, "prob_max": 1.0, "prob_mean": 0.827, "new_pit": 0, "setting": "outside riverbed", "water_share": 1.0, "buildings_near": 0.0, "compactness": 1.0, "size_class": "tiny (<0.1 ha)", "google_maps": "https://www.google.com/maps?q=29.798918,76.708781" }, "geometry": { "type": "Polygon", "coordinates": [ [ [ 76.708765218217067, 29.799023949498999 ], [ 76.708763684827531, 29.798933740923683 ], [ 76.708660255819623, 29.79893507826991 ], [ 76.708658722529762, 29.798844869688438 ], [ 76.708865580353191, 29.798842194924816 ], [ 76.708868647310695, 29.799022612067027 ], [ 76.708765218217067, 29.799023949498999 ] ] ] } },
{ "type": "Feature", "properties": { "pit_id": 71, "latitude": 29.841278, "longitude": 77.056021, "category": "pit", "area_ha": 1.33, "area_m2": 13300.0, "prob_max": 1.0, "prob_mean": 0.84, "new_pit": 0, "setting": "outside riverbed", "water_share": 0.992, "buildings_near": 0.0, "compactness": 0.714, "size_class": "medium (0.5-2 ha)", "google_maps": "https://www.google.com/maps?q=29.841278,77.056021" }, "geometry": { "type": "Polygon", "coordinates": [ [ [ 77.055982447434829, 29.841894102030061 ], [ 77.055980599386814, 29.841803912073576 ], [ 77.055566789470234, 29.841810355931518 ], [ 77.055564941801947, 29.841720165950317 ], [ 77.055461489394659, 29.841721776706574 ], [ 77.055455946718567, 29.841451206737435 ], [ 77.055559398847365, 29.841449595998721 ], [ 77.055555703586293, 29.841269216024305 ], [ 77.055452251643132, 29.84127082675132 ], [ 77.055450404117991, 29.84118063675627 ], [ 77.055346952259285, 29.841182247396492 ], [ 77.055339562613952, 29.840821487379507 ], [ 77.055546465580363, 29.840818266064854 ], [ 77.055544618004348, 29.840728076068967 ], [ 77.056475680102466, 29.840713576198532 ], [ 77.056477528513909, 29.840803766141804 ], [ 77.056580979909, 29.840802154634488 ], [ 77.05658467694272, 29.840982534505347 ], [ 77.056481225361964, 29.840984146024372 ], [ 77.056484922243584, 29.841164525901572 ], [ 77.056588374009991, 29.841162914370862 ], [ 77.056603162614891, 29.841884433779423 ], [ 77.05618935252842, 29.841890879603667 ], [ 77.056187504294741, 29.841800689658889 ], [ 77.056084051844977, 29.841802300906721 ], [ 77.056085899985817, 29.841892490857347 ], [ 77.055982447434829, 29.841894102030061 ] ], [ [ 77.055564941801947, 29.841720165950317 ], [ 77.055668394200836, 29.841718555113111 ], [ 77.055666546448094, 29.84162836513643 ], [ 77.05556309414203, 29.841629975967781 ], [ 77.055564941801947, 29.841720165950317 ] ] ] } },
{ "type": "Feature", "properties": { "pit_id": 72, "latitude": 29.577561, "longitude": 76.77646, "category": "likely village pond", "area_ha": 0.49, "area_m2": 4900.0, "prob_max": 1.0, "prob_mean": 0.907, "new_pit": 0, "setting": "outside riverbed", "water_share": 0.959, "buildings_near": 0.23, "compactness": 0.875, "size_class": "small (0.1-0.5 ha)", "google_maps": "https://www.google.com/maps?q=29.577561,76.776460" }, "geometry": { "type": "Polygon", "coordinates": [ [ [ 76.776150411976388, 29.577978814714079 ], [ 76.776144093497919, 29.577617981321151 ], [ 76.776040894567842, 29.577619362047219 ], [ 76.776039315057872, 29.577529153690691 ], [ 76.776142513896289, 29.57752777296966 ], [ 76.776139354714573, 29.57734735626277 ], [ 76.776036156059476, 29.577348736973725 ], [ 76.776034576571078, 29.577258528613278 ], [ 76.776756966364061, 29.577248861988924 ], [ 76.776758546494094, 29.577339070314093 ], [ 76.776861745098842, 29.577337689042142 ], [ 76.776863325327724, 29.577427897360955 ], [ 76.776966524016942, 29.577426516003833 ], [ 76.776968104344675, 29.577516724316315 ], [ 76.776864905563798, 29.577518105678479 ], [ 76.776868066057531, 29.577698522309589 ], [ 76.776764867086129, 29.577699903601701 ], [ 76.776766447252143, 29.577790111920343 ], [ 76.776560049104447, 29.577792874274206 ], [ 76.776561629094317, 29.577883082601623 ], [ 76.776355230734538, 29.577885844644996 ], [ 76.776356810548265, 29.577976052981207 ], [ 76.776150411976388, 29.577978814714079 ] ] ] } },
{ "type": "Feature", "properties": { "pit_id": 73, "latitude": 29.754868, "longitude": 76.851622, "category": "pit", "area_ha": 0.07, "area_m2": 700.0, "prob_max": 1.0, "prob_mean": 0.909, "new_pit": 0, "setting": "outside riverbed", "water_share": 0.714, "buildings_near": -0.0, "compactness": 1.0, "size_class": "tiny (<0.1 ha)", "google_maps": "https://www.google.com/maps?q=29.754868,76.851622" }, "geometry": { "type": "Polygon", "coordinates": [ [ [ 76.851439180832628, 29.754966937332643 ], [ 76.85143586399866, 29.754786532993766 ], [ 76.85184936639898, 29.754780744053384 ], [ 76.851851025182071, 29.754870946202445 ], [ 76.851747649500837, 29.754872393563861 ], [ 76.85174930819899, 29.754962595716858 ], [ 76.851439180832628, 29.754966937332643 ] ] ] } },
{ "type": "Feature", "properties": { "pit_id": 74, "latitude": 29.560408, "longitude": 76.885279, "category": "pit", "area_ha": 0.34, "area_m2": 3400.0, "prob_max": 1.0, "prob_mean": 0.953, "new_pit": 0, "setting": "outside riverbed", "water_share": 0.618, "buildings_near": 0.135, "compactness": 1.0, "size_class": "small (0.1-0.5 ha)", "google_maps": "https://www.google.com/maps?q=29.560408,76.885279" }, "geometry": { "type": "Polygon", "coordinates": [ [ [ 76.884934693963672, 29.560689037449823 ], [ 76.884931343634989, 29.560508631275841 ], [ 76.884828168384217, 29.56051009577612 ], [ 76.88482649332289, 29.560419892681807 ], [ 76.884929668482087, 29.560418428186878 ], [ 76.884927993336817, 29.560328225096608 ], [ 76.885031168396836, 29.560326760526944 ], [ 76.885029493167622, 29.560236557440703 ], [ 76.885235843081659, 29.560233628071874 ], [ 76.88523416767697, 29.560143424995001 ], [ 76.885646867047285, 29.560137565317902 ], [ 76.885653570176785, 29.5604983775319 ], [ 76.885550394979418, 29.56049984259268 ], [ 76.885552070689315, 29.56059004564824 ], [ 76.88524254477673, 29.560594440366174 ], [ 76.885244220219576, 29.560684643436485 ], [ 76.884934693963672, 29.560689037449823 ] ] ] } },
{ "type": "Feature", "properties": { "pit_id": 75, "latitude": 29.729594, "longitude": 77.128491, "category": "pit", "area_ha": 0.26, "area_m2": 2600.0, "prob_max": 1.0, "prob_mean": 0.848, "new_pit": 0, "setting": "Yamuna riverbed", "water_share": 0.077, "buildings_near": 0.0, "compactness": 0.708, "size_class": "small (0.1-0.5 ha)", "google_maps": "https://www.google.com/maps?q=29.729594,77.128491" }, "geometry": { "type": "Polygon", "coordinates": [ [ [ 77.12812496535976, 29.730144463353376 ], [ 77.128123061117734, 29.730054276036459 ], [ 77.128226393959523, 29.730052614006809 ], [ 77.128222585316863, 29.729872239381042 ], [ 77.128325917965398, 29.729870577282902 ], [ 77.128322109172771, 29.729690202663853 ], [ 77.128425441628082, 29.729688540497236 ], [ 77.128421632685502, 29.729508165884919 ], [ 77.128318300414762, 29.729509828039447 ], [ 77.128312587342663, 29.729239266092769 ], [ 77.128519251321748, 29.729235941739411 ], [ 77.12852115585504, 29.729326129044221 ], [ 77.128831152035616, 29.729321141891734 ], [ 77.128834961681889, 29.729501516461045 ], [ 77.128731629445767, 29.729503178937883 ], [ 77.128733534189607, 29.729593366226567 ], [ 77.128630201852559, 29.729595028628882 ], [ 77.128634011181617, 29.729775403214333 ], [ 77.128530678651316, 29.729777065548163 ], [ 77.128532583236534, 29.729867252844915 ], [ 77.128429250605294, 29.729868915104202 ], [ 77.128431155106895, 29.729959102405662 ], [ 77.1283278223747, 29.72996076459042 ], [ 77.128329726792657, 29.730050951896597 ], [ 77.128226393959523, 29.730052614006809 ], [ 77.128228298293848, 29.730142801317683 ], [ 77.12812496535976, 29.730144463353376 ] ] ] } },
{ "type": "Feature", "properties": { "pit_id": 76, "latitude": 29.576944, "longitude": 76.782687, "category": "pit", "area_ha": 0.16, "area_m2": 1600.0, "prob_max": 1.0, "prob_mean": 0.866, "new_pit": 0, "setting": "outside riverbed", "water_share": 0.938, "buildings_near": 0.091, "compactness": 1.0, "size_class": "small (0.1-0.5 ha)", "google_maps": "https://www.google.com/maps?q=29.576944,76.782687" }, "geometry": { "type": "Polygon", "coordinates": [ [ [ 76.782639270117116, 29.577170001870591 ], [ 76.78263134345228, 29.576718961664241 ], [ 76.782528145800939, 29.576720347393742 ], [ 76.782526560581289, 29.576630139343504 ], [ 76.782423363014402, 29.5766315249878 ], [ 76.782421777893603, 29.576541316931202 ], [ 76.782112185424623, 29.57654547336811 ], [ 76.782110600586009, 29.576455265295042 ], [ 76.782316995389237, 29.576452494427354 ], [ 76.782315410374522, 29.576362286363082 ], [ 76.782625002250299, 29.576358129475679 ], [ 76.78263134345228, 29.576718961664241 ], [ 76.782734541096389, 29.576717575854609 ], [ 76.78274246821951, 29.57716861603566 ], [ 76.782639270117116, 29.577170001870591 ] ] ] } },
{ "type": "Feature", "properties": { "pit_id": 77, "latitude": 29.576189, "longitude": 76.796276, "category": "pit", "area_ha": 2.19, "area_m2": 21900.0, "prob_max": 1.0, "prob_mean": 0.953, "new_pit": 0, "setting": "outside riverbed", "water_share": 0.945, "buildings_near": 0.079, "compactness": 0.77, "size_class": "large (>2 ha)", "google_maps": "https://www.google.com/maps?q=29.576189,76.796276" }, "geometry": { "type": "Polygon", "coordinates": [ [ [ 76.795437376367133, 29.577087754605422 ], [ 76.795427796155622, 29.576546510137938 ], [ 76.795530992901647, 29.576545114391251 ], [ 76.795518218960112, 29.575823455068949 ], [ 76.795621414965652, 29.575822059282892 ], [ 76.795619818164013, 29.575731851866824 ], [ 76.795723014070632, 29.575730456005715 ], [ 76.795721417184623, 29.57564024859343 ], [ 76.795824612992334, 29.575638852657292 ], [ 76.795823016021941, 29.575548645248812 ], [ 76.796751777139264, 29.575536078263411 ], [ 76.796750179351292, 29.575445870899486 ], [ 76.796853374902994, 29.575444474172205 ], [ 76.796854972782597, 29.575534681531025 ], [ 76.797164559668971, 29.575530490853112 ], [ 76.797166157830787, 29.57562069819534 ], [ 76.797269353536677, 29.575619301137333 ], [ 76.797282139826351, 29.576340959787402 ], [ 76.796869354026342, 29.576346547701768 ], [ 76.796870951978676, 29.576436755047553 ], [ 76.796767755418827, 29.576438151830892 ], [ 76.796769353286791, 29.576528359180475 ], [ 76.796459763288667, 29.576532549065007 ], [ 76.796461360888955, 29.576622756428559 ], [ 76.796358164116725, 29.576624152901566 ], [ 76.796361359155782, 29.576804567634962 ], [ 76.79625816219297, 29.576805964038023 ], [ 76.796259759631738, 29.576896171407849 ], [ 76.796156562570005, 29.576897567735873 ], [ 76.796158159924417, 29.57698777510949 ], [ 76.795848568420581, 29.576991963628011 ], [ 76.795850165507289, 29.577082171015615 ], [ 76.795437376367133, 29.577087754605422 ] ] ] } },
{ "type": "Feature", "properties": { "pit_id": 78, "latitude": 29.559661, "longitude": 76.885625, "category": "pit", "area_ha": 0.32, "area_m2": 3200.0, "prob_max": 1.0, "prob_mean": 0.966, "new_pit": 1, "setting": "outside riverbed", "water_share": 0.875, "buildings_near": 0.125, "compactness": 1.0, "size_class": "small (0.1-0.5 ha)", "google_maps": "https://www.google.com/maps?q=29.559661,76.885625" }, "geometry": { "type": "Polygon", "coordinates": [ [ [ 76.885333991561367, 29.559961554048883 ], [ 76.885330640622243, 29.559781147896683 ], [ 76.885433815102417, 29.559779683038816 ], [ 76.885432139552734, 29.559689479966107 ], [ 76.885328965164121, 29.559690944818609 ], [ 76.885325614270769, 29.559510538658515 ], [ 76.885428788476261, 29.559509073816709 ], [ 76.885427112949472, 29.559418870740057 ], [ 76.885530287055786, 29.559417405823528 ], [ 76.885528611445068, 29.5593272027509 ], [ 76.885734959451682, 29.55932427268834 ], [ 76.885736635245522, 29.55941447575027 ], [ 76.885839809328942, 29.559413010593545 ], [ 76.885841485221945, 29.559503213648814 ], [ 76.885944659389295, 29.559501748406678 ], [ 76.885949687388788, 29.559772357548557 ], [ 76.88584651294677, 29.559773822806747 ], [ 76.885848188870298, 29.559864025856768 ], [ 76.885745014329089, 29.559865491040238 ], [ 76.885746690168702, 29.559955694094292 ], [ 76.885333991561367, 29.559961554048883 ] ] ] } },
{ "type": "Feature", "properties": { "pit_id": 79, "latitude": 29.560077, "longitude": 76.798634, "category": "pit", "area_ha": 0.31, "area_m2": 3100.0, "prob_max": 1.0, "prob_mean": 0.966, "new_pit": 0, "setting": "outside riverbed", "water_share": 0.968, "buildings_near": 0.0, "compactness": 1.0, "size_class": "small (0.1-0.5 ha)", "google_maps": "https://www.google.com/maps?q=29.560077,76.798634" }, "geometry": { "type": "Polygon", "coordinates": [ [ [ 76.798235915950798, 29.560267274537743 ], [ 76.798229523530665, 29.559906444538885 ], [ 76.79905496069351, 29.55989526460036 ], [ 76.799059757195522, 29.560165886979014 ], [ 76.798956577300913, 29.560167284766923 ], [ 76.798958176057894, 29.56025749222897 ], [ 76.798235915950798, 29.560267274537743 ] ] ] } },
{ "type": "Feature", "properties": { "pit_id": 80, "latitude": 29.720678, "longitude": 77.132387, "category": "pit", "area_ha": 0.03, "area_m2": 300.0, "prob_max": 1.0, "prob_mean": 0.99, "new_pit": 1, "setting": "Yamuna riverbed", "water_share": 0.667, "buildings_near": -0.0, "compactness": 1.0, "size_class": "tiny (<0.1 ha)", "google_maps": "https://www.google.com/maps?q=29.720678,77.132387" }, "geometry": { "type": "Polygon", "coordinates": [ [ [ 77.132371773570355, 29.720783649168499 ], [ 77.13236986625293, 29.720693461973646 ], [ 77.132266543278718, 29.720695126763736 ], [ 77.132264636062217, 29.720604939561493 ], [ 77.132471281817502, 29.720601609912865 ], [ 77.132475096628156, 29.720781984291797 ], [ 77.132371773570355, 29.720783649168499 ] ] ] } },
{ "type": "Feature", "properties": { "pit_id": 81, "latitude": 29.55199, "longitude": 77.106034, "category": "pit", "area_ha": 4.68, "area_m2": 46800.0, "prob_max": 1.0, "prob_mean": 0.937, "new_pit": 1, "setting": "Yamuna riverbed", "water_share": 0.974, "buildings_near": 0.0, "compactness": 0.282, "size_class": "large (>2 ha)", "google_maps": "https://www.google.com/maps?q=29.551990,77.106034" }, "geometry": { "type": "Polygon", "coordinates": [ [ [ 77.105668939678296, 29.555297195635998 ], [ 77.105667068833043, 29.555207004629192 ], [ 77.106079692607324, 29.555200461156893 ], [ 77.106072207847674, 29.554839697211872 ], [ 77.10596905228283, 29.554841333176086 ], [ 77.105967181205685, 29.554751142180535 ], [ 77.106070336679068, 29.554749506222294 ], [ 77.106060980963747, 29.554298551254373 ], [ 77.105854670923335, 29.554301823031107 ], [ 77.105830349438548, 29.553129339803242 ], [ 77.105933503273775, 29.553127704032512 ], [ 77.105931632358477, 29.553037513011617 ], [ 77.105828478614725, 29.553039148776381 ], [ 77.105824736992616, 29.552858766718661 ], [ 77.105721583423289, 29.552860402391474 ], [ 77.105719712716493, 29.552770211354638 ], [ 77.105616559230143, 29.552771846941468 ], [ 77.10559972407539, 29.551960127496244 ], [ 77.105496571403791, 29.55196176294934 ], [ 77.105492830534899, 29.551781380823797 ], [ 77.105595983023548, 29.551779745382646 ], [ 77.105590371509663, 29.551509172202248 ], [ 77.105487219295426, 29.551510807625487 ], [ 77.105485348899293, 29.551420616556705 ], [ 77.105588501022083, 29.551418981139438 ], [ 77.105582889610361, 29.55114840794305 ], [ 77.105479737761996, 29.551150043342403 ], [ 77.105475997046369, 29.550969661192863 ], [ 77.105372845372415, 29.550971296500276 ], [ 77.105361623978681, 29.550430149983828 ], [ 77.105258472844994, 29.550431785175416 ], [ 77.105256602733988, 29.550341594078709 ], [ 77.105153451683265, 29.550343229184335 ], [ 77.105147841675645, 29.550072655868298 ], [ 77.105250992451985, 29.550071020780589 ], [ 77.105247252306555, 29.549890638575171 ], [ 77.105350402891446, 29.549889003419402 ], [ 77.105344792462759, 29.549618430119192 ], [ 77.105551093058224, 29.549615159603476 ], [ 77.10555296337553, 29.549705350692939 ], [ 77.105656113751948, 29.549703715309118 ], [ 77.105657984169227, 29.549793906391283 ], [ 77.105761134628608, 29.549792270921486 ], [ 77.10576300514586, 29.549882461996347 ], [ 77.105866155688176, 29.549880826440585 ], [ 77.105868026305416, 29.549971017508138 ], [ 77.10597117693068, 29.549969381866408 ], [ 77.105973047647893, 29.55005957292666 ], [ 77.106076198356106, 29.550057937198961 ], [ 77.106078069173293, 29.550148128251891 ], [ 77.106181219964455, 29.550146492438227 ], [ 77.106183090881629, 29.55023668348386 ], [ 77.106286241755726, 29.550235047584216 ], [ 77.106288112772887, 29.550325238622548 ], [ 77.106391263729932, 29.550323602636947 ], [ 77.106393134847067, 29.550413793667961 ], [ 77.106496285887062, 29.550412157596384 ], [ 77.106498157104184, 29.550502348620089 ], [ 77.106601308227113, 29.550500712462537 ], [ 77.106603179544223, 29.550590903478945 ], [ 77.106706330750114, 29.550589267235416 ], [ 77.106717559380414, 29.551130413270037 ], [ 77.106614407625727, 29.551132049549413 ], [ 77.106623764594588, 29.551583004571476 ], [ 77.106520612374041, 29.551584640800705 ], [ 77.106531840468989, 29.552125786819026 ], [ 77.106428687691093, 29.552127423004098 ], [ 77.106430558978587, 29.552217614008455 ], [ 77.106533711847959, 29.552215977817404 ], [ 77.106554297578938, 29.55320807871167 ], [ 77.106451143703353, 29.553209714968418 ], [ 77.106475472434312, 29.5543821977131 ], [ 77.106372317360936, 29.554383833967496 ], [ 77.106383545942705, 29.554924979809503 ], [ 77.106280390311923, 29.554926616019735 ], [ 77.106284133057699, 29.555106997968341 ], [ 77.106180977235425, 29.555108634110496 ], [ 77.106182848529585, 29.555198825088777 ], [ 77.106079692607324, 29.555200461156893 ], [ 77.106081563818535, 29.555290652139803 ], [ 77.105668939678296, 29.555297195635998 ] ], [ [ 77.106173492143895, 29.554747870184041 ], [ 77.106276647600225, 29.554746234065771 ], [ 77.106274776257166, 29.554656043086805 ], [ 77.106171620892326, 29.554657679199099 ], [ 77.106173492143895, 29.554747870184041 ] ], [ [ 77.105717842018208, 29.55268002031648 ], [ 77.105820995404571, 29.552678384655614 ], [ 77.105819124623324, 29.552588193622078 ], [ 77.105715971328436, 29.552589829276972 ], [ 77.105717842018208, 29.55268002031648 ] ] ] } },
{ "type": "Feature", "properties": { "pit_id": 82, "latitude": 29.76052, "longitude": 76.819208, "category": "pit", "area_ha": 0.35, "area_m2": 3500.0, "prob_max": 1.0, "prob_mean": 0.881, "new_pit": 0, "setting": "outside riverbed", "water_share": 1.0, "buildings_near": -0.0, "compactness": 0.617, "size_class": "small (0.1-0.5 ha)", "google_maps": "https://www.google.com/maps?q=29.760520,76.819208" }, "geometry": { "type": "Polygon", "coordinates": [ [ [ 76.818973203088063, 29.76083099095716 ], [ 76.818971573352272, 29.760740787224368 ], [ 76.818868189738126, 29.760742209149416 ], [ 76.818864930473779, 29.760561801669574 ], [ 76.818968313902943, 29.760560379754871 ], [ 76.818961795093145, 29.760199564800107 ], [ 76.819478710277778, 29.760192454119039 ], [ 76.81949012151027, 29.760823880095138 ], [ 76.818973203088063, 29.76083099095716 ] ], [ [ 76.819071697324688, 29.760558957759439 ], [ 76.819175080739029, 29.760557535683269 ], [ 76.819173450840466, 29.760467331956892 ], [ 76.819070067518624, 29.76046875402789 ], [ 76.819071697324688, 29.760558957759439 ] ], [ [ 76.819278464145967, 29.760556113526373 ], [ 76.819381847545486, 29.760554691288753 ], [ 76.819380217461912, 29.760464487572712 ], [ 76.819276834154891, 29.760465909805159 ], [ 76.819278464145967, 29.760556113526373 ] ] ] } },
{ "type": "Feature", "properties": { "pit_id": 83, "latitude": 29.757421, "longitude": 77.07, "category": "pit", "area_ha": 0.18, "area_m2": 1800.0, "prob_max": 1.0, "prob_mean": 0.817, "new_pit": 0, "setting": "outside riverbed", "water_share": 1.0, "buildings_near": 0.002, "compactness": 1.0, "size_class": "small (0.1-0.5 ha)", "google_maps": "https://www.google.com/maps?q=29.757421,77.070000" }, "geometry": { "type": "Polygon", "coordinates": [ [ [ 77.069768541841881, 29.757594722195787 ], [ 77.069761125468318, 29.757233960898748 ], [ 77.070174583765962, 29.757227489187468 ], [ 77.070178292675351, 29.757407869791603 ], [ 77.070281657413545, 29.757406251650323 ], [ 77.070285366541526, 29.757586632237356 ], [ 77.069768541841881, 29.757594722195787 ] ] ] } },
{ "type": "Feature", "properties": { "pit_id": 84, "latitude": 29.760379, "longitude": 76.846369, "category": "pit", "area_ha": 1.41, "area_m2": 14100.0, "prob_max": 1.0, "prob_mean": 0.812, "new_pit": 0, "setting": "outside riverbed", "water_share": 0.887, "buildings_near": 0.071, "compactness": 0.229, "size_class": "medium (0.5-2 ha)", "google_maps": "https://www.google.com/maps?q=29.760379,76.846369" }, "geometry": { "type": "Polygon", "coordinates": [ [ [ 76.845970981285873, 29.761268928253568 ], [ 76.845969327339944, 29.761178725891806 ], [ 76.845762562333888, 29.761181611895747 ], [ 76.845760908580473, 29.761091409522184 ], [ 76.845967673401532, 29.761088523528734 ], [ 76.845966019470652, 29.76099832116434 ], [ 76.846482930929255, 29.760991104794218 ], [ 76.846481276543386, 29.760900902454743 ], [ 76.846377894359193, 29.760902345884976 ], [ 76.84637624007334, 29.760812143538953 ], [ 76.846479622165035, 29.760810700113968 ], [ 76.846477967794215, 29.76072049777186 ], [ 76.846581349785879, 29.760719054271394 ], [ 76.846578040881781, 29.760538649593748 ], [ 76.846474659075099, 29.760540093083719 ], [ 76.846476313430884, 29.760630295428445 ], [ 76.846166167688253, 29.760634625429745 ], [ 76.846164513609949, 29.76054442306928 ], [ 76.846267895439183, 29.760542979821491 ], [ 76.846266241275913, 29.760452777464952 ], [ 76.84605947779491, 29.760455663869308 ], [ 76.84605782382414, 29.760365461500957 ], [ 76.846161205475894, 29.760364018344386 ], [ 76.846159551420143, 29.760273815979971 ], [ 76.846262932971896, 29.760272372747931 ], [ 76.846259624697936, 29.760091968025648 ], [ 76.846363006057189, 29.760090524723363 ], [ 76.846366314516118, 29.760270929435148 ], [ 76.846469696052822, 29.760269486041651 ], [ 76.846471350386068, 29.760359688390313 ], [ 76.846574732007738, 29.760358244910844 ], [ 76.846571423163795, 29.760177840222678 ], [ 76.846468041727107, 29.760179283691649 ], [ 76.846464733098216, 29.759998878987748 ], [ 76.846154589297996, 29.760003208878857 ], [ 76.846156243331194, 29.760093411247201 ], [ 76.84605286195692, 29.760094854388043 ], [ 76.84605120801622, 29.760004652014437 ], [ 76.845947826726928, 29.760006095069304 ], [ 76.845946172886229, 29.75991589268914 ], [ 76.845636029250741, 29.759920221353642 ], [ 76.845640989962931, 29.760190828537397 ], [ 76.845537608458585, 29.760192271279859 ], [ 76.845539261951842, 29.760282473677051 ], [ 76.84533249873563, 29.760285358930286 ], [ 76.845334152051407, 29.760375561336655 ], [ 76.845230770339526, 29.760377003847424 ], [ 76.845227463900457, 29.760196599022876 ], [ 76.845124082366056, 29.760198041442429 ], [ 76.845117469948079, 29.759837231756574 ], [ 76.845220851112501, 29.759835789357989 ], [ 76.845219197934284, 29.759745586938482 ], [ 76.845425960055607, 29.759742701909644 ], [ 76.845427613418792, 29.759832904318657 ], [ 76.846461424499395, 29.75981847427855 ], [ 76.846459770211268, 29.759728271922 ], [ 76.846666532152199, 29.759725384955797 ], [ 76.846668186625308, 29.759815587301858 ], [ 76.846874948721165, 29.75981270000225 ], [ 76.846878258059931, 29.759993104669459 ], [ 76.846981639281552, 29.759991660888069 ], [ 76.846986603623591, 29.760262267863254 ], [ 76.847089985115176, 29.760260823985401 ], [ 76.847091640003384, 29.760351026302583 ], [ 76.84719502157995, 29.760349582338762 ], [ 76.847203296596319, 29.760800593878713 ], [ 76.847099914557276, 29.760802037868782 ], [ 76.847101569490604, 29.760892240178077 ], [ 76.846998187351531, 29.760893684092665 ], [ 76.846999842199892, 29.76098388640591 ], [ 76.846793077714196, 29.760986774003413 ], [ 76.846794732385078, 29.761076976325832 ], [ 76.8465879676843, 29.76107986361092 ], [ 76.846586313198415, 29.760989661278007 ], [ 76.846482930929255, 29.760991104794218 ], [ 76.846486239723546, 29.761171509469211 ], [ 76.846072709831702, 29.761177282768752 ], [ 76.84607436387013, 29.761267485125256 ], [ 76.845970981285873, 29.761268928253568 ] ], [ [ 76.845434226946722, 29.76019371394159 ], [ 76.845537608458585, 29.760192271279859 ], [ 76.84553430149461, 29.760011866481513 ], [ 76.845430920167743, 29.760013309132759 ], [ 76.845434226946722, 29.76019371394159 ] ] ] } },
{ "type": "Feature", "properties": { "pit_id": 85, "latitude": 29.577579, "longitude": 76.78244, "category": "pit", "area_ha": 0.27, "area_m2": 2700.0, "prob_max": 1.0, "prob_mean": 0.9, "new_pit": 0, "setting": "outside riverbed", "water_share": 0.889, "buildings_near": 0.069, "compactness": 0.525, "size_class": "small (0.1-0.5 ha)", "google_maps": "https://www.google.com/maps?q=29.577579,76.782440" }, "geometry": { "type": "Polygon", "coordinates": [ [ [ 76.782035929722511, 29.578080395815508 ], [ 76.782034344852917, 29.577990187759543 ], [ 76.781931145875063, 29.57799157307899 ], [ 76.781927976340839, 29.57781115695304 ], [ 76.7818247775391, 29.577812542182222 ], [ 76.78181843892385, 29.577451709894465 ], [ 76.781715240481546, 29.577453095023291 ], [ 76.78170890234837, 29.577092262694443 ], [ 76.781812100424034, 29.577090877585828 ], [ 76.781816854288081, 29.577361501819251 ], [ 76.78192005263152, 29.577360116615342 ], [ 76.781924806835477, 29.577630740821874 ], [ 76.782028005446676, 29.577629355522649 ], [ 76.782031175135373, 29.577809771643707 ], [ 76.782134373922673, 29.577808386254233 ], [ 76.782132788983063, 29.577718178199415 ], [ 76.782235987671498, 29.577716792734858 ], [ 76.782234402647447, 29.577626584683784 ], [ 76.782337601237003, 29.577625199144144 ], [ 76.782336016128497, 29.577534991096822 ], [ 76.782439214619188, 29.577533605482103 ], [ 76.782436044240498, 29.577353189393669 ], [ 76.782539242540651, 29.577351803708904 ], [ 76.782537657270467, 29.577261595667792 ], [ 76.78264085547174, 29.577260209907955 ], [ 76.782644026202632, 29.577440625978756 ], [ 76.782540827818039, 29.577442011748719 ], [ 76.782543998394473, 29.577622427824423 ], [ 76.782440799819341, 29.577623813524351 ], [ 76.782442385026727, 29.577714021565303 ], [ 76.782339186352729, 29.577715407190155 ], [ 76.78234077147566, 29.577805615234851 ], [ 76.782237572702769, 29.577807000784613 ], [ 76.782239157741273, 29.577897208833075 ], [ 76.782135958869503, 29.577898594307751 ], [ 76.782139128784806, 29.578079010410871 ], [ 76.782035929722511, 29.578080395815508 ] ] ] } },
{ "type": "Feature", "properties": { "pit_id": 86, "latitude": 29.573927, "longitude": 77.095948, "category": "pit", "area_ha": 0.07, "area_m2": 700.0, "prob_max": 1.0, "prob_mean": 0.896, "new_pit": 0, "setting": "Yamuna riverbed", "water_share": 0.429, "buildings_near": 0.0, "compactness": 1.0, "size_class": "tiny (<0.1 ha)", "google_maps": "https://www.google.com/maps?q=29.573927,77.095948" }, "geometry": { "type": "Polygon", "coordinates": [ [ [ 77.095945197285076, 29.574126741936219 ], [ 77.095943333650553, 29.574036550621464 ], [ 77.095840157905769, 29.574038179678205 ], [ 77.095834567327856, 29.573767605708149 ], [ 77.09604091825949, 29.573764347550281 ], [ 77.096048373112936, 29.574125112793453 ], [ 77.095945197285076, 29.574126741936219 ] ] ] } },
{ "type": "Feature", "properties": { "pit_id": 87, "latitude": 29.73495, "longitude": 76.850697, "category": "pit", "area_ha": 0.17, "area_m2": 1700.0, "prob_max": 1.0, "prob_mean": 0.954, "new_pit": 0, "setting": "outside riverbed", "water_share": 1.0, "buildings_near": -0.0, "compactness": 1.0, "size_class": "small (0.1-0.5 ha)", "google_maps": "https://www.google.com/maps?q=29.734950,76.850697" }, "geometry": { "type": "Polygon", "coordinates": [ [ [ 76.850559388668799, 29.735219859639347 ], [ 76.850549450928369, 29.734678644721818 ], [ 76.850652805967258, 29.734677199184034 ], [ 76.850651149611167, 29.734586996698429 ], [ 76.850754504550167, 29.734585551085271 ], [ 76.850759473918174, 29.734856158522355 ], [ 76.850862829126754, 29.734854712812776 ], [ 76.850869455425695, 29.735215522689444 ], [ 76.850559388668799, 29.735219859639347 ] ] ] } },
{ "type": "Feature", "properties": { "pit_id": 88, "latitude": 29.754287, "longitude": 76.851643, "category": "pit", "area_ha": 0.17, "area_m2": 1700.0, "prob_max": 1.0, "prob_mean": 0.971, "new_pit": 0, "setting": "outside riverbed", "water_share": 0.882, "buildings_near": -0.0, "compactness": 1.0, "size_class": "small (0.1-0.5 ha)", "google_maps": "https://www.google.com/maps?q=29.754287,76.851643" }, "geometry": { "type": "Polygon", "coordinates": [ [ [ 76.851430888804245, 29.754515926475591 ], [ 76.851427572045637, 29.754335522123561 ], [ 76.851530947194689, 29.754334075035832 ], [ 76.851529288734227, 29.754243872863103 ], [ 76.851322538613545, 29.754246766947336 ], [ 76.85132088034554, 29.75415656476277 ], [ 76.851527630281311, 29.754153670689064 ], [ 76.851525971835926, 29.754063468513703 ], [ 76.851629346700037, 29.754062021361058 ], [ 76.851631005237891, 29.75415222353115 ], [ 76.851941130062386, 29.7541478815732 ], [ 76.85194444771551, 29.754328285877868 ], [ 76.851841072596613, 29.754329733288408 ], [ 76.851842731342003, 29.754419935444044 ], [ 76.851635980896674, 29.754422830033544 ], [ 76.85163763946467, 29.754513032198378 ], [ 76.851430888804245, 29.754515926475591 ] ] ] } },
{ "type": "Feature", "properties": { "pit_id": 89, "latitude": 29.74773, "longitude": 77.089153, "category": "pit", "area_ha": 0.99, "area_m2": 9900.0, "prob_max": 1.0, "prob_mean": 0.89, "new_pit": 0, "setting": "outside riverbed", "water_share": 0.919, "buildings_near": 0.043, "compactness": 0.673, "size_class": "medium (0.5-2 ha)", "google_maps": "https://www.google.com/maps?q=29.747730,77.089153" }, "geometry": { "type": "Polygon", "coordinates": [ [ [ 77.089013898945197, 29.74827022417896 ], [ 77.089012028312482, 29.74818003483372 ], [ 77.088805320222363, 29.748183299387836 ], [ 77.088803449782915, 29.748093110029398 ], [ 77.088700095817487, 29.748094742179557 ], [ 77.088690744209671, 29.747643795337588 ], [ 77.088070623010154, 29.747653586367029 ], [ 77.088068753268388, 29.74756339695902 ], [ 77.088482167065862, 29.747556869952369 ], [ 77.088480296963056, 29.747466680566745 ], [ 77.088790356944784, 29.747461784482805 ], [ 77.088788486573335, 29.74737159511367 ], [ 77.089305252577617, 29.7473634333906 ], [ 77.089303381752771, 29.747273244049794 ], [ 77.089510087910213, 29.747269978807939 ], [ 77.089508216909095, 29.747179789477673 ], [ 77.089611569882678, 29.747178156741718 ], [ 77.08961344097618, 29.747268346066054 ], [ 77.089716794033649, 29.747266713243526 ], [ 77.089720536430903, 29.747447091876314 ], [ 77.089823889664629, 29.747445458961273 ], [ 77.089825760968409, 29.747535648269725 ], [ 77.089722407642299, 29.747537281190716 ], [ 77.089724278862178, 29.747627470503755 ], [ 77.089620925435199, 29.747629103350029 ], [ 77.089624667715711, 29.747809481983992 ], [ 77.089728021327488, 29.747807849125845 ], [ 77.089733635089203, 29.748078417048962 ], [ 77.089630281200286, 29.748080049924923 ], [ 77.089628410030258, 29.747989860612609 ], [ 77.089525056225227, 29.747991493401983 ], [ 77.08952692730287, 29.74808168272023 ], [ 77.089423573396957, 29.748083315434904 ], [ 77.089425444390713, 29.748173504757741 ], [ 77.089322090383916, 29.748175137397709 ], [ 77.089323961293786, 29.748265326725136 ], [ 77.089013898945197, 29.74827022417896 ] ] ] } },
{ "type": "Feature", "properties": { "pit_id": 90, "latitude": 29.747861, "longitude": 77.08584, "category": "pit", "area_ha": 0.17, "area_m2": 1700.0, "prob_max": 1.0, "prob_mean": 0.869, "new_pit": 1, "setting": "outside riverbed", "water_share": 0.706, "buildings_near": 0.022, "compactness": 1.0, "size_class": "small (0.1-0.5 ha)", "google_maps": "https://www.google.com/maps?q=29.747861,77.085840" }, "geometry": { "type": "Polygon", "coordinates": [ [ [ 77.0857009594651, 29.74805184991607 ], [ 77.085699091814192, 29.747961660377058 ], [ 77.085595737778746, 29.747963290096013 ], [ 77.085590135154121, 29.747692721453181 ], [ 77.086003550136425, 29.747686202164559 ], [ 77.086005418039008, 29.747776391689811 ], [ 77.086108771855749, 29.747774761660111 ], [ 77.086112507871178, 29.747955140694749 ], [ 77.086009153869654, 29.747956770736302 ], [ 77.086011021797717, 29.748046960257525 ], [ 77.0857009594651, 29.74805184991607 ] ] ] } },
{ "type": "Feature", "properties": { "pit_id": 91, "latitude": 29.749565, "longitude": 76.858769, "category": "pit", "area_ha": 1.06, "area_m2": 10600.0, "prob_max": 1.0, "prob_mean": 0.955, "new_pit": 1, "setting": "outside riverbed", "water_share": 0.717, "buildings_near": 0.0, "compactness": 0.542, "size_class": "medium (0.5-2 ha)", "google_maps": "https://www.google.com/maps?q=29.749565,76.858769" }, "geometry": { "type": "Polygon", "coordinates": [ [ [ 76.858380498659074, 29.750087651252208 ], [ 76.858378834351399, 29.749997449372131 ], [ 76.858275464053676, 29.749998901618856 ], [ 76.85827047145338, 29.749728295954952 ], [ 76.858373841473778, 29.749726843724066 ], [ 76.858372177196344, 29.749636641838737 ], [ 76.858268807268416, 29.749638094064352 ], [ 76.858263814758871, 29.749367488384646 ], [ 76.858160445100694, 29.749368940513715 ], [ 76.858155452936558, 29.749098334806327 ], [ 76.85825882231741, 29.749096882693102 ], [ 76.858257158185381, 29.749006680793297 ], [ 76.85877400451399, 29.748999419043237 ], [ 76.858780662936297, 29.749360226528971 ], [ 76.858677293315949, 29.749361679061469 ], [ 76.858678957847999, 29.749451880934902 ], [ 76.858885697266032, 29.74944897577863 ], [ 76.858884032549085, 29.749358773915763 ], [ 76.858987402154312, 29.749357321221886 ], [ 76.858984072558258, 29.749176917502783 ], [ 76.859397550163948, 29.74917110596262 ], [ 76.859399215327954, 29.749261307801703 ], [ 76.859295845845452, 29.74926276081305 ], [ 76.859299176011291, 29.74944316449783 ], [ 76.859402545678691, 29.749441711475907 ], [ 76.859404210865407, 29.749531913311046 ], [ 76.859300841105565, 29.749533366338245 ], [ 76.859302506207399, 29.749623568177345 ], [ 76.859405876059697, 29.749622115144867 ], [ 76.859412536912501, 29.749982922466973 ], [ 76.858792315466644, 29.749991639578354 ], [ 76.8587939801441, 29.750081841437297 ], [ 76.858380498659074, 29.750087651252208 ] ] ] } },
{ "type": "Feature", "properties": { "pit_id": 92, "latitude": 29.560193, "longitude": 76.929963, "category": "pit", "area_ha": 0.42, "area_m2": 4200.0, "prob_max": 1.0, "prob_mean": 0.755, "new_pit": 0, "setting": "outside riverbed", "water_share": 0.952, "buildings_near": 0.106, "compactness": 0.512, "size_class": "small (0.1-0.5 ha)", "google_maps": "https://www.google.com/maps?q=29.560193,76.929963" }, "geometry": { "type": "Polygon", "coordinates": [ [ [ 76.929514336249753, 29.560499883875238 ], [ 76.92951090673975, 29.560319482388255 ], [ 76.929407734364545, 29.560320981504173 ], [ 76.929406019712815, 29.560230780753244 ], [ 76.929612364272302, 29.560227782452291 ], [ 76.929610649445266, 29.56013758171099 ], [ 76.930023338104363, 29.560131584170247 ], [ 76.930021622918943, 29.560041383449519 ], [ 76.929815278788098, 29.560044382369064 ], [ 76.929813563793587, 29.559954181636066 ], [ 76.929607219814613, 29.559957180224423 ], [ 76.929605505011011, 29.559866979479171 ], [ 76.929399161183909, 29.559869977736341 ], [ 76.929397446571187, 29.559779776978814 ], [ 76.929603790215197, 29.559776778732605 ], [ 76.929605505011011, 29.559866979479171 ], [ 76.929811848806878, 29.559863980901763 ], [ 76.929813563793587, 29.559954181636066 ], [ 76.930329423604363, 29.559946683764107 ], [ 76.930331139056634, 29.560036884469735 ], [ 76.930434311086913, 29.560035384649684 ], [ 76.930436026638517, 29.560125585348519 ], [ 76.930539198752555, 29.560124085442936 ], [ 76.930540914403522, 29.560214286134965 ], [ 76.930437742197952, 29.56021578604603 ], [ 76.930441173340242, 29.5603961874371 ], [ 76.929718966400927, 29.56040668464944 ], [ 76.929720681342928, 29.560496885381333 ], [ 76.929514336249753, 29.560499883875238 ] ], [ [ 76.930126510249622, 29.560130084584905 ], [ 76.930229682387065, 29.560128584919504 ], [ 76.930227967018553, 29.560038384209719 ], [ 76.930124794972656, 29.560039883869646 ], [ 76.930126510249622, 29.560130084584905 ] ] ] } },
{ "type": "Feature", "properties": { "pit_id": 93, "latitude": 29.747587, "longitude": 76.859285, "category": "pit", "area_ha": 0.13, "area_m2": 1300.0, "prob_max": 1.0, "prob_mean": 0.972, "new_pit": 1, "setting": "outside riverbed", "water_share": 0.0, "buildings_near": 0.0, "compactness": 1.0, "size_class": "small (0.1-0.5 ha)", "google_maps": "https://www.google.com/maps?q=29.747587,76.859285" }, "geometry": { "type": "Polygon", "coordinates": [ [ [ 76.859060804813112, 29.747732234881028 ], [ 76.859055810561657, 29.747461629245205 ], [ 76.859572648730492, 29.747454364716766 ], [ 76.859574313935582, 29.74754456657028 ], [ 76.859470946224519, 29.747546019642609 ], [ 76.859474276472525, 29.747726423356244 ], [ 76.859060804813112, 29.747732234881028 ] ] ] } },
{ "type": "Feature", "properties": { "pit_id": 94, "latitude": 29.570284, "longitude": 76.989753, "category": "likely village pond", "area_ha": 0.43, "area_m2": 4300.0, "prob_max": 1.0, "prob_mean": 0.94, "new_pit": 0, "setting": "outside riverbed", "water_share": 0.884, "buildings_near": 0.357, "compactness": 1.0, "size_class": "small (0.1-0.5 ha)", "google_maps": "https://www.google.com/maps?q=29.570284,76.989753" }, "geometry": { "type": "Polygon", "coordinates": [ [ [ 76.989467419352948, 29.570712732309087 ], [ 76.989455038258711, 29.570081350743443 ], [ 76.989558216840138, 29.570079804529353 ], [ 76.989556448053008, 29.569989607163176 ], [ 76.989659626534788, 29.569988060874643 ], [ 76.989657857664128, 29.569897863512804 ], [ 76.989967392786411, 29.56989322418363 ], [ 76.989969161931811, 29.569983421528537 ], [ 76.990072340381388, 29.569981874919673 ], [ 76.990081186687092, 29.570432861596185 ], [ 76.989978007779612, 29.570434408233275 ], [ 76.989979776973328, 29.570524605570256 ], [ 76.989876597966216, 29.570526152132906 ], [ 76.9898783670764, 29.570616349474214 ], [ 76.989672008854825, 29.570619442370543 ], [ 76.989673777789903, 29.570709639721812 ], [ 76.989467419352948, 29.570712732309087 ] ] ] } },
{ "type": "Feature", "properties": { "pit_id": 95, "latitude": 29.74593, "longitude": 76.857138, "category": "pit", "area_ha": 0.18, "area_m2": 1800.0, "prob_max": 1.0, "prob_mean": 0.966, "new_pit": 1, "setting": "outside riverbed", "water_share": 0.389, "buildings_near": -0.0, "compactness": 1.0, "size_class": "small (0.1-0.5 ha)", "google_maps": "https://www.google.com/maps?q=29.745930,76.857138" }, "geometry": { "type": "Polygon", "coordinates": [ [ [ 76.857068542775508, 29.746226388196515 ], [ 76.857066879902206, 29.746136186196548 ], [ 76.856963513488523, 29.746137637248097 ], [ 76.856956862440583, 29.745776829213984 ], [ 76.857060228484571, 29.745775378183549 ], [ 76.857056902821085, 29.745594974169169 ], [ 76.857160268672658, 29.745593523068607 ], [ 76.857161931593041, 29.745683725071174 ], [ 76.85726529752948, 29.745682273884668 ], [ 76.85726696054985, 29.745772475880653 ], [ 76.857370326571157, 29.745771024608182 ], [ 76.857371989691515, 29.745861226597576 ], [ 76.857268623577781, 29.745862677875323 ], [ 76.857275275765076, 29.746223485840837 ], [ 76.857068542775508, 29.746226388196515 ] ] ] } },
{ "type": "Feature", "properties": { "pit_id": 96, "latitude": 29.557068, "longitude": 77.104189, "category": "pit", "area_ha": 1.18, "area_m2": 11800.0, "prob_max": 1.0, "prob_mean": 0.891, "new_pit": 0, "setting": "Yamuna riverbed", "water_share": 0.983, "buildings_near": 0.0, "compactness": 0.289, "size_class": "medium (0.5-2 ha)", "google_maps": "https://www.google.com/maps?q=29.557068,77.104189" }, "geometry": { "type": "Polygon", "coordinates": [ [ [ 77.103363628572083, 29.558581676192762 ], [ 77.103352414415809, 29.558040529596319 ], [ 77.103455573404233, 29.558038895503721 ], [ 77.103453704316465, 29.557948704405604 ], [ 77.103556863204886, 29.557947070238942 ], [ 77.10355312487188, 29.557766688050663 ], [ 77.103656283568796, 29.557765053815899 ], [ 77.103645068224964, 29.557223907254837 ], [ 77.103748226364388, 29.557222272975853 ], [ 77.103746357078705, 29.557132081883637 ], [ 77.10395267314901, 29.557128813097531 ], [ 77.103950803688846, 29.55703862201592 ], [ 77.10384764574944, 29.557040256443017 ], [ 77.103845776389278, 29.556950065354116 ], [ 77.103948934237195, 29.556948430932984 ], [ 77.103945195359401, 29.556768048763093 ], [ 77.104151510663712, 29.556764779704633 ], [ 77.104147771453995, 29.556584397553276 ], [ 77.104250928910389, 29.556582762915951 ], [ 77.104249059226802, 29.556492571844238 ], [ 77.104352216583194, 29.556490937132864 ], [ 77.104350346816631, 29.556400746065787 ], [ 77.104453504073021, 29.556399111280349 ], [ 77.104451634223466, 29.556308920217909 ], [ 77.104554791379854, 29.556307285358429 ], [ 77.104552921447322, 29.556217094300617 ], [ 77.104656078503709, 29.556215459367081 ], [ 77.104654208488199, 29.55612526831391 ], [ 77.104757365444584, 29.556123633306331 ], [ 77.104761105667095, 29.556304015399402 ], [ 77.104864262797946, 29.556302380299861 ], [ 77.104860522392443, 29.556121998218728 ], [ 77.104963679331803, 29.556120363051114 ], [ 77.10495993877737, 29.555939980976582 ], [ 77.105063095525239, 29.555938345740881 ], [ 77.10505935482189, 29.55575796367296 ], [ 77.105162511378253, 29.555756328369174 ], [ 77.105158770525961, 29.555575946307862 ], [ 77.105261926890833, 29.555574310936006 ], [ 77.105260056385987, 29.55548411990932 ], [ 77.105363212650857, 29.555482484463415 ], [ 77.10536134206302, 29.555392293441358 ], [ 77.105464498227889, 29.555390657921414 ], [ 77.105462627557102, 29.555300466903994 ], [ 77.105565783621955, 29.555298831310008 ], [ 77.105567654384245, 29.555389022321442 ], [ 77.105464498227889, 29.555390657921414 ], [ 77.105466368907202, 29.555480848937499 ], [ 77.105363212650857, 29.555482484463415 ], [ 77.105365083247193, 29.555572675484132 ], [ 77.105261926890833, 29.555574310936006 ], [ 77.105265667926091, 29.555754692985378 ], [ 77.105162511378253, 29.555756328369174 ], [ 77.105166252264581, 29.555936710425161 ], [ 77.105063095525239, 29.555938345740881 ], [ 77.105066836262651, 29.556118727803472 ], [ 77.104963679331803, 29.556120363051114 ], [ 77.104967419920285, 29.556300745120307 ], [ 77.104864262797946, 29.556302380299861 ], [ 77.104868003237513, 29.556482762375662 ], [ 77.104764845923683, 29.556484397487139 ], [ 77.104766716064731, 29.556574588529013 ], [ 77.104663558650884, 29.556576223566445 ], [ 77.104667298775553, 29.556756605658116 ], [ 77.104564141170201, 29.55675824062746 ], [ 77.104569751146556, 29.557028813772881 ], [ 77.104466593258223, 29.557030448680109 ], [ 77.104470333102029, 29.557210830782331 ], [ 77.104367175022176, 29.557212465621461 ], [ 77.104369044865351, 29.557302656676541 ], [ 77.104265886685496, 29.557304291441632 ], [ 77.10426775644568, 29.557394482501333 ], [ 77.104164598165823, 29.557396117192368 ], [ 77.104166467843029, 29.557486308256721 ], [ 77.104063309463157, 29.557487942873699 ], [ 77.104067048660113, 29.557668325010312 ], [ 77.103963890088735, 29.557669959559206 ], [ 77.103965759608471, 29.557760150631488 ], [ 77.103862600937092, 29.557761785106312 ], [ 77.103866339819092, 29.557942167258812 ], [ 77.103763180956207, 29.557943801665541 ], [ 77.103765050318472, 29.558033992745759 ], [ 77.103661891355571, 29.558035627078439 ], [ 77.103665629922631, 29.558216009246781 ], [ 77.103562470768225, 29.558217643511366 ], [ 77.103564339973005, 29.558307834599525 ], [ 77.103461180718597, 29.558309468790046 ], [ 77.103466788109515, 29.558580042064371 ], [ 77.103363628572083, 29.558581676192762 ] ] ] } },
{ "type": "Feature", "properties": { "pit_id": 97, "latitude": 29.744403, "longitude": 76.851811, "category": "pit", "area_ha": 0.4, "area_m2": 4000.0, "prob_max": 1.0, "prob_mean": 0.981, "new_pit": 1, "setting": "outside riverbed", "water_share": 0.8, "buildings_near": 0.0, "compactness": 0.815, "size_class": "small (0.1-0.5 ha)", "google_maps": "https://www.google.com/maps?q=29.744403,76.851811" }, "geometry": { "type": "Polygon", "coordinates": [ [ [ 76.851455242168029, 29.74459078618445 ], [ 76.851453584429024, 29.744500583874984 ], [ 76.851246854291247, 29.744503476984264 ], [ 76.851241881673971, 29.74423287001645 ], [ 76.852275529288804, 29.744218401400989 ], [ 76.852278846207867, 29.744398805942271 ], [ 76.85238221111274, 29.7443973586265 ], [ 76.852385528246785, 29.744577763152012 ], [ 76.851455242168029, 29.74459078618445 ] ] ] } },
{ "type": "Feature", "properties": { "pit_id": 98, "latitude": 29.561141, "longitude": 76.931952, "category": "pit", "area_ha": 0.07, "area_m2": 700.0, "prob_max": 1.0, "prob_mean": 0.897, "new_pit": 0, "setting": "outside riverbed", "water_share": 1.0, "buildings_near": 0.052, "compactness": 1.0, "size_class": "tiny (<0.1 ha)", "google_maps": "https://www.google.com/maps?q=29.561141,76.931952" }, "geometry": { "type": "Polygon", "coordinates": [ [ [ 76.931594952104774, 29.561371890785622 ], [ 76.931593235436708, 29.561281690165462 ], [ 76.931902755068009, 29.561277187352811 ], [ 76.931897604286732, 29.561006585533782 ], [ 76.931794431358782, 29.561008086534951 ], [ 76.931792714538872, 29.560917885920492 ], [ 76.931895887375276, 29.560916384924802 ], [ 76.931897604286732, 29.561006585533782 ], [ 76.932000777206881, 29.561005084452535 ], [ 76.932005928262797, 29.561275686255136 ], [ 76.931902755068009, 29.561277187352811 ], [ 76.931904472010729, 29.561367387956533 ], [ 76.931594952104774, 29.561371890785622 ] ] ] } },
{ "type": "Feature", "properties": { "pit_id": 99, "latitude": 29.742021, "longitude": 76.973836, "category": "pit", "area_ha": 0.27, "area_m2": 2700.0, "prob_max": 1.0, "prob_mean": 0.766, "new_pit": 0, "setting": "outside riverbed", "water_share": 0.926, "buildings_near": 0.104, "compactness": 0.779, "size_class": "small (0.1-0.5 ha)", "google_maps": "https://www.google.com/maps?q=29.742021,76.973836" }, "geometry": { "type": "Polygon", "coordinates": [ [ [ 76.973928706610081, 29.742368901978772 ], [ 76.973923405041049, 29.742098314345977 ], [ 76.973820049845727, 29.742099856484032 ], [ 76.973818282764498, 29.742009660598178 ], [ 76.973714927653532, 29.742011202649984 ], [ 76.973718461639265, 29.742191594431588 ], [ 76.973615106335487, 29.742193136413956 ], [ 76.973613339430997, 29.742102940518205 ], [ 76.973509984211574, 29.742104482414319 ], [ 76.973502917043433, 29.741743698795652 ], [ 76.973399562185506, 29.741745240588699 ], [ 76.973397795505932, 29.741655044675113 ], [ 76.97350115027146, 29.741653502887683 ], [ 76.973502917043433, 29.741743698795652 ], [ 76.973709626735157, 29.741740614967636 ], [ 76.973711393699915, 29.741830810863075 ], [ 76.97402145845443, 29.741826184499384 ], [ 76.974023225704357, 29.741916380376683 ], [ 76.974126580698851, 29.741914838088555 ], [ 76.97413365014846, 29.742275621562026 ], [ 76.974237005504435, 29.742274079170816 ], [ 76.974238772979305, 29.742364275030265 ], [ 76.973928706610081, 29.742368901978772 ] ] ] } },
{ "type": "Feature", "properties": { "pit_id": 100, "latitude": 29.741104, "longitude": 76.972941, "category": "likely village pond", "area_ha": 0.16, "area_m2": 1600.0, "prob_max": 1.0, "prob_mean": 0.896, "new_pit": 0, "setting": "outside riverbed", "water_share": 0.938, "buildings_near": 0.165, "compactness": 1.0, "size_class": "small (0.1-0.5 ha)", "google_maps": "https://www.google.com/maps?q=29.741104,76.972941" }, "geometry": { "type": "Polygon", "coordinates": [ [ [ 76.972875722952992, 29.741392164569849 ], [ 76.972870424420393, 29.741121576725114 ], [ 76.97276707016097, 29.74112311799507 ], [ 76.972758239895711, 29.740672138199297 ], [ 76.972861593693253, 29.740670596957376 ], [ 76.972865125960013, 29.740850988868456 ], [ 76.972968479934281, 29.740849447534679 ], [ 76.972973778671772, 29.741120035374539 ], [ 76.973077132915137, 29.74111849394329 ], [ 76.973080665631699, 29.741298885818683 ], [ 76.973287374463851, 29.741295802691877 ], [ 76.973289141018952, 29.741385998616373 ], [ 76.972875722952992, 29.741392164569849 ] ] ] } },
{ "type": "Feature", "properties": { "pit_id": 101, "latitude": 29.739032, "longitude": 77.087299, "category": "pit", "area_ha": 0.25, "area_m2": 2500.0, "prob_max": 1.0, "prob_mean": 0.754, "new_pit": 0, "setting": "outside riverbed", "water_share": 1.0, "buildings_near": 0.0, "compactness": 0.722, "size_class": "small (0.1-0.5 ha)", "google_maps": "https://www.google.com/maps?q=29.739032,77.087299" }, "geometry": { "type": "Polygon", "coordinates": [ [ [ 77.086966668307241, 29.739280641839741 ], [ 77.086964800186649, 29.739190452254014 ], [ 77.086861455229396, 29.739192082526909 ], [ 77.086857719198377, 29.739011703339607 ], [ 77.08675437441731, 29.739013333520028 ], [ 77.086752506506883, 29.738923143918438 ], [ 77.087165885210794, 29.738916622736795 ], [ 77.087167753490604, 29.739006812314667 ], [ 77.087271098237707, 29.739005181811795 ], [ 77.087267361501887, 29.738824802666574 ], [ 77.087370706055808, 29.738823172094946 ], [ 77.087374442976312, 29.739003551228301 ], [ 77.087477787706419, 29.739001920564196 ], [ 77.087475919149583, 29.738911731004109 ], [ 77.087682608399632, 29.73890846944591 ], [ 77.087680739666609, 29.738818279896353 ], [ 77.087784084186566, 29.738816649002253 ], [ 77.087785953011917, 29.738906838545883 ], [ 77.087889297615718, 29.738905207565246 ], [ 77.08789303547664, 29.73908558663663 ], [ 77.087583001085704, 29.739090479372283 ], [ 77.087581132428028, 29.739000289819469 ], [ 77.087477787706419, 29.739001920564196 ], [ 77.087479656271739, 29.739092110122932 ], [ 77.087272966618343, 29.739095371382394 ], [ 77.087274835007463, 29.739185560951661 ], [ 77.08717149007569, 29.739187191466396 ], [ 77.08717335838098, 29.739277381040264 ], [ 77.086966668307241, 29.739280641839741 ] ], [ [ 77.087066276930969, 29.739098632319394 ], [ 77.087169621778898, 29.739097001891196 ], [ 77.087167753490604, 29.739006812314667 ], [ 77.087064408735017, 29.739008442736932 ], [ 77.087066276930969, 29.739098632319394 ] ] ] } },
{ "type": "Feature", "properties": { "pit_id": 102, "latitude": 29.56106, "longitude": 77.102494, "category": "pit", "area_ha": 0.84, "area_m2": 8400.0, "prob_max": 1.0, "prob_mean": 0.889, "new_pit": 0, "setting": "Yamuna riverbed", "water_share": 0.964, "buildings_near": -0.0, "compactness": 0.381, "size_class": "medium (0.5-2 ha)", "google_maps": "https://www.google.com/maps?q=29.561060,77.102494" }, "geometry": { "type": "Polygon", "coordinates": [ [ [ 77.102399291155962, 29.561844893792919 ], [ 77.10239742271753, 29.561754702685207 ], [ 77.102294259883649, 29.561756336141976 ], [ 77.102290523215316, 29.561575953910619 ], [ 77.102084197888118, 29.561579220560198 ], [ 77.102082329749734, 29.561489029430593 ], [ 77.102185492326058, 29.561487396151783 ], [ 77.102183624104683, 29.5613972050268 ], [ 77.10228678658099, 29.561395571673923 ], [ 77.102284918276581, 29.561305380553573 ], [ 77.10207859349849, 29.561308647167397 ], [ 77.102076725385629, 29.561218456033789 ], [ 77.102283049980684, 29.561215189431909 ], [ 77.102277445144011, 29.560944616058865 ], [ 77.102174283125265, 29.560946249381949 ], [ 77.102168678639671, 29.560675675979027 ], [ 77.102271840383864, 29.560674042673838 ], [ 77.102266235700256, 29.560403469276807 ], [ 77.102369397161411, 29.56040183590947 ], [ 77.102367528859048, 29.560311644780423 ], [ 77.102470690220187, 29.56031001133902 ], [ 77.102465085089577, 29.560039437961763 ], [ 77.102568246167664, 29.560037804458204 ], [ 77.1025663777163, 29.559947613335748 ], [ 77.102669538694386, 29.559945979758126 ], [ 77.102675144348538, 29.560216553103608 ], [ 77.102571983095928, 29.560218186699117 ], [ 77.102577588552109, 29.560488760050486 ], [ 77.102680750079259, 29.560487126437085 ], [ 77.102690093133887, 29.560938081966221 ], [ 77.102793255110086, 29.56093644824298 ], [ 77.102800730072971, 29.561297212618435 ], [ 77.102697567730701, 29.561298846365528 ], [ 77.102701305080146, 29.561479228557186 ], [ 77.102804467605452, 29.561477594798166 ], [ 77.102806336384447, 29.561567785886041 ], [ 77.102909498992744, 29.561566152040999 ], [ 77.102911367871769, 29.56165634312157 ], [ 77.102808205171939, 29.561657976972565 ], [ 77.102810073967945, 29.561748168057765 ], [ 77.102706911168099, 29.561749801834686 ], [ 77.102708779881098, 29.561839992924504 ], [ 77.102399291155962, 29.561844893792919 ] ], [ [ 77.10239742271753, 29.561754702685207 ], [ 77.102500585542884, 29.561753069148406 ], [ 77.102498717021433, 29.561662878045311 ], [ 77.102395554287583, 29.561664511576154 ], [ 77.10239742271753, 29.561754702685207 ] ], [ [ 77.102375002119544, 29.560672409288614 ], [ 77.10247816384674, 29.560670775823361 ], [ 77.102476295427337, 29.560580584704269 ], [ 77.102373133791673, 29.560582218163557 ], [ 77.102375002119544, 29.560672409288614 ] ] ] } },
{ "type": "Feature", "properties": { "pit_id": 103, "latitude": 29.738814, "longitude": 77.021177, "category": "pit", "area_ha": 0.1, "area_m2": 1000.0, "prob_max": 1.0, "prob_mean": 0.736, "new_pit": 0, "setting": "outside riverbed", "water_share": 0.0, "buildings_near": 0.0, "compactness": 1.0, "size_class": "small (0.1-0.5 ha)", "google_maps": "https://www.google.com/maps?q=29.738814,77.021177" }, "geometry": { "type": "Polygon", "coordinates": [ [ [ 77.020796984457476, 29.738954634927676 ], [ 77.020795175566988, 29.738864441587772 ], [ 77.020898524478326, 29.738862862919337 ], [ 77.020896715503696, 29.738772669583824 ], [ 77.021206761911316, 29.738767933111969 ], [ 77.02120495266783, 29.738677739792379 ], [ 77.021411650047085, 29.738674581752832 ], [ 77.021413459475269, 29.738764775060947 ], [ 77.021516808244911, 29.738763195914487 ], [ 77.02151861777368, 29.738853389215546 ], [ 77.021105222276333, 29.73885970534058 ], [ 77.02110703144389, 29.738949898663257 ], [ 77.021003682456652, 29.738951477498684 ], [ 77.021001873381437, 29.738861284170266 ], [ 77.020898524478326, 29.738862862919337 ], [ 77.020900333461157, 29.738953056253493 ], [ 77.020796984457476, 29.738954634927676 ] ] ] } },
{ "type": "Feature", "properties": { "pit_id": 104, "latitude": 29.575988, "longitude": 76.979789, "category": "pit", "area_ha": 0.11, "area_m2": 1100.0, "prob_max": 1.0, "prob_mean": 0.667, "new_pit": 0, "setting": "outside riverbed", "water_share": 0.909, "buildings_near": 0.056, "compactness": 1.0, "size_class": "small (0.1-0.5 ha)", "google_maps": "https://www.google.com/maps?q=29.575988,76.979789" }, "geometry": { "type": "Polygon", "coordinates": [ [ [ 76.979770974296798, 29.576271132627113 ], [ 76.979767453240896, 29.57609073698973 ], [ 76.979664267934595, 29.576092275880676 ], [ 76.979657226285397, 29.575731484567569 ], [ 76.979863596157116, 29.5757284067505 ], [ 76.979872399154758, 29.576179395832412 ], [ 76.979975584536632, 29.576177856775633 ], [ 76.979977345251825, 29.576268054582439 ], [ 76.979770974296798, 29.576271132627113 ] ] ] } },
{ "type": "Feature", "properties": { "pit_id": 105, "latitude": 29.553687, "longitude": 77.011239, "category": "pit", "area_ha": 0.07, "area_m2": 700.0, "prob_max": 1.0, "prob_mean": 0.921, "new_pit": 0, "setting": "outside riverbed", "water_share": 0.857, "buildings_near": 0.0, "compactness": 1.0, "size_class": "tiny (<0.1 ha)", "google_maps": "https://www.google.com/maps?q=29.553687,77.011239" }, "geometry": { "type": "Polygon", "coordinates": [ [ [ 77.011115508690992, 29.553785457527038 ], [ 77.011113721929433, 29.553695261129416 ], [ 77.011010561358091, 29.55369682330543 ], [ 77.011008774696165, 29.553606626900784 ], [ 77.011421416566705, 29.553600377739407 ], [ 77.011424990630715, 29.553780770501742 ], [ 77.011115508690992, 29.553785457527038 ] ] ] } },
{ "type": "Feature", "properties": { "pit_id": 106, "latitude": 29.708983, "longitude": 76.91045, "category": "likely village pond", "area_ha": 0.35, "area_m2": 3500.0, "prob_max": 1.0, "prob_mean": 0.827, "new_pit": 0, "setting": "outside riverbed", "water_share": 0.943, "buildings_near": 0.226, "compactness": 0.886, "size_class": "small (0.1-0.5 ha)", "google_maps": "https://www.google.com/maps?q=29.708983,76.910450" }, "geometry": { "type": "Polygon", "coordinates": [ [ [ 76.910340990964343, 29.709378136761114 ], [ 76.910339282956187, 29.70928793702776 ], [ 76.910235957476274, 29.709289428018913 ], [ 76.910229125890254, 29.708928629050639 ], [ 76.910125800771539, 29.708930119939541 ], [ 76.910120677440275, 29.708659520683206 ], [ 76.910430651942931, 29.708655047823694 ], [ 76.910432359988974, 29.708745247560842 ], [ 76.910535684899898, 29.708743756441148 ], [ 76.910537393045956, 29.70883395617156 ], [ 76.910640718041364, 29.708832464965901 ], [ 76.910637301572535, 29.708652065514613 ], [ 76.910740626375684, 29.708650574239265 ], [ 76.910752584798203, 29.709281972257671 ], [ 76.91044260842834, 29.709286445956067 ], [ 76.910444316528753, 29.709376645683985 ], [ 76.910340990964343, 29.709378136761114 ] ], [ [ 76.910542517530715, 29.70910455535487 ], [ 76.91064584280285, 29.709103064132925 ], [ 76.910644134541258, 29.709012864411903 ], [ 76.910540809361365, 29.709014355628419 ], [ 76.910542517530715, 29.70910455535487 ] ] ] } },
{ "type": "Feature", "properties": { "pit_id": 107, "latitude": 29.706464, "longitude": 77.132002, "category": "pit", "area_ha": 1.6, "area_m2": 16000.0, "prob_max": 1.0, "prob_mean": 0.977, "new_pit": 0, "setting": "Yamuna riverbed", "water_share": 0.781, "buildings_near": 0.003, "compactness": 0.624, "size_class": "medium (0.5-2 ha)", "google_maps": "https://www.google.com/maps?q=29.706464,77.132002" }, "geometry": { "type": "Polygon", "coordinates": [ [ [ 77.1320876788471, 29.70734574235173 ], [ 77.132085772821071, 29.707255554957118 ], [ 77.131569226564281, 29.707263873591398 ], [ 77.131563509920952, 29.706993311308693 ], [ 77.131460200920145, 29.706994974775878 ], [ 77.131439241575634, 29.706002912902832 ], [ 77.131645857540576, 29.705999586021129 ], [ 77.131642046494562, 29.705819211141907 ], [ 77.131538738700769, 29.705820874610904 ], [ 77.131536833282937, 29.705730687163229 ], [ 77.131743448677469, 29.705727360156835 ], [ 77.131745354279673, 29.705817547592414 ], [ 77.132158585333514, 29.705810892589447 ], [ 77.132156679362609, 29.705720705178081 ], [ 77.132259987012233, 29.705719041232147 ], [ 77.132258080957811, 29.70562885382552 ], [ 77.132464696046711, 29.70562552570426 ], [ 77.132466602285476, 29.70571571309878 ], [ 77.132879832727994, 29.705709055866063 ], [ 77.132881739344143, 29.705799243235031 ], [ 77.132675123955863, 29.705802572024496 ], [ 77.132678936845451, 29.705982946782626 ], [ 77.132575628953973, 29.705984611068718 ], [ 77.132579441693863, 29.706164985833599 ], [ 77.132476133609345, 29.706166650051316 ], [ 77.132478039900107, 29.706256837437792 ], [ 77.132374731714762, 29.706258501581054 ], [ 77.132378544137936, 29.706438876362107 ], [ 77.132275235759536, 29.706440540436986 ], [ 77.132279048033013, 29.706620915224804 ], [ 77.13238235659577, 29.706619251137806 ], [ 77.132397606773765, 29.707340750186962 ], [ 77.1320876788471, 29.70734574235173 ] ] ] } },
{ "type": "Feature", "properties": { "pit_id": 108, "latitude": 29.779822, "longitude": 76.804977, "category": "pit", "area_ha": 0.21, "area_m2": 2100.0, "prob_max": 1.0, "prob_mean": 0.901, "new_pit": 0, "setting": "outside riverbed", "water_share": 0.952, "buildings_near": 0.0, "compactness": 1.0, "size_class": "small (0.1-0.5 ha)", "google_maps": "https://www.google.com/maps?q=29.779822,76.804977" }, "geometry": { "type": "Polygon", "coordinates": [ [ [ 76.805150931059231, 29.780058150437139 ], [ 76.805149312445451, 29.779967946275573 ], [ 76.804735695788224, 29.779973593579275 ], [ 76.804734077552169, 29.779883389395888 ], [ 76.804630673462086, 29.779884801014699 ], [ 76.80462743719724, 29.779704392633704 ], [ 76.804834244999697, 29.779701569335806 ], [ 76.804832626693113, 29.779611365153613 ], [ 76.805142838063858, 29.779607129616199 ], [ 76.805146075239932, 29.779787537948501 ], [ 76.805249479200668, 29.779786125930848 ], [ 76.805251097892338, 29.779876330089916 ], [ 76.805354501938311, 29.779874917986326 ], [ 76.805356120729925, 29.779965122138936 ], [ 76.805252716591369, 29.779966534247645 ], [ 76.805254335297747, 29.780056738404085 ], [ 76.805150931059231, 29.780058150437139 ] ] ] } },
{ "type": "Feature", "properties": { "pit_id": 109, "latitude": 29.553901, "longitude": 76.611175, "category": "pit", "area_ha": 0.15, "area_m2": 1500.0, "prob_max": 1.0, "prob_mean": 0.773, "new_pit": 0, "setting": "outside riverbed", "water_share": 0.8, "buildings_near": 0.0, "compactness": 1.0, "size_class": "small (0.1-0.5 ha)", "google_maps": "https://www.google.com/maps?q=29.553901,76.611175" }, "geometry": { "type": "Polygon", "coordinates": [ [ [ 76.61091975915609, 29.554099450004767 ], [ 76.610914033863963, 29.553738584427887 ], [ 76.611326767751521, 29.5537335780392 ], [ 76.611328199431114, 29.55382379441707 ], [ 76.611431382978282, 29.553822542615094 ], [ 76.611435678330892, 29.554093191727265 ], [ 76.611229310680528, 29.554095695278537 ], [ 76.611226447471935, 29.553915262520093 ], [ 76.611020080161822, 29.553917765732724 ], [ 76.611022943004087, 29.55409819850945 ], [ 76.61091975915609, 29.554099450004767 ] ] ] } },
{ "type": "Feature", "properties": { "pit_id": 110, "latitude": 29.780497, "longitude": 76.836831, "category": "pit", "area_ha": 0.25, "area_m2": 2500.0, "prob_max": 1.0, "prob_mean": 0.848, "new_pit": 0, "setting": "outside riverbed", "water_share": 1.0, "buildings_near": -0.0, "compactness": 1.0, "size_class": "small (0.1-0.5 ha)", "google_maps": "https://www.google.com/maps?q=29.780497,76.836831" }, "geometry": { "type": "Polygon", "coordinates": [ [ [ 76.836605240586522, 29.780707602300492 ], [ 76.83660359373502, 29.780617399728108 ], [ 76.8365001907259, 29.780618836298821 ], [ 76.836496897230504, 29.780438431139657 ], [ 76.836600300054428, 29.780436994579379 ], [ 76.836597006403792, 29.780256589425392 ], [ 76.836700409035046, 29.780255152794773 ], [ 76.836702055949218, 29.780345355367199 ], [ 76.836805458665594, 29.780343918650562 ], [ 76.836803811658825, 29.780253716083365 ], [ 76.83701061688393, 29.780250842418152 ], [ 76.837012264075881, 29.780341044974918 ], [ 76.837115666769805, 29.780339608015897 ], [ 76.837122255982777, 29.780700418208927 ], [ 76.836605240586522, 29.780707602300492 ] ] ] } },
{ "type": "Feature", "properties": { "pit_id": 111, "latitude": 29.780246, "longitude": 76.894878, "category": "pit", "area_ha": 0.1, "area_m2": 1000.0, "prob_max": 1.0, "prob_mean": 0.897, "new_pit": 0, "setting": "outside riverbed", "water_share": 1.0, "buildings_near": 0.019, "compactness": 1.0, "size_class": "small (0.1-0.5 ha)", "google_maps": "https://www.google.com/maps?q=29.780246,76.894878" }, "geometry": { "type": "Polygon", "coordinates": [ [ [ 76.894621682712867, 29.780339945470065 ], [ 76.894618285060361, 29.780159546286765 ], [ 76.895135280521686, 29.78015213550632 ], [ 76.895138679099986, 29.780332534635761 ], [ 76.894621682712867, 29.780339945470065 ] ] ] } },
{ "type": "Feature", "properties": { "pit_id": 112, "latitude": 29.781065, "longitude": 76.841899, "category": "pit", "area_ha": 0.29, "area_m2": 2900.0, "prob_max": 1.0, "prob_mean": 0.954, "new_pit": 0, "setting": "outside riverbed", "water_share": 0.862, "buildings_near": -0.0, "compactness": 0.789, "size_class": "small (0.1-0.5 ha)", "google_maps": "https://www.google.com/maps?q=29.781065,76.841899" }, "geometry": { "type": "Polygon", "coordinates": [ [ [ 76.841786946699969, 29.781267086633108 ], [ 76.841785295166332, 29.781176884331312 ], [ 76.84147508529604, 29.781181206029864 ], [ 76.841473434047685, 29.781091003711044 ], [ 76.841370030835179, 29.781092444110413 ], [ 76.841368379686912, 29.781002241785039 ], [ 76.841471782806835, 29.781000801390913 ], [ 76.841470131573487, 29.780910599069461 ], [ 76.842193952554652, 29.780900514084994 ], [ 76.842195604436142, 29.7809907163698 ], [ 76.842402410548402, 29.780987834208059 ], [ 76.842405714704284, 29.78116823875277 ], [ 76.842198908221661, 29.781171120935461 ], [ 76.842200560125676, 29.781261323216317 ], [ 76.842097156780511, 29.781262764191709 ], [ 76.842095504969095, 29.781172561905613 ], [ 76.84199210170901, 29.78117400279498 ], [ 76.841993753427829, 29.781264205086305 ], [ 76.841786946699969, 29.781267086633108 ] ] ] } },
{ "type": "Feature", "properties": { "pit_id": 113, "latitude": 29.780797, "longitude": 76.894827, "category": "pit", "area_ha": 0.2, "area_m2": 2000.0, "prob_max": 1.0, "prob_mean": 0.946, "new_pit": 0, "setting": "outside riverbed", "water_share": 1.0, "buildings_near": 0.062, "compactness": 1.0, "size_class": "small (0.1-0.5 ha)", "google_maps": "https://www.google.com/maps?q=29.780797,76.894827" }, "geometry": { "type": "Polygon", "coordinates": [ [ [ 76.894633574739842, 29.780971342570016 ], [ 76.894631875855694, 29.780881142988271 ], [ 76.894425076135846, 29.78088410682113 ], [ 76.89442167876102, 29.780703707632131 ], [ 76.895042076716948, 29.78069481522876 ], [ 76.89503867826204, 29.780514416099102 ], [ 76.895142077709167, 29.780512933759901 ], [ 76.895148875020212, 29.780873731992379 ], [ 76.89504547520275, 29.780875214353124 ], [ 76.895047174457218, 29.780965413913332 ], [ 76.894633574739842, 29.780971342570016 ] ] ] } },
{ "type": "Feature", "properties": { "pit_id": 114, "latitude": 29.551416, "longitude": 76.659306, "category": "pit", "area_ha": 2.09, "area_m2": 20900.0, "prob_max": 1.0, "prob_mean": 0.83, "new_pit": 0, "setting": "outside riverbed", "water_share": 0.967, "buildings_near": 0.018, "compactness": 0.411, "size_class": "large (>2 ha)", "google_maps": "https://www.google.com/maps?q=29.551416,76.659306" }, "geometry": { "type": "Polygon", "coordinates": [ [ [ 76.65887890415101, 29.552245865429281 ], [ 76.658877430328175, 29.552155651175479 ], [ 76.658774250922846, 29.55215693976012 ], [ 76.658772777198294, 29.552066725500318 ], [ 76.65856641855062, 29.552069302419984 ], [ 76.658564945015911, 29.551979088149462 ], [ 76.658461765773581, 29.551980376484469 ], [ 76.65845881890742, 29.551799947930178 ], [ 76.658561997966643, 29.551798659604579 ], [ 76.658563471487909, 29.551888873877669 ], [ 76.658769829769327, 29.551886296976836 ], [ 76.658766882367203, 29.55170586844817 ], [ 76.658663703412984, 29.551707156929226 ], [ 76.65866075622084, 29.55152672838598 ], [ 76.658557577443034, 29.551528016777539 ], [ 76.658554630460841, 29.551347588219731 ], [ 76.658451451859463, 29.551348876521807 ], [ 76.658442611623315, 29.550807590789088 ], [ 76.658545789675316, 29.550806302515234 ], [ 76.65854431623454, 29.550716088226636 ], [ 76.658750672135326, 29.55071351144813 ], [ 76.658749198518137, 29.550623297167629 ], [ 76.658852376366909, 29.55062200866297 ], [ 76.658853850075644, 29.550712222938763 ], [ 76.658957028009269, 29.550710934349325 ], [ 76.658958501816272, 29.550801148619115 ], [ 76.659061679834736, 29.550799859944899 ], [ 76.659063153740021, 29.550890074208684 ], [ 76.659372688029819, 29.550886207691491 ], [ 76.659371213849838, 29.550795993441824 ], [ 76.659887103740772, 29.550789547668568 ], [ 76.659888578378542, 29.550879761894702 ], [ 76.659991756428141, 29.550878472495118 ], [ 76.659993231164194, 29.550968686715251 ], [ 76.660096409298632, 29.550967397230888 ], [ 76.660097884132966, 29.55105761144501 ], [ 76.660201062352257, 29.551056321875866 ], [ 76.660212862001075, 29.551778035504661 ], [ 76.660006504090774, 29.551780614638208 ], [ 76.660007978893958, 29.551870828845402 ], [ 76.659801620773663, 29.551873407668069 ], [ 76.659803095400449, 29.551963621883395 ], [ 76.659596737070146, 29.551966200395167 ], [ 76.659598211520517, 29.552056414618622 ], [ 76.659288673700033, 29.552060281799839 ], [ 76.659290147882402, 29.552150496036106 ], [ 76.658980609726797, 29.552154362510748 ], [ 76.658982083641192, 29.55224457675984 ], [ 76.65887890415101, 29.552245865429281 ] ], [ [ 76.658766882367203, 29.55170586844817 ], [ 76.658870061314701, 29.551704579887051 ], [ 76.658868587532154, 29.551614365625486 ], [ 76.658765408676203, 29.551615654181912 ], [ 76.658766882367203, 29.55170586844817 ] ], [ [ 76.658971766381384, 29.551613076989 ], [ 76.659074945223907, 29.551611788272435 ], [ 76.659073471264932, 29.551521574018992 ], [ 76.65897029251397, 29.551522862730852 ], [ 76.658971766381384, 29.551613076989 ] ], [ [ 76.658867113756301, 29.551524151362646 ], [ 76.65897029251397, 29.551522862730852 ], [ 76.658968818653264, 29.551432648471405 ], [ 76.658865639987155, 29.551433937098484 ], [ 76.658867113756301, 29.551524151362646 ] ], [ [ 76.659273932245412, 29.551158139365988 ], [ 76.659480288967842, 29.551155561419399 ], [ 76.659478814676177, 29.551065347178312 ], [ 76.659272458136883, 29.5510679251155 ], [ 76.659273932245412, 29.551158139365988 ] ], [ [ 76.658550210037902, 29.551076945373296 ], [ 76.658653388357877, 29.551075657005256 ], [ 76.658650441259667, 29.550895228443927 ], [ 76.658547263122799, 29.550896516802549 ], [ 76.658550210037902, 29.551076945373296 ] ] ] } },
{ "type": "Feature", "properties": { "pit_id": 115, "latitude": 29.763628, "longitude": 76.967107, "category": "pit", "area_ha": 0.14, "area_m2": 1400.0, "prob_max": 1.0, "prob_mean": 0.81, "new_pit": 0, "setting": "outside riverbed", "water_share": 0.0, "buildings_near": 0.013, "compactness": 1.0, "size_class": "small (0.1-0.5 ha)", "google_maps": "https://www.google.com/maps?q=29.763628,76.967107" }, "geometry": { "type": "Polygon", "coordinates": [ [ [ 76.967007945166841, 29.763854674057583 ], [ 76.967002657583834, 29.763584086174909 ], [ 76.967209412903145, 29.763581010459529 ], [ 76.967207650206532, 29.763490814507158 ], [ 76.967414405308844, 29.763487738480094 ], [ 76.967412642435264, 29.763397542537589 ], [ 76.967516019881927, 29.763396004408573 ], [ 76.967514256923877, 29.763305808470324 ], [ 76.967721011608191, 29.763302731981344 ], [ 76.967722774751209, 29.763392927908409 ], [ 76.967516019881927, 29.763396004408573 ], [ 76.967519545822071, 29.763576396281096 ], [ 76.967622923445688, 29.763574858060178 ], [ 76.967624686520267, 29.763665053988859 ], [ 76.967417931080035, 29.76366813036114 ], [ 76.967419693977661, 29.763758326299676 ], [ 76.967316316153045, 29.763759864370336 ], [ 76.967314553347933, 29.763669668426211 ], [ 76.967417931080035, 29.76366813036114 ], [ 76.967416168190439, 29.763577934421289 ], [ 76.967209412903145, 29.763581010459529 ], [ 76.967211175607787, 29.763671206410567 ], [ 76.96710779785964, 29.76367274431421 ], [ 76.967109560479798, 29.763762940269501 ], [ 76.967212938320429, 29.763761402360281 ], [ 76.967214701041087, 29.763851598308669 ], [ 76.967007945166841, 29.763854674057583 ] ] ] } },
{ "type": "Feature", "properties": { "pit_id": 116, "latitude": 29.783449, "longitude": 77.064193, "category": "pit", "area_ha": 0.2, "area_m2": 2000.0, "prob_max": 1.0, "prob_mean": 0.97, "new_pit": 0, "setting": "outside riverbed", "water_share": 1.0, "buildings_near": 0.005, "compactness": 1.0, "size_class": "small (0.1-0.5 ha)", "google_maps": "https://www.google.com/maps?q=29.783449,77.064193" }, "geometry": { "type": "Polygon", "coordinates": [ [ [ 77.063995971896475, 29.783668117678996 ], [ 77.063992270128992, 29.783487737085981 ], [ 77.063888878196849, 29.783489351591342 ], [ 77.063887027418289, 29.783399161286962 ], [ 77.063990419257863, 29.783397546787469 ], [ 77.06398856839516, 29.783307356487626 ], [ 77.064091960133752, 29.783305741913235 ], [ 77.064090109186893, 29.783215551617907 ], [ 77.064400284074608, 29.783210707427745 ], [ 77.064409540281346, 29.783661658802981 ], [ 77.063995971896475, 29.783668117678996 ] ] ] } },
{ "type": "Feature", "properties": { "pit_id": 117, "latitude": 29.62257, "longitude": 76.540181, "category": "pit", "area_ha": 1.09, "area_m2": 10900.0, "prob_max": 1.0, "prob_mean": 0.829, "new_pit": 0, "setting": "outside riverbed", "water_share": 0.982, "buildings_near": 0.041, "compactness": 0.21, "size_class": "medium (0.5-2 ha)", "google_maps": "https://www.google.com/maps?q=29.622570,76.540181" }, "geometry": { "type": "Polygon", "coordinates": [ [ [ 76.540243923408084, 29.623335877367335 ], [ 76.540241178607431, 29.623155440318392 ], [ 76.540137920954464, 29.623156639369732 ], [ 76.540131059521727, 29.622705546703006 ], [ 76.540027802322072, 29.622706745652167 ], [ 76.540023685813111, 29.622436090023587 ], [ 76.539920428882965, 29.622437288879311 ], [ 76.539919056817723, 29.622347070329507 ], [ 76.540022313655939, 29.62234587147816 ], [ 76.54002094150502, 29.622255652931447 ], [ 76.540124198245095, 29.622254454004139 ], [ 76.54012145377817, 29.622074016915597 ], [ 76.540534479940717, 29.622069220438174 ], [ 76.540533107348978, 29.62197900190947 ], [ 76.540636363782099, 29.621977802593687 ], [ 76.540633618433517, 29.621797365541152 ], [ 76.540736874676568, 29.621796166153796 ], [ 76.540735501919741, 29.621705947629977 ], [ 76.540942014203267, 29.621703548623056 ], [ 76.540946133043931, 29.62197420416442 ], [ 76.541049389452056, 29.621973004527359 ], [ 76.541050762503374, 29.622063223034207 ], [ 76.541360531965964, 29.622059623627973 ], [ 76.541361905299254, 29.622149842120393 ], [ 76.541465161866199, 29.622148642153299 ], [ 76.541467908735342, 29.622329079125567 ], [ 76.541158138464269, 29.622332678812128 ], [ 76.541169123984901, 29.62305442675472 ], [ 76.541065866480068, 29.6230556265246 ], [ 76.541069985877684, 29.623326281994981 ], [ 76.540243923408084, 29.623335877367335 ] ], [ [ 76.540343063771303, 29.623064022664696 ], [ 76.540446321319848, 29.623062823457079 ], [ 76.540444948751315, 29.622972604938145 ], [ 76.540341691294657, 29.622973804141377 ], [ 76.540343063771303, 29.623064022664696 ] ], [ [ 76.540756093928067, 29.623059225352304 ], [ 76.540962608968997, 29.62305682621416 ], [ 76.540959862918996, 29.622876389218725 ], [ 76.540753348245744, 29.622878788339364 ], [ 76.540756093928067, 29.623059225352304 ] ], [ [ 76.54044357618902, 29.62288238641792 ], [ 76.540753348245744, 29.622878788339364 ], [ 76.540749229769119, 29.622608132810328 ], [ 76.540852486833117, 29.622606933303292 ], [ 76.540853859744331, 29.622697151809891 ], [ 76.540957116894006, 29.622695952218152 ], [ 76.540954370893999, 29.622515515212434 ], [ 76.540851113928156, 29.622516714795424 ], [ 76.540849741029447, 29.622426496286263 ], [ 76.541056254771036, 29.622424097048711 ], [ 76.541054881694762, 29.622333878547014 ], [ 76.540951624918989, 29.622335078201576 ], [ 76.540950251940856, 29.622244859694224 ], [ 76.540846995250746, 29.622246059264086 ], [ 76.540842876629583, 29.621975403721169 ], [ 76.540739620208953, 29.621976603197581 ], [ 76.540740992984524, 29.622066821717546 ], [ 76.54063773646574, 29.622068021118022 ], [ 76.540639109155649, 29.622158239641077 ], [ 76.540329339286103, 29.622161837373699 ], [ 76.540336201450629, 29.62261293003527 ], [ 76.540232944355381, 29.6226141291407 ], [ 76.540235689081086, 29.622794566205073 ], [ 76.540442203632978, 29.622792167896403 ], [ 76.54044357618902, 29.62288238641792 ] ], [ [ 76.540959862918996, 29.622876389218725 ], [ 76.54106312024625, 29.622875189537915 ], [ 76.541060374037414, 29.622694752546092 ], [ 76.540957116894006, 29.622695952218152 ], [ 76.540959862918996, 29.622876389218725 ] ] ] } },
{ "type": "Feature", "properties": { "pit_id": 118, "latitude": 29.549428, "longitude": 76.81569, "category": "pit", "area_ha": 0.22, "area_m2": 2200.0, "prob_max": 1.0, "prob_mean": 0.779, "new_pit": 0, "setting": "outside riverbed", "water_share": 1.0, "buildings_near": -0.0, "compactness": 0.686, "size_class": "small (0.1-0.5 ha)", "google_maps": "https://www.google.com/maps?q=29.549428,76.815690" }, "geometry": { "type": "Polygon", "coordinates": [ [ [ 76.815281387092952, 29.549659054334136 ], [ 76.815279774528577, 29.549568847542105 ], [ 76.815382942725165, 29.549567437533419 ], [ 76.815381330076605, 29.549477230745229 ], [ 76.815484498174328, 29.549475820661648 ], [ 76.815481272716184, 29.549295407091648 ], [ 76.814965433069389, 29.549302456657625 ], [ 76.814967045337184, 29.549392663469014 ], [ 76.814760709244027, 29.549395482745393 ], [ 76.814759097159296, 29.549305275923711 ], [ 76.814965433069389, 29.549302456657625 ], [ 76.814963820808956, 29.549212249844931 ], [ 76.815479659998132, 29.549205200304698 ], [ 76.815481272716184, 29.549295407091648 ], [ 76.81558444062351, 29.549293996938317 ], [ 76.815582827813941, 29.549203790156515 ], [ 76.815789163423517, 29.549200969620017 ], [ 76.815790776416151, 29.549291176391524 ], [ 76.815893944301436, 29.549289765998065 ], [ 76.815897170491766, 29.549470179526853 ], [ 76.815690834347734, 29.549473000254338 ], [ 76.815692447270862, 29.549563207027084 ], [ 76.815486110914406, 29.549566027444683 ], [ 76.815487723661832, 29.549656234226418 ], [ 76.815281387092952, 29.549659054334136 ] ] ] } },
{ "type": "Feature", "properties": { "pit_id": 119, "latitude": 29.706522, "longitude": 77.129228, "category": "pit", "area_ha": 0.22, "area_m2": 2200.0, "prob_max": 1.0, "prob_mean": 0.885, "new_pit": 0, "setting": "Yamuna riverbed", "water_share": 0.727, "buildings_near": 0.023, "compactness": 1.0, "size_class": "small (0.1-0.5 ha)", "google_maps": "https://www.google.com/maps?q=29.706522,77.129228" }, "geometry": { "type": "Polygon", "coordinates": [ [ [ 77.129187400711885, 29.707031550686605 ], [ 77.129183593900109, 29.706851175546479 ], [ 77.129080284884552, 29.706852837149992 ], [ 77.129065058720968, 29.706131336487523 ], [ 77.129168366999068, 29.706129674932374 ], [ 77.129172173672401, 29.706310050093933 ], [ 77.129275482126204, 29.706308388446196 ], [ 77.129271675268498, 29.70612801329672 ], [ 77.129374983529289, 29.706126351580579 ], [ 77.129380694105379, 29.706396914284635 ], [ 77.129484002634058, 29.706395252469846 ], [ 77.129485906268883, 29.706485440029141 ], [ 77.129382597648046, 29.70648710184998 ], [ 77.12938640475933, 29.706667476976641 ], [ 77.129283095945453, 29.706669138729072 ], [ 77.129290709903159, 29.707029888990494 ], [ 77.129187400711885, 29.707031550686605 ] ], [ [ 77.129179787122936, 29.706670800400993 ], [ 77.129283095945453, 29.706669138729072 ], [ 77.129281192477663, 29.706578951160363 ], [ 77.129177883747317, 29.70658061282624 ], [ 77.129179787122936, 29.706670800400993 ] ] ] } },
{ "type": "Feature", "properties": { "pit_id": 120, "latitude": 29.544302, "longitude": 76.812257, "category": "pit", "area_ha": 3.75, "area_m2": 37500.0, "prob_max": 1.0, "prob_mean": 0.972, "new_pit": 1, "setting": "outside riverbed", "water_share": 0.936, "buildings_near": 0.052, "compactness": 0.466, "size_class": "large (>2 ha)", "google_maps": "https://www.google.com/maps?q=29.544302,76.812257" }, "geometry": { "type": "Polygon", "coordinates": [ [ [ 76.811386922997244, 29.54538123194915 ], [ 76.811385314170948, 29.545291024904163 ], [ 76.811178985998495, 29.545293838264811 ], [ 76.811175768733904, 29.545113424150351 ], [ 76.811072604819699, 29.545114830700363 ], [ 76.811070996289899, 29.545024623636049 ], [ 76.810864668622528, 29.545027436485686 ], [ 76.810855018695563, 29.544486194010723 ], [ 76.810958181983892, 29.544484787656735 ], [ 76.810956573596854, 29.54439458057815 ], [ 76.811059736786362, 29.54439317414926 ], [ 76.811058128315139, 29.544302967074497 ], [ 76.811264454489177, 29.544300153986917 ], [ 76.811262845842293, 29.544209946921129 ], [ 76.811469171804035, 29.544207133523713 ], [ 76.811467562981463, 29.544116926466895 ], [ 76.811570725859852, 29.544115519653271 ], [ 76.811569116953109, 29.54402531260029 ], [ 76.811672279732662, 29.544023905711779 ], [ 76.811670670741748, 29.543933698662617 ], [ 76.811773833422478, 29.543932291699225 ], [ 76.811772224347393, 29.5438420846539 ], [ 76.811875386929302, 29.543840677615616 ], [ 76.811872168618109, 29.543660263531322 ], [ 76.811975331009691, 29.543658856423296 ], [ 76.811972112544836, 29.543478442344053 ], [ 76.812075274746093, 29.543477035166262 ], [ 76.812073665433147, 29.543386828129833 ], [ 76.812279989630682, 29.543384013544465 ], [ 76.812278380142075, 29.54329380651701 ], [ 76.812381542138354, 29.543292399109419 ], [ 76.812379932565591, 29.543202192085793 ], [ 76.812689418235962, 29.543197969398317 ], [ 76.812687808396035, 29.543107762388807 ], [ 76.812790970179989, 29.543106354671405 ], [ 76.812795799996252, 29.543376975680598 ], [ 76.812692637937801, 29.543378383413422 ], [ 76.812694247799726, 29.543468590419018 ], [ 76.812591085642438, 29.543469998076954 ], [ 76.812595914997686, 29.543740619101342 ], [ 76.812492752558569, 29.543742026694677 ], [ 76.812495971982401, 29.543922440714677 ], [ 76.812702297219261, 29.543919625427417 ], [ 76.812699077429443, 29.543739211427972 ], [ 76.812802239853895, 29.543737803674585 ], [ 76.812800629878481, 29.543647596678046 ], [ 76.812697467545547, 29.543649004426303 ], [ 76.812695857668956, 29.543558797423319 ], [ 76.812902182144526, 29.543555981857075 ], [ 76.812897352009799, 29.543285360871135 ], [ 76.813000513962095, 29.543283952983398 ], [ 76.812998903840352, 29.543193745990607 ], [ 76.813102065693812, 29.543192338027985 ], [ 76.813100455487913, 29.543102131039046 ], [ 76.813203617242564, 29.543100723001547 ], [ 76.813205227539953, 29.543190929985347 ], [ 76.813308389378761, 29.543189521862672 ], [ 76.813309999775001, 29.54327972884003 ], [ 76.813413161697966, 29.543278320632194 ], [ 76.813416382695408, 29.543458734572702 ], [ 76.813519544794033, 29.543457326274542 ], [ 76.813530819156597, 29.544088774989216 ], [ 76.813427656417488, 29.544090183323366 ], [ 76.813429266978545, 29.544180390282516 ], [ 76.813326104140614, 29.544181798541782 ], [ 76.8133277146175, 29.54427200550478 ], [ 76.813224551680733, 29.544273413689158 ], [ 76.813226162073448, 29.544363620655993 ], [ 76.81312299903783, 29.544365028765494 ], [ 76.81312621966228, 29.544545442705523 ], [ 76.813023056436336, 29.544546850745281 ], [ 76.813027887153495, 29.544817471660963 ], [ 76.812924723645708, 29.544818879636097 ], [ 76.812927943977471, 29.544999293583661 ], [ 76.812824780279357, 29.545000701489059 ], [ 76.812826390364734, 29.545090908466008 ], [ 76.811897915928228, 29.545103576059457 ], [ 76.811899525197376, 29.545193783081366 ], [ 76.811796361242955, 29.545195190196726 ], [ 76.811797970427946, 29.545285397222479 ], [ 76.811694806374689, 29.54528680426295 ], [ 76.811696415475495, 29.545377011292523 ], [ 76.811386922997244, 29.54538123194915 ] ] ] } },
{ "type": "Feature", "properties": { "pit_id": 121, "latitude": 29.706169, "longitude": 77.135841, "category": "pit", "area_ha": 0.16, "area_m2": 1600.0, "prob_max": 1.0, "prob_mean": 0.892, "new_pit": 0, "setting": "Yamuna riverbed", "water_share": 1.0, "buildings_near": -0.0, "compactness": 0.885, "size_class": "small (0.1-0.5 ha)", "google_maps": "https://www.google.com/maps?q=29.706169,77.135841" }, "geometry": { "type": "Polygon", "coordinates": [ [ [ 77.135583008650045, 29.706477437313186 ], [ 77.13557919049434, 29.706297062910529 ], [ 77.135682498503058, 29.706295396265688 ], [ 77.135676771058058, 29.706024834669847 ], [ 77.135780078781536, 29.706023167962705 ], [ 77.135778169558392, 29.705932980767461 ], [ 77.135984784794985, 29.705929647123824 ], [ 77.135986694202487, 29.706019834306929 ], [ 77.136090001899944, 29.706018167358291 ], [ 77.136095730451075, 29.706288728881358 ], [ 77.135992422477088, 29.706290395848193 ], [ 77.135990513043538, 29.706200208669102 ], [ 77.135887205153054, 29.706201875549379 ], [ 77.135889114494418, 29.706292062734519 ], [ 77.13578580650308, 29.706293729540356 ], [ 77.135787715760955, 29.706383916730221 ], [ 77.135684407668748, 29.706385583461621 ], [ 77.135686316843106, 29.706475770656219 ], [ 77.135583008650045, 29.706477437313186 ] ] ] } },
{ "type": "Feature", "properties": { "pit_id": 122, "latitude": 29.777441, "longitude": 76.804215, "category": "pit", "area_ha": 0.31, "area_m2": 3100.0, "prob_max": 1.0, "prob_mean": 0.922, "new_pit": 0, "setting": "outside riverbed", "water_share": 1.0, "buildings_near": 0.0, "compactness": 1.0, "size_class": "small (0.1-0.5 ha)", "google_maps": "https://www.google.com/maps?q=29.777441,76.804215" }, "geometry": { "type": "Polygon", "coordinates": [ [ [ 76.803971428863107, 29.777728367374202 ], [ 76.803961724548586, 29.77718714184202 ], [ 76.804065125905112, 29.777185730861824 ], [ 76.804063508452501, 29.777095526607003 ], [ 76.804270310958316, 29.777092704414496 ], [ 76.804271928596094, 29.777182908659068 ], [ 76.804375329930565, 29.777181497436505 ], [ 76.804376947668288, 29.777271701674625 ], [ 76.804480349087981, 29.77727029036615 ], [ 76.804488438349736, 29.777721311511485 ], [ 76.803971428863107, 29.777728367374202 ] ] ] } },
{ "type": "Feature", "properties": { "pit_id": 123, "latitude": 29.551469, "longitude": 76.814508, "category": "pit", "area_ha": 0.16, "area_m2": 1600.0, "prob_max": 1.0, "prob_mean": 0.924, "new_pit": 0, "setting": "outside riverbed", "water_share": 0.062, "buildings_near": 0.12, "compactness": 1.0, "size_class": "small (0.1-0.5 ha)", "google_maps": "https://www.google.com/maps?q=29.551469,76.814508" }, "geometry": { "type": "Polygon", "coordinates": [ [ [ 76.814183603289493, 29.551749316361825 ], [ 76.814180379844061, 29.551568902723279 ], [ 76.814283550135031, 29.551567493481887 ], [ 76.814281938331803, 29.551477286665818 ], [ 76.814385108523894, 29.551475877349521 ], [ 76.814381884756358, 29.551295463723722 ], [ 76.814897734691428, 29.55128841599295 ], [ 76.814899347029183, 29.551378622780753 ], [ 76.814796176965331, 29.551380032492165 ], [ 76.8147977892189, 29.551470239283834 ], [ 76.814591448886077, 29.551473058476784 ], [ 76.814593060963915, 29.551563265277416 ], [ 76.814489890694958, 29.551564674758957 ], [ 76.814491502688611, 29.55165488156344 ], [ 76.81428516194562, 29.551657700296673 ], [ 76.814286773763527, 29.551747907110137 ], [ 76.814183603289493, 29.551749316361825 ] ] ] } },
{ "type": "Feature", "properties": { "pit_id": 124, "latitude": 29.552264, "longitude": 76.743712, "category": "pit", "area_ha": 0.92, "area_m2": 9200.0, "prob_max": 1.0, "prob_mean": 0.969, "new_pit": 0, "setting": "outside riverbed", "water_share": 0.554, "buildings_near": 0.115, "compactness": 0.923, "size_class": "medium (0.5-2 ha)", "google_maps": "https://www.google.com/maps?q=29.552264,76.743712" }, "geometry": { "type": "Polygon", "coordinates": [ [ [ 76.743303775865641, 29.552698552422878 ], [ 76.743302227029801, 29.552608342138186 ], [ 76.743199051696934, 29.552609696303715 ], [ 76.743197502959674, 29.552519486012773 ], [ 76.743094327711319, 29.552520840093308 ], [ 76.743088133199052, 29.552159998896752 ], [ 76.743191308081222, 29.552158644835995 ], [ 76.74318975937922, 29.552068434538555 ], [ 76.743292934162795, 29.55206708040269 ], [ 76.74329138537631, 29.551976870108888 ], [ 76.743394560061262, 29.551975515897894 ], [ 76.743393011190278, 29.551885305607748 ], [ 76.743805709493373, 29.551879887982924 ], [ 76.743804160263238, 29.551789677711245 ], [ 76.744010509189366, 29.551786968428345 ], [ 76.744008959783187, 29.551696758165264 ], [ 76.744112134144132, 29.551695403408672 ], [ 76.74411523314663, 29.551875823923641 ], [ 76.744218407683604, 29.55187446907707 ], [ 76.744219957286973, 29.551964679327657 ], [ 76.744116782658452, 29.551966034179163 ], [ 76.744118332177337, 29.552056244433388 ], [ 76.744221506897418, 29.552054889576933 ], [ 76.744223056514898, 29.552145099824923 ], [ 76.744326231319462, 29.552143744883452 ], [ 76.744330880488931, 29.552414375604766 ], [ 76.744227705409713, 29.552415730561069 ], [ 76.74422925505543, 29.552505940803858 ], [ 76.744126079877603, 29.552507295685047 ], [ 76.744127629438808, 29.55259750593147 ], [ 76.743921278878872, 29.552600215463549 ], [ 76.743922828264061, 29.552690425718573 ], [ 76.743303775865641, 29.552698552422878 ] ] ] } },
{ "type": "Feature", "properties": { "pit_id": 125, "latitude": 29.775811, "longitude": 76.722458, "category": "pit", "area_ha": 0.1, "area_m2": 1000.0, "prob_max": 1.0, "prob_mean": 0.942, "new_pit": 0, "setting": "outside riverbed", "water_share": 0.0, "buildings_near": 0.0, "compactness": 1.0, "size_class": "small (0.1-0.5 ha)", "google_maps": "https://www.google.com/maps?q=29.775811,76.722458" }, "geometry": { "type": "Polygon", "coordinates": [ [ [ 76.722128839328363, 29.775932505886203 ], [ 76.722127295392397, 29.775842297628273 ], [ 76.722230699930762, 29.775840950689027 ], [ 76.722229155909233, 29.77575074243466 ], [ 76.722435964779706, 29.775748048323603 ], [ 76.722434420580001, 29.775657840077727 ], [ 76.722537824912123, 29.775656492905899 ], [ 76.722539369204426, 29.775746701146865 ], [ 76.722849582436453, 29.775742659131918 ], [ 76.722851127013556, 29.775832867356904 ], [ 76.722437508986431, 29.775838256568168 ], [ 76.722439053200176, 29.775928464811425 ], [ 76.722128839328363, 29.775932505886203 ] ] ] } },
{ "type": "Feature", "properties": { "pit_id": 126, "latitude": 29.77293, "longitude": 76.835851, "category": "pit", "area_ha": 0.38, "area_m2": 3800.0, "prob_max": 1.0, "prob_mean": 0.951, "new_pit": 0, "setting": "outside riverbed", "water_share": 0.921, "buildings_near": 0.04, "compactness": 0.965, "size_class": "small (0.1-0.5 ha)", "google_maps": "https://www.google.com/maps?q=29.772930,76.835851" }, "geometry": { "type": "Polygon", "coordinates": [ [ [ 76.835432977552202, 29.773144939378373 ], [ 76.835431332254743, 29.773054736643406 ], [ 76.835327936947138, 29.773056171967976 ], [ 76.835326291749709, 29.772965969226483 ], [ 76.835429686964758, 29.772964533907135 ], [ 76.835426396407215, 29.772784128430636 ], [ 76.835736581452181, 29.772779822019295 ], [ 76.835734935906942, 29.772689619294727 ], [ 76.836251910369526, 29.772682440353229 ], [ 76.836260140484356, 29.773133453832472 ], [ 76.835432977552202, 29.773144939378373 ] ] ] } },
{ "type": "Feature", "properties": { "pit_id": 127, "latitude": 29.770996, "longitude": 76.956953, "category": "pit", "area_ha": 0.62, "area_m2": 6200.0, "prob_max": 1.0, "prob_mean": 0.893, "new_pit": 0, "setting": "outside riverbed", "water_share": 0.194, "buildings_near": 0.094, "compactness": 0.782, "size_class": "medium (0.5-2 ha)", "google_maps": "https://www.google.com/maps?q=29.770996,76.956953" }, "geometry": { "type": "Polygon", "coordinates": [ [ [ 76.956917293645802, 29.771402629515148 ], [ 76.95691553961295, 29.771312433112289 ], [ 76.956812153379957, 29.771313963325003 ], [ 76.95681039944759, 29.77122376691527 ], [ 76.956603627142769, 29.771226827087343 ], [ 76.956601873403415, 29.771136630665154 ], [ 76.956498487331572, 29.771138160624528 ], [ 76.956496733692717, 29.771047964195461 ], [ 76.956393347705415, 29.771049494068514 ], [ 76.95638808711422, 29.770778904756661 ], [ 76.956491472823942, 29.77077737490028 ], [ 76.956489719216947, 29.770687178465916 ], [ 76.957316803867727, 29.770674936752652 ], [ 76.957318558214865, 29.770765133142532 ], [ 76.957421943852864, 29.770763602559477 ], [ 76.957430716170805, 29.771214584461205 ], [ 76.957327330070186, 29.771216115072072 ], [ 76.957329084465172, 29.771306311454001 ], [ 76.957225698264068, 29.771307841989692 ], [ 76.957227452574514, 29.771398038375867 ], [ 76.956917293645802, 29.771402629515148 ] ], [ [ 76.956699998019502, 29.770864511367222 ], [ 76.956803383797833, 29.770862981263054 ], [ 76.956801629905314, 29.770772784846688 ], [ 76.956698244219496, 29.770774314945292 ], [ 76.956699998019502, 29.770864511367222 ] ] ] } },
{ "type": "Feature", "properties": { "pit_id": 128, "latitude": 29.552063, "longitude": 76.810161, "category": "pit", "area_ha": 2.83, "area_m2": 28300.0, "prob_max": 1.0, "prob_mean": 0.829, "new_pit": 0, "setting": "outside riverbed", "water_share": 0.912, "buildings_near": 0.13, "compactness": 0.521, "size_class": "large (>2 ha)", "google_maps": "https://www.google.com/maps?q=29.552063,76.810161" }, "geometry": { "type": "Polygon", "coordinates": [ [ [ 76.809042749368615, 29.552811954622602 ], [ 76.809041142138483, 29.552721747561424 ], [ 76.808937970375339, 29.552723152781695 ], [ 76.808931541894182, 29.552362324503427 ], [ 76.808828370489877, 29.552363729623103 ], [ 76.808825156476288, 29.552183315465886 ], [ 76.808721985247743, 29.552184720495262 ], [ 76.808717164556839, 29.551914099234235 ], [ 76.808923506457376, 29.551911289126224 ], [ 76.808921899391976, 29.551821082046875 ], [ 76.809025070239741, 29.551819676877916 ], [ 76.809021855947805, 29.551639262725544 ], [ 76.809125026605187, 29.551637857486803 ], [ 76.809126633839028, 29.551728064558507 ], [ 76.809332975314888, 29.551725253830579 ], [ 76.809331367897983, 29.55163504676915 ], [ 76.809640879782293, 29.551630830092268 ], [ 76.809639272098082, 29.551540623044914 ], [ 76.809845613134627, 29.551537811536996 ], [ 76.80984400527467, 29.551447604498605 ], [ 76.810050346098862, 29.55144479268073 ], [ 76.810048738063159, 29.551354585651314 ], [ 76.810770930076416, 29.551344741803074 ], [ 76.810772538752857, 29.551434948796555 ], [ 76.810875709102703, 29.551433542207171 ], [ 76.810877317877996, 29.551523749194232 ], [ 76.810980488312055, 29.551522342519661 ], [ 76.810982097186212, 29.551612549500252 ], [ 76.81108526770447, 29.551611142740498 ], [ 76.811086876677479, 29.551701349714655 ], [ 76.81119004727995, 29.55169994286971 ], [ 76.811194874517568, 29.551970563768943 ], [ 76.811298045387318, 29.551969156828527 ], [ 76.811299654572693, 29.552059363787187 ], [ 76.81140282552667, 29.552057956761587 ], [ 76.811404434810925, 29.552148163713806 ], [ 76.811507605849087, 29.552146756603019 ], [ 76.811509215232206, 29.552236963548786 ], [ 76.811715557469654, 29.55223414907675 ], [ 76.811720386212201, 29.552504769875419 ], [ 76.811514043425532, 29.552507584378276 ], [ 76.811515652837954, 29.552597791318828 ], [ 76.810690280665895, 29.552609046169142 ], [ 76.810688671985773, 29.552518839187492 ], [ 76.810585500522848, 29.552520245678394 ], [ 76.81058389194159, 29.5524300386903 ], [ 76.809655349269505, 29.552442693459682 ], [ 76.809656957026917, 29.552532900493972 ], [ 76.809450613947291, 29.552535711794601 ], [ 76.809452221528929, 29.552625918837851 ], [ 76.809349049886592, 29.552627324373208 ], [ 76.809350657384016, 29.552717531420299 ], [ 76.809247485642828, 29.55271893688073 ], [ 76.809249093056039, 29.55280914393164 ], [ 76.809042749368615, 29.552811954622602 ] ], [ [ 76.809855260448074, 29.55207905373992 ], [ 76.809958431504569, 29.552077647835084 ], [ 76.809956823509154, 29.551987440809658 ], [ 76.809853652544192, 29.551988846709367 ], [ 76.809855260448074, 29.55207905373992 ] ] ] } },
{ "type": "Feature", "properties": { "pit_id": 129, "latitude": 29.574769, "longitude": 77.100988, "category": "pit", "area_ha": 0.26, "area_m2": 2600.0, "prob_max": 1.0, "prob_mean": 0.865, "new_pit": 0, "setting": "Yamuna riverbed", "water_share": 0.115, "buildings_near": 0.0, "compactness": 0.918, "size_class": "small (0.1-0.5 ha)", "google_maps": "https://www.google.com/maps?q=29.574769,77.100988" }, "geometry": { "type": "Polygon", "coordinates": [ [ [ 77.10081686794453, 29.575132377978772 ], [ 77.100809395833195, 29.574771613894693 ], [ 77.100706219663337, 29.574773246768682 ], [ 77.100704351748348, 29.574683055738394 ], [ 77.100807527826618, 29.574681422870345 ], [ 77.10080379183897, 29.574501040817641 ], [ 77.100906967725592, 29.57449940788144 ], [ 77.100905099652934, 29.574409216859049 ], [ 77.101111451217506, 29.574405950758337 ], [ 77.101117056010438, 29.574676523785758 ], [ 77.1012202320547, 29.574674890597404 ], [ 77.101227705597282, 29.575035654591463 ], [ 77.100918176340031, 29.575040553987797 ], [ 77.10092004447219, 29.575130745000848 ], [ 77.10081686794453, 29.575132377978772 ] ] ] } },
{ "type": "Feature", "properties": { "pit_id": 130, "latitude": 29.765524, "longitude": 77.084793, "category": "pit", "area_ha": 0.23, "area_m2": 2300.0, "prob_max": 1.0, "prob_mean": 0.911, "new_pit": 0, "setting": "outside riverbed", "water_share": 0.478, "buildings_near": 0.045, "compactness": 0.968, "size_class": "small (0.1-0.5 ha)", "google_maps": "https://www.google.com/maps?q=29.765524,77.084793" }, "geometry": { "type": "Polygon", "coordinates": [ [ [ 77.084727079364171, 29.765930547681346 ], [ 77.084725211234229, 29.765840358330074 ], [ 77.084621838787896, 29.765841988173307 ], [ 77.084618102738403, 29.765661609454884 ], [ 77.08472147499981, 29.765659979623496 ], [ 77.08471960689532, 29.765569790268209 ], [ 77.084616234726397, 29.765571420093671 ], [ 77.084610630741281, 29.765300852002017 ], [ 77.084714002632808, 29.765299222194333 ], [ 77.084710266500238, 29.765118843471704 ], [ 77.084917009887974, 29.765115583637911 ], [ 77.084922614654346, 29.765386151684297 ], [ 77.085025986612877, 29.76538452162858 ], [ 77.085027854977767, 29.765474710968768 ], [ 77.08492448292678, 29.765476341030414 ], [ 77.084926351207713, 29.765566530375182 ], [ 77.084822979055758, 29.765568160362054 ], [ 77.084824847252719, 29.765658349711408 ], [ 77.084928219497129, 29.765656719718621 ], [ 77.084933824416296, 29.765927287740922 ], [ 77.084727079364171, 29.765930547681346 ] ] ] } },
{ "type": "Feature", "properties": { "pit_id": 131, "latitude": 29.764941, "longitude": 77.085569, "category": "pit", "area_ha": 0.77, "area_m2": 7700.0, "prob_max": 1.0, "prob_mean": 0.909, "new_pit": 0, "setting": "outside riverbed", "water_share": 0.779, "buildings_near": 0.005, "compactness": 0.384, "size_class": "medium (0.5-2 ha)", "google_maps": "https://www.google.com/maps?q=29.764941,77.085569" }, "geometry": { "type": "Polygon", "coordinates": [ [ [ 77.08524020475474, 29.765742018580369 ], [ 77.085234599054289, 29.765471450603371 ], [ 77.085131227020284, 29.765473080826425 ], [ 77.085127490114019, 29.76529270215655 ], [ 77.085334233803692, 29.765289441653454 ], [ 77.085332365178374, 29.765199252328362 ], [ 77.085228993430249, 29.765200882614334 ], [ 77.085227124905884, 29.765110693281976 ], [ 77.085330496561539, 29.765109063001926 ], [ 77.085328627953203, 29.765018873674162 ], [ 77.085121884818321, 29.765022134141709 ], [ 77.085114411209574, 29.764661376769869 ], [ 77.085217782411391, 29.764659746600149 ], [ 77.085215913937972, 29.764569557259769 ], [ 77.085939511465796, 29.76455814385362 ], [ 77.085935773249943, 29.764377765251815 ], [ 77.085832402384938, 29.76437939596865 ], [ 77.085830533382207, 29.764289206659811 ], [ 77.085933904154757, 29.764287575948899 ], [ 77.085930165989851, 29.764107197339072 ], [ 77.086136907139618, 29.764103935698877 ], [ 77.086138776402748, 29.764194124992599 ], [ 77.086035405739636, 29.764195755858982 ], [ 77.086037274918809, 29.76428594515729 ], [ 77.086244016421432, 29.764282683331988 ], [ 77.086251493962678, 29.764643440464472 ], [ 77.086044751720351, 29.76464670233721 ], [ 77.086042882507229, 29.764556513044234 ], [ 77.085939511465796, 29.76455814385362 ], [ 77.085941380586462, 29.764648333152518 ], [ 77.085838009444061, 29.76464996388713 ], [ 77.085839878480769, 29.764740153190616 ], [ 77.085736507237414, 29.764741783850461 ], [ 77.085742114121075, 29.765012351770668 ], [ 77.08563874259184, 29.765013982367595 ], [ 77.085644349274517, 29.765284550293558 ], [ 77.085540977459416, 29.765286180827552 ], [ 77.085542846278159, 29.76537637013946 ], [ 77.085646218185744, 29.76537473959953 ], [ 77.085651824970327, 29.765645307509423 ], [ 77.085548452785346, 29.765646938067132 ], [ 77.085550321638053, 29.765737127373697 ], [ 77.08524020475474, 29.765742018580369 ] ] ] } },
{ "type": "Feature", "properties": { "pit_id": 132, "latitude": 29.573736, "longitude": 77.101514, "category": "pit", "area_ha": 0.43, "area_m2": 4300.0, "prob_max": 1.0, "prob_mean": 0.872, "new_pit": 0, "setting": "Yamuna riverbed", "water_share": 0.186, "buildings_near": 0.0, "compactness": 0.581, "size_class": "small (0.1-0.5 ha)", "google_maps": "https://www.google.com/maps?q=29.573736,77.101514" }, "geometry": { "type": "Polygon", "coordinates": [ [ [ 77.101629198693828, 29.574487975085848 ], [ 77.101619855210458, 29.574037020169147 ], [ 77.101516679841239, 29.574038653636091 ], [ 77.101514811261652, 29.573948462642782 ], [ 77.101411635975509, 29.573950096023694 ], [ 77.101407899024991, 29.573769714021179 ], [ 77.101304723913501, 29.573771347310082 ], [ 77.101302855542571, 29.573681156300864 ], [ 77.101199680514128, 29.573682789503735 ], [ 77.10119594398094, 29.57350240746938 ], [ 77.100989594264874, 29.573505673611059 ], [ 77.100985858131963, 29.573325291547526 ], [ 77.101295382143903, 29.573320392250636 ], [ 77.101299118826233, 29.573500774278415 ], [ 77.101402293663014, 29.573499141007385 ], [ 77.101398556797534, 29.573318758991533 ], [ 77.101604906079316, 29.573315492233085 ], [ 77.101608643311067, 29.573495874225106 ], [ 77.10171181812234, 29.573494240713849 ], [ 77.101713686842544, 29.573584431701889 ], [ 77.101816861736879, 29.573582798104592 ], [ 77.101824337069061, 29.573943562019597 ], [ 77.101721161808427, 29.573945195640739 ], [ 77.101723030571165, 29.574035386622121 ], [ 77.101826205923359, 29.574033752995021 ], [ 77.101829943657506, 29.574214134941865 ], [ 77.101726768122148, 29.574215768580878 ], [ 77.101732374512423, 29.574486341509015 ], [ 77.101629198693828, 29.574487975085848 ] ] ] } },
{ "type": "Feature", "properties": { "pit_id": 133, "latitude": 29.719455, "longitude": 77.047952, "category": "pit", "area_ha": 0.23, "area_m2": 2300.0, "prob_max": 1.0, "prob_mean": 0.809, "new_pit": 0, "setting": "outside riverbed", "water_share": 0.0, "buildings_near": 0.0, "compactness": 0.638, "size_class": "small (0.1-0.5 ha)", "google_maps": "https://www.google.com/maps?q=29.719455,77.047952" }, "geometry": { "type": "Polygon", "coordinates": [ [ [ 77.047389710592071, 29.719779935712985 ], [ 77.047387879329321, 29.719689743604238 ], [ 77.047181224201239, 29.719692940365245 ], [ 77.047179393131344, 29.719602748243528 ], [ 77.047386048074898, 29.719599551494156 ], [ 77.047384216828803, 29.719509359382744 ], [ 77.047487544195832, 29.719507760893034 ], [ 77.047485712865807, 29.719417568786099 ], [ 77.047589040132237, 29.719415970221654 ], [ 77.047587208718269, 29.719325778119202 ], [ 77.047793863041662, 29.719322580760252 ], [ 77.047792031451507, 29.7192323886681 ], [ 77.047998685557047, 29.719229190998558 ], [ 77.047996853790693, 29.719138998916705 ], [ 77.048203507678437, 29.719135800936559 ], [ 77.048205339629305, 29.719225993006777 ], [ 77.048308666652943, 29.719224393890045 ], [ 77.048310498704396, 29.719314585953104 ], [ 77.048103844464279, 29.719317784117653 ], [ 77.048107508223154, 29.719498168263037 ], [ 77.047797526246967, 29.719502964940556 ], [ 77.047795694640158, 29.719412772851065 ], [ 77.047589040132237, 29.719415970221654 ], [ 77.047592702985156, 29.719596354422549 ], [ 77.047489375534184, 29.71959795299863 ], [ 77.047491206880864, 29.7196881451029 ], [ 77.047594534424093, 29.719686546520997 ], [ 77.047596365871371, 29.719776738618116 ], [ 77.047389710592071, 29.719779935712985 ] ] ] } },
{ "type": "Feature", "properties": { "pit_id": 134, "latitude": 29.720199, "longitude": 77.046571, "category": "pit", "area_ha": 0.18, "area_m2": 1800.0, "prob_max": 1.0, "prob_mean": 0.845, "new_pit": 0, "setting": "outside riverbed", "water_share": 0.0, "buildings_near": 0.0, "compactness": 0.622, "size_class": "small (0.1-0.5 ha)", "google_maps": "https://www.google.com/maps?q=29.720199,77.046571" }, "geometry": { "type": "Polygon", "coordinates": [ [ [ 77.046267748243125, 29.72051905130839 ], [ 77.046265917928707, 29.720428859146345 ], [ 77.046369246309922, 29.720427261484659 ], [ 77.046367415911575, 29.720337069327098 ], [ 77.046574072464495, 29.720333873773676 ], [ 77.046572241889933, 29.720243681626407 ], [ 77.046468913709901, 29.720245279437592 ], [ 77.04646708323591, 29.720155087283171 ], [ 77.046570411323685, 29.720153489477802 ], [ 77.046568580765751, 29.720063297327865 ], [ 77.046671908752955, 29.720061699447754 ], [ 77.046670078111077, 29.719971507302304 ], [ 77.046773405997683, 29.719969909347441 ], [ 77.046771575271876, 29.719879717206467 ], [ 77.046978230835592, 29.719876521066688 ], [ 77.046980061745927, 29.719966713196033 ], [ 77.04708338960755, 29.719965114999493 ], [ 77.047085220618484, 29.72005530712168 ], [ 77.046981892664576, 29.720056905324039 ], [ 77.046983723591566, 29.720147097450724 ], [ 77.046880395537087, 29.720148695578331 ], [ 77.04688222638012, 29.720238887709499 ], [ 77.046778898225043, 29.720240485762361 ], [ 77.046780728984146, 29.720330677897994 ], [ 77.04667740072847, 29.720332275876121 ], [ 77.04667923140363, 29.720422468016245 ], [ 77.046369246309922, 29.720427261484659 ], [ 77.046371076716596, 29.720517453640898 ], [ 77.046267748243125, 29.72051905130839 ] ], [ [ 77.046675570061652, 29.720242083734664 ], [ 77.046778898225043, 29.720240485762361 ], [ 77.046777067474267, 29.720150293625384 ], [ 77.046673739403147, 29.720151891591875 ], [ 77.046675570061652, 29.720242083734664 ] ], [ [ 77.046775236731818, 29.720060101487082 ], [ 77.046878564702354, 29.720058503445848 ], [ 77.046876733875962, 29.719968311312019 ], [ 77.046773405997683, 29.719969909347441 ], [ 77.046775236731818, 29.720060101487082 ] ] ] } },
{ "type": "Feature", "properties": { "pit_id": 135, "latitude": 29.719097, "longitude": 77.137962, "category": "pit", "area_ha": 0.15, "area_m2": 1500.0, "prob_max": 1.0, "prob_mean": 0.696, "new_pit": 0, "setting": "Yamuna riverbed", "water_share": 1.0, "buildings_near": -0.0, "compactness": 0.882, "size_class": "small (0.1-0.5 ha)", "google_maps": "https://www.google.com/maps?q=29.719097,77.137962" }, "geometry": { "type": "Polygon", "coordinates": [ [ [ 77.138031580745448, 29.71960971891297 ], [ 77.138023931650906, 29.719248971395235 ], [ 77.137920610537762, 29.719250640524319 ], [ 77.137916786227137, 29.719070266745266 ], [ 77.13802010715581, 29.719068597628326 ], [ 77.13801628269546, 29.718888223856034 ], [ 77.137602999666555, 29.718894899791984 ], [ 77.137599175978877, 29.718714525965769 ], [ 77.137702496564657, 29.718712857114742 ], [ 77.13770440849639, 29.718803044022454 ], [ 77.138014370478317, 29.718798036967893 ], [ 77.13801628269546, 29.718888223856034 ], [ 77.138119603430951, 29.718886554670696 ], [ 77.138134902218852, 29.719608049679053 ], [ 77.138031580745448, 29.71960971891297 ] ] ] } },
{ "type": "Feature", "properties": { "pit_id": 136, "latitude": 29.575915, "longitude": 76.979054, "category": "pit", "area_ha": 0.48, "area_m2": 4800.0, "prob_max": 1.0, "prob_mean": 0.919, "new_pit": 0, "setting": "outside riverbed", "water_share": 0.854, "buildings_near": 0.024, "compactness": 0.686, "size_class": "small (0.1-0.5 ha)", "google_maps": "https://www.google.com/maps?q=29.575915,76.979054" }, "geometry": { "type": "Polygon", "coordinates": [ [ [ 76.979048675701833, 29.576281903260139 ], [ 76.979045155928503, 29.576101507544145 ], [ 76.978941970566126, 29.576103045874351 ], [ 76.97894021078308, 29.576012848008769 ], [ 76.978527469619891, 29.576019000506111 ], [ 76.978520432033633, 29.57565820894072 ], [ 76.979449096172601, 29.575644364221429 ], [ 76.979461417804174, 29.576275749093323 ], [ 76.979048675701833, 29.576281903260139 ] ], [ [ 76.97893669124106, 29.575832452273609 ], [ 76.979039876328599, 29.575830913960235 ], [ 76.979038116477994, 29.575740716096295 ], [ 76.978934931482044, 29.575742254404059 ], [ 76.97893669124106, 29.575832452273609 ] ] ] } },
{ "type": "Feature", "properties": { "pit_id": 137, "latitude": 29.763313, "longitude": 77.104733, "category": "pit", "area_ha": 0.12, "area_m2": 1200.0, "prob_max": 1.0, "prob_mean": 0.944, "new_pit": 0, "setting": "outside riverbed", "water_share": 0.75, "buildings_near": 0.0, "compactness": 1.0, "size_class": "small (0.1-0.5 ha)", "google_maps": "https://www.google.com/maps?q=29.763313,77.104733" }, "geometry": { "type": "Polygon", "coordinates": [ [ [ 77.104529190210982, 29.763451604028308 ], [ 77.104523533203491, 29.763181039302264 ], [ 77.104937006737813, 29.763174457766237 ], [ 77.104942664854732, 29.76344502242052 ], [ 77.104529190210982, 29.763451604028308 ] ] ] } },
{ "type": "Feature", "properties": { "pit_id": 138, "latitude": 29.762834, "longitude": 77.104717, "category": "pit", "area_ha": 0.16, "area_m2": 1600.0, "prob_max": 1.0, "prob_mean": 0.895, "new_pit": 0, "setting": "outside riverbed", "water_share": 0.938, "buildings_near": 0.0, "compactness": 1.0, "size_class": "small (0.1-0.5 ha)", "google_maps": "https://www.google.com/maps?q=29.762834,77.104717" }, "geometry": { "type": "Polygon", "coordinates": [ [ [ 77.104416393687913, 29.76300230798185 ], [ 77.104414508145467, 29.762912119728494 ], [ 77.104517876273107, 29.762910474564158 ], [ 77.104514105029025, 29.762730098065393 ], [ 77.104617472963213, 29.762728452832317 ], [ 77.104615587261563, 29.762638264586908 ], [ 77.104925690735357, 29.76263332842149 ], [ 77.104933234702713, 29.762994081323335 ], [ 77.104416393687913, 29.76300230798185 ] ] ] } },
{ "type": "Feature", "properties": { "pit_id": 139, "latitude": 29.521914, "longitude": 76.677934, "category": "pit", "area_ha": 0.44, "area_m2": 4400.0, "prob_max": 1.0, "prob_mean": 0.883, "new_pit": 0, "setting": "outside riverbed", "water_share": 0.727, "buildings_near": 0.024, "compactness": 0.384, "size_class": "small (0.1-0.5 ha)", "google_maps": "https://www.google.com/maps?q=29.521914,76.677934" }, "geometry": { "type": "Polygon", "coordinates": [ [ [ 76.678922463660072, 29.52239780701824 ], [ 76.678916504432436, 29.522036952066244 ], [ 76.678813356654885, 29.522038255009573 ], [ 76.678807397901508, 29.521677400017847 ], [ 76.678704250482852, 29.521678702862168 ], [ 76.678702760902894, 29.521588489106222 ], [ 76.678599613568878, 29.521589791865811 ], [ 76.678601103057417, 29.521680005626507 ], [ 76.678291660740413, 29.521683913439674 ], [ 76.678294639189303, 29.521864340985722 ], [ 76.678088343911682, 29.521866945813667 ], [ 76.678089832963451, 29.521957159594265 ], [ 76.677986685223047, 29.521958461893036 ], [ 76.67798817419019, 29.522048675677095 ], [ 76.677885026351575, 29.52204997790065 ], [ 76.677883537475864, 29.52195976411182 ], [ 76.677780389721903, 29.521961066250626 ], [ 76.677778900944389, 29.521870852455745 ], [ 76.677882048606946, 29.521869550321689 ], [ 76.677880559744793, 29.521779336530276 ], [ 76.678086854866692, 29.521776732031761 ], [ 76.67808536582848, 29.521686518248575 ], [ 76.678188513287836, 29.521685215884116 ], [ 76.678187024164984, 29.521595002104387 ], [ 76.678290171526143, 29.521593699664702 ], [ 76.678288682318652, 29.521503485888438 ], [ 76.678494976837754, 29.521500880778671 ], [ 76.678493487454205, 29.521410667010635 ], [ 76.678699781763328, 29.521408061590492 ], [ 76.67869829220372, 29.521317847830684 ], [ 76.678801439256688, 29.521316545005412 ], [ 76.678802928907714, 29.521406758760456 ], [ 76.678906076045322, 29.521405455850449 ], [ 76.678907565794546, 29.521495669599439 ], [ 76.679010713016794, 29.521494366604689 ], [ 76.679018162321853, 29.52194543530646 ], [ 76.679121309994414, 29.521944132207935 ], [ 76.679122799967203, 29.522034345939637 ], [ 76.679019652203223, 29.522035649042927 ], [ 76.679021142091372, 29.522125862778104 ], [ 76.679124289946785, 29.522124559670054 ], [ 76.679127269926298, 29.522304987127011 ], [ 76.679024121888034, 29.52230629024459 ], [ 76.679025611796547, 29.522396503975877 ], [ 76.678922463660072, 29.52239780701824 ] ] ] } },
{ "type": "Feature", "properties": { "pit_id": 140, "latitude": 29.843512, "longitude": 76.804761, "category": "pit", "area_ha": 0.49, "area_m2": 4900.0, "prob_max": 1.0, "prob_mean": 0.908, "new_pit": 0, "setting": "outside riverbed", "water_share": 0.816, "buildings_near": 0.006, "compactness": 0.805, "size_class": "small (0.1-0.5 ha)", "google_maps": "https://www.google.com/maps?q=29.843512,76.804761" }, "geometry": { "type": "Polygon", "coordinates": [ [ [ 76.804226113709873, 29.843770257176711 ], [ 76.804218004006685, 29.843319240475285 ], [ 76.805356166994045, 29.843303681885985 ], [ 76.805357789941766, 29.843393885172421 ], [ 76.805461259352924, 29.843392470264064 ], [ 76.805462882400903, 29.843482673544067 ], [ 76.805359412896848, 29.843484088457561 ], [ 76.805361035859306, 29.843574291741369 ], [ 76.805257566254994, 29.843575706578996 ], [ 76.805259189131931, 29.843665909866637 ], [ 76.804741840535314, 29.843672982865385 ], [ 76.804743462955145, 29.843763186177384 ], [ 76.804226113709873, 29.843770257176711 ] ] ] } },
{ "type": "Feature", "properties": { "pit_id": 141, "latitude": 29.842443, "longitude": 77.022849, "category": "pit", "area_ha": 0.46, "area_m2": 4600.0, "prob_max": 1.0, "prob_mean": 0.867, "new_pit": 0, "setting": "outside riverbed", "water_share": 1.0, "buildings_near": 0.072, "compactness": 0.561, "size_class": "small (0.1-0.5 ha)", "google_maps": "https://www.google.com/maps?q=29.842443,77.022849" }, "geometry": { "type": "Polygon", "coordinates": [ [ [ 77.022889931034058, 29.843036861935701 ], [ 77.02288629424514, 29.8428564783285 ], [ 77.022782838557816, 29.842858063542003 ], [ 77.022779201987632, 29.842677679917958 ], [ 77.022675746477731, 29.842679265038988 ], [ 77.022672110126251, 29.842498881398125 ], [ 77.022568654793773, 29.842500466426685 ], [ 77.022563200606982, 29.842229890938114 ], [ 77.022459745544779, 29.842231475868452 ], [ 77.022454291710801, 29.841960900350646 ], [ 77.022764656037083, 29.841956145368492 ], [ 77.022766474251995, 29.842046337191835 ], [ 77.02297338394726, 29.84204316678743 ], [ 77.022975202356093, 29.842133358597934 ], [ 77.023078657284188, 29.842131773268537 ], [ 77.023082294312346, 29.842312156874055 ], [ 77.022875384076571, 29.842315327474903 ], [ 77.022877202417348, 29.84240551928718 ], [ 77.023187568037145, 29.842400763247191 ], [ 77.023194842596951, 29.842761530413881 ], [ 77.02309138702725, 29.842763115864521 ], [ 77.023095024171027, 29.84294349945138 ], [ 77.022991568407377, 29.842945084832554 ], [ 77.022993386898818, 29.843035276629728 ], [ 77.022889931034058, 29.843036861935701 ] ], [ [ 77.022770110706617, 29.842226720834539 ], [ 77.02287356574405, 29.842225135661312 ], [ 77.022871747419771, 29.842134943846375 ], [ 77.022768292475178, 29.842136529013853 ], [ 77.022770110706617, 29.842226720834539 ] ], [ [ 77.022664837522328, 29.842138114100379 ], [ 77.022768292475178, 29.842136529013853 ], [ 77.022766474251995, 29.842046337191835 ], [ 77.022663019391999, 29.842047922272606 ], [ 77.022664837522328, 29.842138114100379 ] ] ] } },
{ "type": "Feature", "properties": { "pit_id": 142, "latitude": 29.87687, "longitude": 76.922261, "category": "pit", "area_ha": 0.41, "area_m2": 4100.0, "prob_max": 1.0, "prob_mean": 0.934, "new_pit": 0, "setting": "outside riverbed", "water_share": 1.0, "buildings_near": 0.127, "compactness": 0.902, "size_class": "small (0.1-0.5 ha)", "google_maps": "https://www.google.com/maps?q=29.876870,76.922261" }, "geometry": { "type": "Polygon", "coordinates": [ [ [ 76.922128574617588, 29.877383267986509 ], [ 76.922126844362566, 29.877293071169245 ], [ 76.922023346859348, 29.877294579021569 ], [ 76.922011235945405, 29.87666320122543 ], [ 76.922114732797453, 29.876661693411378 ], [ 76.922111272420977, 29.876481299754349 ], [ 76.922214769079133, 29.876479791870143 ], [ 76.922213038809659, 29.876389595045104 ], [ 76.922420031916374, 29.876386579044357 ], [ 76.922423492835264, 29.876566972671224 ], [ 76.922526989562883, 29.876565464538277 ], [ 76.922535642462762, 29.877016448554919 ], [ 76.922432145270008, 29.877017956715214 ], [ 76.922435606298905, 29.877198350323532 ], [ 76.922332108912258, 29.877199858413679 ], [ 76.92233383934547, 29.877290055221309 ], [ 76.922230341857954, 29.877291563235822 ], [ 76.922232072205986, 29.877381760047616 ], [ 76.922128574617588, 29.877383267986509 ] ] ] } },
{ "type": "Feature", "properties": { "pit_id": 143, "latitude": 29.635656, "longitude": 76.941997, "category": "pit", "area_ha": 0.08, "area_m2": 800.0, "prob_max": 1.0, "prob_mean": 0.998, "new_pit": 0, "setting": "outside riverbed", "water_share": 1.0, "buildings_near": -0.0, "compactness": 1.0, "size_class": "tiny (<0.1 ha)", "google_maps": "https://www.google.com/maps?q=29.635656,76.941997" }, "geometry": { "type": "Polygon", "coordinates": [ [ [ 76.941896714772071, 29.635837594931388 ], [ 76.941889790642236, 29.635476798693716 ], [ 76.942096286883597, 29.635473774050531 ], [ 76.942103211748588, 29.635834570244104 ], [ 76.941896714772071, 29.635837594931388 ] ] ] } },
{ "type": "Feature", "properties": { "pit_id": 144, "latitude": 29.489707, "longitude": 76.575801, "category": "pit", "area_ha": 0.27, "area_m2": 2700.0, "prob_max": 1.0, "prob_mean": 0.95, "new_pit": 0, "setting": "outside riverbed", "water_share": 0.963, "buildings_near": 0.128, "compactness": 0.993, "size_class": "small (0.1-0.5 ha)", "google_maps": "https://www.google.com/maps?q=29.489707,76.575801" }, "geometry": { "type": "Polygon", "coordinates": [ [ [ 76.575868570209721, 29.490001953609827 ], [ 76.575867173656633, 29.489911734806164 ], [ 76.575660932631877, 29.489914178293475 ], [ 76.575659536267764, 29.489823959479583 ], [ 76.575453295400138, 29.489826402638418 ], [ 76.575449106893686, 29.489555746162232 ], [ 76.575552227056804, 29.489554524636162 ], [ 76.575550830809419, 29.489464305812664 ], [ 76.575757070933946, 29.489461862529801 ], [ 76.575758467363926, 29.48955208134436 ], [ 76.576170947901815, 29.489547193802132 ], [ 76.576173741511198, 29.489727631391649 ], [ 76.576070621203698, 29.489728853405978 ], [ 76.576073414655937, 29.489909290999304 ], [ 76.575970294159461, 29.489910512942682 ], [ 76.57597169080384, 29.490000731741873 ], [ 76.575868570209721, 29.490001953609827 ] ] ] } },
{ "type": "Feature", "properties": { "pit_id": 145, "latitude": 29.885621, "longitude": 77.146778, "category": "pit", "area_ha": 0.19, "area_m2": 1900.0, "prob_max": 1.0, "prob_mean": 0.935, "new_pit": 0, "setting": "outside riverbed", "water_share": 1.0, "buildings_near": 0.007, "compactness": 1.0, "size_class": "small (0.1-0.5 ha)", "google_maps": "https://www.google.com/maps?q=29.885621,77.146778" }, "geometry": { "type": "Polygon", "coordinates": [ [ [ 77.146540277236909, 29.885831282938401 ], [ 77.146532545947949, 29.885470546505562 ], [ 77.146739528912093, 29.885467177790648 ], [ 77.146737595925757, 29.885376993691281 ], [ 77.146841087301652, 29.885375309218315 ], [ 77.146843020380985, 29.885465493311568 ], [ 77.147050003292492, 29.885462124110166 ], [ 77.147055803141257, 29.885732676345224 ], [ 77.146848819671675, 29.885736045583272 ], [ 77.146850752786122, 29.885826229671139 ], [ 77.146540277236909, 29.885831282938401 ] ] ] } },
{ "type": "Feature", "properties": { "pit_id": 146, "latitude": 29.88661, "longitude": 77.049672, "category": "pit", "area_ha": 0.19, "area_m2": 1900.0, "prob_max": 1.0, "prob_mean": 0.967, "new_pit": 0, "setting": "outside riverbed", "water_share": 1.0, "buildings_near": 0.067, "compactness": 1.0, "size_class": "small (0.1-0.5 ha)", "google_maps": "https://www.google.com/maps?q=29.886610,77.049672" }, "geometry": { "type": "Polygon", "coordinates": [ [ [ 77.049344690338827, 29.886745763959066 ], [ 77.049339154097183, 29.886475194796585 ], [ 77.049960147852332, 29.886465544764771 ], [ 77.049963839788205, 29.886645924137799 ], [ 77.050067338904157, 29.886644315503638 ], [ 77.050069184977716, 29.886734505182314 ], [ 77.049344690338827, 29.886745763959066 ] ] ] } },
{ "type": "Feature", "properties": { "pit_id": 147, "latitude": 29.636098, "longitude": 76.942625, "category": "pit", "area_ha": 0.04, "area_m2": 400.0, "prob_max": 1.0, "prob_mean": 0.922, "new_pit": 0, "setting": "outside riverbed", "water_share": 1.0, "buildings_near": 0.0, "compactness": 1.0, "size_class": "tiny (<0.1 ha)", "google_maps": "https://www.google.com/maps?q=29.636098,76.942625" }, "geometry": { "type": "Polygon", "coordinates": [ [ [ 76.942523132068487, 29.636189315990119 ], [ 76.942519668822044, 29.636008917950637 ], [ 76.942726166071637, 29.63600589227763 ], [ 76.942729629685672, 29.636186290295061 ], [ 76.942523132068487, 29.636189315990119 ] ] ] } },
{ "type": "Feature", "properties": { "pit_id": 148, "latitude": 29.635893, "longitude": 76.941175, "category": "pit", "area_ha": 0.41, "area_m2": 4100.0, "prob_max": 1.0, "prob_mean": 0.873, "new_pit": 0, "setting": "outside riverbed", "water_share": 1.0, "buildings_near": -0.0, "compactness": 0.534, "size_class": "small (0.1-0.5 ha)", "google_maps": "https://www.google.com/maps?q=29.635893,76.941175" }, "geometry": { "type": "Polygon", "coordinates": [ [ [ 76.941180896788893, 29.636208975178153 ], [ 76.94117916635642, 29.636118776087422 ], [ 76.941075917525538, 29.636120287765007 ], [ 76.941070726551018, 29.635849690468344 ], [ 76.940967477987954, 29.635851202049096 ], [ 76.940965747770761, 29.635761002942072 ], [ 76.940862499291725, 29.635762514436998 ], [ 76.940857308963047, 29.63549191709145 ], [ 76.941580046221148, 29.635481335056227 ], [ 76.941581776966103, 29.635571534134169 ], [ 76.94168502520624, 29.635570022088128 ], [ 76.941688486903573, 29.635750420229002 ], [ 76.941791735319612, 29.635748908091632 ], [ 76.941795197232253, 29.635929306216209 ], [ 76.941691948632396, 29.635930818364603 ], [ 76.941693679508631, 29.636021017430437 ], [ 76.941590430809001, 29.636022529504032 ], [ 76.941592161601221, 29.636112728574041 ], [ 76.941385663994552, 29.636115752491339 ], [ 76.941387394610842, 29.636205951571053 ], [ 76.941180896788893, 29.636208975178153 ] ], [ [ 76.941280684662914, 29.636027065242995 ], [ 76.941487182101525, 29.636024041497333 ], [ 76.941485451409093, 29.635933842420474 ], [ 76.941588700024681, 29.635932330432688 ], [ 76.941585238479647, 29.635751932286077 ], [ 76.941481990047848, 29.635753444262839 ], [ 76.941480259379034, 29.635663245182023 ], [ 76.941273762675621, 29.635666268883611 ], [ 76.941280684662914, 29.636027065242995 ] ] ] } },
{ "type": "Feature", "properties": { "pit_id": 149, "latitude": 29.488188, "longitude": 76.934804, "category": "pit", "area_ha": 0.1, "area_m2": 1000.0, "prob_max": 1.0, "prob_mean": 0.816, "new_pit": 0, "setting": "outside riverbed", "water_share": 0.8, "buildings_near": -0.0, "compactness": 1.0, "size_class": "small (0.1-0.5 ha)", "google_maps": "https://www.google.com/maps?q=29.488188,76.934804" }, "geometry": { "type": "Polygon", "coordinates": [ [ [ 76.934745084559566, 29.488333240408423 ], [ 76.934743370190716, 29.488243038965063 ], [ 76.934537172279519, 29.488246038606981 ], [ 76.934535458100925, 29.488155837151321 ], [ 76.934638556969205, 29.48815433737575 ], [ 76.934636842707178, 29.488064135924255 ], [ 76.934946138991549, 29.488059636135038 ], [ 76.934947853527206, 29.488149837570081 ], [ 76.93505095236425, 29.488148337475206 ], [ 76.935052666998942, 29.488238538903456 ], [ 76.934949568070678, 29.488240039003813 ], [ 76.934951282621967, 29.488330240436216 ], [ 76.934745084559566, 29.488333240408423 ] ] ] } },
{ "type": "Feature", "properties": { "pit_id": 150, "latitude": 29.606098, "longitude": 76.571475, "category": "pit", "area_ha": 0.55, "area_m2": 5500.0, "prob_max": 1.0, "prob_mean": 0.846, "new_pit": 0, "setting": "outside riverbed", "water_share": 0.4, "buildings_near": 0.294, "compactness": 0.632, "size_class": "medium (0.5-2 ha)", "google_maps": "https://www.google.com/maps?q=29.606098,76.571475" }, "geometry": { "type": "Polygon", "coordinates": [ [ [ 76.571278815423184, 29.606729748667945 ], [ 76.571259228509589, 29.605466704707531 ], [ 76.571672180856126, 29.605461813775594 ], [ 76.571676379048796, 29.605732466020548 ], [ 76.571573140696216, 29.605733688887305 ], [ 76.57157454001468, 29.605823906304177 ], [ 76.571677778459076, 29.605822683432951 ], [ 76.571687574509468, 29.606454205283772 ], [ 76.571790813590326, 29.60645298230105 ], [ 76.571792213143411, 29.606543199698713 ], [ 76.571688973970723, 29.606544422685879 ], [ 76.571690373438344, 29.606634640086696 ], [ 76.57158713416743, 29.606635862998068 ], [ 76.571588533549587, 29.606726080402058 ], [ 76.571278815423184, 29.606729748667945 ] ] ] } },
{ "type": "Feature", "properties": { "pit_id": 151, "latitude": 29.602382, "longitude": 76.867662, "category": "pit", "area_ha": 0.53, "area_m2": 5300.0, "prob_max": 1.0, "prob_mean": 0.85, "new_pit": 0, "setting": "outside riverbed", "water_share": 0.113, "buildings_near": 0.136, "compactness": 0.856, "size_class": "medium (0.5-2 ha)", "google_maps": "https://www.google.com/maps?q=29.602382,76.867662" }, "geometry": { "type": "Polygon", "coordinates": [ [ [ 76.867752754973367, 29.602797177409236 ], [ 76.86775109222927, 29.602706974005507 ], [ 76.86744143462343, 29.602711332858302 ], [ 76.867438109708473, 29.602530926015113 ], [ 76.867334890674925, 29.602532378795033 ], [ 76.867331565973728, 29.602351971936017 ], [ 76.867228347116125, 29.602353424625125 ], [ 76.867225022628716, 29.602173017750246 ], [ 76.867328241302815, 29.602171565071721 ], [ 76.867326578978691, 29.602081361637623 ], [ 76.867223360396366, 29.602082814310837 ], [ 76.867221698171562, 29.601992610870123 ], [ 76.867737790548816, 29.601985346728469 ], [ 76.867739453232375, 29.6020755501427 ], [ 76.867842671776899, 29.602074097068446 ], [ 76.867845997350244, 29.602254503882357 ], [ 76.868052434783593, 29.602251597472023 ], [ 76.868062412786372, 29.602792817818646 ], [ 76.867752754973367, 29.602797177409236 ] ] ] } },
{ "type": "Feature", "properties": { "pit_id": 152, "latitude": 29.883605, "longitude": 76.803174, "category": "pit", "area_ha": 0.39, "area_m2": 3900.0, "prob_max": 1.0, "prob_mean": 0.887, "new_pit": 0, "setting": "outside riverbed", "water_share": 0.923, "buildings_near": 0.0, "compactness": 0.79, "size_class": "small (0.1-0.5 ha)", "google_maps": "https://www.google.com/maps?q=29.883605,76.803174" }, "geometry": { "type": "Polygon", "coordinates": [ [ [ 76.802878388809845, 29.883938921485445 ], [ 76.802867025344042, 29.883307501468238 ], [ 76.803281068257164, 29.883301842326439 ], [ 76.803282691959637, 29.883392045169462 ], [ 76.803386202762567, 29.883390630176059 ], [ 76.803384578967027, 29.883300427338163 ], [ 76.8034880896695, 29.883299012268751 ], [ 76.803489713558122, 29.883389215101513 ], [ 76.803593224346315, 29.883387799945837 ], [ 76.803594848335393, 29.883478002772151 ], [ 76.803491337454133, 29.883479417932961 ], [ 76.803497833111848, 29.883840229245603 ], [ 76.803290810582553, 29.88384305936486 ], [ 76.803292434329251, 29.883933262200006 ], [ 76.802878388809845, 29.883938921485445 ] ], [ [ 76.803289186843216, 29.883752856528421 ], [ 76.803392698018484, 29.883751441514477 ], [ 76.803391074193442, 29.883661238681846 ], [ 76.803287563111269, 29.883662653690653 ], [ 76.803289186843216, 29.883752856528421 ] ] ] } },
{ "type": "Feature", "properties": { "pit_id": 153, "latitude": 29.883053, "longitude": 76.752955, "category": "pit", "area_ha": 0.53, "area_m2": 5300.0, "prob_max": 1.0, "prob_mean": 0.868, "new_pit": 0, "setting": "outside riverbed", "water_share": 0.887, "buildings_near": 0.016, "compactness": 0.923, "size_class": "medium (0.5-2 ha)", "google_maps": "https://www.google.com/maps?q=29.883053,76.752955" }, "geometry": { "type": "Polygon", "coordinates": [ [ [ 76.752652409145085, 29.883352613817991 ], [ 76.752650831019139, 29.883262408490687 ], [ 76.752547317492585, 29.883263783681524 ], [ 76.752545739466868, 29.883173578347922 ], [ 76.752442226026233, 29.883174953452617 ], [ 76.752439070182504, 29.88299454277152 ], [ 76.752335556920869, 29.882995917785117 ], [ 76.752333979102829, 29.882905712437605 ], [ 76.752748031733987, 29.882900211916365 ], [ 76.75274645355077, 29.882810006587512 ], [ 76.752953479637171, 29.882807255850032 ], [ 76.75295190127494, 29.882717050529834 ], [ 76.753365952989427, 29.882711548101163 ], [ 76.753377004282001, 29.883342985175371 ], [ 76.752652409145085, 29.883352613817991 ] ] ] } },
{ "type": "Feature", "properties": { "pit_id": 154, "latitude": 29.874887, "longitude": 77.178499, "category": "pit", "area_ha": 0.08, "area_m2": 800.0, "prob_max": 1.0, "prob_mean": 0.851, "new_pit": 0, "setting": "outside riverbed", "water_share": 0.75, "buildings_near": 0.0, "compactness": 1.0, "size_class": "tiny (<0.1 ha)", "google_maps": "https://www.google.com/maps?q=29.874887,77.178499" }, "geometry": { "type": "Polygon", "coordinates": [ [ [ 77.178398758273858, 29.875024474388674 ], [ 77.178390915713905, 29.874663744967794 ], [ 77.178804828248715, 29.874656909503454 ], [ 77.178806789247176, 29.874747091835907 ], [ 77.17849635458056, 29.874752218574312 ], [ 77.178498315309056, 29.874842400924024 ], [ 77.178601793633106, 29.87484069208606 ], [ 77.178603754463467, 29.874930874428209 ], [ 77.178500276046435, 29.874932583272365 ], [ 77.178502236792738, 29.875022765619367 ], [ 77.178398758273858, 29.875024474388674 ] ] ] } },
{ "type": "Feature", "properties": { "pit_id": 155, "latitude": 29.606208, "longitude": 76.577993, "category": "pit", "area_ha": 0.1, "area_m2": 1000.0, "prob_max": 1.0, "prob_mean": 0.92, "new_pit": 0, "setting": "outside riverbed", "water_share": 1.0, "buildings_near": 0.0, "compactness": 1.0, "size_class": "small (0.1-0.5 ha)", "google_maps": "https://www.google.com/maps?q=29.606208,76.577993" }, "geometry": { "type": "Polygon", "coordinates": [ [ [ 76.57808979061619, 29.606468445699207 ], [ 76.578086980312776, 29.606288011447969 ], [ 76.577983741713084, 29.606289239322361 ], [ 76.577982336662799, 29.606199022190342 ], [ 76.577775859627891, 29.606201477689385 ], [ 76.5777772644945, 29.606291694830361 ], [ 76.577674025875623, 29.606292922463968 ], [ 76.577672621100845, 29.606202705318513 ], [ 76.577775859627891, 29.606201477689385 ], [ 76.577774454767663, 29.606111260547117 ], [ 76.577877693196498, 29.606110032842206 ], [ 76.577876288250835, 29.606019815703117 ], [ 76.578082764905631, 29.606017360061458 ], [ 76.578085575170661, 29.606197794320419 ], [ 76.578188813672128, 29.60619656637024 ], [ 76.578193029393148, 29.606467217735599 ], [ 76.57808979061619, 29.606468445699207 ] ] ] } },
{ "type": "Feature", "properties": { "pit_id": 156, "latitude": 29.873198, "longitude": 77.181157, "category": "pit", "area_ha": 0.57, "area_m2": 5700.0, "prob_max": 1.0, "prob_mean": 0.833, "new_pit": 0, "setting": "outside riverbed", "water_share": 0.737, "buildings_near": -0.0, "compactness": 0.28, "size_class": "medium (0.5-2 ha)", "google_maps": "https://www.google.com/maps?q=29.873198,77.181157" }, "geometry": { "type": "Polygon", "coordinates": [ [ [ 77.179931315046304, 29.874097011676692 ], [ 77.179927391137994, 29.873916647127889 ], [ 77.180030868407883, 29.873914937217368 ], [ 77.180028906374147, 29.873824754947133 ], [ 77.180132383542187, 29.873823044961775 ], [ 77.18013042142438, 29.873732862696393 ], [ 77.180337375547836, 29.873729442494962 ], [ 77.180333450967169, 29.873549077984961 ], [ 77.180436927829646, 29.873547367775092 ], [ 77.180434965459739, 29.873457185524266 ], [ 77.180538442220339, 29.87345547523957 ], [ 77.180534517321334, 29.873275110746256 ], [ 77.180741470444048, 29.87327168995855 ], [ 77.180739507822011, 29.873181507722283 ], [ 77.18104993716041, 29.873176375951569 ], [ 77.181047974268452, 29.873086193732561 ], [ 77.181254926930279, 29.873082772159314 ], [ 77.181252963861326, 29.872992589951359 ], [ 77.181356440085935, 29.872990879049382 ], [ 77.181354476932952, 29.872900696846283 ], [ 77.181457953055698, 29.872898985869494 ], [ 77.181455989818673, 29.872808803671237 ], [ 77.18155946583957, 29.87280709261961 ], [ 77.18155750251853, 29.872716910426202 ], [ 77.181764454347672, 29.872713488092256 ], [ 77.18176249084965, 29.872623305909926 ], [ 77.182176394029213, 29.872616460294459 ], [ 77.182180321777722, 29.872796824608137 ], [ 77.182076845810329, 29.872798536145972 ], [ 77.182078809605002, 29.872888718306996 ], [ 77.181975333535732, 29.872890429769992 ], [ 77.181977297246391, 29.872980611935866 ], [ 77.181873821075257, 29.872982323324042 ], [ 77.181871857457551, 29.872892141151965 ], [ 77.181561429169534, 29.87289727481166 ], [ 77.181563392508409, 29.872987457002349 ], [ 77.181770344895213, 29.872984034631177 ], [ 77.18177230842889, 29.873074216808117 ], [ 77.181668832146997, 29.873075928040429 ], [ 77.181670795596631, 29.873166110222218 ], [ 77.181567319212874, 29.873167821379692 ], [ 77.181565355856179, 29.873077639191703 ], [ 77.181461879556451, 29.873079350261943 ], [ 77.181465806092874, 29.873259714648981 ], [ 77.181362329598343, 29.873261425650597 ], [ 77.181360366418616, 29.873171243451552 ], [ 77.181256890008129, 29.873172954365931 ], [ 77.181258853094903, 29.873263136571182 ], [ 77.181155376582538, 29.873264847410724 ], [ 77.181157339585283, 29.873355029620846 ], [ 77.180950386347959, 29.873358451069237 ], [ 77.180948423531106, 29.873268268846704 ], [ 77.180844946992039, 29.873269979443151 ], [ 77.180850835190427, 29.873540526125257 ], [ 77.180747358363604, 29.873542236659269 ], [ 77.180745395714851, 29.873452054427048 ], [ 77.180641918972043, 29.873453764873819 ], [ 77.180645844092567, 29.873634129349316 ], [ 77.180438890208478, 29.873637550024565 ], [ 77.180440852596192, 29.873727732272688 ], [ 77.180337375547836, 29.873729442494962 ], [ 77.180339337851535, 29.873819624747945 ], [ 77.180235860701316, 29.873821334895378 ], [ 77.180237822920958, 29.873911517153203 ], [ 77.180134345668876, 29.873913227225806 ], [ 77.180136307804474, 29.874003409488491 ], [ 77.180032830450543, 29.874005119486242 ], [ 77.180034792502113, 29.874095301753766 ], [ 77.179931315046304, 29.874097011676692 ] ] ] } },
{ "type": "Feature", "properties": { "pit_id": 157, "latitude": 29.878306, "longitude": 76.782485, "category": "pit", "area_ha": 0.09, "area_m2": 900.0, "prob_max": 1.0, "prob_mean": 0.808, "new_pit": 0, "setting": "outside riverbed", "water_share": 1.0, "buildings_near": 0.0, "compactness": 1.0, "size_class": "tiny (<0.1 ha)", "google_maps": "https://www.google.com/maps?q=29.878306,76.782485" }, "geometry": { "type": "Polygon", "coordinates": [ [ [ 76.782073273269432, 29.878447179884621 ], [ 76.782071668978261, 29.878356975924916 ], [ 76.782382189376435, 29.8783527812536 ], [ 76.782380584813382, 29.878262577307801 ], [ 76.78248409150514, 29.878261178926859 ], [ 76.78248248685631, 29.878170974984815 ], [ 76.782171967038337, 29.87817516986906 ], [ 76.782170362675984, 29.878084965910492 ], [ 76.782480882214756, 29.878080771041461 ], [ 76.78248248685631, 29.878170974984815 ], [ 76.782585993447711, 29.878169576527828 ], [ 76.782589202938794, 29.878349984400462 ], [ 76.782382189376435, 29.8783527812536 ], [ 76.782383793946778, 29.878442985198092 ], [ 76.782073273269432, 29.878447179884621 ] ] ] } },
{ "type": "Feature", "properties": { "pit_id": 158, "latitude": 29.493105, "longitude": 77.091768, "category": "pit", "area_ha": 0.15, "area_m2": 1500.0, "prob_max": 1.0, "prob_mean": 0.93, "new_pit": 0, "setting": "outside riverbed", "water_share": 0.333, "buildings_near": 0.0, "compactness": 1.0, "size_class": "small (0.1-0.5 ha)", "google_maps": "https://www.google.com/maps?q=29.493105,77.091768" }, "geometry": { "type": "Polygon", "coordinates": [ [ [ 77.091701426686114, 29.493355359420139 ], [ 77.09169957291904, 29.493265166764022 ], [ 77.091596478848274, 29.49326678850316 ], [ 77.091594625180846, 29.493176595839781 ], [ 77.091491531192858, 29.49317821749316 ], [ 77.091487824065737, 29.492997832150579 ], [ 77.091900199237486, 29.492991345105562 ], [ 77.091898345321795, 29.492901152455964 ], [ 77.092104532674597, 29.492897908466418 ], [ 77.092106386772699, 29.492988101104153 ], [ 77.092003293009313, 29.492989723144763 ], [ 77.092005147024651, 29.493079915787082 ], [ 77.091902053161633, 29.493081537753802 ], [ 77.09190576103525, 29.493261923046315 ], [ 77.09180266698138, 29.49326354494508 ], [ 77.091804520839645, 29.493353737595267 ], [ 77.091701426686114, 29.493355359420139 ] ] ] } },
{ "type": "Feature", "properties": { "pit_id": 159, "latitude": 29.878269, "longitude": 76.77855, "category": "pit", "area_ha": 0.15, "area_m2": 1500.0, "prob_max": 1.0, "prob_mean": 0.984, "new_pit": 0, "setting": "outside riverbed", "water_share": 0.8, "buildings_near": 0.005, "compactness": 1.0, "size_class": "small (0.1-0.5 ha)", "google_maps": "https://www.google.com/maps?q=29.878269,76.778550" }, "geometry": { "type": "Polygon", "coordinates": [ [ [ 76.778448926158859, 29.87840585981192 ], [ 76.7784441231004, 29.878135247393107 ], [ 76.777823082254741, 29.878143617419131 ], [ 76.777821481808147, 29.878053413246555 ], [ 76.778753042141005, 29.878040857157924 ], [ 76.778754643425117, 29.878131061284975 ], [ 76.778651136657487, 29.878132456735475 ], [ 76.778655940274291, 29.87840306912393 ], [ 76.778448926158859, 29.87840585981192 ] ] ] } },
{ "type": "Feature", "properties": { "pit_id": 160, "latitude": 29.487995, "longitude": 77.059085, "category": "pit", "area_ha": 0.18, "area_m2": 1800.0, "prob_max": 1.0, "prob_mean": 0.936, "new_pit": 0, "setting": "outside riverbed", "water_share": 0.0, "buildings_near": 0.0, "compactness": 1.0, "size_class": "small (0.1-0.5 ha)", "google_maps": "https://www.google.com/maps?q=29.487995,77.059085" }, "geometry": { "type": "Polygon", "coordinates": [ [ [ 77.058802116023656, 29.488184793422015 ], [ 77.058798467554254, 29.488004404200453 ], [ 77.058901558443822, 29.488002808137995 ], [ 77.058897909825291, 29.487822418922789 ], [ 77.059413363236587, 29.487814437471773 ], [ 77.059415187997644, 29.48790463205086 ], [ 77.05931209724082, 29.487906228506514 ], [ 77.059315746605478, 29.488086617672383 ], [ 77.059212655657959, 29.4880882140599 ], [ 77.059214480261573, 29.488178408646675 ], [ 77.058802116023656, 29.488184793422015 ] ] ] } },
{ "type": "Feature", "properties": { "pit_id": 161, "latitude": 29.602188, "longitude": 76.57761, "category": "pit", "area_ha": 0.76, "area_m2": 7600.0, "prob_max": 1.0, "prob_mean": 0.797, "new_pit": 0, "setting": "outside riverbed", "water_share": 0.737, "buildings_near": 0.047, "compactness": 0.257, "size_class": "medium (0.5-2 ha)", "google_maps": "https://www.google.com/maps?q=29.602188,76.577610" }, "geometry": { "type": "Polygon", "coordinates": [ [ [ 76.576585490060239, 29.602696505771807 ], [ 76.576582682864824, 29.602516071287035 ], [ 76.576479448032217, 29.602517297849786 ], [ 76.576478044535904, 29.602427080601007 ], [ 76.576168340275203, 29.602430759794363 ], [ 76.576166937060719, 29.602340542530857 ], [ 76.576270171728865, 29.602339316217797 ], [ 76.57626876842896, 29.602249098957472 ], [ 76.576475237562448, 29.602246646099541 ], [ 76.576478044535904, 29.602427080601007 ], [ 76.576581279276695, 29.602425854042714 ], [ 76.576579875694961, 29.602335636797097 ], [ 76.576683110337541, 29.602334410163031 ], [ 76.576684514011092, 29.602424627404162 ], [ 76.576787748739122, 29.602423400685375 ], [ 76.576789152510869, 29.602513617920749 ], [ 76.576892387324307, 29.60251239111723 ], [ 76.576890983460743, 29.602422173886339 ], [ 76.576994218175983, 29.602420947007033 ], [ 76.576995622131363, 29.602511164233444 ], [ 76.577098856932025, 29.602509937269428 ], [ 76.577097452884828, 29.602419720047486 ], [ 76.57740715697301, 29.602416038687327 ], [ 76.577404348346917, 29.602235604266433 ], [ 76.577507582846565, 29.602234376994836 ], [ 76.577504774062405, 29.602053942577733 ], [ 76.577401539746376, 29.602055169840391 ], [ 76.57740013545569, 29.60196495262544 ], [ 76.577503369679917, 29.601963725367266 ], [ 76.57750196530381, 29.601873508155496 ], [ 76.577089028735855, 29.601878416688781 ], [ 76.577090432744697, 29.601968633918446 ], [ 76.576780729976193, 29.601972314489196 ], [ 76.576782133715994, 29.602062531731011 ], [ 76.57667889935523, 29.6020637584319 ], [ 76.576677495707244, 29.601973541185622 ], [ 76.576367792862058, 29.601977220793373 ], [ 76.576370599613554, 29.602157655311494 ], [ 76.576267365135436, 29.602158881695864 ], [ 76.576265961848293, 29.602068664432963 ], [ 76.576162727455596, 29.602069890732604 ], [ 76.576159921084113, 29.601889456194012 ], [ 76.576263155293191, 29.601888229903317 ], [ 76.576261752025232, 29.601798012636554 ], [ 76.576571454338705, 29.601794333296397 ], [ 76.576570050801678, 29.601704116041773 ], [ 76.5767765187951, 29.601701662756032 ], [ 76.576777922515731, 29.601791880001709 ], [ 76.576881156594681, 29.601790653233987 ], [ 76.576878348976166, 29.601610218750309 ], [ 76.577084816747629, 29.601607764992035 ], [ 76.577086220737314, 29.601697982225566 ], [ 76.57729268866683, 29.601695528137327 ], [ 76.577291284493526, 29.601605310912753 ], [ 76.577497752213858, 29.601602856512475 ], [ 76.577499156570781, 29.6016930737281 ], [ 76.577602390513178, 29.601691846403117 ], [ 76.577603794968297, 29.601782063612973 ], [ 76.577707028996116, 29.601780836203258 ], [ 76.577714051826689, 29.602231922210876 ], [ 76.577610817339831, 29.602233149642977 ], [ 76.577613626333189, 29.602413584045973 ], [ 76.577510391656304, 29.602414811406774 ], [ 76.577513200491595, 29.602595245813568 ], [ 76.577409965624682, 29.60259647310307 ], [ 76.577408561295655, 29.602506255895843 ], [ 76.577202091726292, 29.602508710225152 ], [ 76.5772034958717, 29.602598927441331 ], [ 76.576790556289012, 29.602603835154827 ], [ 76.57679196007355, 29.602694052387623 ], [ 76.576585490060239, 29.602696505771807 ] ] ] } },
{ "type": "Feature", "properties": { "pit_id": 162, "latitude": 29.876133, "longitude": 76.850166, "category": "pit", "area_ha": 0.37, "area_m2": 3700.0, "prob_max": 1.0, "prob_mean": 0.911, "new_pit": 0, "setting": "outside riverbed", "water_share": 0.622, "buildings_near": -0.0, "compactness": 1.0, "size_class": "small (0.1-0.5 ha)", "google_maps": "https://www.google.com/maps?q=29.876133,76.850166" }, "geometry": { "type": "Polygon", "coordinates": [ [ [ 76.84995223129269, 29.876430161137922 ], [ 76.849950566050424, 29.876339960551771 ], [ 76.84984706522178, 29.876341411760414 ], [ 76.84983873958906, 29.875890408783583 ], [ 76.850149240656805, 29.87588605499332 ], [ 76.850147575273851, 29.875795854409784 ], [ 76.850354575761799, 29.875792951487959 ], [ 76.850356241330843, 29.875883152060961 ], [ 76.850459741656508, 29.875881700473141 ], [ 76.850469735787755, 29.876422903851886 ], [ 76.84995223129269, 29.876430161137922 ] ] ] } },
{ "type": "Feature", "properties": { "pit_id": 163, "latitude": 29.87656, "longitude": 76.781512, "category": "pit", "area_ha": 0.1, "area_m2": 1000.0, "prob_max": 1.0, "prob_mean": 0.84, "new_pit": 0, "setting": "outside riverbed", "water_share": 0.4, "buildings_near": 0.0, "compactness": 1.0, "size_class": "small (0.1-0.5 ha)", "google_maps": "https://www.google.com/maps?q=29.876560,76.781512" }, "geometry": { "type": "Polygon", "coordinates": [ [ [ 76.7814233656417, 29.876831895044504 ], [ 76.78141374414048, 29.876290670942403 ], [ 76.781517248850562, 29.876289273403046 ], [ 76.781518852508967, 29.876379477418276 ], [ 76.781622357304826, 29.87637807979274 ], [ 76.781628772383385, 29.876738895820264 ], [ 76.781525267215315, 29.876740293466067 ], [ 76.781526870910113, 29.876830497474746 ], [ 76.7814233656417, 29.876831895044504 ] ] ] } },
{ "type": "Feature", "properties": { "pit_id": 164, "latitude": 29.596688, "longitude": 76.965871, "category": "pit", "area_ha": 0.16, "area_m2": 1600.0, "prob_max": 1.0, "prob_mean": 0.881, "new_pit": 0, "setting": "outside riverbed", "water_share": 0.062, "buildings_near": 0.003, "compactness": 1.0, "size_class": "small (0.1-0.5 ha)", "google_maps": "https://www.google.com/maps?q=29.596688,76.965871" }, "geometry": { "type": "Polygon", "coordinates": [ [ [ 76.965823320942079, 29.596869120511482 ], [ 76.965821571345884, 29.596778922214114 ], [ 76.965305535147706, 29.596786566522052 ], [ 76.965303786018026, 29.596696368195481 ], [ 76.965819821757634, 29.59668872391542 ], [ 76.96581807217737, 29.596598525615395 ], [ 76.965921279209695, 29.596596996524436 ], [ 76.965919529545687, 29.596506798228685 ], [ 76.966332357228538, 29.596500681085431 ], [ 76.966334107259385, 29.596590879358882 ], [ 76.966024486234062, 29.596595467353307 ], [ 76.966026235997759, 29.596685665642177 ], [ 76.966129443105885, 29.596684136385292 ], [ 76.966131192969243, 29.596774334667259 ], [ 76.966027985769429, 29.596775863929718 ], [ 76.966029735549043, 29.596866062215927 ], [ 76.965823320942079, 29.596869120511482 ] ] ] } },
{ "type": "Feature", "properties": { "pit_id": 165, "latitude": 29.601156, "longitude": 76.573361, "category": "likely village pond", "area_ha": 0.34, "area_m2": 3400.0, "prob_max": 1.0, "prob_mean": 0.829, "new_pit": 0, "setting": "outside riverbed", "water_share": 0.735, "buildings_near": 0.275, "compactness": 0.5, "size_class": "small (0.1-0.5 ha)", "google_maps": "https://www.google.com/maps?q=29.601156,76.573361" }, "geometry": { "type": "Polygon", "coordinates": [ [ [ 76.573673892410767, 29.601377558805211 ], [ 76.573672491476358, 29.601287341418974 ], [ 76.573156322782879, 29.601293461882353 ], [ 76.573152121395012, 29.601022809648946 ], [ 76.573358588340682, 29.601020361731134 ], [ 76.573357187707188, 29.600930144326345 ], [ 76.573563654443745, 29.600927696096477 ], [ 76.573565055260829, 29.601017913492331 ], [ 76.573461821803946, 29.601019137651843 ], [ 76.573463222535622, 29.601109355050877 ], [ 76.573566456084322, 29.601108130886882 ], [ 76.573567856914181, 29.60119834828016 ], [ 76.574084025021094, 29.601192226234144 ], [ 76.574081222449678, 29.601011791490983 ], [ 76.573977989024655, 29.601013016051745 ], [ 76.57397658784032, 29.600922798673761 ], [ 76.573666887802446, 29.600926471861172 ], [ 76.573665486899912, 29.60083625446849 ], [ 76.574078419903756, 29.600831356742656 ], [ 76.574081222449678, 29.601011791490983 ], [ 76.574287689280553, 29.601009342128709 ], [ 76.574291893698103, 29.601279994214725 ], [ 76.574188660010435, 29.601281218949389 ], [ 76.574190061403883, 29.601371436313293 ], [ 76.573673892410767, 29.601377558805211 ] ] ] } },
{ "type": "Feature", "properties": { "pit_id": 166, "latitude": 29.871474, "longitude": 77.014025, "category": "pit", "area_ha": 0.5, "area_m2": 5000.0, "prob_max": 1.0, "prob_mean": 0.877, "new_pit": 0, "setting": "outside riverbed", "water_share": 0.98, "buildings_near": 0.042, "compactness": 0.88, "size_class": "medium (0.5-2 ha)", "google_maps": "https://www.google.com/maps?q=29.871474,77.014025" }, "geometry": { "type": "Polygon", "coordinates": [ [ [ 77.013846233923857, 29.871955228847998 ], [ 77.013844421536689, 29.871865036936583 ], [ 77.013740935351237, 29.871866616452778 ], [ 77.013733686256757, 29.871505848770873 ], [ 77.013837172070296, 29.87150426927759 ], [ 77.013833547386454, 29.871323885440084 ], [ 77.013730061758878, 29.871325464921902 ], [ 77.013724625073777, 29.871054889138481 ], [ 77.013931595762855, 29.871051730128155 ], [ 77.013929783364986, 29.870961538209119 ], [ 77.014033268604209, 29.870959958588102 ], [ 77.014035081095059, 29.871050150501404 ], [ 77.014138566419021, 29.871048570793587 ], [ 77.014140379011067, 29.871138762699815 ], [ 77.014243864419797, 29.871137182905219 ], [ 77.014245677113038, 29.871227374804381 ], [ 77.014349162606507, 29.871225794922999 ], [ 77.014358226661102, 29.871676754370192 ], [ 77.014254740702754, 29.871678334280215 ], [ 77.014258366196259, 29.871858718061223 ], [ 77.014051393882923, 29.871861877661022 ], [ 77.014053206456055, 29.871952069560979 ], [ 77.013846233923857, 29.871955228847998 ] ] ] } },
{ "type": "Feature", "properties": { "pit_id": 167, "latitude": 29.59535, "longitude": 76.979054, "category": "pit", "area_ha": 0.19, "area_m2": 1900.0, "prob_max": 1.0, "prob_mean": 0.821, "new_pit": 0, "setting": "outside riverbed", "water_share": 0.0, "buildings_near": 0.026, "compactness": 0.978, "size_class": "small (0.1-0.5 ha)", "google_maps": "https://www.google.com/maps?q=29.595350,76.979054" }, "geometry": { "type": "Polygon", "coordinates": [ [ [ 76.978599835126587, 29.595596528423716 ], [ 76.97859455253473, 29.595325935561583 ], [ 76.978697757476084, 29.595324396596613 ], [ 76.978699518423724, 29.595414594213032 ], [ 76.978802723448766, 29.59541305516229 ], [ 76.978800962409437, 29.595322857551476 ], [ 76.979110577161364, 29.595318239935068 ], [ 76.979108815854929, 29.595228042339787 ], [ 76.978902406211716, 29.595231120819662 ], [ 76.978900645096715, 29.595140923211833 ], [ 76.979107054556508, 29.595137844743185 ], [ 76.979108815854929, 29.595228042339787 ], [ 76.979624839822677, 29.595220344737175 ], [ 76.979626601587611, 29.595310542304382 ], [ 76.979420191841157, 29.595313621597157 ], [ 76.979421953430716, 29.595403819174276 ], [ 76.979009133474804, 29.595409976820285 ], [ 76.979010894705581, 29.59550017441855 ], [ 76.978701279379393, 29.595504791828134 ], [ 76.978703040343049, 29.595594989441917 ], [ 76.978599835126587, 29.595596528423716 ] ] ] } },
{ "type": "Feature", "properties": { "pit_id": 168, "latitude": 29.519552, "longitude": 76.635527, "category": "pit", "area_ha": 0.28, "area_m2": 2800.0, "prob_max": 1.0, "prob_mean": 0.877, "new_pit": 0, "setting": "outside riverbed", "water_share": 0.857, "buildings_near": -0.0, "compactness": 0.859, "size_class": "small (0.1-0.5 ha)", "google_maps": "https://www.google.com/maps?q=29.519552,76.635527" }, "geometry": { "type": "Polygon", "coordinates": [ [ [ 76.635346913454867, 29.520053648726488 ], [ 76.635333854495755, 29.519241706835338 ], [ 76.63584959050219, 29.519235360536477 ], [ 76.635852493361043, 29.51941579203049 ], [ 76.635749345990135, 29.519417061459492 ], [ 76.635750797338048, 29.519507277209193 ], [ 76.635647649869114, 29.519508546562868 ], [ 76.635652003678274, 29.519779193818167 ], [ 76.635548855928462, 29.519780463105768 ], [ 76.635551758318115, 29.519960894612129 ], [ 76.635448610378859, 29.519962163829039 ], [ 76.635450061492179, 29.520052379584918 ], [ 76.635346913454867, 29.520053648726488 ] ] ] } },
{ "type": "Feature", "properties": { "pit_id": 169, "latitude": 29.868552, "longitude": 77.17688, "category": "pit", "area_ha": 0.21, "area_m2": 2100.0, "prob_max": 1.0, "prob_mean": 0.748, "new_pit": 0, "setting": "outside riverbed", "water_share": 0.0, "buildings_near": -0.0, "compactness": 0.755, "size_class": "small (0.1-0.5 ha)", "google_maps": "https://www.google.com/maps?q=29.868552,77.176880" }, "geometry": { "type": "Polygon", "coordinates": [ [ [ 77.176816842400882, 29.868915979660805 ], [ 77.176812924915282, 29.868735614596041 ], [ 77.176916397052821, 29.868733907394702 ], [ 77.176914438230412, 29.868643724866494 ], [ 77.17670749413233, 29.868647139175753 ], [ 77.176709452768861, 29.868737321716349 ], [ 77.176605980613559, 29.868739028755645 ], [ 77.176600105009399, 29.868468481111233 ], [ 77.176703576885927, 29.868466774090514 ], [ 77.176701618276056, 29.868376591545879 ], [ 77.176908561816603, 29.86837317727376 ], [ 77.176902685482801, 29.868102629668865 ], [ 77.177006156960957, 29.86810092242985 ], [ 77.177012033573533, 29.868371470016164 ], [ 77.177115505321567, 29.868369762677556 ], [ 77.177117464303137, 29.868459945197436 ], [ 77.177013992462165, 29.868461652542237 ], [ 77.177015951359706, 29.86855183506696 ], [ 77.176912479416927, 29.868553542336929 ], [ 77.176914438230412, 29.868643724866494 ], [ 77.177121382292938, 29.868640310233147 ], [ 77.177125300318323, 29.868820675263461 ], [ 77.177021828105666, 29.868822382633027 ], [ 77.177023787038763, 29.868912565152353 ], [ 77.176816842400882, 29.868915979660805 ] ], [ [ 77.176918355884098, 29.868824089921571 ], [ 77.177021828105666, 29.868822382633027 ], [ 77.17701986918145, 29.868732200112358 ], [ 77.176916397052821, 29.868733907394702 ], [ 77.176918355884098, 29.868824089921571 ] ] ] } },
{ "type": "Feature", "properties": { "pit_id": 170, "latitude": 29.647602, "longitude": 77.036813, "category": "pit", "area_ha": 0.19, "area_m2": 1900.0, "prob_max": 1.0, "prob_mean": 0.872, "new_pit": 0, "setting": "outside riverbed", "water_share": 0.105, "buildings_near": 0.003, "compactness": 1.0, "size_class": "small (0.1-0.5 ha)", "google_maps": "https://www.google.com/maps?q=29.647602,77.036813" }, "geometry": { "type": "Polygon", "coordinates": [ [ [ 77.036844609682745, 29.647946155469441 ], [ 77.036842793142739, 29.647855961788519 ], [ 77.03673953834641, 29.647857548503353 ], [ 77.036737721906604, 29.647767354815322 ], [ 77.036634467193949, 29.647768941444049 ], [ 77.036629018199889, 29.647498360354632 ], [ 77.036732272636755, 29.647496773743249 ], [ 77.036730456230003, 29.647406580049903 ], [ 77.036627201885054, 29.647408166655499 ], [ 77.036623569280195, 29.647227779253264 ], [ 77.036726823441285, 29.647226192659211 ], [ 77.036728639831523, 29.647316386355218 ], [ 77.036831894076272, 29.647314799675073 ], [ 77.036833710566697, 29.647404993363963 ], [ 77.036936964895105, 29.647403406597721 ], [ 77.036940598084598, 29.64758379395996 ], [ 77.03704385258861, 29.647582207101813 ], [ 77.037047485995018, 29.647762594447183 ], [ 77.036944231307146, 29.647764181316898 ], [ 77.036947864562748, 29.647944568668489 ], [ 77.036844609682745, 29.647946155469441 ] ] ] } },
{ "type": "Feature", "properties": { "pit_id": 171, "latitude": 29.868507, "longitude": 77.145702, "category": "pit", "area_ha": 0.72, "area_m2": 7200.0, "prob_max": 1.0, "prob_mean": 0.911, "new_pit": 0, "setting": "outside riverbed", "water_share": 0.806, "buildings_near": 0.045, "compactness": 0.534, "size_class": "medium (0.5-2 ha)", "google_maps": "https://www.google.com/maps?q=29.868507,77.145702" }, "geometry": { "type": "Polygon", "coordinates": [ [ [ 77.145558142533673, 29.868976929150779 ], [ 77.145554281266783, 29.868796560360042 ], [ 77.145450806919058, 29.86879824298035 ], [ 77.145445015363251, 29.868527689765845 ], [ 77.145341541285575, 29.868529372286812 ], [ 77.145335750087426, 29.868258819041888 ], [ 77.145232276279785, 29.868260501463517 ], [ 77.145228415710704, 29.868080132614637 ], [ 77.145124942080159, 29.868081814943043 ], [ 77.145123011901703, 29.867991630510488 ], [ 77.145019538355314, 29.867993312751768 ], [ 77.145017608278536, 29.867903128311745 ], [ 77.144914134816332, 29.867904810465909 ], [ 77.144912204841262, 29.867814626018447 ], [ 77.145119151571052, 29.867811261641311 ], [ 77.145121081731986, 29.867901446076566 ], [ 77.145328028612596, 29.867898081363133 ], [ 77.145329958968148, 29.867988265784842 ], [ 77.145536905999563, 29.867984900735113 ], [ 77.145542697676433, 29.868255453955541 ], [ 77.145956592749258, 29.868248722810552 ], [ 77.145960454654457, 29.868429091568611 ], [ 77.146063928586599, 29.868427408567598 ], [ 77.146065859645276, 29.868517592938513 ], [ 77.146169333661618, 29.868515909850363 ], [ 77.146171264821987, 29.868606094213821 ], [ 77.146274738922472, 29.86860441103854 ], [ 77.146278601455393, 29.868784779749205 ], [ 77.146382075732987, 29.868783096480691 ], [ 77.146384007105539, 29.868873280827906 ], [ 77.146280532735005, 29.868874964102535 ], [ 77.146282464023386, 29.868965148454492 ], [ 77.145558142533673, 29.868976929150779 ] ] ] } },
{ "type": "Feature", "properties": { "pit_id": 172, "latitude": 29.872388, "longitude": 76.848626, "category": "likely village pond", "area_ha": 0.49, "area_m2": 4900.0, "prob_max": 1.0, "prob_mean": 0.896, "new_pit": 0, "setting": "outside riverbed", "water_share": 1.0, "buildings_near": 0.187, "compactness": 0.727, "size_class": "small (0.1-0.5 ha)", "google_maps": "https://www.google.com/maps?q=29.872388,76.848626" }, "geometry": { "type": "Polygon", "coordinates": [ [ [ 76.848645324425064, 29.872929744053195 ], [ 76.848643660593879, 29.872839543352512 ], [ 76.848333168697607, 29.872843893200116 ], [ 76.848331505153041, 29.87275369248233 ], [ 76.84843500236633, 29.872752242619487 ], [ 76.848426684291724, 29.8723012390371 ], [ 76.848323187543528, 29.87230268887366 ], [ 76.848318197068465, 29.872032086692645 ], [ 76.848421693537603, 29.872030636871862 ], [ 76.848420029967997, 29.87194043614749 ], [ 76.848523526336578, 29.871938986250871 ], [ 76.848521862681508, 29.871848785530418 ], [ 76.84872885520997, 29.871845885504449 ], [ 76.84873051905106, 29.871936086214376 ], [ 76.848834015396974, 29.871934636074499 ], [ 76.848847327141883, 29.872656241664359 ], [ 76.848950824224389, 29.872654791401313 ], [ 76.848954152422195, 29.872835192775085 ], [ 76.848747157877554, 29.872838093241128 ], [ 76.848748821801749, 29.872928293936557 ], [ 76.848645324425064, 29.872929744053195 ] ] ] } },
{ "type": "Feature", "properties": { "pit_id": 173, "latitude": 29.889959, "longitude": 76.899679, "category": "pit", "area_ha": 0.43, "area_m2": 4300.0, "prob_max": 1.0, "prob_mean": 0.856, "new_pit": 0, "setting": "outside riverbed", "water_share": 1.0, "buildings_near": -0.0, "compactness": 0.563, "size_class": "small (0.1-0.5 ha)", "google_maps": "https://www.google.com/maps?q=29.889959,76.899679" }, "geometry": { "type": "Polygon", "coordinates": [ [ [ 76.899184312561161, 29.89034671448514 ], [ 76.899180891562636, 29.890166318784726 ], [ 76.899284403742627, 29.890164828265902 ], [ 76.899282693161908, 29.890074630419114 ], [ 76.899386205241044, 29.890073139824569 ], [ 76.899384494575003, 29.889982941981874 ], [ 76.899488006553284, 29.889981451311581 ], [ 76.899486295801907, 29.889891253472957 ], [ 76.899589807679334, 29.889889762726934 ], [ 76.899586386013723, 29.889709367056529 ], [ 76.899689897697201, 29.889707876240173 ], [ 76.899686475876479, 29.889527480575296 ], [ 76.899789987366006, 29.889525989688611 ], [ 76.89978827637421, 29.889435791859597 ], [ 76.899891787762883, 29.889434300897175 ], [ 76.899890076685764, 29.889344103072236 ], [ 76.899993587973583, 29.889342612034092 ], [ 76.900000432701034, 29.889703403304271 ], [ 76.899896921040849, 29.889704894364048 ], [ 76.899900343265003, 29.889885290002017 ], [ 76.900003855111351, 29.889883798931425 ], [ 76.900005566328176, 29.889973996743027 ], [ 76.899902054388733, 29.889975487819019 ], [ 76.8999088989613, 29.890336279073779 ], [ 76.899701874314388, 29.890339261025581 ], [ 76.89970016334577, 29.890249063203068 ], [ 76.89949313885397, 29.890252044819494 ], [ 76.899494849636383, 29.890342242652814 ], [ 76.899184312561161, 29.89034671448514 ] ] ] } },
{ "type": "Feature", "properties": { "pit_id": 174, "latitude": 29.638724, "longitude": 76.681008, "category": "pit", "area_ha": 0.59, "area_m2": 5900.0, "prob_max": 1.0, "prob_mean": 0.857, "new_pit": 0, "setting": "outside riverbed", "water_share": 0.797, "buildings_near": 0.0, "compactness": 0.615, "size_class": "medium (0.5-2 ha)", "google_maps": "https://www.google.com/maps?q=29.638724,76.681008" }, "geometry": { "type": "Polygon", "coordinates": [ [ [ 76.680652444853195, 29.639316338911293 ], [ 76.680650946404583, 29.639226126844516 ], [ 76.680754213300119, 29.639224817790101 ], [ 76.680752714766356, 29.639134605726809 ], [ 76.680855981563113, 29.639133296596807 ], [ 76.680851485726819, 29.638862660413434 ], [ 76.680748219205952, 29.638863969529115 ], [ 76.68074672069946, 29.638773757460626 ], [ 76.680849987128354, 29.638772448349719 ], [ 76.680848488536711, 29.638682236284705 ], [ 76.680745222199761, 29.63868354539084 ], [ 76.680736231344866, 29.638142272944894 ], [ 76.681046028679916, 29.638138345471301 ], [ 76.681047527414577, 29.638228557534553 ], [ 76.681254059121088, 29.638225938807523 ], [ 76.681264551742089, 29.638857423147158 ], [ 76.681367818228864, 29.638856113629686 ], [ 76.681369317293957, 29.638946325668247 ], [ 76.681266050715223, 29.63894763519048 ], [ 76.681270547675553, 29.639218271312696 ], [ 76.681064013945843, 29.639220890144728 ], [ 76.681065512762316, 29.639311102192412 ], [ 76.680652444853195, 29.639316338911293 ] ] ] } },
{ "type": "Feature", "properties": { "pit_id": 175, "latitude": 29.63844, "longitude": 76.680011, "category": "pit", "area_ha": 0.72, "area_m2": 7200.0, "prob_max": 1.0, "prob_mean": 0.971, "new_pit": 0, "setting": "outside riverbed", "water_share": 0.736, "buildings_near": 0.0, "compactness": 0.96, "size_class": "medium (0.5-2 ha)", "google_maps": "https://www.google.com/maps?q=29.638440,76.680011" }, "geometry": { "type": "Polygon", "coordinates": [ [ [ 76.679610789531637, 29.638788152377199 ], [ 76.679609292043551, 29.638697940254939 ], [ 76.679506025624832, 29.638699248396819 ], [ 76.679500036108493, 29.63833839987576 ], [ 76.679396770050801, 29.63833970791821 ], [ 76.679393775517426, 29.638159283640359 ], [ 76.679497041391201, 29.638157975607442 ], [ 76.679498538746429, 29.638248187742253 ], [ 76.679705070657448, 29.638245571425827 ], [ 76.679703573118289, 29.638155359300555 ], [ 76.679806838971629, 29.638154051026579 ], [ 76.679805341347318, 29.638063838904777 ], [ 76.680321670051924, 29.638057296353445 ], [ 76.680323168136027, 29.638147508451393 ], [ 76.680426433948469, 29.638146199695296 ], [ 76.680427932131352, 29.638236411787183 ], [ 76.68053119802893, 29.638235102945963 ], [ 76.68053868950544, 29.638686163362056 ], [ 76.68043542314804, 29.638687472227133 ], [ 76.680436921371836, 29.638777684311229 ], [ 76.679610789531637, 29.638788152377199 ] ] ] } },
{ "type": "Feature", "properties": { "pit_id": 176, "latitude": 29.484447, "longitude": 76.883652, "category": "pit", "area_ha": 0.3, "area_m2": 3000.0, "prob_max": 1.0, "prob_mean": 0.935, "new_pit": 0, "setting": "outside riverbed", "water_share": 1.0, "buildings_near": 0.081, "compactness": 0.801, "size_class": "small (0.1-0.5 ha)", "google_maps": "https://www.google.com/maps?q=29.484447,76.883652" }, "geometry": { "type": "Polygon", "coordinates": [ [ [ 76.883631667064549, 29.484826318473345 ], [ 76.883629998208846, 29.48473611428965 ], [ 76.883526899729716, 29.484737574382148 ], [ 76.883523562223544, 29.48455716600014 ], [ 76.883420463919236, 29.484558626002134 ], [ 76.883412120742889, 29.484107604997533 ], [ 76.883515218591143, 29.484106145022231 ], [ 76.88351188119141, 29.483925736621892 ], [ 76.88361497884965, 29.483924276577454 ], [ 76.883618316431821, 29.484104684967118 ], [ 76.883721414264869, 29.484103224832179 ], [ 76.883724752059848, 29.484283633205905 ], [ 76.883827850067718, 29.484282172980461 ], [ 76.883832857090852, 29.484552785515234 ], [ 76.883935955364748, 29.484551325193948 ], [ 76.883940962729937, 29.484821937700904 ], [ 76.883631667064549, 29.484826318473345 ] ], [ [ 76.883623322862064, 29.484375297541774 ], [ 76.883726420968742, 29.48437383739082 ], [ 76.883724752059848, 29.484283633205905 ], [ 76.883621654044376, 29.484285093351527 ], [ 76.883623322862064, 29.484375297541774 ] ] ] } },
{ "type": "Feature", "properties": { "pit_id": 177, "latitude": 29.900819, "longitude": 77.177641, "category": "pit", "area_ha": 0.63, "area_m2": 6300.0, "prob_max": 1.0, "prob_mean": 0.953, "new_pit": 0, "setting": "outside riverbed", "water_share": 1.0, "buildings_near": 0.0, "compactness": 0.29, "size_class": "medium (0.5-2 ha)", "google_maps": "https://www.google.com/maps?q=29.900819,77.177641" }, "geometry": { "type": "Polygon", "coordinates": [ [ [ 77.178362391996089, 29.901909017465503 ], [ 77.178360429247604, 29.901818835477616 ], [ 77.17825692303991, 29.901820545519694 ], [ 77.178254960393403, 29.901730363524258 ], [ 77.17815145426988, 29.901732073479 ], [ 77.178147529189772, 29.9015517094717 ], [ 77.178044023243501, 29.901553419332917 ], [ 77.178042060809872, 29.901463237321042 ], [ 77.177938554947801, 29.901464947094937 ], [ 77.177934630293436, 29.901284583054746 ], [ 77.177831124608588, 29.901286292735122 ], [ 77.177829162387852, 29.901196110706803 ], [ 77.177622151177616, 29.90119952981178 ], [ 77.177618227135142, 29.901019165726314 ], [ 77.177514721702835, 29.90102087514472 ], [ 77.177510797882135, 29.900840511041462 ], [ 77.177407292627066, 29.900842220366354 ], [ 77.17740140724203, 29.900571674182739 ], [ 77.177297902257294, 29.900573383407927 ], [ 77.177293978897936, 29.900393019266382 ], [ 77.177086969274058, 29.900396437448599 ], [ 77.177083046322608, 29.900216073276876 ], [ 77.176979541683451, 29.900217782233909 ], [ 77.176977580314144, 29.900127600139822 ], [ 77.176874075759187, 29.900129309009543 ], [ 77.176870153233438, 29.89994894480494 ], [ 77.176973657602261, 29.899947235947607 ], [ 77.17697169625967, 29.899857053849466 ], [ 77.177075200526531, 29.899855344917203 ], [ 77.177077161962188, 29.899945527009155 ], [ 77.177180666313205, 29.899943817989577 ], [ 77.177182627850854, 29.900034000073966 ], [ 77.177286132286056, 29.900032290967076 ], [ 77.177288093925668, 29.900122473043925 ], [ 77.177391598445041, 29.900120763849703 ], [ 77.177395521937129, 29.900301127986975 ], [ 77.17749902663374, 29.900299418699252 ], [ 77.177502950347588, 29.900479782818724 ], [ 77.177606455221451, 29.900478073437487 ], [ 77.1776084171848, 29.900568255488999 ], [ 77.177711922142834, 29.900566546020443 ], [ 77.17771584628241, 29.900746910107017 ], [ 77.177819351417696, 29.90074520054495 ], [ 77.177823275779033, 29.90092556461375 ], [ 77.177926781091557, 29.900923854958162 ], [ 77.177930705674683, 29.901104219009152 ], [ 77.178034211164459, 29.901102509260046 ], [ 77.178038135969359, 29.901282873293248 ], [ 77.178141641636387, 29.901281163450619 ], [ 77.178145566663062, 29.901461527466022 ], [ 77.178249072507356, 29.901459817529869 ], [ 77.178251035127133, 29.901549999529347 ], [ 77.178354541055583, 29.901548289505872 ], [ 77.178358466508016, 29.901728653488398 ], [ 77.178461972613732, 29.901726943371393 ], [ 77.178463935446388, 29.901817125354427 ], [ 77.178567441636261, 29.901815415150104 ], [ 77.178569404570922, 29.901905597125591 ], [ 77.178362391996089, 29.901909017465503 ] ], [ [ 77.177083046322608, 29.900216073276876 ], [ 77.17718655095284, 29.90021436423871 ], [ 77.177184589397399, 29.900124182157011 ], [ 77.177081084860234, 29.900125891188981 ], [ 77.177083046322608, 29.900216073276876 ] ] ] } },
{ "type": "Feature", "properties": { "pit_id": 178, "latitude": 29.452979, "longitude": 77.124083, "category": "pit", "area_ha": 0.03, "area_m2": 300.0, "prob_max": 1.0, "prob_mean": 0.99, "new_pit": 0, "setting": "Yamuna riverbed", "water_share": 1.0, "buildings_near": -0.0, "compactness": 1.0, "size_class": "tiny (<0.1 ha)", "google_maps": "https://www.google.com/maps?q=29.452979,77.124083" }, "geometry": { "type": "Polygon", "coordinates": [ [ [ 77.123964624103436, 29.453056409501418 ], [ 77.123962744840526, 29.452966218175547 ], [ 77.124065795994738, 29.452964573391188 ], [ 77.124063916649376, 29.452874382070007 ], [ 77.124166967704014, 29.45287273721198 ], [ 77.124170726585305, 29.453053119840984 ], [ 77.123964624103436, 29.453056409501418 ] ] ] } },
{ "type": "Feature", "properties": { "pit_id": 179, "latitude": 29.903693, "longitude": 76.78116, "category": "pit", "area_ha": 2.32, "area_m2": 23200.0, "prob_max": 1.0, "prob_mean": 0.843, "new_pit": 0, "setting": "outside riverbed", "water_share": 0.858, "buildings_near": 0.055, "compactness": 0.229, "size_class": "large (>2 ha)", "google_maps": "https://www.google.com/maps?q=29.903693,76.781160" }, "geometry": { "type": "Polygon", "coordinates": [ [ [ 76.782233041816482, 29.904881081959157 ], [ 76.782231435669544, 29.904790878368843 ], [ 76.782127901548861, 29.904792277672687 ], [ 76.782126295502408, 29.904702074075992 ], [ 76.781919227425533, 29.904704872429917 ], [ 76.781917621572745, 29.904614668821768 ], [ 76.78171055365307, 29.904617466840733 ], [ 76.781708947993934, 29.904527263221137 ], [ 76.781501880231488, 29.904530060905131 ], [ 76.781500274765989, 29.904439857274074 ], [ 76.781396740967025, 29.904441255989195 ], [ 76.781395135602011, 29.904351052351739 ], [ 76.781291601888924, 29.904352450980586 ], [ 76.78128678611715, 29.904081840045183 ], [ 76.781183252676328, 29.90408323857762 ], [ 76.781180042384591, 29.903902831270656 ], [ 76.781283575639051, 29.903901432748352 ], [ 76.781281970410944, 29.903811229097958 ], [ 76.781178437249665, 29.903812627615192 ], [ 76.781176832122028, 29.903722423958424 ], [ 76.781073299046625, 29.903723822389381 ], [ 76.78107169401946, 29.903633618726232 ], [ 76.780761095029121, 29.903637813516674 ], [ 76.780762699776773, 29.903728017195025 ], [ 76.780245034181334, 29.903735006913706 ], [ 76.780243429899571, 29.903644803210021 ], [ 76.780036363796782, 29.90364759851894 ], [ 76.780033155627848, 29.903467191087341 ], [ 76.779929622751894, 29.903468588609876 ], [ 76.779924810832625, 29.903197977437461 ], [ 76.779821278228923, 29.903199374863586 ], [ 76.779814862811222, 29.902838559928387 ], [ 76.779711330572937, 29.90283995725305 ], [ 76.779706519365618, 29.902569346022666 ], [ 76.780017115220062, 29.902565153850663 ], [ 76.780015511219318, 29.902474950119775 ], [ 76.780222574899526, 29.902472154942572 ], [ 76.780228991691544, 29.902832969817723 ], [ 76.780332523893421, 29.902831572087052 ], [ 76.78033412820281, 29.902921775797495 ], [ 76.780644725044283, 29.9029175821031 ], [ 76.780647934243959, 29.903097989489638 ], [ 76.780751466696216, 29.903096591418972 ], [ 76.78075307140017, 29.903186795105206 ], [ 76.780960136469218, 29.903183998710123 ], [ 76.780961741366809, 29.9032742023849 ], [ 76.781582936958173, 29.903265811220429 ], [ 76.781581331501528, 29.903175607576063 ], [ 76.781684863981411, 29.903174208769521 ], [ 76.781688075088326, 29.903354616046805 ], [ 76.78179160774728, 29.903353217148908 ], [ 76.781793213404853, 29.903443420780512 ], [ 76.781896746149684, 29.903442021796341 ], [ 76.781904775012777, 29.90389303990931 ], [ 76.78200830821622, 29.903891640818593 ], [ 76.782009914103881, 29.903981844432174 ], [ 76.782113447393215, 29.903980445255186 ], [ 76.782115053381347, 29.904070648862376 ], [ 76.782218586756571, 29.904069249599111 ], [ 76.782220192845173, 29.904159453199927 ], [ 76.782323726306302, 29.904158053850374 ], [ 76.782325332495361, 29.904248257444802 ], [ 76.782428866042366, 29.904246858008982 ], [ 76.782430472331924, 29.904337061597015 ], [ 76.782534005964834, 29.904335662074917 ], [ 76.782540431568677, 29.904696476393674 ], [ 76.782436897563031, 29.904697875936066 ], [ 76.782440110222353, 29.904878283097705 ], [ 76.782233041816482, 29.904881081959157 ] ], [ [ 76.781280365190113, 29.903721025446266 ], [ 76.781383898250922, 29.903719626852912 ], [ 76.781382292944201, 29.903629423204972 ], [ 76.781278759976587, 29.903630821793257 ], [ 76.781280365190113, 29.903721025446266 ] ], [ [ 76.781173621888584, 29.903542016640952 ], [ 76.781484220511942, 29.90353782089128 ], [ 76.781482615126606, 29.903447617245778 ], [ 76.78117201678279, 29.903451812980236 ], [ 76.781173621888584, 29.903542016640952 ] ], [ [ 76.780550819898437, 29.903460202256696 ], [ 76.780654352730707, 29.903458804246959 ], [ 76.780652748098092, 29.903368600559599 ], [ 76.780549215359002, 29.903369998564269 ], [ 76.780550819898437, 29.903460202256696 ] ], [ [ 76.780238617098036, 29.903374192091068 ], [ 76.780342149858967, 29.903372794330007 ], [ 76.780335732519475, 29.903011979506616 ], [ 76.780232200131252, 29.903013377247419 ], [ 76.780238617098036, 29.903374192091068 ] ], [ [ 76.780652748098092, 29.903368600559599 ], [ 76.780756280829891, 29.903367202473728 ], [ 76.780754676111385, 29.903276998790115 ], [ 76.780651143472767, 29.903278396870924 ], [ 76.780652748098092, 29.903368600559599 ] ] ] } },
{ "type": "Feature", "properties": { "pit_id": 180, "latitude": 29.461885, "longitude": 77.050922, "category": "pit", "area_ha": 0.23, "area_m2": 2300.0, "prob_max": 1.0, "prob_mean": 0.921, "new_pit": 0, "setting": "outside riverbed", "water_share": 0.0, "buildings_near": -0.0, "compactness": 0.992, "size_class": "small (0.1-0.5 ha)", "google_maps": "https://www.google.com/maps?q=29.461885,77.050922" }, "geometry": { "type": "Polygon", "coordinates": [ [ [ 77.050541747863988, 29.462057456947171 ], [ 77.050538117888436, 29.461877066080607 ], [ 77.050641182881307, 29.461875477694843 ], [ 77.050639367814867, 29.461785282265396 ], [ 77.050742432708404, 29.461783693805721 ], [ 77.050740617559157, 29.461693498380757 ], [ 77.05084368235336, 29.461691909847168 ], [ 77.05084549759367, 29.46178210526632 ], [ 77.050948562470666, 29.461780516647192 ], [ 77.050946747139278, 29.461690321233856 ], [ 77.051255941447451, 29.46168555491559 ], [ 77.051261388286022, 29.461956141099346 ], [ 77.051158323251698, 29.461957729969267 ], [ 77.051160138790024, 29.462047925367017 ], [ 77.050541747863988, 29.462057456947171 ] ] ] } },
{ "type": "Feature", "properties": { "pit_id": 181, "latitude": 29.620411, "longitude": 76.90106, "category": "likely village pond", "area_ha": 0.7, "area_m2": 7000.0, "prob_max": 1.0, "prob_mean": 0.861, "new_pit": 0, "setting": "outside riverbed", "water_share": 0.886, "buildings_near": 0.212, "compactness": 0.68, "size_class": "medium (0.5-2 ha)", "google_maps": "https://www.google.com/maps?q=29.620411,76.901060" }, "geometry": { "type": "Polygon", "coordinates": [ [ [ 76.900926495617, 29.621002767932328 ], [ 76.900923108591456, 29.620822365068364 ], [ 76.900819872915008, 29.620823844716202 ], [ 76.900814792709994, 29.620553240394212 ], [ 76.900711557301349, 29.620554719945609 ], [ 76.90070647744119, 29.620284115595592 ], [ 76.900603242300335, 29.62028559505055 ], [ 76.900599855949082, 29.620105192133177 ], [ 76.900703090906276, 29.620103712689009 ], [ 76.90070139765038, 29.620013511233736 ], [ 76.900804632508027, 29.620012031714701 ], [ 76.90080124583568, 29.619831628811006 ], [ 76.901007715160546, 29.619828669553723 ], [ 76.901009408676543, 29.619918870995441 ], [ 76.901112643419253, 29.619917391241021 ], [ 76.90111433703477, 29.620007592676021 ], [ 76.901217571861594, 29.620006112835949 ], [ 76.901219265576657, 29.620096314264249 ], [ 76.901322500487623, 29.620094834338516 ], [ 76.901324194302234, 29.620185035760091 ], [ 76.901427429297314, 29.620183555748703 ], [ 76.901430817133303, 29.620363958577126 ], [ 76.901534052304342, 29.620362478474686 ], [ 76.901540828436168, 29.620723284094165 ], [ 76.901437592897793, 29.620724764218185 ], [ 76.901439286858178, 29.620814965625176 ], [ 76.901232815574616, 29.620817925643237 ], [ 76.901234509359028, 29.620908127059685 ], [ 76.901131273613856, 29.620909606953713 ], [ 76.901132967314155, 29.620999808374258 ], [ 76.900926495617, 29.621002767932328 ] ], [ [ 76.901334357351686, 29.620726244261952 ], [ 76.901437592897793, 29.620724764218185 ], [ 76.901432511062865, 29.620454159989361 ], [ 76.901329275792278, 29.620455640016946 ], [ 76.901334357351686, 29.620726244261952 ] ] ] } },
{ "type": "Feature", "properties": { "pit_id": 182, "latitude": 29.628133, "longitude": 76.629592, "category": "likely village pond", "area_ha": 0.1, "area_m2": 1000.0, "prob_max": 1.0, "prob_mean": 0.918, "new_pit": 0, "setting": "outside riverbed", "water_share": 0.8, "buildings_near": 0.268, "compactness": 1.0, "size_class": "small (0.1-0.5 ha)", "google_maps": "https://www.google.com/maps?q=29.628133,76.629592" }, "geometry": { "type": "Polygon", "coordinates": [ [ [ 76.629345633053418, 29.628226576305781 ], [ 76.629344180990202, 29.628136361745035 ], [ 76.62924092271804, 29.628137630338848 ], [ 76.629239470753348, 29.62804741577218 ], [ 76.629342728933594, 29.628046147182985 ], [ 76.629344180990202, 29.628136361745035 ], [ 76.62944743925577, 29.628135093070892 ], [ 76.629445987107232, 29.628044878513474 ], [ 76.62985901973569, 29.628039803032134 ], [ 76.629861924774744, 29.628220232108667 ], [ 76.629345633053418, 29.628226576305781 ] ] ] } },
{ "type": "Feature", "properties": { "pit_id": 183, "latitude": 29.62863, "longitude": 76.581756, "category": "pit", "area_ha": 0.29, "area_m2": 2900.0, "prob_max": 1.0, "prob_mean": 0.884, "new_pit": 1, "setting": "outside riverbed", "water_share": 0.862, "buildings_near": 0.0, "compactness": 1.0, "size_class": "small (0.1-0.5 ha)", "google_maps": "https://www.google.com/maps?q=29.628630,76.581756" }, "geometry": { "type": "Polygon", "coordinates": [ [ [ 76.581642391275736, 29.628984547569459 ], [ 76.581640981671185, 29.628894330905645 ], [ 76.581537720207194, 29.628895562394945 ], [ 76.581530672740371, 29.628444479034144 ], [ 76.581633933744683, 29.628443247567301 ], [ 76.581631114618986, 29.628262814222946 ], [ 76.581940897041846, 29.62825911936735 ], [ 76.581952175905016, 29.628980852606084 ], [ 76.581642391275736, 29.628984547569459 ] ] ] } },
{ "type": "Feature", "properties": { "pit_id": 184, "latitude": 29.896687, "longitude": 77.14194, "category": "pit", "area_ha": 0.23, "area_m2": 2300.0, "prob_max": 1.0, "prob_mean": 0.998, "new_pit": 0, "setting": "outside riverbed", "water_share": 1.0, "buildings_near": -0.0, "compactness": 1.0, "size_class": "small (0.1-0.5 ha)", "google_maps": "https://www.google.com/maps?q=29.896687,77.141940" }, "geometry": { "type": "Polygon", "coordinates": [ [ [ 77.141704480986149, 29.896916203645699 ], [ 77.14169483434523, 29.896465282428689 ], [ 77.142108846987185, 29.896458557617709 ], [ 77.142110776670123, 29.896548741839432 ], [ 77.142214279901779, 29.896547060427793 ], [ 77.142220069282331, 29.896817613066602 ], [ 77.142116565771474, 29.896819294496517 ], [ 77.142118495489441, 29.89690947871285 ], [ 77.141704480986149, 29.896916203645699 ] ] ] } },
{ "type": "Feature", "properties": { "pit_id": 185, "latitude": 29.47906, "longitude": 76.52747, "category": "pit", "area_ha": 0.55, "area_m2": 5500.0, "prob_max": 1.0, "prob_mean": 0.893, "new_pit": 0, "setting": "outside riverbed", "water_share": 1.0, "buildings_near": 0.0, "compactness": 0.795, "size_class": "medium (0.5-2 ha)", "google_maps": "https://www.google.com/maps?q=29.479060,76.527470" }, "geometry": { "type": "Polygon", "coordinates": [ [ [ 76.526922699980148, 29.479293320923489 ], [ 76.526918642205999, 29.479022657786427 ], [ 76.526815530326118, 29.479023841231665 ], [ 76.526814177838318, 29.478933620179088 ], [ 76.526917289626937, 29.47893243673817 ], [ 76.526915937054042, 29.478842215688655 ], [ 76.527843942052911, 29.478831561165773 ], [ 76.527845295447065, 29.478921782176322 ], [ 76.527948407174023, 29.478920597936828 ], [ 76.527947053688621, 29.47883037693061 ], [ 76.528050165318163, 29.478829192615581 ], [ 76.528052872477659, 29.479009634618091 ], [ 76.528155984283543, 29.47900845021455 ], [ 76.528157337963776, 29.479098671209549 ], [ 76.528054226066658, 29.479099855617417 ], [ 76.528055579661824, 29.479190076615474 ], [ 76.527952467667262, 29.479191260947818 ], [ 76.527953821177348, 29.479281481948927 ], [ 76.526922699980148, 29.479293320923489 ] ] ] } },
{ "type": "Feature", "properties": { "pit_id": 186, "latitude": 29.475289, "longitude": 76.895936, "category": "pit", "area_ha": 0.45, "area_m2": 4500.0, "prob_max": 1.0, "prob_mean": 0.949, "new_pit": 1, "setting": "outside riverbed", "water_share": 1.0, "buildings_near": 0.005, "compactness": 1.0, "size_class": "small (0.1-0.5 ha)", "google_maps": "https://www.google.com/maps?q=29.475289,76.895936" }, "geometry": { "type": "Polygon", "coordinates": [ [ [ 76.895629320898379, 29.47563310482693 ], [ 76.895617569085161, 29.475001679020057 ], [ 76.895823744889086, 29.474998740896357 ], [ 76.895822065906884, 29.474908537215153 ], [ 76.8961313292819, 29.474904129447292 ], [ 76.896133008537589, 29.474994333112367 ], [ 76.896236096405119, 29.474992863691465 ], [ 76.896247852047267, 29.475624289272648 ], [ 76.895629320898379, 29.47563310482693 ] ] ] } },
{ "type": "Feature", "properties": { "pit_id": 187, "latitude": 29.901283, "longitude": 76.781745, "category": "likely village pond", "area_ha": 0.42, "area_m2": 4200.0, "prob_max": 1.0, "prob_mean": 0.917, "new_pit": 0, "setting": "outside riverbed", "water_share": 0.905, "buildings_near": 0.22, "compactness": 0.906, "size_class": "small (0.1-0.5 ha)", "google_maps": "https://www.google.com/maps?q=29.901283,76.781745" }, "geometry": { "type": "Polygon", "coordinates": [ [ [ 76.781657570749516, 29.901640746700572 ], [ 76.78165596533087, 29.901550543037633 ], [ 76.781345372900716, 29.9015547389399 ], [ 76.781340557527045, 29.901284127897608 ], [ 76.781444088064873, 29.901282729359924 ], [ 76.781442482861721, 29.901192525681598 ], [ 76.781338952417059, 29.901193924214212 ], [ 76.781337347314349, 29.901103720529512 ], [ 76.781647938346978, 29.901099524703287 ], [ 76.781646332972073, 29.901009321032486 ], [ 76.781749863208532, 29.901007922266423 ], [ 76.781748257747751, 29.90091771859937 ], [ 76.781955318012479, 29.900914920833813 ], [ 76.781956923659607, 29.901005124490723 ], [ 76.782060453874223, 29.90100372548109 ], [ 76.782063665376683, 29.90118413278082 ], [ 76.782167195770327, 29.901182733679843 ], [ 76.78217040748828, 29.901363140964186 ], [ 76.782066876908289, 29.901364540075306 ], [ 76.782068482685034, 29.901454743720578 ], [ 76.781964952004586, 29.901456142755581 ], [ 76.781966557695441, 29.901546346404601 ], [ 76.781759496126355, 29.901549144241148 ], [ 76.781761101638168, 29.901639347899021 ], [ 76.781657570749516, 29.901640746700572 ] ] ] } },
{ "type": "Feature", "properties": { "pit_id": 188, "latitude": 29.626429, "longitude": 76.799771, "category": "pit", "area_ha": 0.97, "area_m2": 9700.0, "prob_max": 1.0, "prob_mean": 0.799, "new_pit": 0, "setting": "outside riverbed", "water_share": 0.784, "buildings_near": 0.077, "compactness": 0.264, "size_class": "medium (0.5-2 ha)", "google_maps": "https://www.google.com/maps?q=29.626429,76.799771" }, "geometry": { "type": "Polygon", "coordinates": [ [ [ 76.799528577189179, 29.627289683555105 ], [ 76.799526973567822, 29.627199477032569 ], [ 76.79942372546563, 29.627200878052385 ], [ 76.79942051842859, 29.627020464993194 ], [ 76.799317270502868, 29.627021865922483 ], [ 76.799312460277704, 29.626751246308565 ], [ 76.79920921262034, 29.62675264714224 ], [ 76.799202799456452, 29.626391820951639 ], [ 76.799099552159333, 29.626393221684591 ], [ 76.799096345804927, 29.626212808571225 ], [ 76.798993098684278, 29.626214209213668 ], [ 76.798991495609897, 29.626124002649931 ], [ 76.798888248573832, 29.626125403206963 ], [ 76.798886645598628, 29.626035196636806 ], [ 76.798783398647146, 29.626036597108438 ], [ 76.798778590040939, 29.625765977374815 ], [ 76.798881836716774, 29.625764576918492 ], [ 76.798880233770745, 29.625674370343109 ], [ 76.799086726916769, 29.625671569199792 ], [ 76.799085123794271, 29.625581362633312 ], [ 76.799394863182982, 29.625577160331449 ], [ 76.799398069986538, 29.625757573432463 ], [ 76.799501316618603, 29.62575617249437 ], [ 76.799504523635107, 29.625936585579932 ], [ 76.799711017244874, 29.625933783442431 ], [ 76.79971262094783, 29.626023989973039 ], [ 76.799815867833644, 29.626022588778731 ], [ 76.799820679261956, 29.626293208347398 ], [ 76.799923926416128, 29.626291807057466 ], [ 76.799938361922074, 29.627103665646921 ], [ 76.799835113940944, 29.627105066982818 ], [ 76.799836717830658, 29.627195273491335 ], [ 76.799733469750336, 29.627196674752046 ], [ 76.799735073555468, 29.627286881264357 ], [ 76.799528577189179, 29.627289683555105 ] ], [ [ 76.79942051842859, 29.627020464993194 ], [ 76.799523766347036, 29.627019063983589 ], [ 76.799522162747564, 29.626928857457148 ], [ 76.79941891492102, 29.626930258461631 ], [ 76.79942051842859, 29.627020464993194 ] ], [ [ 76.799414104442093, 29.62665963885911 ], [ 76.799517351992989, 29.626658237869943 ], [ 76.799515748422706, 29.626568031338259 ], [ 76.799618995874411, 29.62656663027391 ], [ 76.799615788571998, 29.626386217216847 ], [ 76.799512541304054, 29.626387618270993 ], [ 76.799509334214591, 29.626207205198476 ], [ 76.799406087123117, 29.626208606162116 ], [ 76.799402880246589, 29.626028193074173 ], [ 76.799196386409292, 29.62603099474012 ], [ 76.799193179929489, 29.625850581626512 ], [ 76.799296426668022, 29.625849180843904 ], [ 76.799294823347182, 29.625758974290267 ], [ 76.799088330046573, 29.625761775764971 ], [ 76.799089933183637, 29.625851982328832 ], [ 76.798986686430524, 29.62585338295084 ], [ 76.79898828948302, 29.625943589518517 ], [ 76.799091536328021, 29.625942188891393 ], [ 76.799094742638673, 29.62612260201259 ], [ 76.799197989660129, 29.626121201294961 ], [ 76.799202799456452, 29.626391820951639 ], [ 76.799306046746295, 29.626390420138382 ], [ 76.799307650118209, 29.626480626682891 ], [ 76.799410897492606, 29.626479225784234 ], [ 76.799414104442093, 29.62665963885911 ] ] ] } },
{ "type": "Feature", "properties": { "pit_id": 189, "latitude": 29.897054, "longitude": 77.047847, "category": "pit", "area_ha": 0.1, "area_m2": 1000.0, "prob_max": 1.0, "prob_mean": 0.864, "new_pit": 0, "setting": "outside riverbed", "water_share": 0.4, "buildings_near": 0.014, "compactness": 1.0, "size_class": "small (0.1-0.5 ha)", "google_maps": "https://www.google.com/maps?q=29.897054,77.047847" }, "geometry": { "type": "Polygon", "coordinates": [ [ [ 77.047595812813483, 29.89741869403851 ], [ 77.047592123537484, 29.89723831469238 ], [ 77.047799143957278, 29.89723510003499 ], [ 77.04779176476103, 29.896874341373294 ], [ 77.047895274586011, 29.8968727339462 ], [ 77.047906343989141, 29.897413871895775 ], [ 77.047595812813483, 29.89741869403851 ] ] ] } },
{ "type": "Feature", "properties": { "pit_id": 190, "latitude": 29.606444, "longitude": 76.835694, "category": "pit", "area_ha": 3.25, "area_m2": 32500.0, "prob_max": 1.0, "prob_mean": 0.939, "new_pit": 0, "setting": "outside riverbed", "water_share": 0.957, "buildings_near": 0.025, "compactness": 0.363, "size_class": "large (>2 ha)", "google_maps": "https://www.google.com/maps?q=29.606444,76.835694" }, "geometry": { "type": "Polygon", "coordinates": [ [ [ 76.834282846625641, 29.607504829803084 ], [ 76.834281213355553, 29.607414624753861 ], [ 76.834177987410442, 29.60741605196036 ], [ 76.834174721076124, 29.607235641847595 ], [ 76.834071495307171, 29.607237068963446 ], [ 76.834068229186144, 29.607056658835035 ], [ 76.833965003593335, 29.607058085860256 ], [ 76.833955205959356, 29.606516855412377 ], [ 76.834058431001466, 29.606515428418376 ], [ 76.83406006401367, 29.606605633491096 ], [ 76.834163289140136, 29.606604206411674 ], [ 76.834164922251546, 29.606694411477864 ], [ 76.834371372665743, 29.606691557067929 ], [ 76.83437300596816, 29.606781762122409 ], [ 76.834992357583047, 29.60677319693588 ], [ 76.834990723729916, 29.606682991912631 ], [ 76.835197174025168, 29.606680136219051 ], [ 76.835195539995894, 29.606589931204912 ], [ 76.835298765040591, 29.606588503242975 ], [ 76.835295496820791, 29.606408093221191 ], [ 76.835501946520736, 29.606405237077496 ], [ 76.835497043696137, 29.606134622066239 ], [ 76.83539381912523, 29.606136050162569 ], [ 76.83539218495703, 29.606045845150998 ], [ 76.835288960470479, 29.606047273161902 ], [ 76.835285692339937, 29.605866863124405 ], [ 76.835698589507274, 29.6058611506411 ], [ 76.835696955086021, 29.605770945641215 ], [ 76.83590340344152, 29.605768088928631 ], [ 76.835901768844153, 29.605677883937869 ], [ 76.836314665098726, 29.605672169570841 ], [ 76.836311395192098, 29.605491759627057 ], [ 76.836414619053585, 29.605490330845168 ], [ 76.836412984019645, 29.605400125876514 ], [ 76.836516207781898, 29.605398697019613 ], [ 76.836514572663631, 29.605308492054867 ], [ 76.836617796326678, 29.60530706312295 ], [ 76.836611255560896, 29.604946243271726 ], [ 76.836817702130432, 29.604943385208919 ], [ 76.836819337494276, 29.60503359016327 ], [ 76.837025784217616, 29.605030731769148 ], [ 76.837027419772454, 29.605120936711756 ], [ 76.836924196322727, 29.605122365954148 ], [ 76.836925831793224, 29.605212570900648 ], [ 76.837029055334725, 29.605211141653054 ], [ 76.837032326481619, 29.605391551531721 ], [ 76.837135550199235, 29.605390122193469 ], [ 76.837133914530284, 29.605299917260009 ], [ 76.837237138148666, 29.605298487846753 ], [ 76.837242045453166, 29.605569102627587 ], [ 76.837035597658272, 29.605571961405165 ], [ 76.83703723325776, 29.605662166339911 ], [ 76.836934009257376, 29.605663595613581 ], [ 76.836935644772538, 29.605753800552232 ], [ 76.83683242067292, 29.605755229750883 ], [ 76.83683405610374, 29.605845434693443 ], [ 76.836730831904902, 29.605846863817078 ], [ 76.836742279486572, 29.606478298414839 ], [ 76.836639054637814, 29.60647972749474 ], [ 76.83664232525885, 29.606660137378437 ], [ 76.836539100219085, 29.606661566388535 ], [ 76.836540735448978, 29.606751771333641 ], [ 76.836334285163574, 29.606754629123568 ], [ 76.836335920217337, 29.606844834077787 ], [ 76.836232694971685, 29.606846262857616 ], [ 76.836234329941107, 29.606936467815732 ], [ 76.836131104596234, 29.606937896520552 ], [ 76.8361327394813, 29.60702810148257 ], [ 76.835719837660235, 29.607033815520399 ], [ 76.835721472185625, 29.607124020501935 ], [ 76.835618246619973, 29.607125448816031 ], [ 76.835619881060992, 29.607215653801475 ], [ 76.83551665539612, 29.607217082040549 ], [ 76.835518289752798, 29.607307287029897 ], [ 76.834898935056671, 29.607315854810764 ], [ 76.834900568870069, 29.607406059830044 ], [ 76.834797342969551, 29.607407487517932 ], [ 76.834798976698593, 29.607497692541113 ], [ 76.834282846625641, 29.607504829803084 ] ], [ [ 76.836717749400961, 29.605125224198243 ], [ 76.836820972865553, 29.605123795116299 ], [ 76.836819337494276, 29.60503359016327 ], [ 76.836716114121458, 29.605035019239999 ], [ 76.836717749400961, 29.605125224198243 ] ] ] } },
{ "type": "Feature", "properties": { "pit_id": 191, "latitude": 29.479668, "longitude": 76.529161, "category": "pit", "area_ha": 1.7, "area_m2": 17000.0, "prob_max": 1.0, "prob_mean": 0.792, "new_pit": 0, "setting": "outside riverbed", "water_share": 0.694, "buildings_near": 0.0, "compactness": 0.282, "size_class": "medium (0.5-2 ha)", "google_maps": "https://www.google.com/maps?q=29.479668,76.529161" }, "geometry": { "type": "Polygon", "coordinates": [ [ [ 76.529208776228103, 29.480440136859823 ], [ 76.529207421542736, 29.480349915927377 ], [ 76.529001195310556, 29.480352286381802 ], [ 76.528999840813881, 29.480262065439408 ], [ 76.528896727779781, 29.480263250542496 ], [ 76.528892664600576, 29.479992587694603 ], [ 76.528686439061417, 29.479994957635199 ], [ 76.528685084863199, 29.479904736674676 ], [ 76.5287881975446, 29.479903551748652 ], [ 76.52878548898417, 29.47972310983242 ], [ 76.528682376485278, 29.479724294749776 ], [ 76.528679668132028, 29.479543852819759 ], [ 76.52878278044841, 29.479542667911065 ], [ 76.528784134713206, 29.479632888872377 ], [ 76.528887247114668, 29.479631703879488 ], [ 76.52888047539615, 29.479180599081772 ], [ 76.528777363450956, 29.479181784052983 ], [ 76.528781426189781, 29.479452446948464 ], [ 76.528678313964662, 29.479453631852827 ], [ 76.528675605648445, 29.47927318991513 ], [ 76.528572493599654, 29.479274374730963 ], [ 76.528573847663424, 29.479364595704784 ], [ 76.528470735517203, 29.479365780445093 ], [ 76.528472089495892, 29.479456001421973 ], [ 76.528368977252256, 29.479457186086755 ], [ 76.528370331145865, 29.47954740706669 ], [ 76.528576555809479, 29.479545037648595 ], [ 76.528580618074827, 29.479815700554703 ], [ 76.528271280248859, 29.479819254601058 ], [ 76.528268572613314, 29.479638812638928 ], [ 76.528371685045641, 29.479637628045332 ], [ 76.528370331145865, 29.47954740706669 ], [ 76.5282672188048, 29.479548591655945 ], [ 76.528263157416262, 29.479277928699318 ], [ 76.528160045342787, 29.479279113195709 ], [ 76.528158691650205, 29.479188892203258 ], [ 76.528261803632418, 29.479187707711191 ], [ 76.528260449854756, 29.479097486721805 ], [ 76.528363561739539, 29.479096302154225 ], [ 76.528362207876782, 29.479006081167888 ], [ 76.528465319664164, 29.479004896524771 ], [ 76.528463965716327, 29.478914675541485 ], [ 76.528979524104372, 29.478908751149696 ], [ 76.528978169706448, 29.47881853018681 ], [ 76.529081281274287, 29.478817345073214 ], [ 76.529082635763459, 29.478907566031769 ], [ 76.529288859063143, 29.47890519555634 ], [ 76.529295632514135, 29.479356300286575 ], [ 76.529398744610972, 29.479355114907388 ], [ 76.52940009941095, 29.479445335845249 ], [ 76.529812548101603, 29.479440593512596 ], [ 76.529816613633614, 29.479711256266484 ], [ 76.530022838489415, 29.479708884594967 ], [ 76.530024193861607, 29.479799105501701 ], [ 76.530127306371497, 29.47979791954182 ], [ 76.53013137279892, 29.480068582241284 ], [ 76.530234485576401, 29.480067396188524 ], [ 76.530235841155829, 29.480157617081449 ], [ 76.530132728287086, 29.480158803138547 ], [ 76.530134083781419, 29.480249024034531 ], [ 76.529824744864371, 29.480252581739666 ], [ 76.529826100091114, 29.480342802647364 ], [ 76.529310534649568, 29.480348730580356 ], [ 76.529311889426182, 29.480438951508471 ], [ 76.529208776228103, 29.480440136859823 ] ], [ [ 76.529926502531069, 29.480161175013155 ], [ 76.530029615412161, 29.48015998911578 ], [ 76.530028260015257, 29.480069768214179 ], [ 76.529925147225427, 29.480070954107216 ], [ 76.529926502531069, 29.480161175013155 ] ], [ [ 76.529923791925953, 29.479980733199998 ], [ 76.530026904624535, 29.479979547311306 ], [ 76.53002554923998, 29.47988932640714 ], [ 76.52992243663266, 29.479890512291504 ], [ 76.529923791925953, 29.479980733199998 ] ], [ [ 76.529716211399474, 29.479892883820629 ], [ 76.529819324019158, 29.479891698095997 ], [ 76.529817968823295, 29.479801477181883 ], [ 76.529714856294888, 29.479802662902191 ], [ 76.529716211399474, 29.479892883820629 ] ], [ [ 76.529611743760285, 29.479803848542623 ], [ 76.529714856294888, 29.479802662902191 ], [ 76.529710791018104, 29.47953200013913 ], [ 76.529504566490274, 29.479534371314138 ], [ 76.52950727630359, 29.479714813174802 ], [ 76.529610388753113, 29.479713627618551 ], [ 76.529611743760285, 29.479803848542623 ] ] ] } },
{ "type": "Feature", "properties": { "pit_id": 192, "latitude": 29.8992, "longitude": 76.786078, "category": "likely village pond", "area_ha": 0.94, "area_m2": 9400.0, "prob_max": 1.0, "prob_mean": 0.891, "new_pit": 0, "setting": "outside riverbed", "water_share": 0.968, "buildings_near": 0.204, "compactness": 0.842, "size_class": "medium (0.5-2 ha)", "google_maps": "https://www.google.com/maps?q=29.899200,76.786078" }, "geometry": { "type": "Polygon", "coordinates": [ [ [ 76.785557952784586, 29.899693262014196 ], [ 76.785556343978882, 29.899603058516561 ], [ 76.785452815409784, 29.899604460210565 ], [ 76.785451206704565, 29.899514256706542 ], [ 76.785347678221314, 29.899515658314282 ], [ 76.785344461019065, 29.899335251292147 ], [ 76.785447989316012, 29.899333849694568 ], [ 76.785446380632678, 29.899243646186616 ], [ 76.785549908829154, 29.89924224451293 ], [ 76.785546691298109, 29.899061837503233 ], [ 76.785650219300962, 29.899060435758525 ], [ 76.785648610453222, 29.89897023225679 ], [ 76.785752138355619, 29.898968830435976 ], [ 76.785750529422032, 29.898878626938007 ], [ 76.785957585018608, 29.898875823062987 ], [ 76.785955975906006, 29.898785619573868 ], [ 76.78616303128706, 29.89878281538428 ], [ 76.786161421995459, 29.898692611904007 ], [ 76.786368477160963, 29.898689807399833 ], [ 76.786370086638868, 29.898780010869935 ], [ 76.786577141961459, 29.89877720603085 ], [ 76.786578751632987, 29.898867409489466 ], [ 76.786682279376478, 29.898866006943052 ], [ 76.786685498927753, 29.89904641384619 ], [ 76.786789026850244, 29.899045011208422 ], [ 76.786792246617068, 29.899225418096144 ], [ 76.786688718508273, 29.899226820744072 ], [ 76.78669032830949, 29.899317024191038 ], [ 76.786586800100196, 29.899318426762861 ], [ 76.786588409815565, 29.8994086302136 ], [ 76.786484881505828, 29.899410032709326 ], [ 76.786486491135349, 29.899500236163831 ], [ 76.786175905882814, 29.899504443179126 ], [ 76.786177515240155, 29.899594646647568 ], [ 76.786073986714882, 29.89959604882872 ], [ 76.786072377450679, 29.899505845355183 ], [ 76.785968849011255, 29.899507247450043 ], [ 76.785970458182291, 29.899597450928656 ], [ 76.785763401095195, 29.899600254884991 ], [ 76.785765010087204, 29.899690458372451 ], [ 76.785557952784586, 29.899693262014196 ] ] ] } },
{ "type": "Feature", "properties": { "pit_id": 193, "latitude": 29.476199, "longitude": 76.89585, "category": "pit", "area_ha": 0.37, "area_m2": 3700.0, "prob_max": 1.0, "prob_mean": 0.962, "new_pit": 1, "setting": "outside riverbed", "water_share": 1.0, "buildings_near": 0.105, "compactness": 0.969, "size_class": "small (0.1-0.5 ha)", "google_maps": "https://www.google.com/maps?q=29.476199,76.895850" }, "geometry": { "type": "Polygon", "coordinates": [ [ [ 76.895644430923255, 29.476444937912817 ], [ 76.89564275200101, 29.476354734241845 ], [ 76.895539662720068, 29.476356203264597 ], [ 76.895537983896645, 29.476265999586939 ], [ 76.895434894699235, 29.476267468524529 ], [ 76.89542985854834, 29.475996857467607 ], [ 76.895532947472248, 29.475995388546142 ], [ 76.895531268679406, 29.47590518486323 ], [ 76.895737446321945, 29.475902246791669 ], [ 76.895739125297126, 29.475992450463824 ], [ 76.895842214198083, 29.475990981302974 ], [ 76.895843893272058, 29.476081184968439 ], [ 76.895946982256547, 29.476079715722424 ], [ 76.895945303091381, 29.475989512062334 ], [ 76.896151480855053, 29.475986573341665 ], [ 76.896153160202559, 29.476076776991007 ], [ 76.896256249164082, 29.476075307505607 ], [ 76.896262966995252, 29.476436122068375 ], [ 76.895644430923255, 29.476444937912817 ] ] ] } },
{ "type": "Feature", "properties": { "pit_id": 194, "latitude": 29.608571, "longitude": 76.572025, "category": "pit", "area_ha": 0.31, "area_m2": 3100.0, "prob_max": 1.0, "prob_mean": 0.933, "new_pit": 0, "setting": "outside riverbed", "water_share": 0.71, "buildings_near": 0.021, "compactness": 1.0, "size_class": "small (0.1-0.5 ha)", "google_maps": "https://www.google.com/maps?q=29.608571,76.572025" }, "geometry": { "type": "Polygon", "coordinates": [ [ [ 76.571933245130552, 29.608977845760517 ], [ 76.571931845313628, 29.608887628402098 ], [ 76.571725362198961, 29.608890074688702 ], [ 76.571723962572094, 29.608799857320072 ], [ 76.571620721097034, 29.608801080338498 ], [ 76.571617922046116, 29.608620645588459 ], [ 76.571721163337472, 29.608619422578947 ], [ 76.571719763729718, 29.608529205206469 ], [ 76.571823004922848, 29.608527982121146 ], [ 76.57182160522963, 29.60843776475183 ], [ 76.572028087413116, 29.608435318349304 ], [ 76.572026687542575, 29.608345100987616 ], [ 76.572129928532917, 29.608343877670404 ], [ 76.572128528576897, 29.608253660311902 ], [ 76.572231769469042, 29.608252436918878 ], [ 76.572230369427558, 29.60816221956355 ], [ 76.572333610221477, 29.608160996094725 ], [ 76.572335010354792, 29.608251213445588 ], [ 76.572541492107192, 29.6082487662582 ], [ 76.572542892430576, 29.608338983598845 ], [ 76.572336410494501, 29.608341430795171 ], [ 76.572337810640562, 29.60843164814348 ], [ 76.572234569571123, 29.608432871625691 ], [ 76.57223596963172, 29.608523088977158 ], [ 76.572339210793004, 29.608521865490481 ], [ 76.572340610951812, 29.608612082836196 ], [ 76.572134128439174, 29.608614529738201 ], [ 76.572135528420688, 29.608704747091561 ], [ 76.572032287062981, 29.608705970426623 ], [ 76.572036486770159, 29.608976622492349 ], [ 76.571933245130552, 29.608977845760517 ] ] ] } },
{ "type": "Feature", "properties": { "pit_id": 195, "latitude": 29.607638, "longitude": 76.571657, "category": "pit", "area_ha": 2.58, "area_m2": 25800.0, "prob_max": 1.0, "prob_mean": 0.798, "new_pit": 0, "setting": "outside riverbed", "water_share": 0.252, "buildings_near": 0.077, "compactness": 0.202, "size_class": "large (>2 ha)", "google_maps": "https://www.google.com/maps?q=29.607638,76.571657" }, "geometry": { "type": "Polygon", "coordinates": [ [ [ 76.571203557668468, 29.608535319428963 ], [ 76.57120215852629, 29.608445102032888 ], [ 76.571098917386792, 29.608446324632109 ], [ 76.571097518342825, 29.608356107230275 ], [ 76.570684554088473, 29.608360996806613 ], [ 76.570683155418251, 29.608270779385663 ], [ 76.570476673436559, 29.608273223683291 ], [ 76.57047527495638, 29.608183006252137 ], [ 76.570268793132925, 29.608185450219768 ], [ 76.570267394842801, 29.608095232778414 ], [ 76.570060913177571, 29.608097676416037 ], [ 76.570059515077489, 29.608007458964476 ], [ 76.569853033570482, 29.608009902272105 ], [ 76.569851635660442, 29.607919684810341 ], [ 76.569954876325298, 29.60791846320112 ], [ 76.569953478329793, 29.607828245742532 ], [ 76.570056718896424, 29.607827024057499 ], [ 76.570055320815442, 29.607736806602084 ], [ 76.570158561283876, 29.607735584841237 ], [ 76.570157163117429, 29.607645367388994 ], [ 76.570363643851522, 29.607642923635385 ], [ 76.570362245507738, 29.607552706190763 ], [ 76.570671966285659, 29.607549039971722 ], [ 76.570670567672721, 29.607458822539183 ], [ 76.570877047975827, 29.607456378000727 ], [ 76.57087844677244, 29.607546595424346 ], [ 76.571497888079946, 29.607539259855749 ], [ 76.57149508939105, 29.607358825060739 ], [ 76.571598329403002, 29.60735760219395 ], [ 76.571596929976252, 29.607267384798966 ], [ 76.571493690056144, 29.607268607661297 ], [ 76.571492290727619, 29.607178390260575 ], [ 76.571595530555882, 29.60717716740271 ], [ 76.571594131141893, 29.607086950005151 ], [ 76.572110329728559, 29.607080834534123 ], [ 76.572107530001318, 29.606900399779761 ], [ 76.572830206469334, 29.60689183481156 ], [ 76.572828805972406, 29.606801617463688 ], [ 76.573138524087597, 29.606797945572428 ], [ 76.573137123321544, 29.606707728236668 ], [ 76.573343601849459, 29.606705279916753 ], [ 76.573345002799172, 29.606795497243581 ], [ 76.573241763446575, 29.606796721448138 ], [ 76.573243164310838, 29.606886938778143 ], [ 76.573139924860016, 29.606888162906891 ], [ 76.573144127215528, 29.607158814902597 ], [ 76.573040887482833, 29.607160038964487 ], [ 76.573043688901379, 29.607340473630774 ], [ 76.572940448978642, 29.607341697621315 ], [ 76.572941849605641, 29.607431914957001 ], [ 76.572838609584693, 29.607433138871745 ], [ 76.572840010126214, 29.607523356210589 ], [ 76.57273677000704, 29.607524580049521 ], [ 76.572738170463126, 29.607614797391555 ], [ 76.572634930245741, 29.607616021154687 ], [ 76.572636330616348, 29.607706238499894 ], [ 76.572533090300738, 29.607707462187214 ], [ 76.572534490585895, 29.607797679535597 ], [ 76.572431250172073, 29.607798903147113 ], [ 76.572432650371752, 29.607889120498676 ], [ 76.572226169341334, 29.607891567489823 ], [ 76.572227569363704, 29.60798178484902 ], [ 76.572124328747108, 29.607983008228647 ], [ 76.572125728684, 29.608073225591024 ], [ 76.572022487969178, 29.608074448894843 ], [ 76.572023887820606, 29.608164666260389 ], [ 76.571817406188174, 29.608167112636146 ], [ 76.571818805862293, 29.60825733000933 ], [ 76.571715564944668, 29.608258553081264 ], [ 76.571716964533323, 29.608348770457614 ], [ 76.571613723517487, 29.608349993453736 ], [ 76.571615123020649, 29.608440210833276 ], [ 76.571408640786217, 29.608442656593621 ], [ 76.57141004011207, 29.608532873980785 ], [ 76.571203557668468, 29.608535319428963 ] ], [ [ 76.571096119305224, 29.608265889827166 ], [ 76.571199360261062, 29.60826466723686 ], [ 76.571197961137997, 29.60817444983692 ], [ 76.571094720274004, 29.608175672422757 ], [ 76.571096119305224, 29.608265889827166 ] ], [ [ 76.571405842153609, 29.608262221815426 ], [ 76.571509083090334, 29.608260998984314 ], [ 76.571507683691735, 29.60817078159775 ], [ 76.571714165362394, 29.608168335703628 ], [ 76.57171136621696, 29.60798790094448 ], [ 76.571298403584905, 29.607992792375974 ], [ 76.571299802787081, 29.608083009774028 ], [ 76.571196562021299, 29.608084232435683 ], [ 76.571197961137997, 29.60817444983692 ], [ 76.571404442846855, 29.608172004424414 ], [ 76.571405842153609, 29.608262221815426 ] ], [ [ 76.570473876482581, 29.6080927888197 ], [ 76.570680358096908, 29.608090344539903 ], [ 76.57067756080103, 29.607909909688992 ], [ 76.570574320180725, 29.60791113186011 ], [ 76.57057571873365, 29.608001349290671 ], [ 76.570472478015148, 29.60800257138597 ], [ 76.570473876482581, 29.6080927888197 ] ], [ [ 76.570783598894522, 29.608089122279601 ], [ 76.571196562021299, 29.608084232435683 ], [ 76.571195162910982, 29.607994015033167 ], [ 76.570782200151555, 29.607998904859251 ], [ 76.570783598894522, 29.608089122279601 ] ], [ [ 76.57171136621696, 29.60798790094448 ], [ 76.571917847494774, 29.607985454747109 ], [ 76.571916447747924, 29.607895237374521 ], [ 76.571813207204045, 29.607896460508883 ], [ 76.571811807555406, 29.607806243130547 ], [ 76.571605326632223, 29.607808689149536 ], [ 76.571606726097187, 29.607898906536789 ], [ 76.571709966653799, 29.607897683562967 ], [ 76.57171136621696, 29.60798790094448 ] ], [ [ 76.571400244964835, 29.607901352243612 ], [ 76.571503485534194, 29.607900129430337 ], [ 76.571502086161075, 29.607809912038618 ], [ 76.571398845683561, 29.607811134847438 ], [ 76.571400244964835, 29.607901352243612 ] ], [ [ 76.571811807555406, 29.607806243130547 ], [ 76.571915048007455, 29.607805020000644 ], [ 76.571913648273352, 29.607714802625495 ], [ 76.571810407913148, 29.607716025750932 ], [ 76.571811807555406, 29.607806243130547 ] ], [ [ 76.572120128974646, 29.60771235613381 ], [ 76.572223369315722, 29.607711132767566 ], [ 76.572221969312466, 29.607620915404514 ], [ 76.572118729063234, 29.607622138766292 ], [ 76.572120128974646, 29.60771235613381 ] ], [ [ 76.57263212952364, 29.607435586460404 ], [ 76.57273536955735, 29.607434362706211 ], [ 76.572733969114026, 29.607344145361594 ], [ 76.572630729172161, 29.607345369111336 ], [ 76.57263212952364, 29.607435586460404 ] ] ] } },
{ "type": "Feature", "properties": { "pit_id": 196, "latitude": 29.894441, "longitude": 76.955552, "category": "pit", "area_ha": 1.29, "area_m2": 12900.0, "prob_max": 1.0, "prob_mean": 0.868, "new_pit": 0, "setting": "outside riverbed", "water_share": 0.899, "buildings_near": 0.0, "compactness": 0.485, "size_class": "medium (0.5-2 ha)", "google_maps": "https://www.google.com/maps?q=29.894441,76.955552" }, "geometry": { "type": "Polygon", "coordinates": [ [ [ 76.954980243608404, 29.895034975508999 ], [ 76.954978482538507, 29.894944780690185 ], [ 76.954874968817634, 29.89494631512278 ], [ 76.954873207848848, 29.894856120297085 ], [ 76.954976721476626, 29.894854585870053 ], [ 76.954973199376795, 29.894674196225779 ], [ 76.954869685935222, 29.894675730641694 ], [ 76.954860881291026, 29.894224756479957 ], [ 76.954964394267108, 29.894223222091867 ], [ 76.954962633269162, 29.894133027261113 ], [ 76.955066146144148, 29.894131492797435 ], [ 76.955064385061092, 29.894041297970897 ], [ 76.954960872279202, 29.894042832429015 ], [ 76.954959111297228, 29.893952637595582 ], [ 76.955373162004435, 29.893946499298522 ], [ 76.955374923358804, 29.89403669410969 ], [ 76.955478436108706, 29.894035159326997 ], [ 76.955480197564157, 29.89412535413129 ], [ 76.955687223226192, 29.894122284311354 ], [ 76.955685461584551, 29.894032089518198 ], [ 76.955892487028407, 29.894029019384828 ], [ 76.955890725208562, 29.893938824601463 ], [ 76.955683699950896, 29.893941894723717 ], [ 76.955681938325256, 29.893851699927918 ], [ 76.955888963396717, 29.893848629816794 ], [ 76.955887201592873, 29.893758435030783 ], [ 76.955990714023514, 29.893756899859071 ], [ 76.955988952134575, 29.893666705077298 ], [ 76.95609246446412, 29.893665169830015 ], [ 76.956090702490073, 29.893574975052491 ], [ 76.956194214718536, 29.893573439729622 ], [ 76.956195976785665, 29.893663634501593 ], [ 76.95609246446412, 29.893665169830015 ], [ 76.956094226446169, 29.893755364606225 ], [ 76.955990714023514, 29.893756899859071 ], [ 76.955992475920453, 29.893847094639515 ], [ 76.955888963396717, 29.893848629816794 ], [ 76.955890725208562, 29.893938824601463 ], [ 76.956097750434239, 29.893935754154644 ], [ 76.956095988436189, 29.893845559381095 ], [ 76.956199500943939, 29.893844024041542 ], [ 76.956217122215207, 29.894745971661592 ], [ 76.956113608776462, 29.894747507056817 ], [ 76.956115370854491, 29.894837701817082 ], [ 76.955701316647222, 29.894843842608747 ], [ 76.955703078360813, 29.894934037389937 ], [ 76.955289023653194, 29.894940176905521 ], [ 76.95529078500239, 29.895030371707655 ], [ 76.954980243608404, 29.895034975508999 ] ], [ [ 76.955690746533463, 29.894302673893666 ], [ 76.955897772535906, 29.89429960372691 ], [ 76.955896010692072, 29.894209408947539 ], [ 76.955688984875835, 29.894212479103171 ], [ 76.955690746533463, 29.894302673893666 ] ], [ [ 76.955169659011133, 29.894129958252613 ], [ 76.955376684721145, 29.894126888919534 ], [ 76.955374923358804, 29.89403669410969 ], [ 76.955167897834983, 29.894039763431639 ], [ 76.955169659011133, 29.894129958252613 ] ] ] } },
{ "type": "Feature", "properties": { "pit_id": 197, "latitude": 29.890599, "longitude": 77.1738, "category": "pit", "area_ha": 0.75, "area_m2": 7500.0, "prob_max": 1.0, "prob_mean": 0.934, "new_pit": 0, "setting": "outside riverbed", "water_share": 0.347, "buildings_near": 0.001, "compactness": 0.45, "size_class": "medium (0.5-2 ha)", "google_maps": "https://www.google.com/maps?q=29.890599,77.173800" }, "geometry": { "type": "Polygon", "coordinates": [ [ [ 77.173051739503734, 29.890990464929921 ], [ 77.173047825305545, 29.890810100016715 ], [ 77.173151320494284, 29.890808394629275 ], [ 77.173149363315474, 29.890718212176825 ], [ 77.173045868219759, 29.890719917558084 ], [ 77.173043911142869, 29.890629735098109 ], [ 77.173250901139355, 29.890626324266854 ], [ 77.173248943885284, 29.890536141817893 ], [ 77.173145448984513, 29.890537847267868 ], [ 77.173143491832363, 29.890447664811376 ], [ 77.173453976228942, 29.890442548236685 ], [ 77.173457891100313, 29.890622913111248 ], [ 77.173354396124282, 29.890624618729596 ], [ 77.173358310845131, 29.890804983611112 ], [ 77.173565301160437, 29.890801572268575 ], [ 77.173563343609501, 29.89071138984087 ], [ 77.173666838660793, 29.890709684054137 ], [ 77.173664881025729, 29.890619501631253 ], [ 77.173561386067462, 29.890621207411801 ], [ 77.173559428534304, 29.890531024981374 ], [ 77.173662923399533, 29.890529319207015 ], [ 77.173660965782233, 29.890439136781431 ], [ 77.173557471010042, 29.890440842549605 ], [ 77.173555513494648, 29.890350660116493 ], [ 77.173762502844113, 29.890347248511414 ], [ 77.173760545151552, 29.890257066089308 ], [ 77.17386403971993, 29.890255360171313 ], [ 77.173862081943227, 29.890165177754053 ], [ 77.174379554186686, 29.890156646978628 ], [ 77.174377595953743, 29.890066464590937 ], [ 77.17448109028274, 29.890064758198758 ], [ 77.174485006943584, 29.89024512296043 ], [ 77.174381512428539, 29.89024682936498 ], [ 77.174383470679274, 29.890337011749981 ], [ 77.174279976062294, 29.890338718079619 ], [ 77.174289766984117, 29.89078963001527 ], [ 77.174186271893106, 29.890791336294736 ], [ 77.174190188137985, 29.890971701071923 ], [ 77.174086692852029, 29.890973407282665 ], [ 77.17408473481818, 29.890883224888558 ], [ 77.173877744405658, 29.890886637054408 ], [ 77.173879702253444, 29.890976819460864 ], [ 77.173362225601508, 29.890985348487231 ], [ 77.173360268218872, 29.890895166049845 ], [ 77.173256772954872, 29.890896871605658 ], [ 77.17325873024447, 29.890987054049223 ], [ 77.173051739503734, 29.890990464929921 ] ] ] } },
{ "type": "Feature", "properties": { "pit_id": 198, "latitude": 29.893141, "longitude": 76.953992, "category": "pit", "area_ha": 0.41, "area_m2": 4100.0, "prob_max": 1.0, "prob_mean": 0.828, "new_pit": 0, "setting": "outside riverbed", "water_share": 0.805, "buildings_near": 0.0, "compactness": 0.419, "size_class": "small (0.1-0.5 ha)", "google_maps": "https://www.google.com/maps?q=29.893141,76.953992" }, "geometry": { "type": "Polygon", "coordinates": [ [ [ 76.954123968630284, 29.893604130769923 ], [ 76.954122208433049, 29.893513935885373 ], [ 76.953708159204155, 29.893520070176379 ], [ 76.953706399387286, 29.893429875268261 ], [ 76.953602887153195, 29.893431408632605 ], [ 76.953595848337955, 29.893070628964612 ], [ 76.953699360199678, 29.893069095622501 ], [ 76.953690561394893, 29.892618121035422 ], [ 76.953897584163457, 29.892615054163372 ], [ 76.953899344094609, 29.892705249072328 ], [ 76.953795832621239, 29.892706782554473 ], [ 76.953797592467296, 29.892796977467661 ], [ 76.954004615592254, 29.892793910411104 ], [ 76.954006375632488, 29.892884105311857 ], [ 76.954213398911662, 29.892881037919611 ], [ 76.954215159146059, 29.892971232807898 ], [ 76.954008135680695, 29.892974300211261 ], [ 76.954009895736917, 29.893064495109343 ], [ 76.954734478377503, 29.89305375773872 ], [ 76.95473623909335, 29.89314395259656 ], [ 76.953804631931419, 29.893157757107137 ], [ 76.953809911613405, 29.893428341822776 ], [ 76.954223960437957, 29.893422207229435 ], [ 76.954222200163585, 29.893332012347784 ], [ 76.954532736418827, 29.89332741056748 ], [ 76.954534496972471, 29.893417605432443 ], [ 76.954327472624115, 29.893420673378245 ], [ 76.954329232999555, 29.89351086825301 ], [ 76.954225720720288, 29.89351240210976 ], [ 76.954227481010633, 29.893602596988757 ], [ 76.954123968630284, 29.893604130769923 ] ] ] } },
{ "type": "Feature", "properties": { "pit_id": 199, "latitude": 29.890801, "longitude": 77.069777, "category": "pit", "area_ha": 0.64, "area_m2": 6400.0, "prob_max": 1.0, "prob_mean": 0.795, "new_pit": 0, "setting": "outside riverbed", "water_share": 1.0, "buildings_near": 0.0, "compactness": 0.394, "size_class": "medium (0.5-2 ha)", "google_maps": "https://www.google.com/maps?q=29.890801,77.069777" }, "geometry": { "type": "Polygon", "coordinates": [ [ [ 77.069527757218168, 29.891482822410286 ], [ 77.06952589327274, 29.891392633902345 ], [ 77.069422390520486, 29.891394258031966 ], [ 77.069418662841144, 29.891213881000294 ], [ 77.069625667964957, 29.891210632683499 ], [ 77.06962007595105, 29.890940067161281 ], [ 77.069516573672544, 29.890941691342583 ], [ 77.069514709777891, 29.890851502826603 ], [ 77.069411207583968, 29.890853126920888 ], [ 77.069409343790838, 29.890762938397689 ], [ 77.069616347984081, 29.890759690139767 ], [ 77.069614484013286, 29.890669501627006 ], [ 77.069407480006149, 29.890672749873154 ], [ 77.069400024952003, 29.890311995761596 ], [ 77.069607028214719, 29.890308747562546 ], [ 77.069608892151663, 29.890398936080665 ], [ 77.069815895566634, 29.890395687545411 ], [ 77.069812167328976, 29.890215310531378 ], [ 77.070122671829665, 29.890210437155474 ], [ 77.070124536223432, 29.890300625645501 ], [ 77.0700210346386, 29.89030225019113 ], [ 77.070022898947784, 29.890392438685698 ], [ 77.070126400625654, 29.890390814134172 ], [ 77.070135722763681, 29.890841756557482 ], [ 77.070032220620533, 29.890843381138453 ], [ 77.070034084980492, 29.890933569624988 ], [ 77.069930582735822, 29.890935194130741 ], [ 77.069934311294972, 29.891115571111563 ], [ 77.070037813725747, 29.891113946594029 ], [ 77.070039678111087, 29.891204135076542 ], [ 77.070143180626459, 29.891202510472016 ], [ 77.070145045113293, 29.891292698947304 ], [ 77.069938039887973, 29.891295948087013 ], [ 77.06993990419717, 29.891386136572752 ], [ 77.069836401478767, 29.891387761026813 ], [ 77.069834537262622, 29.891297572535198 ], [ 77.069731034628802, 29.891299196902271 ], [ 77.069729170514194, 29.891209008403429 ], [ 77.069625667964957, 29.891210632683499 ], [ 77.069629396016538, 29.891391009691617 ], [ 77.06973289875188, 29.891389385399776 ], [ 77.069734762883414, 29.891479573895928 ], [ 77.069527757218168, 29.891482822410286 ] ], [ [ 77.069819623838143, 29.890576064554089 ], [ 77.069923125719043, 29.89057444015301 ], [ 77.06991939726143, 29.890394063156101 ], [ 77.069815895566634, 29.890395687545411 ], [ 77.069819623838143, 29.890576064554089 ] ] ] } },
{ "type": "Feature", "properties": { "pit_id": 200, "latitude": 29.892267, "longitude": 76.953817, "category": "pit", "area_ha": 0.24, "area_m2": 2400.0, "prob_max": 1.0, "prob_mean": 0.95, "new_pit": 0, "setting": "outside riverbed", "water_share": 0.792, "buildings_near": 0.0, "compactness": 1.0, "size_class": "small (0.1-0.5 ha)", "google_maps": "https://www.google.com/maps?q=29.892267,76.953817" }, "geometry": { "type": "Polygon", "coordinates": [ [ [ 76.953585290354724, 29.892529459422772 ], [ 76.953581771090882, 29.892349069564869 ], [ 76.953478259965905, 29.892350602781367 ], [ 76.953474740920186, 29.892170212907029 ], [ 76.953578251858985, 29.892168679701644 ], [ 76.953576492255024, 29.892078484768042 ], [ 76.954094046363764, 29.892070817551851 ], [ 76.954097566510569, 29.892251207362133 ], [ 76.954201077494545, 29.892249673664367 ], [ 76.954202837673009, 29.892339868561969 ], [ 76.954099326595966, 29.892341402265295 ], [ 76.954101086689349, 29.892431597167111 ], [ 76.953687041928887, 29.892437731191283 ], [ 76.95368880165789, 29.892527926114003 ], [ 76.953585290354724, 29.892529459422772 ] ] ] } },
{ "type": "Feature", "properties": { "pit_id": 201, "latitude": 29.628945, "longitude": 76.990628, "category": "pit", "area_ha": 0.09, "area_m2": 900.0, "prob_max": 1.0, "prob_mean": 0.818, "new_pit": 0, "setting": "outside riverbed", "water_share": 0.333, "buildings_near": -0.0, "compactness": 1.0, "size_class": "tiny (<0.1 ha)", "google_maps": "https://www.google.com/maps?q=29.628945,76.990628" }, "geometry": { "type": "Polygon", "coordinates": [ [ [ 76.99051025236291, 29.629071698384671 ], [ 76.99050847848747, 29.628981501872591 ], [ 76.990405239997955, 29.628983051613172 ], [ 76.990403466222446, 29.628892855094126 ], [ 76.990506704620117, 29.628891305359197 ], [ 76.990504930760835, 29.628801108844485 ], [ 76.990711407348243, 29.6287980091451 ], [ 76.990713181391229, 29.628888205648529 ], [ 76.990816419764698, 29.628886655672773 ], [ 76.990819968058616, 29.629067048664346 ], [ 76.99051025236291, 29.629071698384671 ] ] ] } },
{ "type": "Feature", "properties": { "pit_id": 202, "latitude": 29.607318, "longitude": 76.578723, "category": "pit", "area_ha": 0.69, "area_m2": 6900.0, "prob_max": 1.0, "prob_mean": 0.81, "new_pit": 0, "setting": "outside riverbed", "water_share": 0.855, "buildings_near": 0.001, "compactness": 0.203, "size_class": "medium (0.5-2 ha)", "google_maps": "https://www.google.com/maps?q=29.607318,76.578723" }, "geometry": { "type": "Polygon", "coordinates": [ [ [ 76.577910008711555, 29.608185026685561 ], [ 76.577904388378968, 29.607824158240007 ], [ 76.577801148205282, 29.607825386030004 ], [ 76.57779974322996, 29.607735168910924 ], [ 76.577696503141723, 29.607736396616176 ], [ 76.577695098264641, 29.607646179491315 ], [ 76.577385378237068, 29.607649862112037 ], [ 76.577383973641901, 29.607559644972458 ], [ 76.57728073371176, 29.60756087234769 ], [ 76.577279329214818, 29.607470655202349 ], [ 76.577176089370113, 29.607471882492831 ], [ 76.577169067440437, 29.607020796724445 ], [ 76.577065828048532, 29.607022023912265 ], [ 76.577064423773621, 29.606931806750243 ], [ 76.576857945154316, 29.606934260876159 ], [ 76.576856541069446, 29.606844043703891 ], [ 76.577063019505076, 29.606841589586931 ], [ 76.57706161524294, 29.606751372422341 ], [ 76.577577810761014, 29.606745235747688 ], [ 76.577576406046106, 29.606655018604197 ], [ 76.5776796450387, 29.606653791032944 ], [ 76.577678240238342, 29.606563573892625 ], [ 76.57778147913271, 29.606562346245592 ], [ 76.577782884024913, 29.606652563381431 ], [ 76.5776796450387, 29.606653791032944 ], [ 76.577681049845452, 29.606744008171955 ], [ 76.577577810761014, 29.606745235747688 ], [ 76.577579215482331, 29.606835452889893 ], [ 76.577269497915154, 29.606839135148917 ], [ 76.57727090236736, 29.606929352303283 ], [ 76.577167663073681, 29.606930579566896 ], [ 76.577169067440437, 29.607020796724445 ], [ 76.577272306825961, 29.607019569456341 ], [ 76.577279329214818, 29.607470655202349 ], [ 76.577382569053114, 29.607469427831607 ], [ 76.577383973641901, 29.607559644972458 ], [ 76.577796933298515, 29.607554734668891 ], [ 76.577798338261033, 29.607644951790551 ], [ 76.577901578251058, 29.607643724009506 ], [ 76.577902983311816, 29.607733941125399 ], [ 76.578006223387263, 29.607732713259615 ], [ 76.57800762854626, 29.607822930369746 ], [ 76.578110868707157, 29.607821702419205 ], [ 76.578113679228011, 29.608002136626645 ], [ 76.578216919566188, 29.608000908586877 ], [ 76.578215514210711, 29.607910691488282 ], [ 76.578525234911353, 29.60790700690081 ], [ 76.57852101805679, 29.607636355637609 ], [ 76.578624258002023, 29.607635127294692 ], [ 76.57862285230479, 29.607544910208873 ], [ 76.578726092151783, 29.607543681790155 ], [ 76.578724686369114, 29.607453464707518 ], [ 76.578621446613965, 29.607454693121749 ], [ 76.578617229579834, 29.607184041852676 ], [ 76.578513990093796, 29.60718527017319 ], [ 76.578512584520382, 29.607095053076453 ], [ 76.578615823914603, 29.607093824760408 ], [ 76.578613012603299, 29.606913390572018 ], [ 76.578509773392767, 29.606914618879092 ], [ 76.578508367838538, 29.606824401778471 ], [ 76.578301889581923, 29.606826858142874 ], [ 76.578300484217792, 29.606736641032008 ], [ 76.578197245171708, 29.606737869089336 ], [ 76.578195839905803, 29.606647651972708 ], [ 76.578402317807871, 29.606645195786754 ], [ 76.578403723257452, 29.60673541289443 ], [ 76.578506962290732, 29.606734184676576 ], [ 76.578508367838538, 29.606824401778471 ], [ 76.578714846069559, 29.60682194509301 ], [ 76.578717657551721, 29.607002379275031 ], [ 76.578820896841322, 29.607001150802937 ], [ 76.578822302683832, 29.607091367887531 ], [ 76.578719063302401, 29.607092596364108 ], [ 76.57872046905949, 29.607182813451882 ], [ 76.578823708532752, 29.607181584970832 ], [ 76.578829331992381, 29.607542453291174 ], [ 76.578932571826584, 29.607541224711934 ], [ 76.578935383778486, 29.607721658855414 ], [ 76.578728903736319, 29.607724115951552 ], [ 76.578730309538201, 29.607814333030333 ], [ 76.578627069415674, 29.607815561462481 ], [ 76.578628475132106, 29.607905778544438 ], [ 76.578525234911353, 29.60790700690081 ], [ 76.578528046179727, 29.608087441069827 ], [ 76.578218324928059, 29.608091125684183 ], [ 76.578219730296311, 29.608181342780195 ], [ 76.577910008711555, 29.608185026685561 ] ], [ [ 76.578625663705651, 29.607725344379229 ], [ 76.578728903736319, 29.607724115951552 ], [ 76.578727497940861, 29.607633898871502 ], [ 76.578624258002023, 29.607635127294692 ], [ 76.578625663705651, 29.607725344379229 ] ] ] } },
{ "type": "Feature", "properties": { "pit_id": 203, "latitude": 29.629264, "longitude": 76.990979, "category": "pit", "area_ha": 0.07, "area_m2": 700.0, "prob_max": 1.0, "prob_mean": 0.87, "new_pit": 0, "setting": "outside riverbed", "water_share": 0.857, "buildings_near": -0.0, "compactness": 1.0, "size_class": "tiny (<0.1 ha)", "google_maps": "https://www.google.com/maps?q=29.629264,76.990979" }, "geometry": { "type": "Polygon", "coordinates": [ [ [ 76.990930303659809, 29.629426284541669 ], [ 76.990928529384675, 29.629336088057496 ], [ 76.990825290560025, 29.629337638141774 ], [ 76.990821742217676, 29.629157245158137 ], [ 76.9911314581163, 29.629152594698386 ], [ 76.991135007009774, 29.629332987648123 ], [ 76.991031768201253, 29.629334537892941 ], [ 76.991033542568246, 29.629424734371472 ], [ 76.990930303659809, 29.629426284541669 ] ] ] } },
{ "type": "Feature", "properties": { "pit_id": 204, "latitude": 29.478478, "longitude": 77.069607, "category": "pit", "area_ha": 1.11, "area_m2": 11100.0, "prob_max": 1.0, "prob_mean": 0.933, "new_pit": 1, "setting": "outside riverbed", "water_share": 0.0, "buildings_near": -0.0, "compactness": 0.447, "size_class": "medium (0.5-2 ha)", "google_maps": "https://www.google.com/maps?q=29.478478,77.069607" }, "geometry": { "type": "Polygon", "coordinates": [ [ [ 77.069036466608907, 29.47927436086173 ], [ 77.069032801339702, 29.479093972564254 ], [ 77.069135882544913, 29.479092369010317 ], [ 77.069134049831689, 29.479002174865442 ], [ 77.06923713093741, 29.479000571237595 ], [ 77.069235298141379, 29.47891037709725 ], [ 77.069132217126821, 29.478911980719239 ], [ 77.069130384430281, 29.478821786571711 ], [ 77.069233465353719, 29.478820182955591 ], [ 77.069231632574386, 29.478729988812599 ], [ 77.069437794213925, 29.478726781352758 ], [ 77.069434128315748, 29.478546393086262 ], [ 77.069331047682454, 29.47854799684433 ], [ 77.06932921483704, 29.478457802703222 ], [ 77.069123053727665, 29.478461009968331 ], [ 77.069115723158632, 29.478100233343707 ], [ 77.069218803352925, 29.478098629774493 ], [ 77.069216970640397, 29.478008435620879 ], [ 77.069320050735215, 29.478006831977766 ], [ 77.069321883538876, 29.478097026125507 ], [ 77.069424963716486, 29.478095422396748 ], [ 77.069423130821676, 29.478005228254876 ], [ 77.069732371030952, 29.478000416607578 ], [ 77.069728704719552, 29.477820028355012 ], [ 77.069625624840427, 29.477821632305481 ], [ 77.069621958744705, 29.477641244035897 ], [ 77.069725038441561, 29.477639640097152 ], [ 77.069723205315086, 29.477549445966222 ], [ 77.069826284912466, 29.477547841953573 ], [ 77.069828118130062, 29.477638036078638 ], [ 77.06993119781022, 29.477636431980343 ], [ 77.06993303112732, 29.477726626098207 ], [ 77.070036110890257, 29.477725021914285 ], [ 77.070043444606725, 29.478085798349017 ], [ 77.069940364479223, 29.478087402556397 ], [ 77.069942197838088, 29.478177596667628 ], [ 77.07004527805671, 29.478175992454375 ], [ 77.070056278932086, 29.478717157058686 ], [ 77.069953198166601, 29.478718761307135 ], [ 77.069956865009601, 29.478899149509679 ], [ 77.069853784053478, 29.478900753690088 ], [ 77.069855617396357, 29.478990947795239 ], [ 77.069752536340744, 29.478992551901737 ], [ 77.06975436960083, 29.479082746011418 ], [ 77.069651288445726, 29.479084350044012 ], [ 77.06965312162302, 29.479174544158226 ], [ 77.069446959105449, 29.47917775199581 ], [ 77.069448792108801, 29.47926794612043 ], [ 77.069036466608907, 29.47927436086173 ] ], [ [ 77.069240796554482, 29.479180959514284 ], [ 77.069343877834143, 29.479179355794933 ], [ 77.069342044930281, 29.479089161663111 ], [ 77.069238963741768, 29.479090765376611 ], [ 77.069240796554482, 29.479180959514284 ] ] ] } },
{ "type": "Feature", "properties": { "pit_id": 205, "latitude": 29.487253, "longitude": 76.628013, "category": "pit", "area_ha": 0.47, "area_m2": 4700.0, "prob_max": 1.0, "prob_mean": 0.883, "new_pit": 0, "setting": "outside riverbed", "water_share": 0.894, "buildings_near": 0.117, "compactness": 0.596, "size_class": "small (0.1-0.5 ha)", "google_maps": "https://www.google.com/maps?q=29.487253,76.628013" }, "geometry": { "type": "Polygon", "coordinates": [ [ [ 76.627811684225946, 29.487571675801057 ], [ 76.627805914541355, 29.487210809631009 ], [ 76.627909029684943, 29.487209547612885 ], [ 76.627907587188957, 29.487119331071767 ], [ 76.628010702234704, 29.48711806897839 ], [ 76.628009259654021, 29.48702785244059 ], [ 76.628112374601926, 29.487026590271956 ], [ 76.628109489277705, 29.486846157201732 ], [ 76.628625063005927, 29.486839845206635 ], [ 76.628627949242841, 29.487020278230695 ], [ 76.628731064151296, 29.487019015582835 ], [ 76.628736837069127, 29.487379881597001 ], [ 76.628427491228749, 29.487383669356383 ], [ 76.628428934200826, 29.487473885870557 ], [ 76.628222703425166, 29.487476410653354 ], [ 76.628224146221257, 29.487566627175458 ], [ 76.627811684225946, 29.487571675801057 ] ], [ [ 76.628219817852681, 29.48729597760525 ], [ 76.628322933061241, 29.487294715263026 ], [ 76.628321490193599, 29.487204498741658 ], [ 76.628527720408485, 29.487201973826817 ], [ 76.628524834327806, 29.487021540798693 ], [ 76.628318604478011, 29.48702406569506 ], [ 76.628320047332508, 29.487114282219004 ], [ 76.628216932306472, 29.487115544551997 ], [ 76.628219817852681, 29.48729597760525 ] ] ] } },
{ "type": "Feature", "properties": { "pit_id": 206, "latitude": 29.872318, "longitude": 76.843975, "category": "pit", "area_ha": 0.31, "area_m2": 3100.0, "prob_max": 1.0, "prob_mean": 0.903, "new_pit": 0, "setting": "outside riverbed", "water_share": 1.0, "buildings_near": 0.02, "compactness": 0.476, "size_class": "small (0.1-0.5 ha)", "google_maps": "https://www.google.com/maps?q=29.872318,76.843975" }, "geometry": { "type": "Polygon", "coordinates": [ [ [ 76.842841166252583, 29.872559816175162 ], [ 76.842834531960577, 29.872199012161957 ], [ 76.843041525876799, 29.872196121024292 ], [ 76.843043184624534, 29.872286322019086 ], [ 76.842939687577186, 29.872287767633708 ], [ 76.84294300490923, 29.872468169629819 ], [ 76.84377098256553, 29.872456602358454 ], [ 76.843769323151577, 29.872366401403006 ], [ 76.843872820231709, 29.872364955134422 ], [ 76.843871160732263, 29.872274754182907 ], [ 76.843250178696664, 29.872283430546585 ], [ 76.843248519762881, 29.872193229562278 ], [ 76.843662507444662, 29.872187445665158 ], [ 76.843660848146357, 29.87209724470052 ], [ 76.843867841756008, 29.872094352275912 ], [ 76.843869501240363, 29.87218455323006 ], [ 76.844076495005922, 29.872181660470606 ], [ 76.844083133762879, 29.872542464232083 ], [ 76.842841166252583, 29.872559816175162 ] ] ] } },
{ "type": "Feature", "properties": { "pit_id": 207, "latitude": 29.59916, "longitude": 76.574207, "category": "pit", "area_ha": 0.55, "area_m2": 5500.0, "prob_max": 1.0, "prob_mean": 0.746, "new_pit": 0, "setting": "outside riverbed", "water_share": 0.855, "buildings_near": 0.08, "compactness": 0.396, "size_class": "medium (0.5-2 ha)", "google_maps": "https://www.google.com/maps?q=29.599160,76.574207" }, "geometry": { "type": "Polygon", "coordinates": [ [ [ 76.574273674970016, 29.600107168424945 ], [ 76.574268069424406, 29.599746298907377 ], [ 76.574164837297431, 29.599747523566094 ], [ 76.574163436018779, 29.599657306179012 ], [ 76.574060203977211, 29.599658530753008 ], [ 76.574058802796728, 29.59956831336018 ], [ 76.574162034746493, 29.59956708879065 ], [ 76.574160633480602, 29.599476871400991 ], [ 76.574263865332171, 29.599475646755675 ], [ 76.574262463980858, 29.599385429369217 ], [ 76.574159232221078, 29.599386654010047 ], [ 76.574153627246787, 29.599025784433415 ], [ 76.57405039584782, 29.599027008976133 ], [ 76.574047593582534, 29.598846574171155 ], [ 76.573841131132681, 29.598849022998024 ], [ 76.5738397301932, 29.598758805584676 ], [ 76.573530036746007, 29.59876247820976 ], [ 76.573528636088298, 29.598672260781726 ], [ 76.573115711769944, 29.598677156473947 ], [ 76.573114311485796, 29.59858693902676 ], [ 76.573320773474123, 29.598584491350046 ], [ 76.573319373012751, 29.598494273910518 ], [ 76.573216142113566, 29.598495497784512 ], [ 76.573214741750377, 29.598405280339211 ], [ 76.57331797255776, 29.598404056469668 ], [ 76.57331657210915, 29.598313839027551 ], [ 76.573626264217665, 29.598310166950885 ], [ 76.573627664941668, 29.598400384379612 ], [ 76.573937357268193, 29.598396711567393 ], [ 76.573938758273968, 29.598486928981441 ], [ 76.574041989128503, 29.598485704545755 ], [ 76.574044791342772, 29.598666139361033 ], [ 76.574148022374544, 29.598664914836164 ], [ 76.574153627246787, 29.599025784433415 ], [ 76.574256858639359, 29.599024559810445 ], [ 76.574261062635912, 29.599295211981453 ], [ 76.57436429429751, 29.59929398726484 ], [ 76.574368498626868, 29.599564639410861 ], [ 76.574471730557491, 29.599563414600599 ], [ 76.574473132105183, 29.599653631975553 ], [ 76.574369900082758, 29.599654856790277 ], [ 76.574376907457832, 29.600105943668112 ], [ 76.574273674970016, 29.600107168424945 ] ] ] } },
{ "type": "Feature", "properties": { "pit_id": 208, "latitude": 29.652563, "longitude": 76.721849, "category": "pit", "area_ha": 0.48, "area_m2": 4800.0, "prob_max": 1.0, "prob_mean": 0.958, "new_pit": 0, "setting": "outside riverbed", "water_share": 0.688, "buildings_near": 0.004, "compactness": 0.96, "size_class": "small (0.1-0.5 ha)", "google_maps": "https://www.google.com/maps?q=29.652563,76.721849" }, "geometry": { "type": "Polygon", "coordinates": [ [ [ 76.721581673185071, 29.653047538071981 ], [ 76.721567851373877, 29.652235648397031 ], [ 76.721671129348735, 29.652234306950465 ], [ 76.721669593534841, 29.652144096984959 ], [ 76.722082704996325, 29.652138730414308 ], [ 76.722087313563165, 29.652409360248232 ], [ 76.722190591687124, 29.65240801838992 ], [ 76.722196736908828, 29.652768858130731 ], [ 76.722093458416779, 29.6527702000086 ], [ 76.722094994647662, 29.65286040994544 ], [ 76.721888437458588, 29.652863093469769 ], [ 76.721889973512404, 29.652953303415092 ], [ 76.721786694815378, 29.652954645061548 ], [ 76.721788230784156, 29.653044855010457 ], [ 76.721581673185071, 29.653047538071981 ] ] ] } },
{ "type": "Feature", "properties": { "pit_id": 209, "latitude": 29.508316, "longitude": 76.601775, "category": "pit", "area_ha": 0.26, "area_m2": 2600.0, "prob_max": 1.0, "prob_mean": 0.763, "new_pit": 0, "setting": "outside riverbed", "water_share": 1.0, "buildings_near": -0.0, "compactness": 0.898, "size_class": "small (0.1-0.5 ha)", "google_maps": "https://www.google.com/maps?q=29.508316,76.601775" }, "geometry": { "type": "Polygon", "coordinates": [ [ [ 76.601428200375693, 29.508465461861555 ], [ 76.60142678011097, 29.508375244428951 ], [ 76.601323642176155, 29.508376486728672 ], [ 76.601320801848857, 29.508196051850504 ], [ 76.60142393960092, 29.508194809559857 ], [ 76.601422519355623, 29.508104592123395 ], [ 76.601628794657586, 29.508102107311359 ], [ 76.601630215085663, 29.508192324738751 ], [ 76.601733352818314, 29.508191082208292 ], [ 76.601734773344219, 29.508281299629839 ], [ 76.60183791116178, 29.508280057014893 ], [ 76.6018364905445, 29.508189839597875 ], [ 76.601939628264219, 29.508188596907516 ], [ 76.601941048972861, 29.508278814319997 ], [ 76.602044186777491, 29.50827757154515 ], [ 76.602042765977458, 29.508187354137224 ], [ 76.602249041384525, 29.50818486835681 ], [ 76.602253304352288, 29.508455520549482 ], [ 76.601428200375693, 29.508465461861555 ] ] ] } },
{ "type": "Feature", "properties": { "pit_id": 210, "latitude": 29.500267, "longitude": 76.823249, "category": "pit", "area_ha": 0.3, "area_m2": 3000.0, "prob_max": 1.0, "prob_mean": 0.91, "new_pit": 0, "setting": "outside riverbed", "water_share": 1.0, "buildings_near": -0.0, "compactness": 1.0, "size_class": "small (0.1-0.5 ha)", "google_maps": "https://www.google.com/maps?q=29.500267,76.823249" }, "geometry": { "type": "Polygon", "coordinates": [ [ [ 76.823171903527793, 29.500556675332604 ], [ 76.82317028718596, 29.500466468270179 ], [ 76.822964051292132, 29.500469296039626 ], [ 76.822955970606387, 29.500018260656219 ], [ 76.823471558003391, 29.500011190762681 ], [ 76.823473174582276, 29.500101397816128 ], [ 76.82357629213088, 29.500099983592598 ], [ 76.823577908808446, 29.500190190639575 ], [ 76.823474791168536, 29.500191604868274 ], [ 76.823476407762158, 29.500281811919105 ], [ 76.823579525493358, 29.500280397685245 ], [ 76.823581142185645, 29.500370604729603 ], [ 76.823478024363155, 29.500372018968648 ], [ 76.823481257587218, 29.500552433063778 ], [ 76.823171903527793, 29.500556675332604 ] ] ] } },
{ "type": "Feature", "properties": { "pit_id": 211, "latitude": 29.501846, "longitude": 76.795858, "category": "pit", "area_ha": 0.15, "area_m2": 1500.0, "prob_max": 1.0, "prob_mean": 0.822, "new_pit": 0, "setting": "outside riverbed", "water_share": 0.0, "buildings_near": -0.0, "compactness": 1.0, "size_class": "small (0.1-0.5 ha)", "google_maps": "https://www.google.com/maps?q=29.501846,76.795858" }, "geometry": { "type": "Polygon", "coordinates": [ [ [ 76.795658232307602, 29.502013858797344 ], [ 76.795651864144091, 29.501653025123922 ], [ 76.795961226248508, 29.501648846723477 ], [ 76.795964410863604, 29.501829263532247 ], [ 76.796170652595507, 29.501826477512122 ], [ 76.796172245096557, 29.501916685904369 ], [ 76.796069124142917, 29.50191807895947 ], [ 76.79607071655991, 29.502008287355512 ], [ 76.795658232307602, 29.502013858797344 ] ] ] } },
{ "type": "Feature", "properties": { "pit_id": 212, "latitude": 29.66011, "longitude": 77.123478, "category": "pit", "area_ha": 0.05, "area_m2": 500.0, "prob_max": 1.0, "prob_mean": 0.606, "new_pit": 1, "setting": "Yamuna riverbed", "water_share": 0.0, "buildings_near": -0.0, "compactness": 1.0, "size_class": "tiny (<0.1 ha)", "google_maps": "https://www.google.com/maps?q=29.660110,77.123478" }, "geometry": { "type": "Polygon", "coordinates": [ [ [ 77.123345502855059, 29.660211695198342 ], [ 77.123341713678315, 29.660031318098032 ], [ 77.123651498252684, 29.660026353562749 ], [ 77.123653393112647, 29.660116542095498 ], [ 77.123550131504501, 29.660118197026961 ], [ 77.123552026281118, 29.660208385564395 ], [ 77.123345502855059, 29.660211695198342 ] ] ] } },
{ "type": "Feature", "properties": { "pit_id": 213, "latitude": 29.660162, "longitude": 77.118025, "category": "pit", "area_ha": 0.12, "area_m2": 1200.0, "prob_max": 1.0, "prob_mean": 0.799, "new_pit": 0, "setting": "Yamuna riverbed", "water_share": 0.0, "buildings_near": 0.0, "compactness": 0.978, "size_class": "small (0.1-0.5 ha)", "google_maps": "https://www.google.com/maps?q=29.660162,77.118025" }, "geometry": { "type": "Polygon", "coordinates": [ [ [ 77.117769357334296, 29.660300933821123 ], [ 77.117767467707964, 29.6602107449466 ], [ 77.117664205609316, 29.660212395297954 ], [ 77.117662316083539, 29.660122206416077 ], [ 77.118075364058683, 29.66011560455258 ], [ 77.118073474173642, 29.660025415693404 ], [ 77.118383259788857, 29.660020463470101 ], [ 77.118385149949816, 29.660110652311239 ], [ 77.118281887994712, 29.660112303138703 ], [ 77.118283778072282, 29.66020249198451 ], [ 77.11807725395235, 29.660205793410405 ], [ 77.118079143854587, 29.660295982266906 ], [ 77.117769357334296, 29.660300933821123 ] ] ] } },
{ "type": "Feature", "properties": { "pit_id": 214, "latitude": 29.854801, "longitude": 76.973448, "category": "pit", "area_ha": 0.45, "area_m2": 4500.0, "prob_max": 1.0, "prob_mean": 0.927, "new_pit": 0, "setting": "outside riverbed", "water_share": 0.933, "buildings_near": 0.097, "compactness": 1.0, "size_class": "small (0.1-0.5 ha)", "google_maps": "https://www.google.com/maps?q=29.854801,76.973448" }, "geometry": { "type": "Polygon", "coordinates": [ [ [ 76.973350266104063, 29.855154508995849 ], [ 76.973348491351445, 29.855064314627402 ], [ 76.973141548530521, 29.855067408505402 ], [ 76.97313799942107, 29.854887019742065 ], [ 76.973034528184343, 29.854888566548329 ], [ 76.973027430433788, 29.854527788983262 ], [ 76.973648255503448, 29.854518507065205 ], [ 76.973650030486439, 29.854608701424795 ], [ 76.973856972297682, 29.854605606792795 ], [ 76.973865848262705, 29.855056578514667 ], [ 76.973451962749806, 29.855062767566885 ], [ 76.973453737595349, 29.855152961929722 ], [ 76.973350266104063, 29.855154508995849 ] ] ] } },
{ "type": "Feature", "properties": { "pit_id": 215, "latitude": 29.856503, "longitude": 76.815011, "category": "pit", "area_ha": 0.65, "area_m2": 6500.0, "prob_max": 1.0, "prob_mean": 0.935, "new_pit": 0, "setting": "outside riverbed", "water_share": 1.0, "buildings_near": 0.032, "compactness": 0.879, "size_class": "medium (0.5-2 ha)", "google_maps": "https://www.google.com/maps?q=29.856503,76.815011" }, "geometry": { "type": "Polygon", "coordinates": [ [ [ 76.815126650696186, 29.857064389406187 ], [ 76.815123385448388, 29.856883984181454 ], [ 76.815019902678571, 29.856885407240441 ], [ 76.815018270158745, 29.856795204620941 ], [ 76.814811304782808, 29.856798050485477 ], [ 76.814809672456292, 29.856707847854331 ], [ 76.814706189850156, 29.85670927065987 ], [ 76.814704557624012, 29.856619068022244 ], [ 76.814601075103411, 29.85662049074158 ], [ 76.814599442977624, 29.856530288097481 ], [ 76.814495960542573, 29.856531710730604 ], [ 76.814491064488536, 29.856261102774948 ], [ 76.814387582324926, 29.856262525311553 ], [ 76.814385950414689, 29.856172322651869 ], [ 76.815420770787796, 29.856158093690595 ], [ 76.815432200821675, 29.856789511919349 ], [ 76.815328718167066, 29.856790935216321 ], [ 76.815333616585377, 29.857061543024415 ], [ 76.815126650696186, 29.857064389406187 ] ] ] } },
{ "type": "Feature", "properties": { "pit_id": 216, "latitude": 29.503944, "longitude": 76.78317, "category": "pit", "area_ha": 0.32, "area_m2": 3200.0, "prob_max": 1.0, "prob_mean": 0.805, "new_pit": 0, "setting": "outside riverbed", "water_share": 0.312, "buildings_near": 0.231, "compactness": 1.0, "size_class": "small (0.1-0.5 ha)", "google_maps": "https://www.google.com/maps?q=29.503944,76.783170" }, "geometry": { "type": "Polygon", "coordinates": [ [ [ 76.783012226889696, 29.504349573188755 ], [ 76.783009064910061, 29.504169155169226 ], [ 76.78290594093103, 29.504170538113954 ], [ 76.782899617423425, 29.503809702039046 ], [ 76.783002741037166, 29.503808319114526 ], [ 76.783001160086954, 29.503718110097608 ], [ 76.783104283602171, 29.503716727098237 ], [ 76.78310112154071, 29.50353630907059 ], [ 76.783307368184254, 29.503533542852377 ], [ 76.783310530611004, 29.503713960859809 ], [ 76.783413654104606, 29.503712577620732 ], [ 76.783421560754121, 29.504163622591232 ], [ 76.78331843680391, 29.50416500585559 ], [ 76.783320018064089, 29.504255214850836 ], [ 76.783113769959414, 29.504257981149941 ], [ 76.78311535104416, 29.504348190154005 ], [ 76.783012226889696, 29.504349573188755 ] ] ] } },
{ "type": "Feature", "properties": { "pit_id": 217, "latitude": 29.591254, "longitude": 76.924164, "category": "pit", "area_ha": 0.06, "area_m2": 600.0, "prob_max": 1.0, "prob_mean": 0.983, "new_pit": 0, "setting": "outside riverbed", "water_share": 0.667, "buildings_near": 0.0, "compactness": 1.0, "size_class": "tiny (<0.1 ha)", "google_maps": "https://www.google.com/maps?q=29.591254,76.924164" }, "geometry": { "type": "Polygon", "coordinates": [ [ [ 76.924010486783772, 29.591346681862198 ], [ 76.924007062766293, 29.59116628062818 ], [ 76.924316674954838, 29.591161791388156 ], [ 76.92432009952249, 29.591342192589423 ], [ 76.924010486783772, 29.591346681862198 ] ] ] } },
{ "type": "Feature", "properties": { "pit_id": 218, "latitude": 29.505377, "longitude": 76.793044, "category": "pit", "area_ha": 0.26, "area_m2": 2600.0, "prob_max": 1.0, "prob_mean": 0.972, "new_pit": 0, "setting": "outside riverbed", "water_share": 0.962, "buildings_near": 0.002, "compactness": 0.898, "size_class": "small (0.1-0.5 ha)", "google_maps": "https://www.google.com/maps?q=29.505377,76.793044" }, "geometry": { "type": "Polygon", "coordinates": [ [ [ 76.793042264862237, 29.505748591384044 ], [ 76.793040674887607, 29.505658382888775 ], [ 76.792937549965274, 29.505659773675568 ], [ 76.792935960089196, 29.505569565173914 ], [ 76.792832835250948, 29.505570955875704 ], [ 76.792829655703187, 29.50539053885835 ], [ 76.792932780358782, 29.505389148166728 ], [ 76.792931190504433, 29.505298939661177 ], [ 76.792828065940157, 29.505300330347726 ], [ 76.79282329669455, 29.505029704807995 ], [ 76.793132669543724, 29.505025532554399 ], [ 76.793135849581489, 29.505205949551673 ], [ 76.793238974032718, 29.505204558630503 ], [ 76.793248514867827, 29.50574580956058 ], [ 76.793042264862237, 29.505748591384044 ] ] ] } },
{ "type": "Feature", "properties": { "pit_id": 219, "latitude": 29.501956, "longitude": 77.051743, "category": "pit", "area_ha": 0.14, "area_m2": 1400.0, "prob_max": 1.0, "prob_mean": 0.916, "new_pit": 0, "setting": "outside riverbed", "water_share": 0.786, "buildings_near": 0.054, "compactness": 1.0, "size_class": "small (0.1-0.5 ha)", "google_maps": "https://www.google.com/maps?q=29.501956,77.051743" }, "geometry": { "type": "Polygon", "coordinates": [ [ [ 77.051556451817177, 29.502191110882293 ], [ 77.05154735761306, 29.5017401367137 ], [ 77.051650462882563, 29.501738545599157 ], [ 77.05165228179807, 29.501828740429705 ], [ 77.051961597830598, 29.501823966589523 ], [ 77.051963417028148, 29.501914161401313 ], [ 77.052066522447006, 29.501912569955731 ], [ 77.052068341744118, 29.502002764760377 ], [ 77.051862130715591, 29.502005947583317 ], [ 77.051863949838463, 29.502096142398262 ], [ 77.051657738594287, 29.50209932491342 ], [ 77.051659557542933, 29.502189519738678 ], [ 77.051556451817177, 29.502191110882293 ] ] ] } },
{ "type": "Feature", "properties": { "pit_id": 220, "latitude": 29.844905, "longitude": 77.033302, "category": "pit", "area_ha": 0.51, "area_m2": 5100.0, "prob_max": 1.0, "prob_mean": 0.775, "new_pit": 0, "setting": "outside riverbed", "water_share": 1.0, "buildings_near": -0.0, "compactness": 0.386, "size_class": "medium (0.5-2 ha)", "google_maps": "https://www.google.com/maps?q=29.844905,77.033302" }, "geometry": { "type": "Polygon", "coordinates": [ [ [ 77.033401080910295, 29.845942837863408 ], [ 77.033395596761864, 29.845672264334219 ], [ 77.033292138846718, 29.845673857915838 ], [ 77.033290310906693, 29.845583666730999 ], [ 77.033393768728985, 29.84558207315516 ], [ 77.033384628689106, 29.845131117239809 ], [ 77.033177713964733, 29.845134304252692 ], [ 77.033174058378279, 29.844953921854081 ], [ 77.03286368678657, 29.844958701731429 ], [ 77.03286003179042, 29.844778319292793 ], [ 77.033066945821787, 29.844775132811989 ], [ 77.033068773501412, 29.844865324020411 ], [ 77.033172230597501, 29.844863730652772 ], [ 77.033168575060856, 29.844683348246161 ], [ 77.033065118150461, 29.844684941602232 ], [ 77.033055979918316, 29.844233985533425 ], [ 77.033159436364457, 29.844232392206251 ], [ 77.033157608650072, 29.844142200994273 ], [ 77.033261064995074, 29.844140607591918 ], [ 77.033264720617822, 29.844320990002977 ], [ 77.033368177140233, 29.844319396508091 ], [ 77.033371832981871, 29.844499778902268 ], [ 77.033475289681675, 29.844498185314841 ], [ 77.033482601835956, 29.84485895006403 ], [ 77.033586058898834, 29.844857356372515 ], [ 77.033591543380268, 29.84512792990304 ], [ 77.03348808603883, 29.845129523611913 ], [ 77.033500882802741, 29.845760861843583 ], [ 77.033604340794142, 29.845759268094234 ], [ 77.033606169029326, 29.845849459259068 ], [ 77.033502710945072, 29.845851053014194 ], [ 77.033504539095716, 29.845941244183471 ], [ 77.033401080910295, 29.845942837863408 ] ] ] } },
{ "type": "Feature", "properties": { "pit_id": 221, "latitude": 29.669008, "longitude": 76.695528, "category": "pit", "area_ha": 0.57, "area_m2": 5700.0, "prob_max": 1.0, "prob_mean": 0.998, "new_pit": 1, "setting": "outside riverbed", "water_share": 0.982, "buildings_near": -0.0, "compactness": 0.86, "size_class": "medium (0.5-2 ha)", "google_maps": "https://www.google.com/maps?q=29.669008,76.695528" }, "geometry": { "type": "Polygon", "coordinates": [ [ [ 76.695101465912984, 29.669449852699078 ], [ 76.695089360706007, 29.668728164793617 ], [ 76.696019026703851, 29.668716268526634 ], [ 76.696022054622119, 29.668896690424134 ], [ 76.696125350993867, 29.668895368204808 ], [ 76.696128379123877, 29.669075790087479 ], [ 76.695921786005073, 29.669078434464939 ], [ 76.695923299896208, 29.669168645413954 ], [ 76.695716706565648, 29.669171289479245 ], [ 76.69571822027946, 29.669261500436594 ], [ 76.695511626737158, 29.669264144189704 ], [ 76.695513140273647, 29.669354355155388 ], [ 76.695203249632257, 29.669358320196107 ], [ 76.695204762899323, 29.669448531174933 ], [ 76.695101465912984, 29.669449852699078 ] ] ] } },
{ "type": "Feature", "properties": { "pit_id": 222, "latitude": 29.667846, "longitude": 76.803667, "category": "likely village pond", "area_ha": 0.56, "area_m2": 5600.0, "prob_max": 1.0, "prob_mean": 0.889, "new_pit": 0, "setting": "outside riverbed", "water_share": 0.946, "buildings_near": 0.286, "compactness": 1.0, "size_class": "medium (0.5-2 ha)", "google_maps": "https://www.google.com/maps?q=29.667846,76.803667" }, "geometry": { "type": "Polygon", "coordinates": [ [ [ 76.803459360279177, 29.668199766200328 ], [ 76.803457750488008, 29.668109560429908 ], [ 76.803251171210505, 29.668112372015425 ], [ 76.803249561610812, 29.668022166233474 ], [ 76.803146272053155, 29.668023571900459 ], [ 76.803143053059856, 29.667843160322391 ], [ 76.803246342433368, 29.667841754665627 ], [ 76.803241513722128, 29.667571137304055 ], [ 76.804171115268204, 29.667558482912167 ], [ 76.804177556879168, 29.667919305873944 ], [ 76.804074267479493, 29.667920712259708 ], [ 76.804075877808472, 29.668010918001997 ], [ 76.803972588309406, 29.668012324312439 ], [ 76.803974198553632, 29.668102530058547 ], [ 76.803767619349358, 29.668105342448381 ], [ 76.803769229416758, 29.668195548203446 ], [ 76.803459360279177, 29.668199766200328 ] ] ] } },
{ "type": "Feature", "properties": { "pit_id": 223, "latitude": 29.506536, "longitude": 76.783171, "category": "likely village pond", "area_ha": 0.12, "area_m2": 1200.0, "prob_max": 1.0, "prob_mean": 0.993, "new_pit": 0, "setting": "outside riverbed", "water_share": 1.0, "buildings_near": 0.339, "compactness": 1.0, "size_class": "small (0.1-0.5 ha)", "google_maps": "https://www.google.com/maps?q=29.506536,76.783171" }, "geometry": { "type": "Polygon", "coordinates": [ [ [ 76.783054916434537, 29.506785215942845 ], [ 76.783047010567159, 29.506334171059994 ], [ 76.783150136730811, 29.506332787914019 ], [ 76.7831485554876, 29.506242578938593 ], [ 76.783251681552713, 29.506241195717767 ], [ 76.783256425577918, 29.506511822624965 ], [ 76.783359551909825, 29.506510439309064 ], [ 76.783361133357303, 29.506600648270471 ], [ 76.783258006934062, 29.506602031591427 ], [ 76.783261169667952, 29.506782449520447 ], [ 76.783054916434537, 29.506785215942845 ] ] ] } },
{ "type": "Feature", "properties": { "pit_id": 224, "latitude": 29.860365, "longitude": 76.904257, "category": "pit", "area_ha": 0.91, "area_m2": 9100.0, "prob_max": 1.0, "prob_mean": 0.92, "new_pit": 1, "setting": "outside riverbed", "water_share": 0.0, "buildings_near": -0.0, "compactness": 0.464, "size_class": "medium (0.5-2 ha)", "google_maps": "https://www.google.com/maps?q=29.860365,76.904257" }, "geometry": { "type": "Polygon", "coordinates": [ [ [ 76.903388977788282, 29.860963776260046 ], [ 76.903385553281908, 29.860783380197397 ], [ 76.903282071683719, 29.860784872607475 ], [ 76.903278647394359, 29.860604476528721 ], [ 76.903175165974304, 29.860605968846929 ], [ 76.903171741901943, 29.860425572752042 ], [ 76.903275223136106, 29.860424080444659 ], [ 76.903273511018625, 29.86033388240066 ], [ 76.903376992152047, 29.860332390017657 ], [ 76.903375279949401, 29.860242191977743 ], [ 76.903582242007033, 29.860239206979429 ], [ 76.903583954395586, 29.860329405008518 ], [ 76.903687435505688, 29.860327912382392 ], [ 76.903689147994967, 29.860418110404737 ], [ 76.903792629190249, 29.860416617692145 ], [ 76.903794341780241, 29.860506815707765 ], [ 76.904001304333377, 29.860503830028627 ], [ 76.903996166029003, 29.860233236010313 ], [ 76.903892685035174, 29.860234728874158 ], [ 76.903889259723698, 29.860054332844506 ], [ 76.903992740531635, 29.860052839991496 ], [ 76.90398931506536, 29.859872443967379 ], [ 76.9041962762861, 29.859869458039903 ], [ 76.904194563378724, 29.859779260036692 ], [ 76.904298043884481, 29.859777766956807 ], [ 76.904299756884797, 29.859867964954599 ], [ 76.904506718058855, 29.859864978540873 ], [ 76.904510144454591, 29.860045374510836 ], [ 76.904613625215859, 29.860043881171578 ], [ 76.904617051828623, 29.860224277125401 ], [ 76.904513570881477, 29.860225770475477 ], [ 76.90451871058012, 29.860496364412558 ], [ 76.904415229346327, 29.860497857697858 ], [ 76.904416942501811, 29.860588055679653 ], [ 76.904313461167291, 29.860589548889326 ], [ 76.90431517423761, 29.86067974687521 ], [ 76.904211692802363, 29.860681240009249 ], [ 76.904213405787502, 29.86077143799923 ], [ 76.904006442707754, 29.860774424035036 ], [ 76.904008155514774, 29.860864622034526 ], [ 76.903697710557978, 29.860869100496654 ], [ 76.903699423093911, 29.860959298511069 ], [ 76.903388977788282, 29.860963776260046 ] ], [ [ 76.904004729908522, 29.860684226034223 ], [ 76.904108211359329, 29.860682733062266 ], [ 76.904106498474917, 29.860592535065546 ], [ 76.904003017117063, 29.860594028032093 ], [ 76.904004729908522, 29.860684226034223 ] ] ] } },
{ "type": "Feature", "properties": { "pit_id": 225, "latitude": 29.591095, "longitude": 76.919567, "category": "pit", "area_ha": 0.08, "area_m2": 800.0, "prob_max": 1.0, "prob_mean": 0.666, "new_pit": 0, "setting": "outside riverbed", "water_share": 0.0, "buildings_near": 0.0, "compactness": 1.0, "size_class": "tiny (<0.1 ha)", "google_maps": "https://www.google.com/maps?q=29.591095,76.919567" }, "geometry": { "type": "Polygon", "coordinates": [ [ [ 76.91946607595024, 29.591232039926261 ], [ 76.919462660033005, 29.591051638207194 ], [ 76.919256251550294, 29.591054623556879 ], [ 76.919257959321641, 29.591144824427957 ], [ 76.919154754976944, 29.591146316987999 ], [ 76.919151339625415, 29.590965915233621 ], [ 76.919564156224041, 29.590959944556033 ], [ 76.919565864262694, 29.591050145412101 ], [ 76.919669068484609, 29.591048652536848 ], [ 76.919670776622738, 29.591138853386152 ], [ 76.91956757230912, 29.591140346266851 ], [ 76.919569280363305, 29.591230547120276 ], [ 76.91946607595024, 29.591232039926261 ] ] ] } },
{ "type": "Feature", "properties": { "pit_id": 226, "latitude": 29.84563, "longitude": 76.946891, "category": "pit", "area_ha": 0.45, "area_m2": 4500.0, "prob_max": 1.0, "prob_mean": 0.92, "new_pit": 0, "setting": "outside riverbed", "water_share": 0.933, "buildings_near": 0.001, "compactness": 1.0, "size_class": "small (0.1-0.5 ha)", "google_maps": "https://www.google.com/maps?q=29.845630,76.946891" }, "geometry": { "type": "Polygon", "coordinates": [ [ [ 76.946675742220535, 29.845987131133363 ], [ 76.946673992096663, 29.845896935197157 ], [ 76.946570528488152, 29.845898460849718 ], [ 76.946560028469108, 29.845357285171389 ], [ 76.946766954563728, 29.845354233851715 ], [ 76.946765204402624, 29.845264037911768 ], [ 76.947179056125009, 29.845257934322728 ], [ 76.947193060608285, 29.845979501628054 ], [ 76.946675742220535, 29.845987131133363 ] ] ] } },
{ "type": "Feature", "properties": { "pit_id": 227, "latitude": 29.506381, "longitude": 76.79284, "category": "likely village pond", "area_ha": 0.46, "area_m2": 4600.0, "prob_max": 1.0, "prob_mean": 0.878, "new_pit": 0, "setting": "outside riverbed", "water_share": 0.761, "buildings_near": 0.15, "compactness": 1.0, "size_class": "small (0.1-0.5 ha)", "google_maps": "https://www.google.com/maps?q=29.506381,76.792840" }, "geometry": { "type": "Polygon", "coordinates": [ [ [ 76.792855092896389, 29.506833874851342 ], [ 76.792853503017511, 29.506743666361555 ], [ 76.792750376984756, 29.506745057049521 ], [ 76.792748787204431, 29.506654848553335 ], [ 76.792645661255762, 29.506656239156307 ], [ 76.792644071574017, 29.506566030653747 ], [ 76.792540945709433, 29.506567421171727 ], [ 76.792539356126255, 29.506477212662787 ], [ 76.792436230345771, 29.506478603095768 ], [ 76.792431461913694, 29.506207977545866 ], [ 76.792534587420178, 29.506206587128119 ], [ 76.792532997865976, 29.506116378613957 ], [ 76.792739248674607, 29.506113597548907 ], [ 76.792737658944986, 29.506023389043619 ], [ 76.793150160110017, 29.506017825974961 ], [ 76.793159700788294, 29.506559076865205 ], [ 76.79305657495992, 29.506560467782734 ], [ 76.793061345122851, 29.506831093225514 ], [ 76.792855092896389, 29.506833874851342 ] ] ] } },
{ "type": "Feature", "properties": { "pit_id": 228, "latitude": 29.50962, "longitude": 76.573187, "category": "pit", "area_ha": 0.16, "area_m2": 1600.0, "prob_max": 1.0, "prob_mean": 0.971, "new_pit": 0, "setting": "outside riverbed", "water_share": 0.0, "buildings_near": -0.0, "compactness": 1.0, "size_class": "small (0.1-0.5 ha)", "google_maps": "https://www.google.com/maps?q=29.509620,76.573187" }, "geometry": { "type": "Polygon", "coordinates": [ [ [ 76.572977206978138, 29.50979770924916 ], [ 76.572975811863941, 29.50970749058849 ], [ 76.572872671154116, 29.509708710872207 ], [ 76.572871276137676, 29.509618492205799 ], [ 76.572974416756111, 29.509617271926544 ], [ 76.572973021654633, 29.509527053263316 ], [ 76.573179302689667, 29.509524612473879 ], [ 76.573177907411775, 29.509434393818275 ], [ 76.573281047828374, 29.509433173308093 ], [ 76.573279652465459, 29.509342954655665 ], [ 76.573382792784301, 29.509341734069992 ], [ 76.573389770119405, 29.509792827296941 ], [ 76.572977206978138, 29.50979770924916 ] ] ] } },
{ "type": "Feature", "properties": { "pit_id": 229, "latitude": 29.510998, "longitude": 76.66109, "category": "pit", "area_ha": 0.28, "area_m2": 2800.0, "prob_max": 1.0, "prob_mean": 0.929, "new_pit": 0, "setting": "outside riverbed", "water_share": 0.036, "buildings_near": 0.086, "compactness": 0.775, "size_class": "small (0.1-0.5 ha)", "google_maps": "https://www.google.com/maps?q=29.510998,76.661090" }, "geometry": { "type": "Polygon", "coordinates": [ [ [ 76.661307561291821, 29.511430259895878 ], [ 76.661306087758447, 29.511340045199152 ], [ 76.66120294989986, 29.51134133405608 ], [ 76.661201476464598, 29.51125111935335 ], [ 76.660995200910051, 29.511253696817974 ], [ 76.660993727664248, 29.511163482104532 ], [ 76.66089058996829, 29.511164770712213 ], [ 76.660886170545268, 29.510894126549978 ], [ 76.660783033116715, 29.510895415063587 ], [ 76.660780087051009, 29.510714985606235 ], [ 76.660883224296811, 29.510713697102034 ], [ 76.660881751182643, 29.510623482376108 ], [ 76.661088025471344, 29.510620905137301 ], [ 76.661089498768263, 29.510711119853806 ], [ 76.661192635993913, 29.510709831109779 ], [ 76.661197056199057, 29.510980475237364 ], [ 76.661300193692128, 29.510979186399268 ], [ 76.661303140711865, 29.511159615801795 ], [ 76.661406278380994, 29.511158326874327 ], [ 76.661410699235063, 29.511428970954281 ], [ 76.661307561291821, 29.511430259895878 ] ] ] } },
{ "type": "Feature", "properties": { "pit_id": 230, "latitude": 29.845287, "longitude": 76.947702, "category": "pit", "area_ha": 0.11, "area_m2": 1100.0, "prob_max": 1.0, "prob_mean": 0.805, "new_pit": 0, "setting": "outside riverbed", "water_share": 1.0, "buildings_near": 0.003, "compactness": 1.0, "size_class": "small (0.1-0.5 ha)", "google_maps": "https://www.google.com/maps?q=29.845287,76.947702" }, "geometry": { "type": "Polygon", "coordinates": [ [ [ 76.947805086763395, 29.845519364159369 ], [ 76.947801584559926, 29.845338972394185 ], [ 76.94738773265685, 29.845345077949027 ], [ 76.94738598193851, 29.845254882042301 ], [ 76.947489444833337, 29.845253355780613 ], [ 76.947487694030087, 29.845163159878091 ], [ 76.947901545158402, 29.845157054043622 ], [ 76.947908549905037, 29.845517837557107 ], [ 76.947805086763395, 29.845519364159369 ] ] ] } },
{ "type": "Feature", "properties": { "pit_id": 231, "latitude": 29.671131, "longitude": 76.807543, "category": "pit", "area_ha": 0.7, "area_m2": 7000.0, "prob_max": 1.0, "prob_mean": 0.851, "new_pit": 0, "setting": "outside riverbed", "water_share": 0.1, "buildings_near": 0.227, "compactness": 0.331, "size_class": "medium (0.5-2 ha)", "google_maps": "https://www.google.com/maps?q=29.671131,76.807543" }, "geometry": { "type": "Polygon", "coordinates": [ [ [ 76.80755865000171, 29.672113919582721 ], [ 76.807557036296686, 29.672023714069834 ], [ 76.807453742895774, 29.672025123265467 ], [ 76.807452129290184, 29.671934917746135 ], [ 76.807348835974025, 29.671936326856191 ], [ 76.807347222467868, 29.671846121330422 ], [ 76.807243929236449, 29.671847530354903 ], [ 76.807239089038276, 29.671576913754329 ], [ 76.807135796075798, 29.671578322682976 ], [ 76.807132569497895, 29.671397911599122 ], [ 76.807235862276187, 29.671396502680743 ], [ 76.807229408840058, 29.67103568051785 ], [ 76.807332701242643, 29.671034271539547 ], [ 76.807334314682763, 29.6711244770771 ], [ 76.807644192122766, 29.671120249644162 ], [ 76.807637737301292, 29.670759427547683 ], [ 76.807431153085318, 29.670762245875689 ], [ 76.807426312598793, 29.670491629258795 ], [ 76.80752960443418, 29.670490220150416 ], [ 76.807526377295687, 29.670309809076191 ], [ 76.807629668939555, 29.670308399897632 ], [ 76.807624828010603, 29.670037783291903 ], [ 76.80783141072385, 29.670034964724273 ], [ 76.807844321487892, 29.670756608897911 ], [ 76.807741029398258, 29.670758018263012 ], [ 76.807744256978495, 29.670938429303611 ], [ 76.807847549252301, 29.670937019928246 ], [ 76.807849163145519, 29.671027225441438 ], [ 76.807745870779627, 29.671028634821944 ], [ 76.807749098403903, 29.671209045854678 ], [ 76.807645805846491, 29.671210455165006 ], [ 76.807649033315954, 29.671390866202778 ], [ 76.807545740567008, 29.671392275442933 ], [ 76.807548967881658, 29.671572686485732 ], [ 76.807652260814763, 29.671571277235316 ], [ 76.807660329690265, 29.672022304793749 ], [ 76.807763623076511, 29.672020895437218 ], [ 76.807765236965707, 29.672111100939865 ], [ 76.80755865000171, 29.672113919582721 ] ] ] } },
{ "type": "Feature", "properties": { "pit_id": 232, "latitude": 29.670521, "longitude": 77.050213, "category": "pit", "area_ha": 0.86, "area_m2": 8600.0, "prob_max": 1.0, "prob_mean": 0.94, "new_pit": 0, "setting": "outside riverbed", "water_share": 0.209, "buildings_near": 0.0, "compactness": 0.241, "size_class": "medium (0.5-2 ha)", "google_maps": "https://www.google.com/maps?q=29.670521,77.050213" }, "geometry": { "type": "Polygon", "coordinates": [ [ [ 77.05085579613035, 29.671638677736976 ], [ 77.050848473028353, 29.67127790745548 ], [ 77.050745195218667, 29.671279506218145 ], [ 77.050748856568944, 29.671459891373196 ], [ 77.050645578566858, 29.671461490067099 ], [ 77.050643747979592, 29.671371297484416 ], [ 77.050437192134538, 29.671374494619375 ], [ 77.050428040243474, 29.670923531627778 ], [ 77.050324762768639, 29.670925130045557 ], [ 77.050322932507427, 29.670834937437412 ], [ 77.050219655116308, 29.67083653576897 ], [ 77.050214164658726, 29.670565957919123 ], [ 77.050110887535382, 29.670567556152811 ], [ 77.050103567409934, 29.670206785644435 ], [ 77.050000290646395, 29.670208383774437 ], [ 77.049998460727863, 29.670118191138197 ], [ 77.04989518404804, 29.670119789181985 ], [ 77.049893354229866, 29.670029596538594 ], [ 77.04999663081766, 29.670027998500625 ], [ 77.049994800915769, 29.669937805861718 ], [ 77.049891524420019, 29.669939403893867 ], [ 77.049884205263822, 29.669578633301665 ], [ 77.049780929127849, 29.669580231230142 ], [ 77.049777269783746, 29.669399845914409 ], [ 77.049673993823518, 29.669401443750854 ], [ 77.049672164255966, 29.669311251085173 ], [ 77.04987871598405, 29.669308055343532 ], [ 77.049880545735647, 29.669398247997574 ], [ 77.050087097614494, 29.669395051922706 ], [ 77.050090757510773, 29.669575437203523 ], [ 77.050194033621779, 29.669573839033859 ], [ 77.050210504395281, 29.67038557267924 ], [ 77.050313781326238, 29.670383974376794 ], [ 77.050317441773743, 29.670564359605027 ], [ 77.050420718880446, 29.670562761210544 ], [ 77.0504188885605, 29.670472568602914 ], [ 77.050522165566832, 29.670470970133852 ], [ 77.050520335163171, 29.670380777530706 ], [ 77.050417058248868, 29.670382375993942 ], [ 77.050413397650587, 29.670201990772018 ], [ 77.05031012091203, 29.670203589143227 ], [ 77.050304630353125, 29.669933011282886 ], [ 77.050407906815607, 29.669931412929138 ], [ 77.050411567363938, 29.670111798159045 ], [ 77.050514844002137, 29.670110199713278 ], [ 77.050518504767851, 29.670290584926224 ], [ 77.050621781581782, 29.670288986388407 ], [ 77.050627273068869, 29.67055956418038 ], [ 77.05073055015059, 29.670557965544692 ], [ 77.050734211367654, 29.670738350721049 ], [ 77.05083748862512, 29.67073675199331 ], [ 77.05084298078927, 29.671007329730386 ], [ 77.050946258314525, 29.671005730904788 ], [ 77.050959074299854, 29.671637078870621 ], [ 77.05085579613035, 29.671638677736976 ] ], [ [ 77.050533148163581, 29.671012125724769 ], [ 77.050636425713805, 29.671010527140371 ], [ 77.050632764630848, 29.670830141960373 ], [ 77.050529487264697, 29.670831740533117 ], [ 77.050533148163581, 29.671012125724769 ] ], [ [ 77.049992971022206, 29.669847613221489 ], [ 77.050096247417628, 29.669846015114761 ], [ 77.050090757510773, 29.669575437203523 ], [ 77.049987481391454, 29.669577035292782 ], [ 77.049992971022206, 29.669847613221489 ] ] ] } },
{ "type": "Feature", "properties": { "pit_id": 233, "latitude": 29.842265, "longitude": 77.112777, "category": "pit", "area_ha": 0.2, "area_m2": 2000.0, "prob_max": 1.0, "prob_mean": 0.775, "new_pit": 0, "setting": "outside riverbed", "water_share": 0.85, "buildings_near": 0.052, "compactness": 1.0, "size_class": "small (0.1-0.5 ha)", "google_maps": "https://www.google.com/maps?q=29.842265,77.112777" }, "geometry": { "type": "Polygon", "coordinates": [ [ [ 77.112707358023044, 29.842622407082025 ], [ 77.112703559893077, 29.842442033711787 ], [ 77.112496661119124, 29.84244534472688 ], [ 77.11249286339492, 29.84226497132725 ], [ 77.112596312600573, 29.842263315872188 ], [ 77.112592514725222, 29.842082942479198 ], [ 77.112902861733545, 29.842077975664385 ], [ 77.112900962530347, 29.8419877889839 ], [ 77.113107860307139, 29.841984477381313 ], [ 77.113109759695959, 29.842074664049775 ], [ 77.113006310719058, 29.842076319897554 ], [ 77.113010109336955, 29.842256693242486 ], [ 77.112906660165791, 29.842258349021321 ], [ 77.112910458632541, 29.842438722372908 ], [ 77.112807009267129, 29.84244037808282 ], [ 77.112810807582733, 29.842620751441046 ], [ 77.112707358023044, 29.842622407082025 ] ] ] } },
{ "type": "Feature", "properties": { "pit_id": 234, "latitude": 29.84269, "longitude": 77.058926, "category": "pit", "area_ha": 0.75, "area_m2": 7500.0, "prob_max": 1.0, "prob_mean": 0.759, "new_pit": 0, "setting": "outside riverbed", "water_share": 0.507, "buildings_near": 0.0, "compactness": 0.399, "size_class": "medium (0.5-2 ha)", "google_maps": "https://www.google.com/maps?q=29.842690,77.058926" }, "geometry": { "type": "Polygon", "coordinates": [ [ [ 77.059220939634741, 29.843377344003613 ], [ 77.059219088566124, 29.843287154251257 ], [ 77.059322542342088, 29.843285540475232 ], [ 77.059320691189043, 29.843195350727374 ], [ 77.059010330114447, 29.843200191795006 ], [ 77.059012180988987, 29.843290381560422 ], [ 77.058908727187799, 29.843291995093566 ], [ 77.058905025632797, 29.843111615549692 ], [ 77.058801572008889, 29.843113228990156 ], [ 77.058797870673175, 29.842932849429229 ], [ 77.058590963771493, 29.842936076043877 ], [ 77.058587262840717, 29.84275569645418 ], [ 77.058794169371083, 29.842752469862941 ], [ 77.058792318732628, 29.8426622800778 ], [ 77.058585412387941, 29.842665506657326 ], [ 77.0585817115076, 29.842485127059611 ], [ 77.058478258508316, 29.842486740216231 ], [ 77.058474557847248, 29.842306360601452 ], [ 77.058371105025216, 29.842307973665413 ], [ 77.058367404583421, 29.842127594033581 ], [ 77.058263951938656, 29.842129207004877 ], [ 77.058260251716121, 29.841948827355992 ], [ 77.058156799248621, 29.841950440234626 ], [ 77.058154949242791, 29.84186025040233 ], [ 77.058258401617451, 29.841858637529555 ], [ 77.058260251716121, 29.841948827355992 ], [ 77.058363704175221, 29.841947214396406 ], [ 77.058365554375129, 29.842037404215667 ], [ 77.058469006918656, 29.84203579116927 ], [ 77.058470857219774, 29.842125980981326 ], [ 77.058677762467283, 29.842122754633966 ], [ 77.058679612962493, 29.84221294443298 ], [ 77.058783065666461, 29.842211331132003 ], [ 77.05878491626288, 29.842301520923844 ], [ 77.058888369051303, 29.842299907536059 ], [ 77.05889021974896, 29.842390097320699 ], [ 77.059097125486232, 29.842386870290554 ], [ 77.059098976377967, 29.842477060062141 ], [ 77.059305882267282, 29.842473832696456 ], [ 77.059309584447291, 29.842654212212206 ], [ 77.059413037565008, 29.84265259839621 ], [ 77.059420442397212, 29.843013357388255 ], [ 77.059316988908165, 29.843014971227667 ], [ 77.059318840044398, 29.84310516097819 ], [ 77.059422293626284, 29.843103547132923 ], [ 77.059427847363921, 29.843374116358898 ], [ 77.059220939634741, 29.843377344003613 ] ], [ [ 77.058796020017923, 29.84284265964676 ], [ 77.05900292670033, 29.84283943271998 ], [ 77.059001075867812, 29.842749242947871 ], [ 77.058794169371083, 29.842752469862941 ], [ 77.058796020017923, 29.84284265964676 ] ] ] } },
{ "type": "Feature", "properties": { "pit_id": 235, "latitude": 29.844338, "longitude": 76.942245, "category": "pit", "area_ha": 1.07, "area_m2": 10700.0, "prob_max": 1.0, "prob_mean": 0.884, "new_pit": 0, "setting": "outside riverbed", "water_share": 0.953, "buildings_near": 0.0, "compactness": 0.353, "size_class": "medium (0.5-2 ha)", "google_maps": "https://www.google.com/maps?q=29.844338,76.942245" }, "geometry": { "type": "Polygon", "coordinates": [ [ [ 76.942102379921735, 29.844971829233067 ], [ 76.942100633979507, 29.844881633037645 ], [ 76.941997171136194, 29.844883155060458 ], [ 76.941974475815883, 29.843710604327477 ], [ 76.942077937451913, 29.843709082376467 ], [ 76.942076191620686, 29.843618886162481 ], [ 76.942490037714094, 29.843612797570735 ], [ 76.94249527634598, 29.843883386142423 ], [ 76.942598738128098, 29.843881863775458 ], [ 76.942593499217622, 29.84361127522034 ], [ 76.9436281138167, 29.843596047262498 ], [ 76.943635102761121, 29.843956831778968 ], [ 76.942497022572454, 29.843973582330339 ], [ 76.94249527634598, 29.843883386142423 ], [ 76.942391814555918, 29.843884908428404 ], [ 76.942398799137976, 29.844245693194207 ], [ 76.942502261299509, 29.844244170886128 ], [ 76.942505753823838, 29.844424563250019 ], [ 76.942402291476597, 29.844426085569157 ], [ 76.942407530043965, 29.844696674121618 ], [ 76.942510992669824, 29.844695151785928 ], [ 76.942516231587192, 29.844965740309892 ], [ 76.942102379921735, 29.844971829233067 ] ] ] } },
{ "type": "Feature", "properties": { "pit_id": 236, "latitude": 29.59309, "longitude": 76.71049, "category": "pit", "area_ha": 1.19, "area_m2": 11900.0, "prob_max": 1.0, "prob_mean": 0.922, "new_pit": 0, "setting": "outside riverbed", "water_share": 0.849, "buildings_near": 0.084, "compactness": 0.639, "size_class": "medium (0.5-2 ha)", "google_maps": "https://www.google.com/maps?q=29.593090,76.710490" }, "geometry": { "type": "Polygon", "coordinates": [ [ [ 76.710247722296444, 29.593642104181122 ], [ 76.710246200291905, 29.593551892877695 ], [ 76.709936543962286, 29.593555883119691 ], [ 76.709928935419669, 29.593104826510345 ], [ 76.710032153744379, 29.593103496534155 ], [ 76.710029110192323, 29.592923073891036 ], [ 76.710132328326637, 29.592921743844332 ], [ 76.710120153661506, 29.592200053258757 ], [ 76.710429805821008, 29.592196062753931 ], [ 76.710431327905141, 29.592286274067117 ], [ 76.710534545369512, 29.592284943733585 ], [ 76.710537589742046, 29.592465366346357 ], [ 76.710640807382987, 29.592464035922923 ], [ 76.710643851966708, 29.592644458520766 ], [ 76.710540634142276, 29.592645788953917 ], [ 76.710542156352787, 29.592736000255762 ], [ 76.710645374268964, 29.592734669817762 ], [ 76.71064689657814, 29.592824881113447 ], [ 76.710750114579142, 29.592823550590392 ], [ 76.710753159401776, 29.593003973168152 ], [ 76.710856377579333, 29.593002642555195 ], [ 76.710857900092805, 29.593092853837273 ], [ 76.710961118355172, 29.593091523139258 ], [ 76.71096264096731, 29.59318173441519 ], [ 76.711065859314502, 29.593180403632111 ], [ 76.711067382025306, 29.593270614901879 ], [ 76.711170600457322, 29.593269284033735 ], [ 76.711173646083239, 29.593449706559685 ], [ 76.711276864691797, 29.593448375601632 ], [ 76.711279910528944, 29.593628798112665 ], [ 76.710247722296444, 29.593642104181122 ] ] ] } },
{ "type": "Feature", "properties": { "pit_id": 237, "latitude": 29.519607, "longitude": 76.546188, "category": "pit", "area_ha": 1.56, "area_m2": 15600.0, "prob_max": 1.0, "prob_mean": 0.983, "new_pit": 0, "setting": "outside riverbed", "water_share": 0.936, "buildings_near": 0.061, "compactness": 0.692, "size_class": "medium (0.5-2 ha)", "google_maps": "https://www.google.com/maps?q=29.519607,76.546188" }, "geometry": { "type": "Polygon", "coordinates": [ [ [ 76.545901406217055, 29.520221702284378 ], [ 76.545897291174725, 29.519951043227554 ], [ 76.545794138745975, 29.519952242885619 ], [ 76.545791395598556, 29.519771803499218 ], [ 76.545688243346433, 29.519773003068526 ], [ 76.545686871873528, 29.519682783369024 ], [ 76.545480567533431, 29.519685182258922 ], [ 76.545479196249644, 29.519594962549359 ], [ 76.545376044161671, 29.519596161869956 ], [ 76.545373301795692, 29.519415722438211 ], [ 76.5454764537008, 29.51941452312639 ], [ 76.545468226204193, 29.518873204826683 ], [ 76.545674528898459, 29.518870806015684 ], [ 76.545673157488025, 29.518780586303336 ], [ 76.545776308734361, 29.518779386782239 ], [ 76.545777680236228, 29.518869606490199 ], [ 76.545880831567743, 29.518868406884739 ], [ 76.545882203167295, 29.518958626587029 ], [ 76.546088505994447, 29.518956227127386 ], [ 76.546089877783103, 29.51904644681963 ], [ 76.546193029278754, 29.519045246965444 ], [ 76.54619440116511, 29.51913546665201 ], [ 76.546297552745926, 29.519134266713447 ], [ 76.546300296720247, 29.519314706073978 ], [ 76.546506600228867, 29.519312305939359 ], [ 76.546507972408278, 29.519402525608918 ], [ 76.546920579716272, 29.51939772436231 ], [ 76.546923324825329, 29.519578163662509 ], [ 76.547026476819568, 29.519576963142114 ], [ 76.547029222136501, 29.51975740242839 ], [ 76.546926069959369, 29.519758602957552 ], [ 76.546930187707346, 29.520029261890521 ], [ 76.547033340158777, 29.520028061348196 ], [ 76.547036085538224, 29.520208500621646 ], [ 76.545901406217055, 29.520221702284378 ] ] ] } },
{ "type": "Feature", "properties": { "pit_id": 238, "latitude": 29.659014, "longitude": 77.122094, "category": "pit", "area_ha": 0.16, "area_m2": 1600.0, "prob_max": 1.0, "prob_mean": 0.816, "new_pit": 0, "setting": "Yamuna riverbed", "water_share": 0.938, "buildings_near": -0.0, "compactness": 0.743, "size_class": "small (0.1-0.5 ha)", "google_maps": "https://www.google.com/maps?q=29.659014,77.122094" }, "geometry": { "type": "Polygon", "coordinates": [ [ [ 77.121880905244069, 29.659332967237866 ], [ 77.121867652891808, 29.65870164667923 ], [ 77.121970913166336, 29.658699993129773 ], [ 77.121972806425646, 29.658790181778997 ], [ 77.122076066783521, 29.658788528143155 ], [ 77.1220779601434, 29.658878716785022 ], [ 77.122181220584636, 29.658877063062818 ], [ 77.122183114045086, 29.658967251697309 ], [ 77.12249289559297, 29.658962290030523 ], [ 77.122491001856631, 29.658872101414097 ], [ 77.122594262263405, 29.658870447370504 ], [ 77.122596156091717, 29.6589606359809 ], [ 77.12249289559297, 29.658962290030523 ], [ 77.122494789337935, 29.659052478645616 ], [ 77.122185007514148, 29.659057440330471 ], [ 77.122186900991835, 29.659147628962295 ], [ 77.122083640274724, 29.659149282702572 ], [ 77.1220779601434, 29.658878716785022 ], [ 77.121974699693567, 29.658880370426882 ], [ 77.121982272851369, 29.659241125005043 ], [ 77.122085533669051, 29.659239471339102 ], [ 77.122087427071989, 29.659329659974269 ], [ 77.121880905244069, 29.659332967237866 ] ] ] } },
{ "type": "Feature", "properties": { "pit_id": 239, "latitude": 29.851746, "longitude": 77.1066, "category": "pit", "area_ha": 0.11, "area_m2": 1100.0, "prob_max": 1.0, "prob_mean": 0.938, "new_pit": 0, "setting": "outside riverbed", "water_share": 0.818, "buildings_near": 0.0, "compactness": 1.0, "size_class": "small (0.1-0.5 ha)", "google_maps": "https://www.google.com/maps?q=29.851746,77.106600" }, "geometry": { "type": "Polygon", "coordinates": [ [ [ 77.106695445235943, 29.852010855787398 ], [ 77.106693550850167, 29.851920668881263 ], [ 77.106590091295189, 29.851922320195381 ], [ 77.106588197010893, 29.851832133281913 ], [ 77.106484737540171, 29.851833784509061 ], [ 77.10648094918308, 29.851653410666106 ], [ 77.106377489889496, 29.851655061800294 ], [ 77.106373701752545, 29.851474687939998 ], [ 77.106477160860393, 29.851473036817787 ], [ 77.106479055017445, 29.851563223742623 ], [ 77.106582514209563, 29.851561572533438 ], [ 77.106584408468066, 29.851651759450949 ], [ 77.106687867744455, 29.8516501081548 ], [ 77.106689762104423, 29.85174029506496 ], [ 77.106793221465068, 29.851738643681841 ], [ 77.106798904875177, 29.852009204386317 ], [ 77.106695445235943, 29.852010855787398 ] ] ] } },
{ "type": "Feature", "properties": { "pit_id": 240, "latitude": 29.862693, "longitude": 77.118123, "category": "pit", "area_ha": 0.15, "area_m2": 1500.0, "prob_max": 1.0, "prob_mean": 0.946, "new_pit": 0, "setting": "outside riverbed", "water_share": 1.0, "buildings_near": -0.0, "compactness": 0.976, "size_class": "small (0.1-0.5 ha)", "google_maps": "https://www.google.com/maps?q=29.862693,77.118123" }, "geometry": { "type": "Polygon", "coordinates": [ [ [ 77.118206815621164, 29.862923275105125 ], [ 77.118204910049442, 29.862833089018981 ], [ 77.117997969960484, 29.862836410701131 ], [ 77.117996064583224, 29.86274622460159 ], [ 77.117892594618695, 29.862747885315127 ], [ 77.117890689343, 29.862657699208214 ], [ 77.117787219462727, 29.862659359834712 ], [ 77.117785314288597, 29.862569173720445 ], [ 77.11809572362472, 29.862564191615981 ], [ 77.118093818180498, 29.86247400551844 ], [ 77.118197287849, 29.862472344660958 ], [ 77.118199193386133, 29.862562530752477 ], [ 77.118302663138891, 29.86256086980795 ], [ 77.118306474424941, 29.86274124197492 ], [ 77.118409944354866, 29.862739580937337 ], [ 77.118411850103769, 29.862829767012773 ], [ 77.118308380080933, 29.862831428056388 ], [ 77.118310285745579, 29.862921614136507 ], [ 77.118206815621164, 29.862923275105125 ] ] ] } },
{ "type": "Feature", "properties": { "pit_id": 241, "latitude": 29.863237, "longitude": 77.037185, "category": "pit", "area_ha": 0.06, "area_m2": 600.0, "prob_max": 1.0, "prob_mean": 0.91, "new_pit": 0, "setting": "outside riverbed", "water_share": 1.0, "buildings_near": 0.038, "compactness": 1.0, "size_class": "tiny (<0.1 ha)", "google_maps": "https://www.google.com/maps?q=29.863237,77.037185" }, "geometry": { "type": "Polygon", "coordinates": [ [ [ 77.03706711567169, 29.863388826725046 ], [ 77.037061617768686, 29.863118254528512 ], [ 77.037268569084858, 29.863115059692461 ], [ 77.037270401896734, 29.863205250414385 ], [ 77.037373877635275, 29.863203652869011 ], [ 77.037375710548403, 29.863293843583811 ], [ 77.037168758877144, 29.863297038605097 ], [ 77.037170591612735, 29.863387229330151 ], [ 77.03706711567169, 29.863388826725046 ] ] ] } },
{ "type": "Feature", "properties": { "pit_id": 242, "latitude": 29.866756, "longitude": 77.102695, "category": "pit", "area_ha": 0.35, "area_m2": 3500.0, "prob_max": 1.0, "prob_mean": 0.915, "new_pit": 0, "setting": "outside riverbed", "water_share": 1.0, "buildings_near": -0.0, "compactness": 0.664, "size_class": "small (0.1-0.5 ha)", "google_maps": "https://www.google.com/maps?q=29.866756,77.102695" }, "geometry": { "type": "Polygon", "coordinates": [ [ [ 77.102253953532653, 29.867238160126039 ], [ 77.102250170429002, 29.867057786212758 ], [ 77.102457121332804, 29.867054488794913 ], [ 77.102455229607969, 29.86696430184822 ], [ 77.102248278890045, 29.866967599254107 ], [ 77.102246387359699, 29.866877412294105 ], [ 77.102349862630007, 29.866875763637651 ], [ 77.102347971015291, 29.866785576682307 ], [ 77.102554921344307, 29.86678227913827 ], [ 77.102551137768913, 29.866601905247439 ], [ 77.102654612734653, 29.866600256365839 ], [ 77.102650829007757, 29.866419882481605 ], [ 77.102857778541747, 29.866416584499255 ], [ 77.10285588650531, 29.866326397567086 ], [ 77.102959361166498, 29.86632474846034 ], [ 77.102961253295874, 29.866414935386533 ], [ 77.103064728041389, 29.866413286192788 ], [ 77.103070404759862, 29.866683846945353 ], [ 77.10296692973553, 29.866685496157046 ], [ 77.102970714071589, 29.866865869997344 ], [ 77.102867238852781, 29.866867519139966 ], [ 77.102869130940775, 29.866957706064092 ], [ 77.10266218029156, 29.866961004118206 ], [ 77.102664072202245, 29.867051191052941 ], [ 77.102457121332804, 29.867054488794913 ], [ 77.102459013066209, 29.867144675740256 ], [ 77.102355537525668, 29.867146324495678 ], [ 77.102357429174717, 29.867236511445679 ], [ 77.102253953532653, 29.867238160126039 ] ] ] } },
{ "type": "Feature", "properties": { "pit_id": 243, "latitude": 29.869765, "longitude": 76.873959, "category": "pit", "area_ha": 1.31, "area_m2": 13100.0, "prob_max": 1.0, "prob_mean": 0.878, "new_pit": 0, "setting": "outside riverbed", "water_share": 0.901, "buildings_near": 0.109, "compactness": 0.719, "size_class": "medium (0.5-2 ha)", "google_maps": "https://www.google.com/maps?q=29.869765,76.873959" }, "geometry": { "type": "Polygon", "coordinates": [ [ [ 76.873444011584681, 29.870414603708753 ], [ 76.873440639648919, 29.870234204784012 ], [ 76.873544132782172, 29.870232735344516 ], [ 76.87354244673277, 29.870142535885496 ], [ 76.873438953692542, 29.87014400531967 ], [ 76.873437267743796, 29.870053805853995 ], [ 76.873230281826366, 29.870056744468432 ], [ 76.873226910323851, 29.869876345511834 ], [ 76.873123417539659, 29.869877814686777 ], [ 76.873120046253774, 29.869697415714231 ], [ 76.87322353885196, 29.869695946549939 ], [ 76.873221853127504, 29.869605747067013 ], [ 76.873325345625048, 29.869604277826976 ], [ 76.873323659815227, 29.869514078348054 ], [ 76.873427152212116, 29.86951260903227 ], [ 76.873425466316959, 29.869422409557373 ], [ 76.873632450901752, 29.869419470693245 ], [ 76.873630764828249, 29.869329271227677 ], [ 76.873941241369039, 29.869324862339379 ], [ 76.873939555024194, 29.869234662888488 ], [ 76.874353523266066, 29.869228783257036 ], [ 76.874355209982895, 29.869318982686604 ], [ 76.874562194243879, 29.869316042373754 ], [ 76.874563881154373, 29.869406241791339 ], [ 76.874667373366378, 29.869404771507973 ], [ 76.874670747396337, 29.869585170328516 ], [ 76.874774239786689, 29.869583699953402 ], [ 76.874780988310533, 29.869944497557317 ], [ 76.874470510000521, 29.869948908503421 ], [ 76.874473883750397, 29.870129307329456 ], [ 76.874370390779063, 29.870130777493326 ], [ 76.874372077572488, 29.870220976909703 ], [ 76.874165091420849, 29.870223917004878 ], [ 76.87416340481343, 29.87013371757784 ], [ 76.874266897800084, 29.87013224757613 ], [ 76.874265211107314, 29.870042048153103 ], [ 76.874161718213685, 29.870043518149487 ], [ 76.874160031621571, 29.869953318719819 ], [ 76.874056538813278, 29.869954788629794 ], [ 76.87406159833354, 29.870225386930848 ], [ 76.873854612135972, 29.870228326539557 ], [ 76.87385629847202, 29.870318525981258 ], [ 76.873649312057807, 29.870321465276305 ], [ 76.873650998215524, 29.870411664727357 ], [ 76.873444011584681, 29.870414603708753 ] ], [ [ 76.874261837744783, 29.869861649303111 ], [ 76.874365330444761, 29.869860179236305 ], [ 76.874363643681974, 29.869769979814649 ], [ 76.874260151074992, 29.869771449876119 ], [ 76.874261837744783, 29.869861649303111 ] ] ] } },
{ "type": "Feature", "properties": { "pit_id": 244, "latitude": 29.652509, "longitude": 76.860975, "category": "pit", "area_ha": 0.17, "area_m2": 1700.0, "prob_max": 1.0, "prob_mean": 0.985, "new_pit": 0, "setting": "outside riverbed", "water_share": 0.706, "buildings_near": 0.025, "compactness": 0.972, "size_class": "small (0.1-0.5 ha)", "google_maps": "https://www.google.com/maps?q=29.652509,76.860975" }, "geometry": { "type": "Polygon", "coordinates": [ [ [ 76.86061500287191, 29.652612376628721 ], [ 76.860613343129387, 29.652522173535424 ], [ 76.860510072722107, 29.652523623219121 ], [ 76.860508413079117, 29.652433420119223 ], [ 76.860921494294956, 29.652427620923341 ], [ 76.860919834291565, 29.65233741784327 ], [ 76.861023104484644, 29.65233596784865 ], [ 76.861024764580037, 29.652426170923434 ], [ 76.861334575389961, 29.652421820441504 ], [ 76.861336235768874, 29.652512023499117 ], [ 76.861439506115744, 29.652510573172457 ], [ 76.861441166594204, 29.65260077622348 ], [ 76.86061500287191, 29.652612376628721 ] ] ] } },
{ "type": "Feature", "properties": { "pit_id": 245, "latitude": 29.501316, "longitude": 76.506726, "category": "pit", "area_ha": 0.55, "area_m2": 5500.0, "prob_max": 1.0, "prob_mean": 0.857, "new_pit": 0, "setting": "outside riverbed", "water_share": 0.945, "buildings_near": 0.037, "compactness": 0.433, "size_class": "medium (0.5-2 ha)", "google_maps": "https://www.google.com/maps?q=29.501316,76.506726" }, "geometry": { "type": "Polygon", "coordinates": [ [ [ 76.506008430721053, 29.501639761343096 ], [ 76.506005760149961, 29.50145931810896 ], [ 76.505902624547417, 29.501460486153292 ], [ 76.505898619010495, 29.501189821279677 ], [ 76.506001754338953, 29.501188653248153 ], [ 76.506000419080792, 29.50109843162533 ], [ 76.506412959968358, 29.501093758717012 ], [ 76.506411624350847, 29.501003537109987 ], [ 76.506514759466157, 29.501002368687349 ], [ 76.506513423763366, 29.500912147083323 ], [ 76.506925963798381, 29.500907472610542 ], [ 76.506927299866604, 29.500997694197483 ], [ 76.507133570030291, 29.500995356472949 ], [ 76.507136242550416, 29.501175799625905 ], [ 76.507033107288905, 29.501176968536686 ], [ 76.507035779650678, 29.501357411693064 ], [ 76.506932644200333, 29.501358580532457 ], [ 76.506933980298996, 29.501448802113007 ], [ 76.506727709197364, 29.50145113956053 ], [ 76.506726373281424, 29.501360917971432 ], [ 76.506623237812832, 29.501362086571028 ], [ 76.506625909468085, 29.50154252975647 ], [ 76.506522773810701, 29.501543698284671 ], [ 76.506524109556082, 29.501633919879744 ], [ 76.506008430721053, 29.501639761343096 ] ], [ [ 76.506108895746408, 29.501458149984703 ], [ 76.50641830249927, 29.501454645132309 ], [ 76.506415631221643, 29.501274201927217 ], [ 76.506518766611038, 29.501273033491767 ], [ 76.50651743089, 29.501182811891582 ], [ 76.506311160287837, 29.501185148674004 ], [ 76.506312495826151, 29.501275370282741 ], [ 76.506106225016936, 29.501277706753985 ], [ 76.506108895746408, 29.501458149984703 ] ], [ [ 76.506620566181951, 29.501181643380466 ], [ 76.50672370146782, 29.501180474789418 ], [ 76.506722365570141, 29.501090253196491 ], [ 76.506619230375634, 29.501091421783265 ], [ 76.506620566181951, 29.501181643380466 ] ] ] } },
{ "type": "Feature", "properties": { "pit_id": 246, "latitude": 29.493091, "longitude": 77.115476, "category": "pit", "area_ha": 0.7, "area_m2": 7000.0, "prob_max": 1.0, "prob_mean": 0.953, "new_pit": 0, "setting": "Yamuna riverbed", "water_share": 0.943, "buildings_near": 0.0, "compactness": 0.384, "size_class": "medium (0.5-2 ha)", "google_maps": "https://www.google.com/maps?q=29.493091,77.115476" }, "geometry": { "type": "Polygon", "coordinates": [ [ [ 77.116050165246108, 29.493872307880647 ], [ 77.116048289870221, 29.493782116645026 ], [ 77.115945196891616, 29.493783757280312 ], [ 77.115943321615475, 29.493693566037358 ], [ 77.115634042902059, 29.493698487446331 ], [ 77.115630292922589, 29.493518104920458 ], [ 77.115527200183422, 29.493519745218496 ], [ 77.115523450420511, 29.493339362675293 ], [ 77.115420357855214, 29.493341002881522 ], [ 77.115418483077775, 29.493250811601939 ], [ 77.115315390595129, 29.493252451722356 ], [ 77.115311641248255, 29.493072069147193 ], [ 77.115208548939478, 29.493073709175814 ], [ 77.115206674370029, 29.492983517880226 ], [ 77.115103582143917, 29.492985157823053 ], [ 77.115099833213051, 29.492804775215895 ], [ 77.114996741160795, 29.492806415066912 ], [ 77.114994866799364, 29.492716223755355 ], [ 77.114891774829758, 29.492717863520575 ], [ 77.114888026314901, 29.492537480881445 ], [ 77.114784934519164, 29.492539120554852 ], [ 77.114783060365738, 29.492448929227308 ], [ 77.114679968652652, 29.492450568814913 ], [ 77.114676220553804, 29.492270186143831 ], [ 77.114573129014559, 29.492271825639637 ], [ 77.114571255069137, 29.492181634296113 ], [ 77.114468163612557, 29.492183273706122 ], [ 77.114466289766867, 29.492093082355257 ], [ 77.114775563837384, 29.492088163903784 ], [ 77.114777437956675, 29.492178355236664 ], [ 77.114674346517162, 29.4921799948063 ], [ 77.114676220553804, 29.492270186143831 ], [ 77.114779312084494, 29.492268546568209 ], [ 77.114781186220839, 29.492358737898428 ], [ 77.114987369439021, 29.492355458495776 ], [ 77.114989243766288, 29.492445649812659 ], [ 77.115092335453767, 29.492444009985622 ], [ 77.115096084316335, 29.492624392603439 ], [ 77.115199176177669, 29.492622752684596 ], [ 77.11520105071294, 29.492712943985502 ], [ 77.115304142656925, 29.492711303980862 ], [ 77.115306017291957, 29.492801495274435 ], [ 77.115409109318605, 29.492799855183989 ], [ 77.115410984053355, 29.492890046470251 ], [ 77.115514076162654, 29.492888406293989 ], [ 77.11551595099715, 29.492978597572911 ], [ 77.115619043189113, 29.492976957310852 ], [ 77.115620918123341, 29.493067148582448 ], [ 77.115724010397955, 29.493065508234583 ], [ 77.115725885431928, 29.49315569949885 ], [ 77.11593207013793, 29.493152418551684 ], [ 77.115935820596277, 29.49333280105223 ], [ 77.116038913118871, 29.493331160446935 ], [ 77.116042663793777, 29.493511542930175 ], [ 77.116248849178135, 29.493508261456157 ], [ 77.116252600252011, 29.493688643910058 ], [ 77.116149507381721, 29.493690284698978 ], [ 77.116153258307349, 29.493870667159555 ], [ 77.116050165246108, 29.493872307880647 ] ] ] } },
{ "type": "Feature", "properties": { "pit_id": 247, "latitude": 29.650042, "longitude": 77.038422, "category": "pit", "area_ha": 0.64, "area_m2": 6400.0, "prob_max": 1.0, "prob_mean": 0.864, "new_pit": 0, "setting": "outside riverbed", "water_share": 0.0, "buildings_near": 0.01, "compactness": 0.266, "size_class": "medium (0.5-2 ha)", "google_maps": "https://www.google.com/maps?q=29.650042,77.038422" }, "geometry": { "type": "Polygon", "coordinates": [ [ [ 77.038765019801147, 29.650984161582823 ], [ 77.038759564398063, 29.650713580984007 ], [ 77.03865630680852, 29.65071516932991 ], [ 77.038654488449311, 29.650624975788528 ], [ 77.03855123094344, 29.650626564048309 ], [ 77.038545776191256, 29.650355983398818 ], [ 77.038442518952948, 29.650357571560903 ], [ 77.038440700810696, 29.650267378002628 ], [ 77.038337443656062, 29.650268966078592 ], [ 77.038333807580258, 29.650088578946477 ], [ 77.038127293613954, 29.650091754834264 ], [ 77.038123657938996, 29.649911367673692 ], [ 77.038020401127326, 29.649912955485515 ], [ 77.038016765669312, 29.64973256830806 ], [ 77.037913509033245, 29.649734156027968 ], [ 77.037908056184079, 29.64946357523446 ], [ 77.037804799815561, 29.649465162856686 ], [ 77.037799347316607, 29.649194582033854 ], [ 77.037902603409322, 29.649192994428976 ], [ 77.037898968267484, 29.649012607218683 ], [ 77.038002224168039, 29.649011019545046 ], [ 77.038004041826767, 29.649101213145077 ], [ 77.038107297810996, 29.649099625385322 ], [ 77.038112751112578, 29.649370206160071 ], [ 77.038216007364355, 29.649368618302631 ], [ 77.038219643123966, 29.649549005467581 ], [ 77.038322899551346, 29.649547417518235 ], [ 77.038324717535502, 29.649637611092931 ], [ 77.038427974046542, 29.649636023057468 ], [ 77.038431610223526, 29.649816410191306 ], [ 77.038534866910183, 29.649814822063931 ], [ 77.038538503304125, 29.649995209180883 ], [ 77.038641760166414, 29.64999362096161 ], [ 77.038645396777298, 29.650174008061658 ], [ 77.03874865381519, 29.650172419750465 ], [ 77.03875047222499, 29.650262613292721 ], [ 77.038853729346556, 29.650261024895411 ], [ 77.038861003436239, 29.650621799027956 ], [ 77.03906751839007, 29.65061862194603 ], [ 77.039071155852326, 29.650799008981178 ], [ 77.038967898195651, 29.650800597573895 ], [ 77.038969716847248, 29.650890791095247 ], [ 77.038866459090343, 29.650892379613403 ], [ 77.038868277658253, 29.650982573139228 ], [ 77.038765019801147, 29.650984161582823 ] ], [ [ 77.03822873266769, 29.64999997335671 ], [ 77.038331989554777, 29.649998385378435 ], [ 77.038326535527901, 29.649727804666306 ], [ 77.038223278916647, 29.649729392627222 ], [ 77.03822873266769, 29.64999997335671 ] ], [ [ 77.038014947952718, 29.649642374717335 ], [ 77.038221461016164, 29.649639199048067 ], [ 77.038219643123966, 29.649549005467581 ], [ 77.038116386688316, 29.649550593336595 ], [ 77.038112751112578, 29.649370206160071 ], [ 77.038009494852531, 29.649371793937178 ], [ 77.038014947952718, 29.649642374717335 ] ], [ [ 77.037906238584227, 29.649373381633957 ], [ 77.038009494852531, 29.649371793937178 ], [ 77.038005859493751, 29.649191406743775 ], [ 77.037902603409322, 29.649192994428976 ], [ 77.037906238584227, 29.649373381633957 ] ] ] } },
{ "type": "Feature", "properties": { "pit_id": 248, "latitude": 29.657087, "longitude": 76.745995, "category": "likely village pond", "area_ha": 0.32, "area_m2": 3200.0, "prob_max": 1.0, "prob_mean": 0.855, "new_pit": 0, "setting": "outside riverbed", "water_share": 1.0, "buildings_near": 0.292, "compactness": 1.0, "size_class": "small (0.1-0.5 ha)", "google_maps": "https://www.google.com/maps?q=29.657087,76.745995" }, "geometry": { "type": "Polygon", "coordinates": [ [ [ 76.745724872451177, 29.657333445555345 ], [ 76.745723314864748, 29.657243236809936 ], [ 76.745620033092592, 29.657244597199572 ], [ 76.745615360651925, 29.656973970940715 ], [ 76.745718642147978, 29.656972610565948 ], [ 76.74571708458987, 29.656882401815338 ], [ 76.746440054219534, 29.656872876975378 ], [ 76.746441612421862, 29.656963085691281 ], [ 76.746338330975419, 29.65696444662888 ], [ 76.746343005348862, 29.657235072783632 ], [ 76.746136441882499, 29.657237794447354 ], [ 76.746137999837089, 29.657328003172928 ], [ 76.745724872451177, 29.657333445555345 ] ] ] } },
{ "type": "Feature", "properties": { "pit_id": 249, "latitude": 29.500302, "longitude": 76.734265, "category": "pit", "area_ha": 0.12, "area_m2": 1200.0, "prob_max": 1.0, "prob_mean": 0.808, "new_pit": 0, "setting": "outside riverbed", "water_share": 1.0, "buildings_near": 0.0, "compactness": 1.0, "size_class": "small (0.1-0.5 ha)", "google_maps": "https://www.google.com/maps?q=29.500302,76.734265" }, "geometry": { "type": "Polygon", "coordinates": [ [ [ 76.734156820666527, 29.500484220976915 ], [ 76.734155283221554, 29.500394009544529 ], [ 76.734052160357635, 29.50039535445174 ], [ 76.734049085671316, 29.500214931573236 ], [ 76.734152208352612, 29.500213586675855 ], [ 76.734150670928642, 29.500123375239582 ], [ 76.734253793511641, 29.500122030267217 ], [ 76.734255331026915, 29.500212241698584 ], [ 76.734358453694213, 29.500210896641399 ], [ 76.73435691608762, 29.500120685214956 ], [ 76.734460038656607, 29.500119340082797 ], [ 76.734464651771319, 29.500389974343495 ], [ 76.734361528928403, 29.500391319490397 ], [ 76.734363066556, 29.50048153091296 ], [ 76.734156820666527, 29.500484220976915 ] ] ] } },
{ "type": "Feature", "properties": { "pit_id": 250, "latitude": 29.863021, "longitude": 77.099197, "category": "pit", "area_ha": 0.33, "area_m2": 3300.0, "prob_max": 1.0, "prob_mean": 0.788, "new_pit": 0, "setting": "outside riverbed", "water_share": 1.0, "buildings_near": 0.0, "compactness": 0.82, "size_class": "small (0.1-0.5 ha)", "google_maps": "https://www.google.com/maps?q=29.863021,77.099197" }, "geometry": { "type": "Polygon", "coordinates": [ [ [ 77.099171942902359, 29.863407888839642 ], [ 77.099170054410138, 29.863317701652715 ], [ 77.09896311078036, 29.86332099354523 ], [ 77.09895744591266, 29.863050431940557 ], [ 77.099060917453073, 29.863048786052715 ], [ 77.099059029088068, 29.862958598854433 ], [ 77.098955557640565, 29.862960244736311 ], [ 77.098949892875723, 29.862689683115537 ], [ 77.099053364044465, 29.862688037251566 ], [ 77.09905147571375, 29.862597850047926 ], [ 77.099258417839678, 29.862594558088897 ], [ 77.099264083415065, 29.862865119659965 ], [ 77.099471026064194, 29.862861827341046 ], [ 77.099478581028094, 29.863222576035923 ], [ 77.099375109336137, 29.863224222259777 ], [ 77.099378886683681, 29.863404596611112 ], [ 77.099171942902359, 29.863407888839642 ] ] ] } },
{ "type": "Feature", "properties": { "pit_id": 251, "latitude": 29.860819, "longitude": 76.903007, "category": "pit", "area_ha": 0.06, "area_m2": 600.0, "prob_max": 1.0, "prob_mean": 0.875, "new_pit": 0, "setting": "outside riverbed", "water_share": 0.833, "buildings_near": -0.0, "compactness": 1.0, "size_class": "tiny (<0.1 ha)", "google_maps": "https://www.google.com/maps?q=29.860819,76.903007" }, "geometry": { "type": "Polygon", "coordinates": [ [ [ 76.902975050605249, 29.860969745457385 ], [ 76.902973338720003, 29.860879547405073 ], [ 76.902869856997768, 29.860881039496388 ], [ 76.902866433436486, 29.860700643376973 ], [ 76.90307339650137, 29.860697659134949 ], [ 76.903075108464037, 29.860787857184494 ], [ 76.903178590077758, 29.860786364936505 ], [ 76.903180302141152, 29.860876562979314 ], [ 76.903076820434464, 29.860878055232718 ], [ 76.903078532412678, 29.860968253279616 ], [ 76.902975050605249, 29.860969745457385 ] ] ] } },
{ "type": "Feature", "properties": { "pit_id": 252, "latitude": 29.659872, "longitude": 76.846988, "category": "pit", "area_ha": 0.58, "area_m2": 5800.0, "prob_max": 1.0, "prob_mean": 0.959, "new_pit": 0, "setting": "outside riverbed", "water_share": 1.0, "buildings_near": 0.0, "compactness": 0.546, "size_class": "medium (0.5-2 ha)", "google_maps": "https://www.google.com/maps?q=29.659872,76.846988" }, "geometry": { "type": "Polygon", "coordinates": [ [ [ 76.846397054665601, 29.660300025407551 ], [ 76.846393759518477, 29.660119617974612 ], [ 76.846497038508673, 29.66011817895269 ], [ 76.846495390854329, 29.660027975239487 ], [ 76.846598669744992, 29.660026536142407 ], [ 76.846593726550836, 29.659755925010678 ], [ 76.846697005157921, 29.659754485848932 ], [ 76.846695357349503, 29.65966428214097 ], [ 76.84679863585707, 29.659662842904062 ], [ 76.846796987964112, 29.659572639200025 ], [ 76.847003544772704, 29.659569760495508 ], [ 76.84700189670319, 29.659479556800665 ], [ 76.847208453297739, 29.659476677785051 ], [ 76.84720680505167, 29.659386474099378 ], [ 76.847413361432174, 29.659383594772667 ], [ 76.847428197573251, 29.660195427802137 ], [ 76.84722163953623, 29.660198307223258 ], [ 76.847216694640565, 29.659927696193769 ], [ 76.846906858357073, 29.659932014675249 ], [ 76.846910154394507, 29.660112422061015 ], [ 76.847013433347229, 29.660110982637097 ], [ 76.847015081469209, 29.660201186322769 ], [ 76.846808523372232, 29.660204065100693 ], [ 76.846810171317657, 29.660294268795532 ], [ 76.846397054665601, 29.660300025407551 ] ] ] } },
{ "type": "Feature", "properties": { "pit_id": 253, "latitude": 29.864382, "longitude": 76.983654, "category": "pit", "area_ha": 0.49, "area_m2": 4900.0, "prob_max": 1.0, "prob_mean": 0.906, "new_pit": 0, "setting": "outside riverbed", "water_share": 1.0, "buildings_near": 0.072, "compactness": 0.961, "size_class": "small (0.1-0.5 ha)", "google_maps": "https://www.google.com/maps?q=29.864382,76.983654" }, "geometry": { "type": "Polygon", "coordinates": [ [ [ 76.98368313820076, 29.86474343587156 ], [ 76.983681353468072, 29.864653242198205 ], [ 76.983577872816866, 29.864654797726171 ], [ 76.983576088185217, 29.864564604045835 ], [ 76.983369127044412, 29.864567714847361 ], [ 76.983367342606783, 29.864477521154399 ], [ 76.983160381619484, 29.864480631620474 ], [ 76.983158597375848, 29.864390437914917 ], [ 76.983055116963001, 29.86439199302075 ], [ 76.983053332820418, 29.864301799308208 ], [ 76.983156813140326, 29.864300244208017 ], [ 76.983155028912904, 29.864210050499789 ], [ 76.983258509131744, 29.864208495324196 ], [ 76.983256724819469, 29.864118301620287 ], [ 76.983981085473872, 29.864107413161488 ], [ 76.983982870436805, 29.864197606825897 ], [ 76.984086350590829, 29.864196051001983 ], [ 76.984093490895418, 29.86455682562379 ], [ 76.983990010369581, 29.864558381470278 ], [ 76.983993580384592, 29.864738768784481 ], [ 76.98368313820076, 29.86474343587156 ] ] ] } },
{ "type": "Feature", "properties": { "pit_id": 254, "latitude": 29.567253, "longitude": 77.09988, "category": "pit", "area_ha": 0.1, "area_m2": 1000.0, "prob_max": 1.0, "prob_mean": 0.868, "new_pit": 0, "setting": "Yamuna riverbed", "water_share": 0.9, "buildings_near": -0.0, "compactness": 1.0, "size_class": "small (0.1-0.5 ha)", "google_maps": "https://www.google.com/maps?q=29.567253,77.099880" }, "geometry": { "type": "Polygon", "coordinates": [ [ [ 77.10014600473832, 29.567654680079162 ], [ 77.100144137861022, 29.567564488919697 ], [ 77.099937800077711, 29.567567752833803 ], [ 77.099935933392018, 29.5674775616611 ], [ 77.099832764579148, 29.567479193492108 ], [ 77.099823431735786, 29.5670282375788 ], [ 77.099926600090924, 29.567026605777567 ], [ 77.099935933392018, 29.5674775616611 ], [ 77.100348608558477, 29.567471033536499 ], [ 77.100350475610355, 29.567561224685374 ], [ 77.100247306739945, 29.567562856842567 ], [ 77.100249173708789, 29.567653047996071 ], [ 77.10014600473832, 29.567654680079162 ] ] ] } },
{ "type": "Feature", "properties": { "pit_id": 255, "latitude": 29.656974, "longitude": 77.121328, "category": "pit", "area_ha": 0.08, "area_m2": 800.0, "prob_max": 1.0, "prob_mean": 0.804, "new_pit": 1, "setting": "Yamuna riverbed", "water_share": 1.0, "buildings_near": -0.0, "compactness": 1.0, "size_class": "tiny (<0.1 ha)", "google_maps": "https://www.google.com/maps?q=29.656974,77.121328" }, "geometry": { "type": "Polygon", "coordinates": [ [ [ 77.121319176678881, 29.657176705365554 ], [ 77.121317284126278, 29.657086516656125 ], [ 77.121214025455359, 29.657088169615118 ], [ 77.121212133003311, 29.656997980898321 ], [ 77.121108874415739, 29.656999633770955 ], [ 77.121106982064248, 29.656909445046796 ], [ 77.121313499046892, 29.656906139233225 ], [ 77.121311606520123, 29.656815950519768 ], [ 77.121518123284417, 29.656812644396883 ], [ 77.121520015995102, 29.656902833098293 ], [ 77.12141675752531, 29.656904486205935 ], [ 77.121422435433146, 29.657175052320195 ], [ 77.121319176678881, 29.657176705365554 ] ] ] } },
{ "type": "Feature", "properties": { "pit_id": 256, "latitude": 29.862608, "longitude": 76.95112, "category": "pit", "area_ha": 0.22, "area_m2": 2200.0, "prob_max": 1.0, "prob_mean": 0.782, "new_pit": 0, "setting": "outside riverbed", "water_share": 1.0, "buildings_near": 0.138, "compactness": 0.728, "size_class": "small (0.1-0.5 ha)", "google_maps": "https://www.google.com/maps?q=29.862608,76.951120" }, "geometry": { "type": "Polygon", "coordinates": [ [ [ 76.950835459463178, 29.86297759421771 ], [ 76.950830194289978, 29.862707007772567 ], [ 76.950933674970756, 29.862705478004987 ], [ 76.950931919836009, 29.862615282526157 ], [ 76.951035400415876, 29.862613752683096 ], [ 76.951030134780581, 29.862343166255311 ], [ 76.951237095358692, 29.862340106359341 ], [ 76.951235339976961, 29.862249910891872 ], [ 76.951442300337291, 29.86224685068284 ], [ 76.951445811480511, 29.862427241594283 ], [ 76.95134233111844, 29.86242877175042 ], [ 76.951345842107628, 29.862609162667642 ], [ 76.951242361551678, 29.862610692753833 ], [ 76.95124411696527, 29.862700888216015 ], [ 76.951140636308409, 29.862702418226711 ], [ 76.951144146973618, 29.862882809158169 ], [ 76.951040666122864, 29.862884339098933 ], [ 76.951042421374481, 29.86297453456822 ], [ 76.950835459463178, 29.86297759421771 ] ], [ [ 76.951137125675075, 29.862522027289941 ], [ 76.951240606146044, 29.862520497290337 ], [ 76.951238850748382, 29.862430301825501 ], [ 76.951135370370366, 29.862431831819556 ], [ 76.951137125675075, 29.862522027289941 ] ] ] } },
{ "type": "Feature", "properties": { "pit_id": 257, "latitude": 29.65676, "longitude": 77.121982, "category": "pit", "area_ha": 0.14, "area_m2": 1400.0, "prob_max": 1.0, "prob_mean": 0.929, "new_pit": 1, "setting": "Yamuna riverbed", "water_share": 1.0, "buildings_near": -0.0, "compactness": 1.0, "size_class": "small (0.1-0.5 ha)", "google_maps": "https://www.google.com/maps?q=29.656760,77.121982" }, "geometry": { "type": "Polygon", "coordinates": [ [ [ 77.121833577351794, 29.657078250655999 ], [ 77.121831684348024, 29.656988061975333 ], [ 77.121934942875328, 29.656986408540305 ], [ 77.121933049788225, 29.656896219864318 ], [ 77.122036308214987, 29.656894566354975 ], [ 77.122034415044524, 29.656804377683663 ], [ 77.121931156709721, 29.656806031186996 ], [ 77.121929263639828, 29.656715842508344 ], [ 77.121826005388371, 29.656717495925307 ], [ 77.121822219458323, 29.65653711855192 ], [ 77.121718961382157, 29.656538771876495 ], [ 77.121717068522003, 29.656448583181781 ], [ 77.121613810529169, 29.656450236419989 ], [ 77.121611917769584, 29.656360047717921 ], [ 77.121715175670445, 29.656358394485725 ], [ 77.121717068522003, 29.656448583181781 ], [ 77.12182032650621, 29.656446929863218 ], [ 77.121822219458323, 29.65653711855192 ], [ 77.121925477525878, 29.656535465147009 ], [ 77.121927370578547, 29.65662565382835 ], [ 77.122030628729448, 29.656624000337064 ], [ 77.122034415044524, 29.656804377683663 ], [ 77.12213767337073, 29.656802724100007 ], [ 77.122139566633123, 29.656892912765283 ], [ 77.122242825042662, 29.65689125909525 ], [ 77.122246611777229, 29.657071636409739 ], [ 77.121833577351794, 29.657078250655999 ] ] ] } },
{ "type": "Feature", "properties": { "pit_id": 258, "latitude": 29.862282, "longitude": 76.952381, "category": "pit", "area_ha": 0.25, "area_m2": 2500.0, "prob_max": 1.0, "prob_mean": 0.94, "new_pit": 0, "setting": "outside riverbed", "water_share": 0.96, "buildings_near": 0.14, "compactness": 0.696, "size_class": "small (0.1-0.5 ha)", "google_maps": "https://www.google.com/maps?q=29.862282,76.952381" }, "geometry": { "type": "Polygon", "coordinates": [ [ [ 76.952691088609498, 29.862589264172389 ], [ 76.952689331902548, 29.862499068786622 ], [ 76.952585851543205, 29.862500599920793 ], [ 76.952584094937194, 29.862410404528141 ], [ 76.95237713438047, 29.862413466542257 ], [ 76.952375377968323, 29.862323271137164 ], [ 76.952168417565602, 29.862326332816021 ], [ 76.952166661347334, 29.862236137398504 ], [ 76.951856220962298, 29.862240729292317 ], [ 76.951857976901721, 29.862330924726493 ], [ 76.951651016419262, 29.862333985594944 ], [ 76.951649260665747, 29.862243790149666 ], [ 76.951752740818009, 29.862242259761516 ], [ 76.951750984979512, 29.862152064320451 ], [ 76.952785785134139, 29.862136756037266 ], [ 76.952794569053822, 29.862587732951614 ], [ 76.952691088609498, 29.862589264172389 ] ] ] } },
{ "type": "Feature", "properties": { "pit_id": 259, "latitude": 29.658169, "longitude": 77.128735, "category": "pit", "area_ha": 0.11, "area_m2": 1100.0, "prob_max": 1.0, "prob_mean": 0.893, "new_pit": 0, "setting": "Yamuna riverbed", "water_share": 1.0, "buildings_near": 0.0, "compactness": 1.0, "size_class": "small (0.1-0.5 ha)", "google_maps": "https://www.google.com/maps?q=29.658169,77.128735" }, "geometry": { "type": "Polygon", "coordinates": [ [ [ 77.128573855425245, 29.658323434043901 ], [ 77.128568158120359, 29.6580528692344 ], [ 77.128464898949488, 29.658054527889835 ], [ 77.128462999957094, 29.657964339611286 ], [ 77.128669518106264, 29.657961022232143 ], [ 77.12867141728259, 29.658051210498623 ], [ 77.128774676436166, 29.658049551682495 ], [ 77.12877657571309, 29.658139739941582 ], [ 77.128879834949998, 29.658138081039066 ], [ 77.128881734327493, 29.658228269290795 ], [ 77.129088252959335, 29.658224951232647 ], [ 77.129090152529386, 29.658315139470933 ], [ 77.12878037429283, 29.658320116455755 ], [ 77.128778474998626, 29.65822992819934 ], [ 77.128675215661119, 29.658231587027551 ], [ 77.128677114863351, 29.658321775290002 ], [ 77.128573855425245, 29.658323434043901 ] ] ] } },
{ "type": "Feature", "properties": { "pit_id": 260, "latitude": 29.591279, "longitude": 76.923476, "category": "pit", "area_ha": 0.06, "area_m2": 600.0, "prob_max": 1.0, "prob_mean": 0.825, "new_pit": 0, "setting": "outside riverbed", "water_share": 0.0, "buildings_near": 0.0, "compactness": 1.0, "size_class": "tiny (<0.1 ha)", "google_maps": "https://www.google.com/maps?q=29.591279,76.923476" }, "geometry": { "type": "Polygon", "coordinates": [ [ [ 76.923288056787413, 29.591357154026301 ], [ 76.923284634053658, 29.591176752715871 ], [ 76.92338783817884, 29.591175256943831 ], [ 76.923389549633512, 29.591265457594258 ], [ 76.923492753842595, 29.591263961736594 ], [ 76.923491042296206, 29.591173761091639 ], [ 76.923594246405813, 29.591172265159269 ], [ 76.92359595804389, 29.591262465798774 ], [ 76.923699162237384, 29.591260969780791 ], [ 76.923700873974937, 29.59135117041351 ], [ 76.923288056787413, 29.591357154026301 ] ] ] } },
{ "type": "Feature", "properties": { "pit_id": 261, "latitude": 29.658293, "longitude": 77.122014, "category": "pit", "area_ha": 0.03, "area_m2": 300.0, "prob_max": 1.0, "prob_mean": 0.93, "new_pit": 0, "setting": "Yamuna riverbed", "water_share": 1.0, "buildings_near": 0.0, "compactness": 1.0, "size_class": "tiny (<0.1 ha)", "google_maps": "https://www.google.com/maps?q=29.658293,77.122014" }, "geometry": { "type": "Polygon", "coordinates": [ [ [ 77.122068493430092, 29.658427773562337 ], [ 77.122066600113257, 29.658337584913784 ], [ 77.121963340215189, 29.658339238519499 ], [ 77.121961446998924, 29.658249049863574 ], [ 77.122064706805048, 29.658247396263878 ], [ 77.122062813505423, 29.658157207612657 ], [ 77.122166073210963, 29.658155553938641 ], [ 77.122167966602532, 29.658245742583841 ], [ 77.122064706805048, 29.658247396263878 ], [ 77.122066600113257, 29.658337584913784 ], [ 77.122169860002714, 29.658335931227715 ], [ 77.122171753411507, 29.658426119870242 ], [ 77.122068493430092, 29.658427773562337 ] ] ] } },
{ "type": "Feature", "properties": { "pit_id": 262, "latitude": 29.618175, "longitude": 76.670982, "category": "pit", "area_ha": 0.31, "area_m2": 3100.0, "prob_max": 0.99, "prob_mean": 0.895, "new_pit": 0, "setting": "outside riverbed", "water_share": 0.0, "buildings_near": 0.202, "compactness": 0.592, "size_class": "small (0.1-0.5 ha)", "google_maps": "https://www.google.com/maps?q=29.618175,76.670982" }, "geometry": { "type": "Polygon", "coordinates": [ [ [ 76.670806357359766, 29.618507092813392 ], [ 76.670804868944217, 29.618416880008223 ], [ 76.67070162274176, 29.618418180488948 ], [ 76.670700134424848, 29.618327967677747 ], [ 76.670596888307472, 29.618329268073438 ], [ 76.670595400089226, 29.61823905525619 ], [ 76.670492154056959, 29.618240355566851 ], [ 76.670489177824493, 29.618059929918999 ], [ 76.670798915349764, 29.618056028774586 ], [ 76.670797426968079, 29.61796581596294 ], [ 76.671520146980214, 29.617956710515713 ], [ 76.671523125036501, 29.618137136071301 ], [ 76.671110141478138, 29.618142339703688 ], [ 76.671111630148971, 29.618232552498515 ], [ 76.67080189213344, 29.61823645439399 ], [ 76.670804868944217, 29.618416880008223 ], [ 76.671321099854921, 29.618410376400213 ], [ 76.671322588729836, 29.618500589181661 ], [ 76.670806357359766, 29.618507092813392 ] ] ] } },
{ "type": "Feature", "properties": { "pit_id": 263, "latitude": 29.681021, "longitude": 76.958821, "category": "likely village pond", "area_ha": 0.19, "area_m2": 1900.0, "prob_max": 0.99, "prob_mean": 0.752, "new_pit": 0, "setting": "outside riverbed", "water_share": 0.737, "buildings_near": 0.192, "compactness": 1.0, "size_class": "small (0.1-0.5 ha)", "google_maps": "https://www.google.com/maps?q=29.681021,76.958821" }, "geometry": { "type": "Polygon", "coordinates": [ [ [ 76.958577683931125, 29.681245403819194 ], [ 76.958575934806063, 29.681155206277353 ], [ 76.958472641056801, 29.681156733594126 ], [ 76.958467394005609, 29.680886140943976 ], [ 76.958570687478584, 29.680884613643887 ], [ 76.958574185688946, 29.681065008734183 ], [ 76.958677479338164, 29.681063481342534 ], [ 76.958679228547382, 29.681153678880136 ], [ 76.958782522280742, 29.681152151402468 ], [ 76.958775525123173, 29.680791361266365 ], [ 76.959085405170299, 29.680786778417414 ], [ 76.959092403433104, 29.681147568486764 ], [ 76.958885816006159, 29.681150623844356 ], [ 76.958887565407537, 29.68124082136951 ], [ 76.958577683931125, 29.681245403819194 ] ] ] } },
{ "type": "Feature", "properties": { "pit_id": 264, "latitude": 29.736629, "longitude": 76.72522, "category": "likely village pond", "area_ha": 0.67, "area_m2": 6700.0, "prob_max": 0.99, "prob_mean": 0.677, "new_pit": 0, "setting": "outside riverbed", "water_share": 0.851, "buildings_near": 0.153, "compactness": 0.381, "size_class": "medium (0.5-2 ha)", "google_maps": "https://www.google.com/maps?q=29.736629,76.725220" }, "geometry": { "type": "Polygon", "coordinates": [ [ [ 76.724983082920403, 29.73727748218759 ], [ 76.724979994772369, 29.737097064887354 ], [ 76.724876630149225, 29.737098412389354 ], [ 76.724875086178145, 29.737008203732373 ], [ 76.725081815232613, 29.7370055086575 ], [ 76.725078726941888, 29.736825091359236 ], [ 76.724975362602976, 29.736826438927203 ], [ 76.724976906652429, 29.736916647581889 ], [ 76.724770177768733, 29.736919342485614 ], [ 76.724767090046512, 29.73673892515534 ], [ 76.724663725778967, 29.7367402724764 ], [ 76.724660638269626, 29.736559855131123 ], [ 76.724764002352359, 29.736558507819851 ], [ 76.724760914686271, 29.736378090479139 ], [ 76.724967642461039, 29.736375395634226 ], [ 76.724966098453706, 29.736285186971717 ], [ 76.725482917305754, 29.73627844847228 ], [ 76.725478283939751, 29.736007822550466 ], [ 76.725581647411886, 29.736006474623295 ], [ 76.725583191952595, 29.736096683260296 ], [ 76.725686555510109, 29.736095335247548 ], [ 76.725688100150251, 29.736185543878349 ], [ 76.725791463793144, 29.736184195780037 ], [ 76.725794553279329, 29.736364613027909 ], [ 76.725897917100014, 29.736363264839124 ], [ 76.725901006799091, 29.736543682071975 ], [ 76.725590914761511, 29.736547726425762 ], [ 76.725589370185688, 29.736457517795273 ], [ 76.725486006251515, 29.736458865746958 ], [ 76.72548755073494, 29.73654907438236 ], [ 76.725384186701334, 29.736550422258279 ], [ 76.725385731099365, 29.736640630897266 ], [ 76.725179002826295, 29.736643326416928 ], [ 76.725185179749332, 29.737004160999067 ], [ 76.725288544259016, 29.737002813259956 ], [ 76.725290088599735, 29.737093021897326 ], [ 76.725393453194812, 29.737091674072655 ], [ 76.725394997634965, 29.737181882703819 ], [ 76.725498362315435, 29.737180534793566 ], [ 76.725499906855021, 29.737270743418534 ], [ 76.724983082920403, 29.73727748218759 ] ], [ [ 76.725589370185688, 29.736457517795273 ], [ 76.725692734112826, 29.736456169762917 ], [ 76.725691189451624, 29.736365961136023 ], [ 76.72558782561687, 29.736367309163484 ], [ 76.725589370185688, 29.736457517795273 ] ] ] } },
{ "type": "Feature", "properties": { "pit_id": 265, "latitude": 29.687361, "longitude": 76.956878, "category": "likely village pond", "area_ha": 0.1, "area_m2": 1000.0, "prob_max": 0.99, "prob_mean": 0.73, "new_pit": 0, "setting": "outside riverbed", "water_share": 1.0, "buildings_near": 0.189, "compactness": 1.0, "size_class": "small (0.1-0.5 ha)", "google_maps": "https://www.google.com/maps?q=29.687361,76.956878" }, "geometry": { "type": "Polygon", "coordinates": [ [ [ 76.956842484054164, 29.687676912506902 ], [ 76.956838987999149, 29.687496517409585 ], [ 76.956735687658465, 29.687498043667187 ], [ 76.956728696012362, 29.68713725343444 ], [ 76.956831995984516, 29.687135727199063 ], [ 76.956833743976247, 29.687225924753676 ], [ 76.957143644121402, 29.687221345548032 ], [ 76.957145392397493, 29.68731154308465 ], [ 76.95693879212439, 29.687314595979995 ], [ 76.956940540224167, 29.687404793526415 ], [ 76.956837239983571, 29.687406319858933 ], [ 76.956838987999149, 29.687496517409585 ], [ 76.956942288331874, 29.6874949910715 ], [ 76.956945784571161, 29.687675386157711 ], [ 76.956842484054164, 29.687676912506902 ] ] ] } },
{ "type": "Feature", "properties": { "pit_id": 266, "latitude": 29.591407, "longitude": 77.076752, "category": "pit", "area_ha": 0.19, "area_m2": 1900.0, "prob_max": 0.99, "prob_mean": 0.938, "new_pit": 1, "setting": "outside riverbed", "water_share": 1.0, "buildings_near": 0.0, "compactness": 0.803, "size_class": "small (0.1-0.5 ha)", "google_maps": "https://www.google.com/maps?q=29.591407,77.076752" }, "geometry": { "type": "Polygon", "coordinates": [ [ [ 77.076594922033053, 29.591843556796821 ], [ 77.076580140147158, 29.591122019256041 ], [ 77.076786528919371, 29.591118789301852 ], [ 77.076788376808992, 29.591208981487327 ], [ 77.076994765730873, 29.591205751200818 ], [ 77.076996613812227, 29.591295943373172 ], [ 77.077099808352216, 29.591294328103821 ], [ 77.077101656533642, 29.591384520268953 ], [ 77.076895267261932, 29.591387750739308 ], [ 77.076897115268451, 29.591477942914892 ], [ 77.076690725779784, 29.591481173076495 ], [ 77.076694421451407, 29.591661557447239 ], [ 77.07679761638326, 29.591659942394724 ], [ 77.076799464323344, 29.591750134572223 ], [ 77.076696269299816, 29.591751749630621 ], [ 77.076698117156653, 29.591841941812671 ], [ 77.076594922033053, 29.591843556796821 ] ] ] } },
{ "type": "Feature", "properties": { "pit_id": 267, "latitude": 29.652787, "longitude": 76.722533, "category": "pit", "area_ha": 0.04, "area_m2": 400.0, "prob_max": 0.99, "prob_mean": 0.91, "new_pit": 0, "setting": "outside riverbed", "water_share": 0.25, "buildings_near": 0.005, "compactness": 1.0, "size_class": "tiny (<0.1 ha)", "google_maps": "https://www.google.com/maps?q=29.652787,76.722533" }, "geometry": { "type": "Polygon", "coordinates": [ [ [ 76.722404830378863, 29.652856384055969 ], [ 76.722401757371969, 29.652675964210328 ], [ 76.722505035751013, 29.652674622096161 ], [ 76.722506572342994, 29.652764832014746 ], [ 76.722713129264136, 29.652762147535455 ], [ 76.722714666047153, 29.652852357442946 ], [ 76.722404830378863, 29.652856384055969 ] ] ] } },
{ "type": "Feature", "properties": { "pit_id": 268, "latitude": 29.620172, "longitude": 76.902202, "category": "pit", "area_ha": 0.55, "area_m2": 5500.0, "prob_max": 0.99, "prob_mean": 0.703, "new_pit": 0, "setting": "outside riverbed", "water_share": 0.691, "buildings_near": 0.039, "compactness": 0.382, "size_class": "medium (0.5-2 ha)", "google_maps": "https://www.google.com/maps?q=29.620172,76.902202" }, "geometry": { "type": "Polygon", "coordinates": [ [ [ 76.902055311508761, 29.620625680894157 ], [ 76.902053617012783, 29.620535479516931 ], [ 76.901950381696608, 29.62053696003148 ], [ 76.901948687300177, 29.620446758647539 ], [ 76.90184545206813, 29.620448239076428 ], [ 76.901843757771232, 29.620358037685779 ], [ 76.901740522623328, 29.620359518029005 ], [ 76.901738828425962, 29.620269316631632 ], [ 76.90204853357109, 29.620264875377355 ], [ 76.902040061322481, 29.619813868451747 ], [ 76.901936826740979, 29.619815348923122 ], [ 76.901933438079169, 29.619634946132877 ], [ 76.901623734839376, 29.619639387033036 ], [ 76.901625428890924, 29.619729588445004 ], [ 76.901522194370429, 29.619731068589935 ], [ 76.901523888337863, 29.619821270005982 ], [ 76.901420653717821, 29.619822750076054 ], [ 76.901422347601127, 29.619912951496193 ], [ 76.901628817017183, 29.619909991265011 ], [ 76.901630511091867, 29.620000192673029 ], [ 76.901527276295866, 29.62000167283415 ], [ 76.901528970286421, 29.620091874246253 ], [ 76.901425735390887, 29.620093354332514 ], [ 76.901422347601127, 29.619912951496193 ], [ 76.901319112881538, 29.619914431491395 ], [ 76.901317419090049, 29.619824230065863 ], [ 76.901214184454588, 29.619825709975409 ], [ 76.90121079707842, 29.619645307109618 ], [ 76.901314031530219, 29.619643827210851 ], [ 76.901312337761851, 29.619553625781389 ], [ 76.901931743759818, 29.619544744735791 ], [ 76.901933438079169, 29.619634946132877 ], [ 76.902243141249571, 29.619630504510386 ], [ 76.902244835852116, 29.619720705889975 ], [ 76.902348070318652, 29.619719225183225 ], [ 76.902363322915036, 29.620531037491705 ], [ 76.902260087621997, 29.62053251824705 ], [ 76.902261782301636, 29.620622719613472 ], [ 76.902055311508761, 29.620625680894157 ] ], [ [ 76.902040061322481, 29.619813868451747 ], [ 76.902143295896281, 29.619812387900133 ], [ 76.902141601377863, 29.619722186516459 ], [ 76.902038366895894, 29.61972366706269 ], [ 76.902040061322481, 29.619813868451747 ] ] ] } },
{ "type": "Feature", "properties": { "pit_id": 269, "latitude": 29.568335, "longitude": 77.099885, "category": "pit", "area_ha": 0.12, "area_m2": 1200.0, "prob_max": 0.99, "prob_mean": 0.906, "new_pit": 0, "setting": "Yamuna riverbed", "water_share": 0.75, "buildings_near": -0.0, "compactness": 1.0, "size_class": "small (0.1-0.5 ha)", "google_maps": "https://www.google.com/maps?q=29.568335,77.099885" }, "geometry": { "type": "Polygon", "coordinates": [ [ [ 77.099858897670543, 29.568741869872078 ], [ 77.099851430903072, 29.568381105218752 ], [ 77.099748261166241, 29.56838273702925 ], [ 77.099742661454513, 29.568112163507394 ], [ 77.099845830916692, 29.568110531714758 ], [ 77.099843964271557, 29.568020340544084 ], [ 77.099947133633677, 29.568018708677339 ], [ 77.099950867115538, 29.568199091005429 ], [ 77.100054036652296, 29.568197459046704 ], [ 77.100055903497505, 29.568287650202791 ], [ 77.09995273386923, 29.568289282167466 ], [ 77.099962067765063, 29.56874023795768 ], [ 77.099858897670543, 29.568741869872078 ] ] ] } },
{ "type": "Feature", "properties": { "pit_id": 270, "latitude": 29.614326, "longitude": 77.022074, "category": "pit", "area_ha": 0.74, "area_m2": 7400.0, "prob_max": 0.99, "prob_mean": 0.907, "new_pit": 0, "setting": "outside riverbed", "water_share": 1.0, "buildings_near": 0.0, "compactness": 0.756, "size_class": "medium (0.5-2 ha)", "google_maps": "https://www.google.com/maps?q=29.614326,77.022074" }, "geometry": { "type": "Polygon", "coordinates": [ [ [ 77.021512002282819, 29.614618220420837 ], [ 77.021497599025253, 29.613896660442474 ], [ 77.021704041304076, 29.613893513935 ], [ 77.021705841866165, 29.613983708925463 ], [ 77.02191228429578, 29.613980562085622 ], [ 77.021914085049616, 29.614070757063292 ], [ 77.022223748907919, 29.614066036184667 ], [ 77.022225549945276, 29.614156231143795 ], [ 77.022741656670789, 29.614148361379641 ], [ 77.022743458175228, 29.614238556308745 ], [ 77.022846679587516, 29.614236982109514 ], [ 77.022848481191943, 29.614327177031551 ], [ 77.022745259687866, 29.614328751236531 ], [ 77.02275066427498, 29.614599336011903 ], [ 77.021512002282819, 29.614618220420837 ] ] ] } },
{ "type": "Feature", "properties": { "pit_id": 271, "latitude": 29.678176, "longitude": 76.93386, "category": "pit", "area_ha": 0.31, "area_m2": 3100.0, "prob_max": 0.99, "prob_mean": 0.773, "new_pit": 0, "setting": "outside riverbed", "water_share": 0.935, "buildings_near": 0.0, "compactness": 0.812, "size_class": "small (0.1-0.5 ha)", "google_maps": "https://www.google.com/maps?q=29.678176,76.933860" }, "geometry": { "type": "Polygon", "coordinates": [ [ [ 76.933726493838122, 29.678452692656716 ], [ 76.933724767093665, 29.678362493742366 ], [ 76.933621474671128, 29.678364001558439 ], [ 76.933619748026615, 29.678273802637289 ], [ 76.933516455688334, 29.678275310367422 ], [ 76.933514729143752, 29.678185111439465 ], [ 76.933411436889713, 29.678186619083661 ], [ 76.93340971044509, 29.678096420148897 ], [ 76.933513002607029, 29.67809491251019 ], [ 76.933511276078164, 29.678004713579579 ], [ 76.933821152240611, 29.67800019019727 ], [ 76.933819425443318, 29.677909991281819 ], [ 76.934129301258807, 29.677905467191987 ], [ 76.934132755413827, 29.678085864988621 ], [ 76.934236047520798, 29.678084356786805 ], [ 76.934237774702183, 29.678174555677632 ], [ 76.934134482503111, 29.678176063884944 ], [ 76.934139663818101, 29.678446660566028 ], [ 76.933726493838122, 29.678452692656716 ] ], [ [ 76.933828059508343, 29.678360985845856 ], [ 76.933931351915163, 29.678359477868899 ], [ 76.933929624994349, 29.678269278964216 ], [ 76.933826332679629, 29.678270786935684 ], [ 76.933828059508343, 29.678360985845856 ] ] ] } },
{ "type": "Feature", "properties": { "pit_id": 272, "latitude": 29.715671, "longitude": 76.939814, "category": "pit", "area_ha": 0.15, "area_m2": 1500.0, "prob_max": 0.99, "prob_mean": 0.719, "new_pit": 0, "setting": "outside riverbed", "water_share": 0.933, "buildings_near": 0.122, "compactness": 1.0, "size_class": "small (0.1-0.5 ha)", "google_maps": "https://www.google.com/maps?q=29.715671,76.939814" }, "geometry": { "type": "Polygon", "coordinates": [ [ [ 76.939922025466956, 29.715895175545658 ], [ 76.939920290562952, 29.715804977472391 ], [ 76.939816960209697, 29.715806491843352 ], [ 76.939815225405852, 29.715716293763261 ], [ 76.939711895136966, 29.715717808048147 ], [ 76.939708425737493, 29.71553741187298 ], [ 76.939811755821836, 29.715535897599107 ], [ 76.939810021041652, 29.71544569951504 ], [ 76.940016681002163, 29.715442670736639 ], [ 76.940018415966875, 29.715532868809674 ], [ 76.940121746027572, 29.715531354294114 ], [ 76.940120010970588, 29.715441156226593 ], [ 76.940223340931126, 29.715439641635975 ], [ 76.940226811237508, 29.715620037758697 ], [ 76.940123481092428, 29.715621552360325 ], [ 76.940125216165185, 29.715711750425207 ], [ 76.940021885919961, 29.715713264951791 ], [ 76.940023620908349, 29.715803463020865 ], [ 76.940126951245844, 29.715801948488767 ], [ 76.940128686334376, 29.715892146551017 ], [ 76.939922025466956, 29.715895175545658 ] ], [ [ 76.93991855566685, 29.715714779397814 ], [ 76.940021885919961, 29.715713264951791 ], [ 76.940020150939489, 29.715623066881403 ], [ 76.939916820778635, 29.715624581321901 ], [ 76.93991855566685, 29.715714779397814 ] ] ] } },
{ "type": "Feature", "properties": { "pit_id": 273, "latitude": 29.650105, "longitude": 77.02847, "category": "pit", "area_ha": 0.03, "area_m2": 300.0, "prob_max": 0.99, "prob_mean": 0.943, "new_pit": 0, "setting": "outside riverbed", "water_share": 0.667, "buildings_near": 0.067, "compactness": 1.0, "size_class": "tiny (<0.1 ha)", "google_maps": "https://www.google.com/maps?q=29.650105,77.028470" }, "geometry": { "type": "Polygon", "coordinates": [ [ [ 77.028419290748516, 29.650150464963438 ], [ 77.028417481557753, 29.650060270839976 ], [ 77.02831422397071, 29.650061851100261 ], [ 77.028312414880105, 29.649971656969715 ], [ 77.028415672375218, 29.649970076715192 ], [ 77.028417481557753, 29.650060270839976 ], [ 77.028520739136567, 29.650058690499357 ], [ 77.028518929862088, 29.649968496380328 ], [ 77.02862218734073, 29.649966915965123 ], [ 77.02862399670714, 29.650057110078397 ], [ 77.028520739136567, 29.650058690499357 ], [ 77.028522548419261, 29.650148884617057 ], [ 77.028419290748516, 29.650150464963438 ] ] ] } },
{ "type": "Feature", "properties": { "pit_id": 274, "latitude": 29.681704, "longitude": 76.958874, "category": "likely village pond", "area_ha": 0.46, "area_m2": 4600.0, "prob_max": 0.99, "prob_mean": 0.767, "new_pit": 0, "setting": "outside riverbed", "water_share": 0.913, "buildings_near": 0.184, "compactness": 0.964, "size_class": "small (0.1-0.5 ha)", "google_maps": "https://www.google.com/maps?q=29.681704,76.958874" }, "geometry": { "type": "Polygon", "coordinates": [ [ [ 76.958801765120327, 29.682144324167645 ], [ 76.958798266350627, 29.681963929131342 ], [ 76.958694971788319, 29.681965456659068 ], [ 76.958691473234651, 29.681785061606334 ], [ 76.958588178848586, 29.681786589042492 ], [ 76.958586429675805, 29.681696391508577 ], [ 76.958483135373896, 29.681697918858713 ], [ 76.958477888179559, 29.681427326232374 ], [ 76.958581182205151, 29.681425798898918 ], [ 76.958579433064159, 29.681335601359724 ], [ 76.959095902612233, 29.68132796351351 ], [ 76.959102901065989, 29.681688753551132 ], [ 76.959206195320135, 29.681687225718282 ], [ 76.959213194269623, 29.682048015712486 ], [ 76.959109899647032, 29.682049543567587 ], [ 76.959111649312177, 29.68213974106839 ], [ 76.958801765120327, 29.682144324167645 ] ] ] } },
{ "type": "Feature", "properties": { "pit_id": 275, "latitude": 29.612698, "longitude": 77.006838, "category": "pit", "area_ha": 0.04, "area_m2": 400.0, "prob_max": 0.99, "prob_mean": 0.775, "new_pit": 0, "setting": "outside riverbed", "water_share": 0.0, "buildings_near": 0.005, "compactness": 1.0, "size_class": "tiny (<0.1 ha)", "google_maps": "https://www.google.com/maps?q=29.612698,77.006838" }, "geometry": { "type": "Polygon", "coordinates": [ [ [ 77.006815091688239, 29.612856500761229 ], [ 77.006811517248792, 29.612676109093112 ], [ 77.006708296406558, 29.612677670743885 ], [ 77.006706509290822, 29.61258747490216 ], [ 77.006912950783601, 29.612584351531783 ], [ 77.006918312705878, 29.612854939018845 ], [ 77.006815091688239, 29.612856500761229 ] ] ] } },
{ "type": "Feature", "properties": { "pit_id": 276, "latitude": 29.604588, "longitude": 76.577135, "category": "pit", "area_ha": 0.65, "area_m2": 6500.0, "prob_max": 0.99, "prob_mean": 0.86, "new_pit": 0, "setting": "outside riverbed", "water_share": 0.631, "buildings_near": 0.124, "compactness": 0.751, "size_class": "medium (0.5-2 ha)", "google_maps": "https://www.google.com/maps?q=29.604588,76.577135" }, "geometry": { "type": "Polygon", "coordinates": [ [ [ 76.576931698098576, 29.605038473059395 ], [ 76.576930294056083, 29.604948255864564 ], [ 76.576827056763506, 29.604949482788914 ], [ 76.576824248881337, 29.604769048386441 ], [ 76.576721011766026, 29.604770275221579 ], [ 76.576718204093055, 29.604589840804998 ], [ 76.576821441024734, 29.604588613978802 ], [ 76.576820037106017, 29.604498396773053 ], [ 76.576923273939485, 29.604497169871077 ], [ 76.576920465937576, 29.604316735464668 ], [ 76.576817229287755, 29.604317962357694 ], [ 76.576815825388209, 29.604227745148087 ], [ 76.576712588823838, 29.604228971956385 ], [ 76.576709781227564, 29.604048537524339 ], [ 76.577122726712162, 29.604043629845421 ], [ 76.577124130874395, 29.604133847044181 ], [ 76.577227367321385, 29.604132619919344 ], [ 76.577230175848669, 29.604313054304036 ], [ 76.57733341247291, 29.604311827089976 ], [ 76.577334816837961, 29.604402044275929 ], [ 76.577438053547638, 29.604400816977133 ], [ 76.577439458010915, 29.604491034157313 ], [ 76.577542694806027, 29.604489806773774 ], [ 76.57754690850966, 29.60476045829316 ], [ 76.577650145573841, 29.604759230815937 ], [ 76.577652954925213, 29.604939665146791 ], [ 76.577343243162517, 29.604943347364539 ], [ 76.577344647572303, 29.605033564541458 ], [ 76.576931698098576, 29.605038473059395 ] ] ] } },
{ "type": "Feature", "properties": { "pit_id": 277, "latitude": 29.698572, "longitude": 76.973485, "category": "pit", "area_ha": 0.36, "area_m2": 3600.0, "prob_max": 0.99, "prob_mean": 0.743, "new_pit": 0, "setting": "outside riverbed", "water_share": 0.806, "buildings_near": 0.075, "compactness": 0.528, "size_class": "small (0.1-0.5 ha)", "google_maps": "https://www.google.com/maps?q=29.698572,76.973485" }, "geometry": { "type": "Polygon", "coordinates": [ [ [ 76.973184685667434, 29.699073189457234 ], [ 76.973181158799321, 29.698892796442422 ], [ 76.973077847815603, 29.698894335975915 ], [ 76.973069031246553, 29.698443353387663 ], [ 76.97296572071572, 29.698444892812635 ], [ 76.972958667973501, 29.698084106695788 ], [ 76.973165288289707, 29.698081027810165 ], [ 76.973163524939835, 29.697990831288848 ], [ 76.973266834993723, 29.697989291730892 ], [ 76.97326859843578, 29.698079488246609 ], [ 76.973371908573839, 29.698077948602542 ], [ 76.973373672116068, 29.698168145111318 ], [ 76.973476982338298, 29.698166605381147 ], [ 76.973484036956179, 29.698527391380626 ], [ 76.973587347539109, 29.698525851547544 ], [ 76.973594402654001, 29.698886637503396 ], [ 76.973491091702371, 29.698888177358914 ], [ 76.973492855408963, 29.698978373850174 ], [ 76.973389544357104, 29.698979913630783 ], [ 76.97339130797954, 29.699070110126321 ], [ 76.973184685667434, 29.699073189457234 ] ], [ [ 76.973179395377286, 29.698802599933028 ], [ 76.973386017136306, 29.698799520635735 ], [ 76.97338425353793, 29.698709324136217 ], [ 76.973487564313245, 29.698707784372424 ], [ 76.973485800630698, 29.698617587877187 ], [ 76.973382489947582, 29.698619127635382 ], [ 76.973378962790918, 29.698438734629736 ], [ 76.973275652284158, 29.698440274296207 ], [ 76.973272125343925, 29.698259881274065 ], [ 76.973168815013494, 29.69826142084883 ], [ 76.973167051647593, 29.698171224330157 ], [ 76.973063741401319, 29.698172763818821 ], [ 76.973067267956793, 29.698353156866045 ], [ 76.973170578387411, 29.698351617366168 ], [ 76.973179395377286, 29.698802599933028 ] ] ] } },
{ "type": "Feature", "properties": { "pit_id": 278, "latitude": 29.724732, "longitude": 76.943348, "category": "pit", "area_ha": 1.12, "area_m2": 11200.0, "prob_max": 0.99, "prob_mean": 0.705, "new_pit": 0, "setting": "outside riverbed", "water_share": 0.571, "buildings_near": 0.002, "compactness": 0.227, "size_class": "medium (0.5-2 ha)", "google_maps": "https://www.google.com/maps?q=29.724732,76.943348" }, "geometry": { "type": "Polygon", "coordinates": [ [ [ 76.943106310072181, 29.725592590440414 ], [ 76.943102833213942, 29.72541219489802 ], [ 76.943206173205454, 29.725410677519534 ], [ 76.943202696194206, 29.725230281982899 ], [ 76.943099356387307, 29.72523179935034 ], [ 76.943097617985856, 29.725141601574503 ], [ 76.942994278263356, 29.725143118855822 ], [ 76.94299253996212, 29.725052921073164 ], [ 76.943095879592292, 29.725051403797352 ], [ 76.943092402828896, 29.724871008239095 ], [ 76.942989063383337, 29.724872525503862 ], [ 76.94298732510579, 29.724782327717236 ], [ 76.943090664459035, 29.724780810457982 ], [ 76.94308892609709, 29.724690612675545 ], [ 76.942985586836144, 29.72469212992927 ], [ 76.942980372074643, 29.724421536557472 ], [ 76.943083711058662, 29.724420019320291 ], [ 76.943081972728322, 29.724329821532567 ], [ 76.942978633836617, 29.724331338764223 ], [ 76.942968204574356, 29.723790151976967 ], [ 76.94410492585618, 29.723773458360572 ], [ 76.944106665062151, 29.723863656101024 ], [ 76.944003326711012, 29.72386517411099 ], [ 76.944006804962086, 29.724045569598971 ], [ 76.944110143497824, 29.724044051577962 ], [ 76.944122318271738, 29.724675435705574 ], [ 76.943915639900055, 29.724678471744319 ], [ 76.943919118108795, 29.724858867219538 ], [ 76.943815778726474, 29.724860385129055 ], [ 76.94381403971046, 29.724770187386586 ], [ 76.943710700412538, 29.724771705209996 ], [ 76.943707222588827, 29.724591309710036 ], [ 76.943603883467631, 29.724592827441814 ], [ 76.943609099938115, 29.724863420706328 ], [ 76.943299081696296, 29.72486797346777 ], [ 76.943312990416558, 29.725589555580765 ], [ 76.943106310072181, 29.725592590440414 ] ], [ [ 76.943397205201492, 29.72459586266358 ], [ 76.943500544338519, 29.724594345092989 ], [ 76.943497066915654, 29.724413949565673 ], [ 76.943600405860153, 29.724412431925533 ], [ 76.943602144659934, 29.724502629684338 ], [ 76.943705483688831, 29.724501111958084 ], [ 76.94370374479675, 29.724410914204807 ], [ 76.943910422646212, 29.724407878521568 ], [ 76.943908683577419, 29.724317680778007 ], [ 76.943805344748938, 29.724319198654406 ], [ 76.943803605780346, 29.724229000903989 ], [ 76.943700267036277, 29.72423051869427 ], [ 76.943696789307438, 29.724050123178454 ], [ 76.943593450740067, 29.724051640877097 ], [ 76.943595189508244, 29.724141838641188 ], [ 76.943388512165185, 29.724144873807745 ], [ 76.943386773581636, 29.724054676032619 ], [ 76.943283434990562, 29.724056193489485 ], [ 76.943292127525822, 29.724507182379533 ], [ 76.943395466578423, 29.724505664895048 ], [ 76.943397205201492, 29.72459586266358 ] ], [ [ 76.94391390080753, 29.724588274004716 ], [ 76.944017239905023, 29.724586756031155 ], [ 76.944015500728099, 29.724496558295773 ], [ 76.94391216172292, 29.724498076263799 ], [ 76.94391390080753, 29.724588274004716 ] ], [ [ 76.943905205463523, 29.724137285286918 ], [ 76.944008544099475, 29.724135767340972 ], [ 76.944006804962086, 29.724045569598971 ], [ 76.943903466418448, 29.724047087539386 ], [ 76.943905205463523, 29.724137285286918 ] ] ] } },
{ "type": "Feature", "properties": { "pit_id": 279, "latitude": 29.577853, "longitude": 76.962126, "category": "pit", "area_ha": 0.08, "area_m2": 800.0, "prob_max": 0.99, "prob_mean": 0.869, "new_pit": 1, "setting": "outside riverbed", "water_share": 0.0, "buildings_near": -0.0, "compactness": 1.0, "size_class": "tiny (<0.1 ha)", "google_maps": "https://www.google.com/maps?q=29.577853,76.962126" }, "geometry": { "type": "Polygon", "coordinates": [ [ [ 76.962052614981843, 29.578068024803052 ], [ 76.962047380278207, 29.577797428527496 ], [ 76.961944192133885, 29.577798953729115 ], [ 76.961942447340192, 29.577708754962394 ], [ 76.962252011474462, 29.577704179133907 ], [ 76.962257246703999, 29.577974775380017 ], [ 76.962154058392315, 29.577976300752987 ], [ 76.962155803393088, 29.578066499504629 ], [ 76.962052614981843, 29.578068024803052 ] ] ] } },
{ "type": "Feature", "properties": { "pit_id": 280, "latitude": 29.60487, "longitude": 76.571592, "category": "likely village pond", "area_ha": 0.42, "area_m2": 4200.0, "prob_max": 0.99, "prob_mean": 0.89, "new_pit": 0, "setting": "outside riverbed", "water_share": 0.762, "buildings_near": 0.343, "compactness": 1.0, "size_class": "small (0.1-0.5 ha)", "google_maps": "https://www.google.com/maps?q=29.604870,76.571592" }, "geometry": { "type": "Polygon", "coordinates": [ [ [ 76.571255031476184, 29.605196052397478 ], [ 76.571246637581325, 29.604654747742568 ], [ 76.571349874851066, 29.604653525170121 ], [ 76.571348475799056, 29.604563307727588 ], [ 76.571761424447047, 29.604558416653017 ], [ 76.571762823866365, 29.604648634077702 ], [ 76.571969298335787, 29.604646188049941 ], [ 76.571976296446181, 29.605097275109461 ], [ 76.571563345645316, 29.605102166933161 ], [ 76.571564744919201, 29.605192384359047 ], [ 76.571255031476184, 29.605196052397478 ] ] ] } },
{ "type": "Feature", "properties": { "pit_id": 281, "latitude": 29.686111, "longitude": 76.870618, "category": "pit", "area_ha": 0.03, "area_m2": 300.0, "prob_max": 0.99, "prob_mean": 0.933, "new_pit": 1, "setting": "outside riverbed", "water_share": 0.0, "buildings_near": -0.0, "compactness": 1.0, "size_class": "tiny (<0.1 ha)", "google_maps": "https://www.google.com/maps?q=29.686111,76.870618" }, "geometry": { "type": "Polygon", "coordinates": [ [ [ 76.870533689272321, 29.686217262007297 ], [ 76.870530347557064, 29.686036857755507 ], [ 76.870736955668534, 29.686033939718499 ], [ 76.87073862670664, 29.686124141834423 ], [ 76.870635322562578, 29.686125600898482 ], [ 76.870636993516129, 29.686215803018406 ], [ 76.870533689272321, 29.686217262007297 ] ] ] } },
{ "type": "Feature", "properties": { "pit_id": 282, "latitude": 29.633558, "longitude": 76.629298, "category": "pit", "area_ha": 0.24, "area_m2": 2400.0, "prob_max": 0.99, "prob_mean": 0.773, "new_pit": 0, "setting": "outside riverbed", "water_share": 0.042, "buildings_near": 0.453, "compactness": 1.0, "size_class": "small (0.1-0.5 ha)", "google_maps": "https://www.google.com/maps?q=29.633558,76.629298" }, "geometry": { "type": "Polygon", "coordinates": [ [ [ 76.629229145743366, 29.633822414237521 ], [ 76.629227693454339, 29.633732199747676 ], [ 76.629124429468874, 29.633733468467568 ], [ 76.629122977278413, 29.633643253971801 ], [ 76.629019713378284, 29.633644522606726 ], [ 76.629018261286376, 29.633554308105047 ], [ 76.628914997471583, 29.633555576654995 ], [ 76.628913545478227, 29.633465362147398 ], [ 76.629120072917274, 29.633462824976398 ], [ 76.629118620746638, 29.633372610476762 ], [ 76.629221884364298, 29.633371341775362 ], [ 76.629220432108312, 29.633281127279055 ], [ 76.62942695913992, 29.633278589644483 ], [ 76.629428411579809, 29.633368804131543 ], [ 76.62953167517766, 29.633367535189112 ], [ 76.629538937935948, 29.63381860758189 ], [ 76.629229145743366, 29.633822414237521 ] ] ] } },
{ "type": "Feature", "properties": { "pit_id": 283, "latitude": 29.603001, "longitude": 76.829897, "category": "pit", "area_ha": 1.35, "area_m2": 13500.0, "prob_max": 0.99, "prob_mean": 0.768, "new_pit": 0, "setting": "outside riverbed", "water_share": 0.978, "buildings_near": 0.063, "compactness": 0.486, "size_class": "medium (0.5-2 ha)", "google_maps": "https://www.google.com/maps?q=29.603001,76.829897" }, "geometry": { "type": "Polygon", "coordinates": [ [ [ 76.829877288533822, 29.603685875928125 ], [ 76.829875659437661, 29.603595670604264 ], [ 76.82966921480957, 29.603598517751092 ], [ 76.829667585904375, 29.603508312415542 ], [ 76.829564363670968, 29.603509735863447 ], [ 76.829562734864979, 29.603419530521386 ], [ 76.829253068395602, 29.603423800368191 ], [ 76.829248182847991, 29.603153184287468 ], [ 76.829351404736556, 29.603151761101 ], [ 76.829349776143744, 29.603061555743334 ], [ 76.829246554346952, 29.603062978924616 ], [ 76.829244925853331, 29.602972773560456 ], [ 76.829348147558349, 29.602971350384358 ], [ 76.829346518980358, 29.602881145024085 ], [ 76.829449740586199, 29.602879721772968 ], [ 76.829448111923838, 29.602789516416557 ], [ 76.829241668888287, 29.6027923628282 ], [ 76.829240040416892, 29.602702157460108 ], [ 76.829343261846603, 29.602700734299582 ], [ 76.829341633290852, 29.602610528935383 ], [ 76.8292384119529, 29.602611952090708 ], [ 76.829236783496327, 29.602521746720001 ], [ 76.829340004742505, 29.60252032356987 ], [ 76.829338376201576, 29.602430118203046 ], [ 76.829441597348577, 29.602428694977874 ], [ 76.829444854621386, 29.602609105699841 ], [ 76.829754518568535, 29.602604835511915 ], [ 76.829751260745127, 29.602424424821113 ], [ 76.829648039620366, 29.602425848286916 ], [ 76.829649668436588, 29.602516053638162 ], [ 76.82954644721265, 29.60251747702895 ], [ 76.82954156106149, 29.602246860955685 ], [ 76.829644782010135, 29.602245437580486 ], [ 76.829646410811534, 29.602335642934353 ], [ 76.82974963184455, 29.60233421947374 ], [ 76.829751260745127, 29.602424424821113 ], [ 76.830267366257772, 29.602417306288853 ], [ 76.830268995624593, 29.602507511608945 ], [ 76.830372216796647, 29.602506087656653 ], [ 76.83037384626266, 29.602596292970244 ], [ 76.830477067519055, 29.602594868932545 ], [ 76.83047869708426, 29.602685074239634 ], [ 76.830581918424997, 29.602683650116528 ], [ 76.830586807440369, 29.602954266014358 ], [ 76.830483585824311, 29.602955690153046 ], [ 76.830488474631139, 29.603226306054687 ], [ 76.830385252732356, 29.603227730128751 ], [ 76.830388511790446, 29.603408140733681 ], [ 76.830285289700711, 29.603409564737905 ], [ 76.830288548604912, 29.60358997534799 ], [ 76.830185326324226, 29.603591399282386 ], [ 76.83018695569568, 29.603681604590665 ], [ 76.829877288533822, 29.603685875928125 ] ], [ [ 76.829665957006611, 29.603418107078692 ], [ 76.829769179140825, 29.603416683555771 ], [ 76.829767550158692, 29.603326478222794 ], [ 76.829664328116252, 29.603327901740531 ], [ 76.829665957006611, 29.603418107078692 ] ], [ [ 76.829962590269247, 29.60269219365194 ], [ 76.830065811647074, 29.602690769929911 ], [ 76.830064182448965, 29.602600564602053 ], [ 76.829960961162897, 29.602601988318892 ], [ 76.829962590269247, 29.60269219365194 ] ], [ [ 76.830064182448965, 29.602600564602053 ], [ 76.8301674037276, 29.602599140804994 ], [ 76.830165774445135, 29.602508935481019 ], [ 76.830062553258259, 29.602510359272873 ], [ 76.830064182448965, 29.602600564602053 ] ] ] } },
{ "type": "Feature", "properties": { "pit_id": 284, "latitude": 29.574147, "longitude": 77.101054, "category": "pit", "area_ha": 0.08, "area_m2": 800.0, "prob_max": 0.99, "prob_mean": 0.68, "new_pit": 0, "setting": "Yamuna riverbed", "water_share": 0.0, "buildings_near": 0.0, "compactness": 1.0, "size_class": "tiny (<0.1 ha)", "google_maps": "https://www.google.com/maps?q=29.574147,77.101054" }, "geometry": { "type": "Polygon", "coordinates": [ [ [ 77.100903231588788, 29.574319025835326 ], [ 77.10090136353314, 29.574228834810274 ], [ 77.10100453913654, 29.574227201811865 ], [ 77.101002670997815, 29.574137010791439 ], [ 77.100899495486004, 29.574138643783879 ], [ 77.100895759417227, 29.573958261727082 ], [ 77.100998934745888, 29.573956628746565 ], [ 77.101000802867588, 29.574046819769666 ], [ 77.101207153682566, 29.574043553556464 ], [ 77.101212758648174, 29.574314126582021 ], [ 77.10110958297021, 29.574315759746533 ], [ 77.101107714731427, 29.574225568733386 ], [ 77.10100453913654, 29.574227201811865 ], [ 77.101006407283748, 29.574317392830967 ], [ 77.100903231588788, 29.574319025835326 ] ] ] } },
{ "type": "Feature", "properties": { "pit_id": 285, "latitude": 29.59126, "longitude": 76.925299, "category": "pit", "area_ha": 0.04, "area_m2": 400.0, "prob_max": 0.99, "prob_mean": 0.75, "new_pit": 0, "setting": "outside riverbed", "water_share": 0.75, "buildings_near": 0.0, "compactness": 1.0, "size_class": "tiny (<0.1 ha)", "google_maps": "https://www.google.com/maps?q=29.591260,76.925299" }, "geometry": { "type": "Polygon", "coordinates": [ [ [ 76.925145733149463, 29.591330217668137 ], [ 76.925144020128201, 29.591240017111858 ], [ 76.925247224204782, 29.591238519891419 ], [ 76.925245511099618, 29.591148319339275 ], [ 76.925348715076737, 29.591146822044141 ], [ 76.925350428273589, 29.591237022590828 ], [ 76.925453632334595, 29.591235525210067 ], [ 76.925455345630951, 29.591325725749954 ], [ 76.925145733149463, 29.591330217668137 ] ] ] } },
{ "type": "Feature", "properties": { "pit_id": 286, "latitude": 29.660211, "longitude": 77.116821, "category": "pit", "area_ha": 0.03, "area_m2": 300.0, "prob_max": 0.99, "prob_mean": 0.707, "new_pit": 0, "setting": "Yamuna riverbed", "water_share": 0.0, "buildings_near": -0.0, "compactness": 1.0, "size_class": "tiny (<0.1 ha)", "google_maps": "https://www.google.com/maps?q=29.660211,77.116821" }, "geometry": { "type": "Polygon", "coordinates": [ [ [ 77.116736735041457, 29.660317433778882 ], [ 77.116732957636771, 29.660137055908294 ], [ 77.116939481796194, 29.660133756583598 ], [ 77.116941370678177, 29.660223945507546 ], [ 77.116838108510791, 29.660225595216076 ], [ 77.116839997309398, 29.660315784144693 ], [ 77.116736735041457, 29.660317433778882 ] ] ] } },
{ "type": "Feature", "properties": { "pit_id": 287, "latitude": 29.625842, "longitude": 76.985827, "category": "pit", "area_ha": 0.25, "area_m2": 2500.0, "prob_max": 0.99, "prob_mean": 0.85, "new_pit": 0, "setting": "outside riverbed", "water_share": 0.76, "buildings_near": 0.004, "compactness": 1.0, "size_class": "small (0.1-0.5 ha)", "google_maps": "https://www.google.com/maps?q=29.625842,76.985827" }, "geometry": { "type": "Polygon", "coordinates": [ [ [ 76.985597869857983, 29.626077758510391 ], [ 76.985592562028543, 29.625807168039646 ], [ 76.985489326466748, 29.625808713804421 ], [ 76.985485788137723, 29.625628320139374 ], [ 76.985898729601942, 29.625622136643734 ], [ 76.985900499129784, 29.625712333454384 ], [ 76.98610696999728, 29.625709241213713 ], [ 76.986108739716855, 29.625799438011761 ], [ 76.986211975230347, 29.625797891765391 ], [ 76.986215514877358, 29.625978285346239 ], [ 76.985905807761625, 29.625982923878386 ], [ 76.985907577321683, 29.626073120683746 ], [ 76.985597869857983, 29.626077758510391 ] ] ] } },
{ "type": "Feature", "properties": { "pit_id": 288, "latitude": 29.586029, "longitude": 76.666828, "category": "pit", "area_ha": 0.26, "area_m2": 2600.0, "prob_max": 0.99, "prob_mean": 0.9, "new_pit": 0, "setting": "outside riverbed", "water_share": 0.615, "buildings_near": 0.08, "compactness": 1.0, "size_class": "small (0.1-0.5 ha)", "google_maps": "https://www.google.com/maps?q=29.586029,76.666828" }, "geometry": { "type": "Polygon", "coordinates": [ [ [ 76.666662945918063, 29.586346449094666 ], [ 76.666661463129287, 29.586256235661388 ], [ 76.666558249461701, 29.586257531643138 ], [ 76.666553801411041, 29.585986891321365 ], [ 76.666657014803462, 29.585985595353815 ], [ 76.666654049286649, 29.585805168475606 ], [ 76.666757262488886, 29.585803872437324 ], [ 76.666755779648895, 29.585713659001019 ], [ 76.666962205849657, 29.585711066693349 ], [ 76.666963688873096, 29.585801280120194 ], [ 76.667066902055083, 29.585799983841358 ], [ 76.667074317732144, 29.586251050932546 ], [ 76.666764676790137, 29.58625493959946 ], [ 76.66676615967063, 29.586345153028002 ], [ 76.666662945918063, 29.586346449094666 ] ] ] } },
{ "type": "Feature", "properties": { "pit_id": 289, "latitude": 29.590277, "longitude": 76.901193, "category": "pit", "area_ha": 0.27, "area_m2": 2700.0, "prob_max": 0.99, "prob_mean": 0.89, "new_pit": 0, "setting": "outside riverbed", "water_share": 0.0, "buildings_near": 0.0, "compactness": 0.881, "size_class": "small (0.1-0.5 ha)", "google_maps": "https://www.google.com/maps?q=29.590277,76.901193" }, "geometry": { "type": "Polygon", "coordinates": [ [ [ 76.900765653685667, 29.59041849524035 ], [ 76.900762271147627, 29.590238091527915 ], [ 76.900659066610444, 29.590239569668178 ], [ 76.900657375444666, 29.590149367804599 ], [ 76.901586215176991, 29.590136061704907 ], [ 76.901587907168008, 29.590226263519941 ], [ 76.901691111635913, 29.590224784658201 ], [ 76.901694495824444, 29.590405188273536 ], [ 76.900765653685667, 29.59041849524035 ] ] ] } },
{ "type": "Feature", "properties": { "pit_id": 290, "latitude": 29.657186, "longitude": 76.740915, "category": "pit", "area_ha": 0.31, "area_m2": 3100.0, "prob_max": 0.99, "prob_mean": 0.914, "new_pit": 0, "setting": "outside riverbed", "water_share": 0.097, "buildings_near": 0.102, "compactness": 0.928, "size_class": "small (0.1-0.5 ha)", "google_maps": "https://www.google.com/maps?q=29.657186,76.740915" }, "geometry": { "type": "Polygon", "coordinates": [ [ [ 76.740562323562386, 29.65749157577854 ], [ 76.740556111638313, 29.657130739804494 ], [ 76.740659393573068, 29.657129383364648 ], [ 76.74065784051767, 29.657039174372837 ], [ 76.740967686003415, 29.657035104585688 ], [ 76.740966132678977, 29.656944895607396 ], [ 76.741069414401395, 29.656943538855813 ], [ 76.74106786099199, 29.656853329881152 ], [ 76.741274424231534, 29.656850616146659 ], [ 76.741280638647865, 29.65721145199792 ], [ 76.741177356663485, 29.657212808925149 ], [ 76.741178910193184, 29.65730301788965 ], [ 76.740972346019134, 29.657305731512761 ], [ 76.740973899371824, 29.657395940485859 ], [ 76.740870617182154, 29.657397297181756 ], [ 76.74087217044989, 29.657487506158471 ], [ 76.740562323562386, 29.65749157577854 ] ] ] } },
{ "type": "Feature", "properties": { "pit_id": 291, "latitude": 29.635992, "longitude": 76.940609, "category": "pit", "area_ha": 0.65, "area_m2": 6500.0, "prob_max": 0.99, "prob_mean": 0.812, "new_pit": 0, "setting": "outside riverbed", "water_share": 0.846, "buildings_near": -0.0, "compactness": 0.354, "size_class": "medium (0.5-2 ha)", "google_maps": "https://www.google.com/maps?q=29.635992,76.940609" }, "geometry": { "type": "Polygon", "coordinates": [ [ [ 76.940463343578941, 29.63649015265332 ], [ 76.940461613766161, 29.63639995352797 ], [ 76.940358364604478, 29.636401464659937 ], [ 76.940356634891444, 29.636311265527763 ], [ 76.940253385813804, 29.636312776573924 ], [ 76.940251656200545, 29.636222577434925 ], [ 76.940148407206934, 29.636224088395249 ], [ 76.940146677693434, 29.636133889249443 ], [ 76.940043428783866, 29.636135400123948 ], [ 76.940041699370127, 29.636045200971317 ], [ 76.939938450544588, 29.636046711760024 ], [ 76.939936721230623, 29.635956512600544 ], [ 76.939833472489113, 29.635958023303431 ], [ 76.939831743274908, 29.635867824137136 ], [ 76.939728494617412, 29.635869334754222 ], [ 76.939726765502982, 29.635779135581107 ], [ 76.93962351692953, 29.635780646112369 ], [ 76.939621787914859, 29.635690446932429 ], [ 76.939518539425436, 29.63569195737789 ], [ 76.939516810510526, 29.635601758191125 ], [ 76.93941356210513, 29.635603268550764 ], [ 76.939411833289981, 29.635513069357174 ], [ 76.940031323052978, 29.635504006027745 ], [ 76.940033052419494, 29.635594205188305 ], [ 76.940136300777709, 29.635592694346823 ], [ 76.940134571319277, 29.635502495191776 ], [ 76.940650812532752, 29.635494939807348 ], [ 76.940659462200941, 29.635945935431732 ], [ 76.940762710879511, 29.635944424086397 ], [ 76.94076444092866, 29.636034623201823 ], [ 76.940867689691245, 29.636033111770665 ], [ 76.940871149996951, 29.636213509986501 ], [ 76.940974398935481, 29.636211998464024 ], [ 76.940976129192038, 29.636302197564465 ], [ 76.940872880161606, 29.636303709092449 ], [ 76.940874610334134, 29.636393908197071 ], [ 76.940771361203943, 29.636395419650249 ], [ 76.940773091292442, 29.636485618759071 ], [ 76.940463343578941, 29.63649015265332 ] ], [ [ 76.940561403134168, 29.636218044072088 ], [ 76.940664652096288, 29.636216532790534 ], [ 76.940662922123309, 29.636126333672259 ], [ 76.940559673253063, 29.636127844948305 ], [ 76.940561403134168, 29.636218044072088 ] ], [ [ 76.940249926595143, 29.636132378294612 ], [ 76.940353175488994, 29.636130867259482 ], [ 76.940351445799564, 29.636040668123371 ], [ 76.94045469459364, 29.636039157013439 ], [ 76.940452964820196, 29.635948957881499 ], [ 76.940556213514498, 29.635947446696761 ], [ 76.94055448365701, 29.635857247569025 ], [ 76.94045123505461, 29.635858758748242 ], [ 76.940449505296883, 29.63576855961367 ], [ 76.94055275380741, 29.635767048439963 ], [ 76.940549294131799, 29.635586650177871 ], [ 76.940446045805075, 29.635588161340561 ], [ 76.940447775547042, 29.63567836047778 ], [ 76.940241278686202, 29.635681382573264 ], [ 76.940243008252253, 29.635771581720178 ], [ 76.94003651117616, 29.635774603505464 ], [ 76.940034781793898, 29.635684404347543 ], [ 76.939931533335937, 29.635685915114223 ], [ 76.939934991924531, 29.635866313439756 ], [ 76.940038240566281, 29.63586480266207 ], [ 76.940041699370127, 29.636045200971317 ], [ 76.940248196997629, 29.636042179152987 ], [ 76.940249926595143, 29.636132378294612 ] ], [ [ 76.940456424374972, 29.636129356144043 ], [ 76.940559673253063, 29.636127844948305 ], [ 76.940557943379844, 29.636037645823205 ], [ 76.94045469459364, 29.636039157013439 ], [ 76.940456424374972, 29.636129356144043 ] ] ] } },
{ "type": "Feature", "properties": { "pit_id": 292, "latitude": 29.788903, "longitude": 76.716433, "category": "pit", "area_ha": 0.07, "area_m2": 700.0, "prob_max": 0.99, "prob_mean": 0.923, "new_pit": 0, "setting": "outside riverbed", "water_share": 1.0, "buildings_near": 0.006, "compactness": 1.0, "size_class": "tiny (<0.1 ha)", "google_maps": "https://www.google.com/maps?q=29.788903,76.716433" }, "geometry": { "type": "Polygon", "coordinates": [ [ [ 76.71624956679814, 29.789001849628875 ], [ 76.716246487845297, 29.78882143291062 ], [ 76.716660160591061, 29.788816060945813 ], [ 76.716661700434614, 29.788906269286073 ], [ 76.716558282166019, 29.78890761240341 ], [ 76.716559821923894, 29.788997820747237 ], [ 76.71624956679814, 29.789001849628875 ] ] ] } },
{ "type": "Feature", "properties": { "pit_id": 293, "latitude": 29.567876, "longitude": 76.694748, "category": "pit", "area_ha": 1.17, "area_m2": 11700.0, "prob_max": 0.99, "prob_mean": 0.816, "new_pit": 0, "setting": "outside riverbed", "water_share": 0.009, "buildings_near": 0.07, "compactness": 0.472, "size_class": "medium (0.5-2 ha)", "google_maps": "https://www.google.com/maps?q=29.567876,76.694748" }, "geometry": { "type": "Polygon", "coordinates": [ [ [ 76.694344282543142, 29.568671526619163 ], [ 76.694338257273799, 29.56831067705205 ], [ 76.694441451213407, 29.56830936019772 ], [ 76.694430906614656, 29.567677873438996 ], [ 76.694327713316483, 29.567679190259675 ], [ 76.69432018212413, 29.56722812822623 ], [ 76.694526567797297, 29.567225494552819 ], [ 76.694525061396149, 29.56713528215187 ], [ 76.69473144685864, 29.5671326481676 ], [ 76.694729940281078, 29.567042435774948 ], [ 76.695039518148477, 29.567038484212059 ], [ 76.695047052479296, 29.567489546090183 ], [ 76.695150245546202, 29.567488228718258 ], [ 76.695165315638704, 29.56839035232921 ], [ 76.695062121655482, 29.568391669749211 ], [ 76.695063628610839, 29.568481882107992 ], [ 76.694960434529122, 29.568483199452686 ], [ 76.694961941399697, 29.568573411814963 ], [ 76.694858747219484, 29.568574729084336 ], [ 76.694860254005292, 29.568664941450137 ], [ 76.694344282543142, 29.568671526619163 ] ], [ [ 76.69464331936733, 29.568036089102996 ], [ 76.694746513011467, 29.568034772022727 ], [ 76.694745006365324, 29.567944559643049 ], [ 76.694641812812819, 29.567945876718515 ], [ 76.69464331936733, 29.568036089102996 ] ], [ [ 76.694534099905965, 29.567676556538185 ], [ 76.694637293190425, 29.567675239557271 ], [ 76.694635786663341, 29.567585027167596 ], [ 76.694532593470512, 29.567586344143717 ], [ 76.694534099905965, 29.567676556538185 ] ], [ [ 76.694843679738767, 29.567672605355053 ], [ 76.694946873002635, 29.56767128813377 ], [ 76.694945366200656, 29.567581075758525 ], [ 76.694842173028405, 29.567582392975005 ], [ 76.694843679738767, 29.567672605355053 ] ] ] } },
{ "type": "Feature", "properties": { "pit_id": 294, "latitude": 29.819633, "longitude": 77.078395, "category": "pit", "area_ha": 0.17, "area_m2": 1700.0, "prob_max": 0.99, "prob_mean": 0.858, "new_pit": 0, "setting": "outside riverbed", "water_share": 0.176, "buildings_near": -0.0, "compactness": 1.0, "size_class": "small (0.1-0.5 ha)", "google_maps": "https://www.google.com/maps?q=29.819633,77.078395" }, "geometry": { "type": "Polygon", "coordinates": [ [ [ 77.078397044671561, 29.819890748728959 ], [ 77.078395178144305, 29.819800559750412 ], [ 77.078291749807917, 29.819802187308543 ], [ 77.078289883381856, 29.819711998322749 ], [ 77.07818645512971, 29.819713625794087 ], [ 77.078178989881138, 29.819352869813905 ], [ 77.078282417762409, 29.819351242366185 ], [ 77.078284284154563, 29.819441431357333 ], [ 77.078491140077119, 29.819438176207477 ], [ 77.078493006663166, 29.819528365185462 ], [ 77.078596434704465, 29.819526737483304 ], [ 77.078603901504366, 29.819887493358248 ], [ 77.078397044671561, 29.819890748728959 ] ] ] } },
{ "type": "Feature", "properties": { "pit_id": 295, "latitude": 29.500456, "longitude": 76.718111, "category": "pit", "area_ha": 0.16, "area_m2": 1600.0, "prob_max": 0.99, "prob_mean": 0.908, "new_pit": 0, "setting": "outside riverbed", "water_share": 0.062, "buildings_near": 0.2, "compactness": 1.0, "size_class": "small (0.1-0.5 ha)", "google_maps": "https://www.google.com/maps?q=29.500456,76.718111" }, "geometry": { "type": "Polygon", "coordinates": [ [ [ 76.717964908085136, 29.500604181525706 ], [ 76.717963384983662, 29.500513969323723 ], [ 76.717860261116613, 29.500515301681734 ], [ 76.717858738113407, 29.500425089473588 ], [ 76.717755614330741, 29.500426421746834 ], [ 76.717754091425761, 29.50033620953252 ], [ 76.717960338801518, 29.500333544915868 ], [ 76.717958815720863, 29.500243332709999 ], [ 76.718061939307006, 29.50024200028669 ], [ 76.718063462478995, 29.500332212487706 ], [ 76.718269709813114, 29.500329547391654 ], [ 76.718271233174661, 29.500419759581607 ], [ 76.718374356922624, 29.500418426908855 ], [ 76.718375880382439, 29.500508639092651 ], [ 76.718479004214771, 29.500507306335127 ], [ 76.71848052777284, 29.500597518512755 ], [ 76.717964908085136, 29.500604181525706 ] ] ] } },
{ "type": "Feature", "properties": { "pit_id": 296, "latitude": 29.863525, "longitude": 77.101472, "category": "pit", "area_ha": 0.1, "area_m2": 1000.0, "prob_max": 0.99, "prob_mean": 0.921, "new_pit": 0, "setting": "outside riverbed", "water_share": 1.0, "buildings_near": 0.0, "compactness": 1.0, "size_class": "small (0.1-0.5 ha)", "google_maps": "https://www.google.com/maps?q=29.863525,77.101472" }, "geometry": { "type": "Polygon", "coordinates": [ [ [ 77.101247050275134, 29.863645513165466 ], [ 77.101243269530983, 29.863465139037221 ], [ 77.101450213155019, 29.863461843556028 ], [ 77.101448322609968, 29.863371656501851 ], [ 77.101655266013822, 29.863368360708527 ], [ 77.101660938232243, 29.863638921831189 ], [ 77.101247050275134, 29.863645513165466 ] ] ] } },
{ "type": "Feature", "properties": { "pit_id": 297, "latitude": 29.86453, "longitude": 76.819374, "category": "pit", "area_ha": 0.09, "area_m2": 900.0, "prob_max": 0.99, "prob_mean": 0.733, "new_pit": 0, "setting": "outside riverbed", "water_share": 0.889, "buildings_near": 0.0, "compactness": 1.0, "size_class": "tiny (<0.1 ha)", "google_maps": "https://www.google.com/maps?q=29.864530,76.819374" }, "geometry": { "type": "Polygon", "coordinates": [ [ [ 76.81919809826023, 29.864677453211684 ], [ 76.819194824684743, 29.864497048603319 ], [ 76.819298315067556, 29.864495621943735 ], [ 76.819296678197972, 29.864405419642754 ], [ 76.819400168480371, 29.864403992907278 ], [ 76.819398531525238, 29.864313790610158 ], [ 76.819502021707223, 29.864312363798781 ], [ 76.819508569944318, 29.86467317295865 ], [ 76.81919809826023, 29.864677453211684 ] ] ] } },
{ "type": "Feature", "properties": { "pit_id": 298, "latitude": 29.863478, "longitude": 76.871, "category": "pit", "area_ha": 0.21, "area_m2": 2100.0, "prob_max": 0.99, "prob_mean": 0.742, "new_pit": 0, "setting": "outside riverbed", "water_share": 1.0, "buildings_near": 0.0, "compactness": 1.0, "size_class": "small (0.1-0.5 ha)", "google_maps": "https://www.google.com/maps?q=29.863478,76.871000" }, "geometry": { "type": "Polygon", "coordinates": [ [ [ 76.870833910369385, 29.863684873311264 ], [ 76.870832227203053, 29.86359467362275 ], [ 76.870625254308749, 29.863597607579077 ], [ 76.870621888370906, 29.863417208176795 ], [ 76.870828860893312, 29.863414274241759 ], [ 76.870827177749902, 29.863324074549283 ], [ 76.87113763619729, 29.863319673054765 ], [ 76.871135952782609, 29.86322947337694 ], [ 76.87123943882348, 29.863228006055294 ], [ 76.871242805846421, 29.863408405398992 ], [ 76.871346292065581, 29.863406937985658 ], [ 76.871349659305039, 29.863587337313426 ], [ 76.871039200066775, 29.863591739342201 ], [ 76.871040883419056, 29.863681939020069 ], [ 76.870833910369385, 29.863684873311264 ] ] ] } },
{ "type": "Feature", "properties": { "pit_id": 299, "latitude": 29.50366, "longitude": 76.489725, "category": "pit", "area_ha": 0.61, "area_m2": 6100.0, "prob_max": 0.99, "prob_mean": 0.891, "new_pit": 0, "setting": "outside riverbed", "water_share": 0.426, "buildings_near": 0.074, "compactness": 0.695, "size_class": "medium (0.5-2 ha)", "google_maps": "https://www.google.com/maps?q=29.503660,76.489725" }, "geometry": { "type": "Polygon", "coordinates": [ [ [ 76.490261619798702, 29.504073100190144 ], [ 76.490260298337972, 29.503982877955732 ], [ 76.489950881607982, 29.503986345488332 ], [ 76.489949560427419, 29.503896123239961 ], [ 76.489537005068655, 29.503900745480649 ], [ 76.489535684259593, 29.503810523214099 ], [ 76.489329406726853, 29.503812833846332 ], [ 76.489330727353178, 29.503903056121324 ], [ 76.489124449613627, 29.503905366442225 ], [ 76.489121808732506, 29.503724921874078 ], [ 76.489224947422528, 29.50372376676204 ], [ 76.489220985871839, 29.5034530999129 ], [ 76.489324124281737, 29.503451944733591 ], [ 76.489322803685496, 29.503361722452205 ], [ 76.489425941998007, 29.503360567197177 ], [ 76.489424621316417, 29.503270344918732 ], [ 76.489527759531541, 29.503269189587982 ], [ 76.489526438764599, 29.503178967312497 ], [ 76.489732714994062, 29.50317665641963 ], [ 76.489735356899445, 29.503357100952442 ], [ 76.489838495187897, 29.503355945377649 ], [ 76.489839816240988, 29.503446167637911 ], [ 76.48994295461479, 29.503445011978954 ], [ 76.489944275765282, 29.503535234233709 ], [ 76.490047414224435, 29.503534078490581 ], [ 76.4900487354723, 29.503624300739848 ], [ 76.490151874016803, 29.503623144912545 ], [ 76.490153195362083, 29.503713367156294 ], [ 76.490256333991923, 29.503712211244828 ], [ 76.49025765543459, 29.503802433483077 ], [ 76.490360794149794, 29.503801277487437 ], [ 76.490362115689862, 29.503891499720183 ], [ 76.490465254490417, 29.503890343640382 ], [ 76.490466576127858, 29.503980565867618 ], [ 76.490363437235928, 29.503981721951654 ], [ 76.490364758788019, 29.504071944181835 ], [ 76.490261619798702, 29.504073100190144 ] ] ] } },
{ "type": "Feature", "properties": { "pit_id": 300, "latitude": 29.859222, "longitude": 77.09239, "category": "pit", "area_ha": 0.11, "area_m2": 1100.0, "prob_max": 0.99, "prob_mean": 0.719, "new_pit": 0, "setting": "outside riverbed", "water_share": 1.0, "buildings_near": 0.024, "compactness": 1.0, "size_class": "small (0.1-0.5 ha)", "google_maps": "https://www.google.com/maps?q=29.859222,77.092390" }, "geometry": { "type": "Polygon", "coordinates": [ [ [ 77.092463135574945, 29.859364439506123 ], [ 77.092461253422812, 29.859274251876023 ], [ 77.091943912915113, 29.859282453705163 ], [ 77.091942031236044, 29.859192266043966 ], [ 77.092355903287668, 29.859185704766467 ], [ 77.092354021245526, 29.859095517127724 ], [ 77.092560957034266, 29.859092236014838 ], [ 77.092562839262214, 29.859182423641688 ], [ 77.092769775202584, 29.859179142192886 ], [ 77.09277165762488, 29.85926932980647 ], [ 77.092564721498718, 29.859272611267176 ], [ 77.092566603743762, 29.859362798891333 ], [ 77.092463135574945, 29.859364439506123 ] ] ] } },
{ "type": "Feature", "properties": { "pit_id": 301, "latitude": 29.499678, "longitude": 76.973225, "category": "pit", "area_ha": 0.04, "area_m2": 400.0, "prob_max": 0.99, "prob_mean": 0.9, "new_pit": 0, "setting": "outside riverbed", "water_share": 0.75, "buildings_near": 0.046, "compactness": 1.0, "size_class": "tiny (<0.1 ha)", "google_maps": "https://www.google.com/maps?q=29.499678,76.973225" }, "geometry": { "type": "Polygon", "coordinates": [ [ [ 76.97312376144815, 29.499769318742601 ], [ 76.973120263103354, 29.499588920303193 ], [ 76.973326479232512, 29.499585859795914 ], [ 76.973329977942356, 29.499766258212944 ], [ 76.97312376144815, 29.499769318742601 ] ] ] } },
{ "type": "Feature", "properties": { "pit_id": 302, "latitude": 29.85726, "longitude": 76.926996, "category": "pit", "area_ha": 0.04, "area_m2": 400.0, "prob_max": 0.99, "prob_mean": 0.665, "new_pit": 0, "setting": "outside riverbed", "water_share": 0.0, "buildings_near": 0.0, "compactness": 1.0, "size_class": "tiny (<0.1 ha)", "google_maps": "https://www.google.com/maps?q=29.857260,76.926996" }, "geometry": { "type": "Polygon", "coordinates": [ [ [ 76.926920221534999, 29.857374303379473 ], [ 76.92691502205949, 29.857103712866571 ], [ 76.927018498427586, 29.857102202100933 ], [ 76.927021964922588, 29.857282595766559 ], [ 76.927125441468661, 29.857281084908941 ], [ 76.92712717482091, 29.857371281734295 ], [ 76.926920221534999, 29.857374303379473 ] ] ] } },
{ "type": "Feature", "properties": { "pit_id": 303, "latitude": 29.50297, "longitude": 76.880167, "category": "pit", "area_ha": 0.49, "area_m2": 4900.0, "prob_max": 0.99, "prob_mean": 0.875, "new_pit": 0, "setting": "outside riverbed", "water_share": 0.571, "buildings_near": 0.224, "compactness": 0.974, "size_class": "small (0.1-0.5 ha)", "google_maps": "https://www.google.com/maps?q=29.502970,76.880167" }, "geometry": { "type": "Polygon", "coordinates": [ [ [ 76.880261716279946, 29.50337070106724 ], [ 76.880260049151772, 29.50328049696008 ], [ 76.88005381422461, 29.50328341350275 ], [ 76.880052147286634, 29.503193209383614 ], [ 76.87994902990296, 29.50319466752979 ], [ 76.879947363063849, 29.503104463404025 ], [ 76.879844245763891, 29.503105921464989 ], [ 76.879842579023688, 29.50301571733257 ], [ 76.879739461807418, 29.503017175308319 ], [ 76.87973446190621, 29.502746562887236 ], [ 76.87983757884858, 29.502745104927477 ], [ 76.879835912138731, 29.502654900789814 ], [ 76.879939028982207, 29.502653442755499 ], [ 76.879935695402708, 29.502473034486918 ], [ 76.880038812056, 29.502471576383375 ], [ 76.880040478933267, 29.502561780512988 ], [ 76.880143595670262, 29.502560322324236 ], [ 76.880145262646408, 29.502650526447216 ], [ 76.880248379467105, 29.502649068173245 ], [ 76.88025004654213, 29.502739272289588 ], [ 76.880353163446543, 29.502737813930406 ], [ 76.880354830620462, 29.502828018040095 ], [ 76.880457947608562, 29.502826559595704 ], [ 76.88045961488136, 29.502916763698753 ], [ 76.880562731953177, 29.502915305169143 ], [ 76.880571068887605, 29.503366325638108 ], [ 76.880261716279946, 29.50337070106724 ] ] ] } },
{ "type": "Feature", "properties": { "pit_id": 304, "latitude": 29.507579, "longitude": 77.050587, "category": "pit", "area_ha": 1.18, "area_m2": 11800.0, "prob_max": 0.99, "prob_mean": 0.857, "new_pit": 0, "setting": "outside riverbed", "water_share": 0.907, "buildings_near": 0.125, "compactness": 0.512, "size_class": "medium (0.5-2 ha)", "google_maps": "https://www.google.com/maps?q=29.507579,77.050587" }, "geometry": { "type": "Polygon", "coordinates": [ [ [ 77.049719207586477, 29.508264385498471 ], [ 77.049717389908366, 29.508174190645828 ], [ 77.049511166069834, 29.508177370425937 ], [ 77.049503896170393, 29.50781659095561 ], [ 77.049710119278672, 29.507813411221981 ], [ 77.049708301641942, 29.507723216362702 ], [ 77.049811413092385, 29.50772162638189 ], [ 77.049807777661201, 29.507541236670971 ], [ 77.050117111415162, 29.507536466284161 ], [ 77.050115293438154, 29.507446271444167 ], [ 77.050218404581628, 29.507444681161285 ], [ 77.050216586521628, 29.507354486325767 ], [ 77.050319697565541, 29.50735289596884 ], [ 77.050317879422536, 29.507262701137787 ], [ 77.050627212230793, 29.507257929605242 ], [ 77.05062539382223, 29.507167734790308 ], [ 77.050831615470429, 29.507164553380878 ], [ 77.050829796887598, 29.507074358576261 ], [ 77.051345350406777, 29.507066403684046 ], [ 77.051347169445989, 29.507156598459609 ], [ 77.051450280216258, 29.507155007235738 ], [ 77.051453918502119, 29.507335396771257 ], [ 77.051557029446656, 29.507333805455893 ], [ 77.051560667948209, 29.507514194974458 ], [ 77.05145755682112, 29.507515786301454 ], [ 77.05146119517326, 29.507696175826371 ], [ 77.051254972529108, 29.507699358263999 ], [ 77.051256791535053, 29.507789553036094 ], [ 77.0506381228561, 29.507799098466972 ], [ 77.050636304397841, 29.507708903660003 ], [ 77.050430081621158, 29.507712084819701 ], [ 77.05043189989685, 29.507802279638298 ], [ 77.050328788404798, 29.507803870104151 ], [ 77.050330606597498, 29.507894064927243 ], [ 77.050124383406001, 29.507897245630957 ], [ 77.050126201424419, 29.507987440464333 ], [ 77.050023089724974, 29.507989030702195 ], [ 77.050024907660386, 29.508079225540069 ], [ 77.049818684054074, 29.508082405787796 ], [ 77.049822319584607, 29.508262795482789 ], [ 77.049719207586477, 29.508264385498471 ] ], [ [ 77.049713754576956, 29.507993800936553 ], [ 77.049816866301242, 29.507992210938308 ], [ 77.049815048556667, 29.507902016087495 ], [ 77.049711936923671, 29.507903606079921 ], [ 77.049713754576956, 29.507993800936553 ] ] ] } },
{ "type": "Feature", "properties": { "pit_id": 305, "latitude": 29.514939, "longitude": 76.546234, "category": "likely village pond", "area_ha": 0.1, "area_m2": 1000.0, "prob_max": 0.99, "prob_mean": 0.957, "new_pit": 0, "setting": "outside riverbed", "water_share": 0.8, "buildings_near": 0.15, "compactness": 1.0, "size_class": "small (0.1-0.5 ha)", "google_maps": "https://www.google.com/maps?q=29.514939,76.546234" }, "geometry": { "type": "Polygon", "coordinates": [ [ [ 76.546029524992619, 29.515076779147055 ], [ 76.546026781971364, 29.514896339648367 ], [ 76.546129929261483, 29.514895139995868 ], [ 76.546128557668823, 29.514804920248981 ], [ 76.546437999227436, 29.514801320824819 ], [ 76.546440742967519, 29.514981760291008 ], [ 76.546337595604726, 29.514982960187801 ], [ 76.546338967392728, 29.515073179923352 ], [ 76.546029524992619, 29.515076779147055 ] ] ] } },
{ "type": "Feature", "properties": { "pit_id": 306, "latitude": 29.515093, "longitude": 76.547378, "category": "pit", "area_ha": 0.14, "area_m2": 1400.0, "prob_max": 0.99, "prob_mean": 0.846, "new_pit": 0, "setting": "outside riverbed", "water_share": 0.214, "buildings_near": 0.037, "compactness": 1.0, "size_class": "small (0.1-0.5 ha)", "google_maps": "https://www.google.com/maps?q=29.515093,76.547378" }, "geometry": { "type": "Polygon", "coordinates": [ [ [ 76.547166891908745, 29.515244017871741 ], [ 76.547165519376932, 29.515153798173859 ], [ 76.547062371875072, 29.515154998639229 ], [ 76.547060999440916, 29.515064778935667 ], [ 76.547164146851372, 29.515063578474678 ], [ 76.547162774332051, 29.514973358774217 ], [ 76.547678510833435, 29.514967355291645 ], [ 76.547681256792472, 29.515147794647387 ], [ 76.547474961845026, 29.515150196297899 ], [ 76.54747633465108, 29.515240415982625 ], [ 76.547166891908745, 29.515244017871741 ] ] ] } },
{ "type": "Feature", "properties": { "pit_id": 307, "latitude": 29.520367, "longitude": 76.84527, "category": "likely village pond", "area_ha": 0.64, "area_m2": 6400.0, "prob_max": 0.99, "prob_mean": 0.684, "new_pit": 0, "setting": "outside riverbed", "water_share": 0.859, "buildings_near": 0.2, "compactness": 0.494, "size_class": "medium (0.5-2 ha)", "google_maps": "https://www.google.com/maps?q=29.520367,76.845270" }, "geometry": { "type": "Polygon", "coordinates": [ [ [ 76.844893480593086, 29.521009614227278 ], [ 76.844890206693464, 29.520829202854785 ], [ 76.844787069366774, 29.520830634512912 ], [ 76.84478379567976, 29.520650223124711 ], [ 76.84488693282367, 29.52064879147704 ], [ 76.844885295899957, 29.520558585786215 ], [ 76.844782158847423, 29.520560017428654 ], [ 76.844772338009989, 29.520018783224849 ], [ 76.845597429835138, 29.520007328097929 ], [ 76.845599067353817, 29.520097533759966 ], [ 76.845702203889786, 29.520096101504112 ], [ 76.845703841507273, 29.520186307159619 ], [ 76.845806978127172, 29.520184874818586 ], [ 76.84581680453708, 29.520726108692777 ], [ 76.845610530193241, 29.520728973357691 ], [ 76.845608892622366, 29.520638767704803 ], [ 76.84540261843145, 29.520641632039464 ], [ 76.845399343677641, 29.520461220708814 ], [ 76.84550248059405, 29.520459788591921 ], [ 76.845500843136946, 29.520369582929877 ], [ 76.845294569479435, 29.520372447073253 ], [ 76.845296206753773, 29.520462652745756 ], [ 76.844986795937402, 29.520466948376917 ], [ 76.844985158937206, 29.520376742688715 ], [ 76.844882022074898, 29.520378174400641 ], [ 76.844885295899957, 29.520558585786215 ], [ 76.844988432945044, 29.52055715406382 ], [ 76.844990069960147, 29.520647359749415 ], [ 76.84509320708915, 29.52064592794185 ], [ 76.845096481324489, 29.520826339298658 ], [ 76.844993344012707, 29.520827771116693 ], [ 76.844996618095095, 29.521008182478727 ], [ 76.844893480593086, 29.521009614227278 ] ] ] } },
{ "type": "Feature", "properties": { "pit_id": 308, "latitude": 29.844532, "longitude": 76.704827, "category": "pit", "area_ha": 0.66, "area_m2": 6600.0, "prob_max": 0.99, "prob_mean": 0.807, "new_pit": 0, "setting": "outside riverbed", "water_share": 0.273, "buildings_near": 0.157, "compactness": 0.634, "size_class": "medium (0.5-2 ha)", "google_maps": "https://www.google.com/maps?q=29.844532,76.704827" }, "geometry": { "type": "Polygon", "coordinates": [ [ [ 76.704474737011566, 29.844915293035612 ], [ 76.704470139895207, 29.844644668580113 ], [ 76.704366663583869, 29.844646004415615 ], [ 76.704368195856119, 29.844736212573601 ], [ 76.704264719444907, 29.844737548332937 ], [ 76.704263187265582, 29.844647340170098 ], [ 76.704159710940331, 29.844648675843573 ], [ 76.70415817886088, 29.844558467674577 ], [ 76.704261655093219, 29.844557132005963 ], [ 76.704260122927806, 29.844466923840518 ], [ 76.704156646788391, 29.844468259504282 ], [ 76.704155114722852, 29.844378051332686 ], [ 76.704362066808898, 29.844375379933826 ], [ 76.704360534564486, 29.844285171770611 ], [ 76.704464010504154, 29.844283835954503 ], [ 76.704462478173795, 29.844193627794837 ], [ 76.704979857303144, 29.844186947523188 ], [ 76.704981390098084, 29.84427715565861 ], [ 76.705084865996, 29.844275819356373 ], [ 76.705086398890813, 29.844366027485634 ], [ 76.705293350851562, 29.844363354628388 ], [ 76.705294883939189, 29.844453562746661 ], [ 76.705398360002036, 29.844452226191649 ], [ 76.705399893189536, 29.844542434303751 ], [ 76.705503369338331, 29.84454109766288 ], [ 76.705504902625719, 29.844631305768832 ], [ 76.705608378860475, 29.844629969042085 ], [ 76.705609912247724, 29.844720177141873 ], [ 76.705713388568441, 29.844718840329257 ], [ 76.705714922055591, 29.844809048422899 ], [ 76.705507969221358, 29.844811721976821 ], [ 76.705506435920057, 29.844721513873473 ], [ 76.704782101431363, 29.844730868726046 ], [ 76.704783634082247, 29.84482107686334 ], [ 76.704680157605949, 29.844822412951601 ], [ 76.704681690170872, 29.844912621092444 ], [ 76.704474737011566, 29.844915293035612 ] ] ] } },
{ "type": "Feature", "properties": { "pit_id": 309, "latitude": 29.52402, "longitude": 76.600606, "category": "pit", "area_ha": 0.13, "area_m2": 1300.0, "prob_max": 0.99, "prob_mean": 0.943, "new_pit": 0, "setting": "outside riverbed", "water_share": 0.923, "buildings_near": 0.131, "compactness": 1.0, "size_class": "small (0.1-0.5 ha)", "google_maps": "https://www.google.com/maps?q=29.524020,76.600606" }, "geometry": { "type": "Polygon", "coordinates": [ [ [ 76.600542151749053, 29.524267162432839 ], [ 76.600539310972735, 29.524086727917044 ], [ 76.600436157061182, 29.524087970127049 ], [ 76.600431896219561, 29.523817318330057 ], [ 76.600741357111744, 29.523813591500904 ], [ 76.600748459918506, 29.524264677754676 ], [ 76.600542151749053, 29.524267162432839 ] ] ] } },
{ "type": "Feature", "properties": { "pit_id": 310, "latitude": 29.739476, "longitude": 77.050339, "category": "pit", "area_ha": 0.32, "area_m2": 3200.0, "prob_max": 0.99, "prob_mean": 0.831, "new_pit": 0, "setting": "outside riverbed", "water_share": 0.938, "buildings_near": 0.016, "compactness": 0.958, "size_class": "small (0.1-0.5 ha)", "google_maps": "https://www.google.com/maps?q=29.739476,77.050339" }, "geometry": { "type": "Polygon", "coordinates": [ [ [ 77.050278645342701, 29.739854325129514 ], [ 77.050276810006295, 29.73976413345763 ], [ 77.050070114108408, 29.739767336682561 ], [ 77.050064608703423, 29.739496761623993 ], [ 77.050167956379468, 29.73949516006931 ], [ 77.050160615586861, 29.739134393329191 ], [ 77.050263962885154, 29.739132791717186 ], [ 77.050262127615497, 29.739042600034654 ], [ 77.05036547481312, 29.739040998347853 ], [ 77.050367310175133, 29.739131190024562 ], [ 77.050470657456756, 29.739129588251302 ], [ 77.050472492919454, 29.739219779920859 ], [ 77.050575840285077, 29.739218178061165 ], [ 77.050585018185487, 29.739669136359829 ], [ 77.050481670358096, 29.739670738248648 ], [ 77.050485341391934, 29.739851121570435 ], [ 77.050278645342701, 29.739854325129514 ] ] ] } },
{ "type": "Feature", "properties": { "pit_id": 311, "latitude": 29.835923, "longitude": 77.140777, "category": "pit", "area_ha": 0.24, "area_m2": 2400.0, "prob_max": 0.99, "prob_mean": 0.933, "new_pit": 0, "setting": "outside riverbed", "water_share": 1.0, "buildings_near": 0.005, "compactness": 1.0, "size_class": "small (0.1-0.5 ha)", "google_maps": "https://www.google.com/maps?q=29.835923,77.140777" }, "geometry": { "type": "Polygon", "coordinates": [ [ [ 77.140614891892781, 29.836218551079597 ], [ 77.140612968247027, 29.836128365945147 ], [ 77.140509527248383, 29.836130043033368 ], [ 77.140503756641891, 29.835859487603656 ], [ 77.140607197362172, 29.835857810533692 ], [ 77.140603350149291, 29.835677440252677 ], [ 77.141017112200856, 29.835670731212318 ], [ 77.141026732154245, 29.836121656783046 ], [ 77.140716409236944, 29.836126688776005 ], [ 77.140718332975482, 29.836216873904377 ], [ 77.140614891892781, 29.836218551079597 ] ] ] } },
{ "type": "Feature", "properties": { "pit_id": 312, "latitude": 29.839615, "longitude": 76.740763, "category": "pit", "area_ha": 0.42, "area_m2": 4200.0, "prob_max": 0.99, "prob_mean": 0.727, "new_pit": 0, "setting": "outside riverbed", "water_share": 0.952, "buildings_near": 0.011, "compactness": 0.501, "size_class": "small (0.1-0.5 ha)", "google_maps": "https://www.google.com/maps?q=29.839615,76.740763" }, "geometry": { "type": "Polygon", "coordinates": [ [ [ 76.740202127177653, 29.840118313847483 ], [ 76.740197434639569, 29.839847694288899 ], [ 76.740300904051509, 29.839846330577622 ], [ 76.740299339793481, 29.839756124060433 ], [ 76.740402809105419, 29.839754760273106 ], [ 76.74039811609525, 29.83948414072853 ], [ 76.74050158512145, 29.839482776875055 ], [ 76.740498456297757, 29.839302363848695 ], [ 76.740601925131045, 29.839300999924109 ], [ 76.740598796150024, 29.839120586902432 ], [ 76.740702264790443, 29.839119222906756 ], [ 76.740703829370304, 29.839209429413305 ], [ 76.740807298096513, 29.839208065331679 ], [ 76.74080573342377, 29.83911785883009 ], [ 76.740909202049991, 29.839116494672417 ], [ 76.740913896368184, 29.839387114158423 ], [ 76.740810427463316, 29.839388478330946 ], [ 76.740813556858527, 29.839568891324983 ], [ 76.740917025949187, 29.839567527142563 ], [ 76.740923285196473, 29.839928353095139 ], [ 76.740819815734255, 29.839929717297363 ], [ 76.740821380470962, 29.840019923787196 ], [ 76.740717910908756, 29.840021287913384 ], [ 76.740719475559686, 29.840111494406838 ], [ 76.740202127177653, 29.840118313847483 ] ], [ [ 76.740405937814387, 29.839935173296293 ], [ 76.740716346264961, 29.839931081418595 ], [ 76.740711652376163, 29.839660461926428 ], [ 76.740608183178409, 29.83966182595179 ], [ 76.740606618655917, 29.839571619446843 ], [ 76.74050314954394, 29.839572983386262 ], [ 76.7405078428541, 29.839843602912069 ], [ 76.740404373456357, 29.839844966785339 ], [ 76.740405937814387, 29.839935173296293 ] ] ] } },
{ "type": "Feature", "properties": { "pit_id": 313, "latitude": 29.835544, "longitude": 76.896958, "category": "pit", "area_ha": 1.79, "area_m2": 17900.0, "prob_max": 0.99, "prob_mean": 0.801, "new_pit": 0, "setting": "outside riverbed", "water_share": 0.369, "buildings_near": 0.0, "compactness": 0.758, "size_class": "medium (0.5-2 ha)", "google_maps": "https://www.google.com/maps?q=29.835544,76.896958" }, "geometry": { "type": "Polygon", "coordinates": [ [ [ 76.897233410389561, 29.836511745128039 ], [ 76.897231705352283, 29.836421546440537 ], [ 76.896507507239988, 29.836431950171797 ], [ 76.896495576744854, 29.83580055905799 ], [ 76.896392120490589, 29.835802044943698 ], [ 76.89639041625793, 29.835711846202482 ], [ 76.89649387241937, 29.83571036032216 ], [ 76.896476829590213, 29.834808372891199 ], [ 76.89658028481557, 29.834806886983859 ], [ 76.896576876156956, 29.834626489492599 ], [ 76.897301061217988, 29.834616085949811 ], [ 76.897302766193249, 29.834706284658342 ], [ 76.897406221263836, 29.834704798108714 ], [ 76.897438619028961, 29.836418573217209 ], [ 76.897335162194494, 29.836420059869354 ], [ 76.897336867324611, 29.836510258551456 ], [ 76.897233410389561, 29.836511745128039 ] ] ] } },
{ "type": "Feature", "properties": { "pit_id": 314, "latitude": 29.524458, "longitude": 76.83629, "category": "pit", "area_ha": 0.1, "area_m2": 1000.0, "prob_max": 0.99, "prob_mean": 0.696, "new_pit": 0, "setting": "outside riverbed", "water_share": 0.5, "buildings_near": -0.0, "compactness": 1.0, "size_class": "small (0.1-0.5 ha)", "google_maps": "https://www.google.com/maps?q=29.524458,76.836290" }, "geometry": { "type": "Polygon", "coordinates": [ [ [ 76.83619193922479, 29.524739264735633 ], [ 76.836185421339621, 29.524378440420158 ], [ 76.836288562764111, 29.52437701527986 ], [ 76.836286933219966, 29.524286809202934 ], [ 76.836183791886896, 29.524288234338005 ], [ 76.836182162441574, 29.52419802825457 ], [ 76.836388444917517, 29.524195177914859 ], [ 76.836396593132335, 29.524646208266947 ], [ 76.836293451441065, 29.524647633502809 ], [ 76.836295081014882, 29.524737839574509 ], [ 76.83619193922479, 29.524739264735633 ] ] ] } },
{ "type": "Feature", "properties": { "pit_id": 315, "latitude": 29.527959, "longitude": 76.56922, "category": "pit", "area_ha": 0.22, "area_m2": 2200.0, "prob_max": 0.99, "prob_mean": 0.92, "new_pit": 0, "setting": "outside riverbed", "water_share": 0.727, "buildings_near": 0.126, "compactness": 1.0, "size_class": "small (0.1-0.5 ha)", "google_maps": "https://www.google.com/maps?q=29.527959,76.569220" }, "geometry": { "type": "Polygon", "coordinates": [ [ [ 76.569134167378493, 29.528160856093628 ], [ 76.569132774632536, 29.528070637515643 ], [ 76.56892645557852, 29.528073073413371 ], [ 76.568925063021851, 29.527982854825186 ], [ 76.56882190357679, 29.527984072649577 ], [ 76.568819118665417, 29.527803635460486 ], [ 76.568922277927541, 29.527802417644988 ], [ 76.56892367047152, 29.527892636235727 ], [ 76.569026829818768, 29.527891418335784 ], [ 76.569025437183299, 29.52780119974949 ], [ 76.569541233366991, 29.52779510907181 ], [ 76.569545412664453, 29.528065764760068 ], [ 76.569442253166002, 29.528066983068989 ], [ 76.569443646186372, 29.528157201633615 ], [ 76.569134167378493, 29.528160856093628 ] ] ] } },
{ "type": "Feature", "properties": { "pit_id": 316, "latitude": 29.832068, "longitude": 76.974183, "category": "pit", "area_ha": 0.16, "area_m2": 1600.0, "prob_max": 0.99, "prob_mean": 0.83, "new_pit": 0, "setting": "outside riverbed", "water_share": 1.0, "buildings_near": 0.0, "compactness": 1.0, "size_class": "small (0.1-0.5 ha)", "google_maps": "https://www.google.com/maps?q=29.832068,76.974183" }, "geometry": { "type": "Polygon", "coordinates": [ [ [ 76.974037664294585, 29.832228090212435 ], [ 76.974035890566981, 29.83213789556822 ], [ 76.973932442834851, 29.832139442012846 ], [ 76.973930669208087, 29.832049247361692 ], [ 76.973827221560725, 29.83205079371977 ], [ 76.973825448034802, 29.831960599061677 ], [ 76.974135790674353, 29.83195595976148 ], [ 76.974134016878097, 29.831865765118895 ], [ 76.974237464315692, 29.83186421852924 ], [ 76.97423923820476, 29.831954413166194 ], [ 76.974446133241386, 29.831951319732841 ], [ 76.97445145551373, 29.832221903602097 ], [ 76.974037664294585, 29.832228090212435 ] ] ] } },
{ "type": "Feature", "properties": { "pit_id": 317, "latitude": 29.833316, "longitude": 76.88106, "category": "pit", "area_ha": 0.29, "area_m2": 2900.0, "prob_max": 0.99, "prob_mean": 0.744, "new_pit": 0, "setting": "outside riverbed", "water_share": 1.0, "buildings_near": 0.0, "compactness": 0.834, "size_class": "small (0.1-0.5 ha)", "google_maps": "https://www.google.com/maps?q=29.833316,76.881060" }, "geometry": { "type": "Polygon", "coordinates": [ [ [ 76.880619359600601, 29.833501370010254 ], [ 76.880615979796005, 29.833320970819923 ], [ 76.880719434436827, 29.833319497401295 ], [ 76.880717744453221, 29.833229297809503 ], [ 76.880821198993544, 29.833227824315266 ], [ 76.880817818863704, 29.833047425138425 ], [ 76.880921273210689, 29.833045951573922 ], [ 76.880922963364597, 29.833136151157653 ], [ 76.881026417796747, 29.833134677506852 ], [ 76.881028108051169, 29.833224877083929 ], [ 76.88113156256847, 29.83322340334681 ], [ 76.881129872221209, 29.833133203775095 ], [ 76.881440235448551, 29.833128782094082 ], [ 76.881441926074288, 29.833218981649754 ], [ 76.881545380560866, 29.833217507588817 ], [ 76.881547071287102, 29.833307707137809 ], [ 76.881443616707699, 29.833309181204097 ], [ 76.881445307348798, 29.833399380757132 ], [ 76.881341852668868, 29.833400854747804 ], [ 76.881343543224816, 29.833491054304861 ], [ 76.880619359600601, 29.833501370010254 ] ] ] } },
{ "type": "Feature", "properties": { "pit_id": 318, "latitude": 29.831522, "longitude": 76.973814, "category": "pit", "area_ha": 0.38, "area_m2": 3800.0, "prob_max": 0.99, "prob_mean": 0.81, "new_pit": 0, "setting": "outside riverbed", "water_share": 1.0, "buildings_near": 0.001, "compactness": 0.735, "size_class": "small (0.1-0.5 ha)", "google_maps": "https://www.google.com/maps?q=29.831522,76.973814" }, "geometry": { "type": "Polygon", "coordinates": [ [ [ 76.97340811145078, 29.831786394297083 ], [ 76.973404565197754, 29.831606004926709 ], [ 76.973301117974131, 29.831607550852048 ], [ 76.973297571938929, 29.831427161465115 ], [ 76.973401018976958, 29.831425615551012 ], [ 76.973399245878639, 29.831335420861173 ], [ 76.973813033579006, 29.83132923641784 ], [ 76.973814807048527, 29.831419431085227 ], [ 76.97402170103598, 29.831416338366708 ], [ 76.974019927380866, 29.831326143710555 ], [ 76.974433714887923, 29.831319957324766 ], [ 76.974439036991058, 29.831590541221917 ], [ 76.974335589847982, 29.831592087956604 ], [ 76.974333815898348, 29.831501893319921 ], [ 76.974230368840011, 29.831503439968074 ], [ 76.974232142696849, 29.831593634610361 ], [ 76.973921801195104, 29.831598274086016 ], [ 76.97392357478158, 29.83168846874381 ], [ 76.973820127505419, 29.831690015079435 ], [ 76.97382190100717, 29.831780209741506 ], [ 76.97340811145078, 29.831786394297083 ] ] ] } },
{ "type": "Feature", "properties": { "pit_id": 319, "latitude": 29.828653, "longitude": 76.893272, "category": "pit", "area_ha": 0.26, "area_m2": 2600.0, "prob_max": 0.99, "prob_mean": 0.853, "new_pit": 0, "setting": "outside riverbed", "water_share": 1.0, "buildings_near": 0.001, "compactness": 0.956, "size_class": "small (0.1-0.5 ha)", "google_maps": "https://www.google.com/maps?q=29.828653,76.893272" }, "geometry": { "type": "Polygon", "coordinates": [ [ [ 76.892950541712793, 29.82890423032233 ], [ 76.892945439734973, 29.828633633272315 ], [ 76.893048888810981, 29.828632150408101 ], [ 76.893047188074348, 29.828541951394172 ], [ 76.893150637049843, 29.828540468454388 ], [ 76.89314893622813, 29.828450269444517 ], [ 76.893252385103082, 29.828448786429185 ], [ 76.893250684196289, 29.828358587423377 ], [ 76.893354132970728, 29.828357104332493 ], [ 76.893352431978869, 29.828266905330754 ], [ 76.893455880652752, 29.828265422164311 ], [ 76.893460983929955, 29.828536019149421 ], [ 76.893564432874527, 29.828534535885876 ], [ 76.893567835283562, 29.828714933858581 ], [ 76.893464386153383, 29.828716417132885 ], [ 76.893467788407705, 29.828896815111065 ], [ 76.892950541712793, 29.82890423032233 ] ], [ [ 76.893050589555344, 29.828722349420698 ], [ 76.893154038716432, 29.82872086647015 ], [ 76.893152337879272, 29.828630667462928 ], [ 76.893048888810981, 29.828632150408101 ], [ 76.893050589555344, 29.828722349420698 ] ] ] } },
{ "type": "Feature", "properties": { "pit_id": 320, "latitude": 29.869004, "longitude": 77.116715, "category": "pit", "area_ha": 0.33, "area_m2": 3300.0, "prob_max": 0.99, "prob_mean": 0.891, "new_pit": 0, "setting": "outside riverbed", "water_share": 1.0, "buildings_near": 0.079, "compactness": 1.0, "size_class": "small (0.1-0.5 ha)", "google_maps": "https://www.google.com/maps?q=29.869004,77.116715" }, "geometry": { "type": "Polygon", "coordinates": [ [ [ 77.116581123118848, 29.869264529034041 ], [ 77.116579218521494, 29.869174342939576 ], [ 77.116268788419077, 29.869179322473624 ], [ 77.116264979807966, 29.868998950244553 ], [ 77.116368456331529, 29.868997290492942 ], [ 77.116366551946015, 29.868907104382398 ], [ 77.116470028367985, 29.868905444555772 ], [ 77.116468123898173, 29.868815258449924 ], [ 77.116778552833395, 29.868810278501901 ], [ 77.116776648093392, 29.868720092412747 ], [ 77.116983600487771, 29.868716772054299 ], [ 77.116985505413666, 29.86880695813139 ], [ 77.117088981690827, 29.868805297824597 ], [ 77.117094696799185, 29.869075856029774 ], [ 77.116991220243207, 29.869077516354636 ], [ 77.116993125203692, 29.86916770242636 ], [ 77.116889648546106, 29.869169362676224 ], [ 77.116891553422292, 29.86925954875262 ], [ 77.116581123118848, 29.869264529034041 ] ] ] } },
{ "type": "Feature", "properties": { "pit_id": 321, "latitude": 29.492836, "longitude": 76.990315, "category": "pit", "area_ha": 0.04, "area_m2": 400.0, "prob_max": 0.99, "prob_mean": 0.948, "new_pit": 0, "setting": "outside riverbed", "water_share": 1.0, "buildings_near": 0.111, "compactness": 1.0, "size_class": "tiny (<0.1 ha)", "google_maps": "https://www.google.com/maps?q=29.492836,76.990315" }, "geometry": { "type": "Polygon", "coordinates": [ [ [ 76.99021394733326, 29.492928186301015 ], [ 76.990210419681361, 29.492747789545056 ], [ 76.990416619816699, 29.492744703189448 ], [ 76.990420147833504, 29.49292509992285 ], [ 76.99021394733326, 29.492928186301015 ] ] ] } },
{ "type": "Feature", "properties": { "pit_id": 322, "latitude": 29.869769, "longitude": 77.124177, "category": "pit", "area_ha": 0.36, "area_m2": 3600.0, "prob_max": 0.99, "prob_mean": 0.94, "new_pit": 0, "setting": "outside riverbed", "water_share": 1.0, "buildings_near": 0.005, "compactness": 0.815, "size_class": "small (0.1-0.5 ha)", "google_maps": "https://www.google.com/maps?q=29.869769,77.124177" }, "geometry": { "type": "Polygon", "coordinates": [ [ [ 77.124364796823954, 29.870222030809472 ], [ 77.124362885151783, 29.870131845183455 ], [ 77.124259407993932, 29.870133511259144 ], [ 77.124257496423382, 29.870043325625733 ], [ 77.124154019349788, 29.870044991614328 ], [ 77.124152107880874, 29.869954805973549 ], [ 77.124048630891551, 29.869956471875067 ], [ 77.124046719524245, 29.869866286226898 ], [ 77.123943242619205, 29.869867952041343 ], [ 77.123939420096519, 29.869687580728886 ], [ 77.123835943368675, 29.869689246450221 ], [ 77.123832121066584, 29.869508875120303 ], [ 77.12372864451595, 29.869510540748525 ], [ 77.123724822434454, 29.869330169401142 ], [ 77.12393177515527, 29.869326838087829 ], [ 77.123933686377555, 29.869417023750113 ], [ 77.124037162817899, 29.869415357965867 ], [ 77.124039074141805, 29.869505543620765 ], [ 77.124142550666406, 29.869503877749445 ], [ 77.124144462091948, 29.869594063396946 ], [ 77.124351415300993, 29.869590731399128 ], [ 77.12435332692111, 29.869680917033218 ], [ 77.124456803605554, 29.86967925090671 ], [ 77.124460627057672, 29.869859622158753 ], [ 77.124564103919354, 29.869857955939125 ], [ 77.124569839441463, 29.870128512788995 ], [ 77.124466362300964, 29.870130179026749 ], [ 77.124468274066089, 29.87022036464672 ], [ 77.124364796823954, 29.870222030809472 ] ] ] } },
{ "type": "Feature", "properties": { "pit_id": 323, "latitude": 29.89003, "longitude": 77.051604, "category": "pit", "area_ha": 0.34, "area_m2": 3400.0, "prob_max": 0.99, "prob_mean": 0.764, "new_pit": 0, "setting": "outside riverbed", "water_share": 1.0, "buildings_near": 0.122, "compactness": 0.775, "size_class": "small (0.1-0.5 ha)", "google_maps": "https://www.google.com/maps?q=29.890030,77.051604" }, "geometry": { "type": "Polygon", "coordinates": [ [ [ 77.05169557775001, 29.890317948399588 ], [ 77.051693729945399, 29.890227758861929 ], [ 77.051383221783723, 29.89023258887104 ], [ 77.051381374266654, 29.890142399314545 ], [ 77.051277871622389, 29.890144009149516 ], [ 77.051274176799538, 29.889963630020851 ], [ 77.05117067433298, 29.889965239763036 ], [ 77.051166979729771, 29.889784860617333 ], [ 77.051787993286581, 29.889775201017532 ], [ 77.051789841142337, 29.889865390556032 ], [ 77.051893343465494, 29.889863780333009 ], [ 77.051897039388251, 29.890044159394318 ], [ 77.052000541889157, 29.890042549078498 ], [ 77.052006086115369, 29.890313117642929 ], [ 77.05169557775001, 29.890317948399588 ] ], [ [ 77.051688186581842, 29.889957190240946 ], [ 77.051791689006464, 29.889955580093204 ], [ 77.051789841142337, 29.889865390556032 ], [ 77.051686338810768, 29.889867000697947 ], [ 77.051688186581842, 29.889957190240946 ] ] ] } },
{ "type": "Feature", "properties": { "pit_id": 324, "latitude": 29.460566, "longitude": 77.054618, "category": "pit", "area_ha": 0.03, "area_m2": 300.0, "prob_max": 0.99, "prob_mean": 0.823, "new_pit": 0, "setting": "outside riverbed", "water_share": 0.667, "buildings_near": -0.0, "compactness": 1.0, "size_class": "tiny (<0.1 ha)", "google_maps": "https://www.google.com/maps?q=29.460566,77.054618" }, "geometry": { "type": "Polygon", "coordinates": [ [ [ 77.054534006273514, 29.460642522148181 ], [ 77.054530369443114, 29.460462131695479 ], [ 77.054633432747195, 29.460460540287865 ], [ 77.054635251249294, 29.460550735509056 ], [ 77.054738314636154, 29.460549144015904 ], [ 77.054740133237615, 29.460639339229953 ], [ 77.054534006273514, 29.460642522148181 ] ] ] } },
{ "type": "Feature", "properties": { "pit_id": 325, "latitude": 29.90282, "longitude": 76.777946, "category": "pit", "area_ha": 0.59, "area_m2": 5900.0, "prob_max": 0.99, "prob_mean": 0.734, "new_pit": 0, "setting": "outside riverbed", "water_share": 0.881, "buildings_near": 0.003, "compactness": 0.361, "size_class": "medium (0.5-2 ha)", "google_maps": "https://www.google.com/maps?q=29.902820,76.777946" }, "geometry": { "type": "Polygon", "coordinates": [ [ [ 76.777962496725706, 29.90349512610938 ], [ 76.777959292313028, 29.903314718470028 ], [ 76.777855759477902, 29.90331611435839 ], [ 76.777854157375643, 29.903225910531688 ], [ 76.777750624626407, 29.903227306333786 ], [ 76.777747420630078, 29.903046898666318 ], [ 76.777643888059927, 29.903048294377097 ], [ 76.777640684279035, 29.902867886694274 ], [ 76.777537151887969, 29.902869282313723 ], [ 76.777529143028886, 29.902418263058397 ], [ 76.77783973878266, 29.902414076032304 ], [ 76.777838136753132, 29.902323872192479 ], [ 76.778045200366265, 29.902321080445894 ], [ 76.77804359815768, 29.902230876614869 ], [ 76.778147129860159, 29.902229480624833 ], [ 76.778148732161938, 29.902319684450788 ], [ 76.778252263950321, 29.902318288374492 ], [ 76.778261878472748, 29.902859511272325 ], [ 76.778158346125323, 29.90286090737898 ], [ 76.778161550837979, 29.903041315011205 ], [ 76.778265083371764, 29.903039918894432 ], [ 76.778268288299856, 29.903220326511299 ], [ 76.778164755579724, 29.9032217226382 ], [ 76.778169562746882, 29.903492334068826 ], [ 76.777962496725706, 29.90349512610938 ] ], [ [ 76.777747420630078, 29.903046898666318 ], [ 76.777850953192967, 29.903045502874342 ], [ 76.777846146973488, 29.902774891378495 ], [ 76.777742614690126, 29.902776287155291 ], [ 76.777747420630078, 29.903046898666318 ] ], [ [ 76.777952883574955, 29.902953903175586 ], [ 76.778056416030125, 29.902952507226271 ], [ 76.778054813770609, 29.902862303404444 ], [ 76.777951281408633, 29.902863699348696 ], [ 76.777952883574955, 29.902953903175586 ] ], [ [ 76.777846146973488, 29.902774891378495 ], [ 76.777949679249559, 29.902773495520499 ], [ 76.777946474953254, 29.902593087860147 ], [ 76.777842942863529, 29.902594483708018 ], [ 76.777846146973488, 29.902774891378495 ] ], [ [ 76.777946474953254, 29.902593087860147 ], [ 76.778050007035716, 29.902591691931065 ], [ 76.778046802582153, 29.902411284275587 ], [ 76.777943270686038, 29.902412680194544 ], [ 76.777946474953254, 29.902593087860147 ] ] ] } },
{ "type": "Feature", "properties": { "pit_id": 326, "latitude": 29.472191, "longitude": 76.552114, "category": "likely village pond", "area_ha": 0.43, "area_m2": 4300.0, "prob_max": 0.99, "prob_mean": 0.891, "new_pit": 0, "setting": "outside riverbed", "water_share": 0.791, "buildings_near": 0.206, "compactness": 1.0, "size_class": "small (0.1-0.5 ha)", "google_maps": "https://www.google.com/maps?q=29.472191,76.552114" }, "geometry": { "type": "Polygon", "coordinates": [ [ [ 76.551982906126781, 29.47250632836457 ], [ 76.551981531715057, 29.472416108292727 ], [ 76.551878427737648, 29.472417310914903 ], [ 76.551877053423425, 29.472327090837375 ], [ 76.551773949530968, 29.472328293375323 ], [ 76.551771201103719, 29.472147853207645 ], [ 76.551668097387434, 29.472149055656963 ], [ 76.551665349167664, 29.471968615475333 ], [ 76.551871556229088, 29.471966210514456 ], [ 76.551870181946171, 29.471875990430526 ], [ 76.552282595629009, 29.471871179568378 ], [ 76.55228397027679, 29.471961399634715 ], [ 76.552387073773062, 29.471960196715202 ], [ 76.552389823269849, 29.472140636835231 ], [ 76.552492926942278, 29.472139433827081 ], [ 76.552498426375919, 29.472500314034146 ], [ 76.551982906126781, 29.47250632836457 ] ] ] } },
{ "type": "Feature", "properties": { "pit_id": 327, "latitude": 29.476649, "longitude": 76.530512, "category": "pit", "area_ha": 0.32, "area_m2": 3200.0, "prob_max": 0.99, "prob_mean": 0.629, "new_pit": 0, "setting": "outside riverbed", "water_share": 0.0, "buildings_near": 0.0, "compactness": 0.68, "size_class": "small (0.1-0.5 ha)", "google_maps": "https://www.google.com/maps?q=29.476649,76.530512" }, "geometry": { "type": "Polygon", "coordinates": [ [ [ 76.530395974434725, 29.477087733944575 ], [ 76.530393263337103, 29.476907292087684 ], [ 76.530290153765705, 29.476908478148317 ], [ 76.530284732009562, 29.476547594401833 ], [ 76.530490950416251, 29.476545222235412 ], [ 76.530489594810177, 29.476455001304277 ], [ 76.53028337658597, 29.476457373462004 ], [ 76.530282021168546, 29.47636715252089 ], [ 76.530385130192499, 29.476365966486284 ], [ 76.530383774690023, 29.476275745548229 ], [ 76.530280665757303, 29.476276931578493 ], [ 76.530279310352242, 29.476186710634831 ], [ 76.530588636858113, 29.476183152317503 ], [ 76.530589992536903, 29.476273373248155 ], [ 76.530693101451078, 29.476272186978338 ], [ 76.530697168798227, 29.476542849749602 ], [ 76.530800277979949, 29.476541663386925 ], [ 76.53080163386592, 29.476631884303774 ], [ 76.530698524592964, 29.476633070670793 ], [ 76.530701236200969, 29.476813512509338 ], [ 76.530598126739335, 29.476814698805185 ], [ 76.530599482461369, 29.47690491972687 ], [ 76.530805701560908, 29.476902547046645 ], [ 76.53080705747162, 29.476992767958382 ], [ 76.530600838189571, 29.476995140647283 ], [ 76.530602193923954, 29.477085361566409 ], [ 76.530395974434725, 29.477087733944575 ] ], [ [ 76.530489594810177, 29.476455001304277 ], [ 76.530592703913001, 29.476453815105625 ], [ 76.530589992536903, 29.476273373248155 ], [ 76.530486883616547, 29.476274559438117 ], [ 76.530489594810177, 29.476455001304277 ] ] ] } },
{ "type": "Feature", "properties": { "pit_id": 328, "latitude": 29.898033, "longitude": 77.002683, "category": "pit", "area_ha": 0.24, "area_m2": 2400.0, "prob_max": 0.99, "prob_mean": 0.917, "new_pit": 0, "setting": "outside riverbed", "water_share": 1.0, "buildings_near": 0.016, "compactness": 0.812, "size_class": "small (0.1-0.5 ha)", "google_maps": "https://www.google.com/maps?q=29.898033,77.002683" }, "geometry": { "type": "Polygon", "coordinates": [ [ [ 77.002985665558114, 29.898284270592598 ], [ 77.002983861025044, 29.898194078439335 ], [ 77.00236277647663, 29.898203510731598 ], [ 77.002360972510374, 29.898113318542816 ], [ 77.002464486529149, 29.898111746702675 ], [ 77.002462682477983, 29.898021554518255 ], [ 77.002359168552317, 29.898023126352697 ], [ 77.00235556066076, 29.897842741968468 ], [ 77.002459074400207, 29.897841170145419 ], [ 77.002457270373611, 29.897750977956992 ], [ 77.002664297641743, 29.897747834078839 ], [ 77.002666101854558, 29.897838026255872 ], [ 77.002769615569434, 29.897836454189374 ], [ 77.002771419883544, 29.897926646359359 ], [ 77.002874933683344, 29.897925074206029 ], [ 77.002878542522339, 29.898105458530612 ], [ 77.003085570469793, 29.89810231395769 ], [ 77.003087375087773, 29.898192506106604 ], [ 77.003190889142331, 29.898190933692714 ], [ 77.003192693861607, 29.898281125834576 ], [ 77.002985665558114, 29.898284270592598 ] ] ] } },
{ "type": "Feature", "properties": { "pit_id": 329, "latitude": 29.897999, "longitude": 77.001718, "category": "pit", "area_ha": 0.16, "area_m2": 1600.0, "prob_max": 0.99, "prob_mean": 0.819, "new_pit": 0, "setting": "outside riverbed", "water_share": 1.0, "buildings_near": 0.019, "compactness": 1.0, "size_class": "small (0.1-0.5 ha)", "google_maps": "https://www.google.com/maps?q=29.897999,77.001718" }, "geometry": { "type": "Polygon", "coordinates": [ [ [ 77.001327634907611, 29.898219224726834 ], [ 77.001324028845431, 29.898038840234012 ], [ 77.001531056852286, 29.898035698106938 ], [ 77.001529253647263, 29.897945505869913 ], [ 77.001736281435171, 29.897942363429639 ], [ 77.001732674677228, 29.897761978974387 ], [ 77.00193970206, 29.897758836232295 ], [ 77.001943309190338, 29.897939220664764 ], [ 77.00204682305565, 29.897937649160614 ], [ 77.002048626726207, 29.898027841369153 ], [ 77.001945112767785, 29.898029412879001 ], [ 77.001946916353432, 29.898119605091907 ], [ 77.001429345973065, 29.898127461452432 ], [ 77.00143114910135, 29.898217653692477 ], [ 77.001327634907611, 29.898219224726834 ] ] ] } },
{ "type": "Feature", "properties": { "pit_id": 330, "latitude": 29.894127, "longitude": 77.184697, "category": "pit", "area_ha": 0.65, "area_m2": 6500.0, "prob_max": 0.99, "prob_mean": 0.756, "new_pit": 0, "setting": "Yamuna riverbed", "water_share": 1.0, "buildings_near": -0.0, "compactness": 0.391, "size_class": "medium (0.5-2 ha)", "google_maps": "https://www.google.com/maps?q=29.894127,77.184697" }, "geometry": { "type": "Polygon", "coordinates": [ [ [ 77.1847376177694, 29.895127679050781 ], [ 77.184735649817853, 29.895037497353893 ], [ 77.18463215105885, 29.895039212047084 ], [ 77.184630183209279, 29.894949030342627 ], [ 77.184733681875244, 29.894947315655656 ], [ 77.184729746016828, 29.894766952255107 ], [ 77.184626247536968, 29.894768666929661 ], [ 77.1846242797142, 29.894678485221156 ], [ 77.184727778101021, 29.894676770552813 ], [ 77.184725810194138, 29.894586588849155 ], [ 77.184622311900355, 29.894588303511277 ], [ 77.18462034409545, 29.894498121800069 ], [ 77.184723842296179, 29.894496407144157 ], [ 77.184719906527079, 29.894316043730104 ], [ 77.184616408512426, 29.894317758373589 ], [ 77.184618376299483, 29.894407940087508 ], [ 77.184411380057327, 29.89441136914359 ], [ 77.184409412456361, 29.894321187417237 ], [ 77.184305914414935, 29.894322901817407 ], [ 77.184303946915946, 29.894232720083505 ], [ 77.184717938655922, 29.894225862021045 ], [ 77.18471597079369, 29.89413568031064 ], [ 77.184508975127656, 29.89413910949164 ], [ 77.184507007460454, 29.894048927767457 ], [ 77.184403509707082, 29.894050642230088 ], [ 77.184389736937959, 29.893419370079439 ], [ 77.184700228217395, 29.893414226578731 ], [ 77.184704163807893, 29.893594590019813 ], [ 77.184807661069257, 29.893592875344954 ], [ 77.184803725292682, 29.893412511916303 ], [ 77.184907222359044, 29.893410797172759 ], [ 77.184940679180386, 29.894943886038359 ], [ 77.184837180532284, 29.894945600887564 ], [ 77.184841116612517, 29.89512596427026 ], [ 77.1847376177694, 29.895127679050781 ] ], [ [ 77.184497169258364, 29.893598019126255 ], [ 77.184600666537591, 29.893596304613592 ], [ 77.184598698830911, 29.893506122887498 ], [ 77.184495201644737, 29.893507837393951 ], [ 77.184497169258364, 29.893598019126255 ] ] ] } },
{ "type": "Feature", "properties": { "pit_id": 331, "latitude": 29.475677, "longitude": 77.073346, "category": "pit", "area_ha": 0.16, "area_m2": 1600.0, "prob_max": 0.99, "prob_mean": 0.802, "new_pit": 1, "setting": "outside riverbed", "water_share": 0.0, "buildings_near": -0.0, "compactness": 1.0, "size_class": "small (0.1-0.5 ha)", "google_maps": "https://www.google.com/maps?q=29.475677,77.073346" }, "geometry": { "type": "Polygon", "coordinates": [ [ [ 77.073093614618529, 29.475963174294424 ], [ 77.073091778635089, 29.47587298033331 ], [ 77.073194856316263, 29.475871373794003 ], [ 77.073193020250073, 29.475781179837437 ], [ 77.073296097831758, 29.475779573224241 ], [ 77.073292425542206, 29.475599185318874 ], [ 77.073189348142762, 29.475600791920321 ], [ 77.073185676068931, 29.475420403997898 ], [ 77.073391830494913, 29.475417190738742 ], [ 77.073389994288291, 29.475326996787285 ], [ 77.073493071397607, 29.475325390043938 ], [ 77.073504089309608, 29.475866553697504 ], [ 77.07340101165353, 29.475868160476104 ], [ 77.073402847910344, 29.475958354419586 ], [ 77.073093614618529, 29.475963174294424 ] ], [ [ 77.073292425542206, 29.475599185318874 ], [ 77.073395502933266, 29.475597578637672 ], [ 77.073393666709904, 29.475507384688864 ], [ 77.073290589409964, 29.475508991364197 ], [ 77.073292425542206, 29.475599185318874 ] ] ] } },
{ "type": "Feature", "properties": { "pit_id": 332, "latitude": 29.892048, "longitude": 77.181398, "category": "pit", "area_ha": 0.28, "area_m2": 2800.0, "prob_max": 0.99, "prob_mean": 0.763, "new_pit": 0, "setting": "outside riverbed", "water_share": 1.0, "buildings_near": -0.0, "compactness": 0.907, "size_class": "small (0.1-0.5 ha)", "google_maps": "https://www.google.com/maps?q=29.892048,77.181398" }, "geometry": { "type": "Polygon", "coordinates": [ [ [ 77.181470201072997, 29.892475339748263 ], [ 77.181468236273489, 29.892385157818318 ], [ 77.18136474002911, 29.89238686981107 ], [ 77.181358845963217, 29.892116323994511 ], [ 77.181048358013868, 29.892121459430356 ], [ 77.181042464865541, 29.891850913545781 ], [ 77.181145960578476, 29.891849201833548 ], [ 77.181143996120497, 29.891759019875536 ], [ 77.181247491731497, 29.891757308088405 ], [ 77.181249456282501, 29.891847490040213 ], [ 77.181352951977601, 29.891845778165784 ], [ 77.181350987333545, 29.891755596220182 ], [ 77.181557978510938, 29.891752172240437 ], [ 77.181559943341043, 29.89184235417364 ], [ 77.181663439009398, 29.891840642055925 ], [ 77.18166736888243, 29.892021005905864 ], [ 77.181563873028011, 29.892022718035999 ], [ 77.181565837884875, 29.892112899965138 ], [ 77.181669333832332, 29.892111187828789 ], [ 77.181673263758881, 29.892291551670624 ], [ 77.181569767625362, 29.892293263819365 ], [ 77.181573697401504, 29.892473627668203 ], [ 77.181470201072997, 29.892475339748263 ] ], [ [ 77.181253385411253, 29.892027853939798 ], [ 77.18135688129243, 29.892026142052963 ], [ 77.181354916630553, 29.89193596011005 ], [ 77.181251420842429, 29.891937671990682 ], [ 77.181253385411253, 29.892027853939798 ] ] ] } },
{ "type": "Feature", "properties": { "pit_id": 333, "latitude": 29.890607, "longitude": 77.181026, "category": "pit", "area_ha": 1.64, "area_m2": 16400.0, "prob_max": 0.99, "prob_mean": 0.831, "new_pit": 0, "setting": "outside riverbed", "water_share": 1.0, "buildings_near": 0.0, "compactness": 0.373, "size_class": "medium (0.5-2 ha)", "google_maps": "https://www.google.com/maps?q=29.890607,77.181026" }, "geometry": { "type": "Polygon", "coordinates": [ [ [ 77.181764969652647, 29.891748747936322 ], [ 77.18176300464539, 29.89165856601419 ], [ 77.181142031671456, 29.891668837916175 ], [ 77.181132209559877, 29.891217928099049 ], [ 77.181028714498183, 29.891219639767858 ], [ 77.181026750195642, 29.891129457794186 ], [ 77.180923255218048, 29.891131169375694 ], [ 77.180919326825787, 29.890950805411862 ], [ 77.180712337215979, 29.890954228306789 ], [ 77.180708409231499, 29.890773864312759 ], [ 77.180604914599272, 29.890775575626179 ], [ 77.180606878494032, 29.890865757630074 ], [ 77.180503383759884, 29.890867468868603 ], [ 77.180507311390087, 29.891047832884759 ], [ 77.180403816460952, 29.891049544054603 ], [ 77.180395961608326, 29.890688815992075 ], [ 77.180602950713435, 29.89068539362092 ], [ 77.180600986836509, 29.890595211614329 ], [ 77.180497492381434, 29.890596922834245 ], [ 77.180489637334944, 29.890236194769525 ], [ 77.180593131417908, 29.890234483574417 ], [ 77.180589203762096, 29.890054119546352 ], [ 77.180485709865181, 29.890055830729057 ], [ 77.180470000342623, 29.889334374513155 ], [ 77.180780479774029, 29.889329240870644 ], [ 77.180782443712218, 29.889419422883744 ], [ 77.180885936931233, 29.889417711501192 ], [ 77.180891829078362, 29.889688257513811 ], [ 77.180995322567512, 29.889686546031548 ], [ 77.180999250896221, 29.889866910020793 ], [ 77.181102744562509, 29.889865198445047 ], [ 77.181106673112936, 29.890045562416482 ], [ 77.181210166956362, 29.890043850747237 ], [ 77.181212131337958, 29.89013403272472 ], [ 77.181108637401522, 29.890135744400169 ], [ 77.181110601699004, 29.890225926382506 ], [ 77.181214095728492, 29.890224214700858 ], [ 77.181218024536278, 29.890404578649061 ], [ 77.181321518742891, 29.890402866873909 ], [ 77.181327412300519, 29.890673412767484 ], [ 77.181430906777308, 29.890671700892625 ], [ 77.181436800694271, 29.890942246755422 ], [ 77.181540295441238, 29.890940534780864 ], [ 77.181544224949846, 29.891120898670223 ], [ 77.181647719873936, 29.891119186602154 ], [ 77.181649684734666, 29.891209368538608 ], [ 77.181546189717551, 29.891211080612884 ], [ 77.181548154494138, 29.891301262554187 ], [ 77.181651649604291, 29.891299550473708 ], [ 77.181653614482855, 29.891389732407454 ], [ 77.181860604862479, 29.891386307990789 ], [ 77.181862569936001, 29.891476489910779 ], [ 77.181966065205472, 29.891474777574604 ], [ 77.181969995565368, 29.891655141398108 ], [ 77.181866500109834, 29.891656853746699 ], [ 77.18186846521013, 29.891747035662629 ], [ 77.181764969652647, 29.891748747936322 ] ] ] } },
{ "type": "Feature", "properties": { "pit_id": 334, "latitude": 29.481939, "longitude": 76.767495, "category": "pit", "area_ha": 0.06, "area_m2": 600.0, "prob_max": 0.99, "prob_mean": 0.913, "new_pit": 0, "setting": "outside riverbed", "water_share": 0.5, "buildings_near": 0.0, "compactness": 1.0, "size_class": "tiny (<0.1 ha)", "google_maps": "https://www.google.com/maps?q=29.481939,76.767495" }, "geometry": { "type": "Polygon", "coordinates": [ [ [ 76.767462793831797, 29.482089742427092 ], [ 76.767461228040148, 29.481999532354298 ], [ 76.767358125642886, 29.482000902310283 ], [ 76.767354994263428, 29.481820482150773 ], [ 76.767561198685954, 29.48181774217899 ], [ 76.76756276455454, 29.481907952249383 ], [ 76.767665866846329, 29.481906582138734 ], [ 76.767667432813269, 29.481996792202811 ], [ 76.767564330430275, 29.481998162318469 ], [ 76.767565896313144, 29.482088372386254 ], [ 76.767462793831797, 29.482089742427092 ] ] ] } },
{ "type": "Feature", "properties": { "pit_id": 335, "latitude": 29.891619, "longitude": 76.899065, "category": "pit", "area_ha": 0.97, "area_m2": 9700.0, "prob_max": 0.99, "prob_mean": 0.746, "new_pit": 0, "setting": "outside riverbed", "water_share": 1.0, "buildings_near": 0.0, "compactness": 0.354, "size_class": "medium (0.5-2 ha)", "google_maps": "https://www.google.com/maps?q=29.891619,76.899065" }, "geometry": { "type": "Polygon", "coordinates": [ [ [ 76.898706083623296, 29.892428716711727 ], [ 76.898702663198577, 29.892248321018162 ], [ 76.898599148830797, 29.892249811174388 ], [ 76.898595728623334, 29.892069415464725 ], [ 76.898492214433986, 29.892070905528996 ], [ 76.898490504435003, 29.891980707666786 ], [ 76.898594018531242, 29.891979217607908 ], [ 76.898590598370362, 29.891798821890305 ], [ 76.898694112272651, 29.891797331761087 ], [ 76.898692402110754, 29.891707133905701 ], [ 76.899002943491737, 29.891702663047376 ], [ 76.898999522632636, 29.891522267365051 ], [ 76.898896009032939, 29.891523757721494 ], [ 76.898890878081829, 29.891253164171886 ], [ 76.898787364753645, 29.891254654430984 ], [ 76.898783944344586, 29.891074258713807 ], [ 76.898680431194833, 29.891075748880954 ], [ 76.898678721095038, 29.890985551014992 ], [ 76.898782234151696, 29.890984060853249 ], [ 76.898778813789207, 29.890803665128146 ], [ 76.898882326651886, 29.890802174896063 ], [ 76.89888574720058, 29.890982570610365 ], [ 76.898989260241692, 29.89098108028633 ], [ 76.89898754987037, 29.890890882435251 ], [ 76.899194575743152, 29.890887901554574 ], [ 76.899192865193399, 29.890797703712973 ], [ 76.899296378025042, 29.890796213156325 ], [ 76.899301509976837, 29.891066806660938 ], [ 76.899508536175404, 29.89106382527179 ], [ 76.89951024702772, 29.891154023093218 ], [ 76.899406733839228, 29.891155513833773 ], [ 76.899408444606223, 29.891245711659266 ], [ 76.899718984427679, 29.891241239177969 ], [ 76.899722406543546, 29.891421634792579 ], [ 76.899411866163504, 29.891426107306291 ], [ 76.899416998557683, 29.891696700766918 ], [ 76.899209971040236, 29.891699682069437 ], [ 76.899215102945718, 29.891970275550577 ], [ 76.899318616987614, 29.891968784923677 ], [ 76.89932203848295, 29.892149180560342 ], [ 76.899529066915846, 29.892146199041495 ], [ 76.899530777861372, 29.892236396847036 ], [ 76.899323749242271, 29.892239378376694 ], [ 76.89932203848295, 29.892149180560342 ], [ 76.899218524254849, 29.892150671198053 ], [ 76.899221945595045, 29.892331066840232 ], [ 76.898807887860187, 29.892337028622826 ], [ 76.898809598169521, 29.892427226463543 ], [ 76.898706083623296, 29.892428716711727 ] ], [ [ 76.899008074838619, 29.891973256560938 ], [ 76.899111588896048, 29.891971766096333 ], [ 76.899109878346223, 29.891881568265195 ], [ 76.89900636438189, 29.891883058724403 ], [ 76.899008074838619, 29.891973256560938 ] ], [ [ 76.899104746743348, 29.891610974763871 ], [ 76.899208260420608, 29.891609484239741 ], [ 76.899206549808753, 29.891519286408727 ], [ 76.899103036224574, 29.891520776927468 ], [ 76.899104746743348, 29.891610974763871 ] ], [ [ 76.899101325713573, 29.891430579089725 ], [ 76.899204839204657, 29.891429088576395 ], [ 76.899203128608335, 29.891338890742723 ], [ 76.899099615210346, 29.89134038125065 ], [ 76.899101325713573, 29.891430579089725 ] ] ] } },
{ "type": "Feature", "properties": { "pit_id": 336, "latitude": 29.871194, "longitude": 77.058274, "category": "pit", "area_ha": 0.06, "area_m2": 600.0, "prob_max": 0.99, "prob_mean": 0.743, "new_pit": 0, "setting": "outside riverbed", "water_share": 0.333, "buildings_near": 0.034, "compactness": 1.0, "size_class": "tiny (<0.1 ha)", "google_maps": "https://www.google.com/maps?q=29.871194,77.058274" }, "geometry": { "type": "Polygon", "coordinates": [ [ [ 77.058242935206408, 29.871360327008087 ], [ 77.058241082925136, 29.871270137582503 ], [ 77.058137600215176, 29.871271751877483 ], [ 77.05813389586379, 29.871091373010586 ], [ 77.058444343410628, 29.871086529917623 ], [ 77.058446195861009, 29.871176719334162 ], [ 77.058342713260842, 29.871178333785398 ], [ 77.058346418000923, 29.871358712626201 ], [ 77.058242935206408, 29.871360327008087 ] ] ] } },
{ "type": "Feature", "properties": { "pit_id": 337, "latitude": 29.48895, "longitude": 76.575896, "category": "likely village pond", "area_ha": 0.38, "area_m2": 3800.0, "prob_max": 0.99, "prob_mean": 0.878, "new_pit": 0, "setting": "outside riverbed", "water_share": 0.763, "buildings_near": 0.199, "compactness": 0.836, "size_class": "small (0.1-0.5 ha)", "google_maps": "https://www.google.com/maps?q=29.488950,76.575896" }, "geometry": { "type": "Polygon", "coordinates": [ [ [ 76.575961914426856, 29.489369200120471 ], [ 76.575960517827028, 29.489278981312278 ], [ 76.575857397963233, 29.489280203144489 ], [ 76.575856001461062, 29.489189984330547 ], [ 76.575649761896997, 29.489192427746364 ], [ 76.575646969276889, 29.48901199009676 ], [ 76.575543849667895, 29.489013211675907 ], [ 76.575539661059324, 29.488742555178433 ], [ 76.575745899723216, 29.488740111967054 ], [ 76.575744503350506, 29.488649893140924 ], [ 76.57584762258162, 29.48864867141987 ], [ 76.575846226123986, 29.488558452596926 ], [ 76.575949345257456, 29.488557230800467 ], [ 76.575947948714884, 29.48846701198071 ], [ 76.576051067750697, 29.488465790108815 ], [ 76.576056654324276, 29.488826665362275 ], [ 76.576159773718885, 29.488825443392638 ], [ 76.576168154317898, 29.489366756207456 ], [ 76.575961914426856, 29.489369200120471 ] ] ] } },
{ "type": "Feature", "properties": { "pit_id": 338, "latitude": 29.89147, "longitude": 76.827916, "category": "pit", "area_ha": 0.14, "area_m2": 1400.0, "prob_max": 0.99, "prob_mean": 0.874, "new_pit": 0, "setting": "outside riverbed", "water_share": 1.0, "buildings_near": 0.0, "compactness": 1.0, "size_class": "small (0.1-0.5 ha)", "google_maps": "https://www.google.com/maps?q=29.891470,76.827916" }, "geometry": { "type": "Polygon", "coordinates": [ [ [ 76.827765537081646, 29.891716641277558 ], [ 76.827757305692828, 29.8912656337505 ], [ 76.828171375769301, 29.891259895134116 ], [ 76.82817302240457, 29.891350096621359 ], [ 76.828069504803551, 29.891351531402371 ], [ 76.828071151353171, 29.891441732893501 ], [ 76.827967633651568, 29.891443167598581 ], [ 76.827970926587, 29.891623570587285 ], [ 76.828074444474836, 29.891622135871813 ], [ 76.828076091046881, 29.891712337358992 ], [ 76.827765537081646, 29.891716641277558 ] ] ] } },
{ "type": "Feature", "properties": { "pit_id": 339, "latitude": 29.887649, "longitude": 76.975768, "category": "likely village pond", "area_ha": 0.15, "area_m2": 1500.0, "prob_max": 0.99, "prob_mean": 0.819, "new_pit": 0, "setting": "outside riverbed", "water_share": 1.0, "buildings_near": 0.165, "compactness": 1.0, "size_class": "small (0.1-0.5 ha)", "google_maps": "https://www.google.com/maps?q=29.887649,76.975768" }, "geometry": { "type": "Polygon", "coordinates": [ [ [ 76.975545832701485, 29.887781538036272 ], [ 76.975544053633769, 29.887691344233378 ], [ 76.975440548687118, 29.88769289446196 ], [ 76.975438769720554, 29.887602700652128 ], [ 76.975542274574138, 29.887601150429166 ], [ 76.97554049552258, 29.887510956623618 ], [ 76.975954514483931, 29.887504754943031 ], [ 76.975956293907743, 29.8875949487261 ], [ 76.976059798720954, 29.887593398097525 ], [ 76.976063357778912, 29.887773785648431 ], [ 76.975545832701485, 29.887781538036272 ] ] ] } },
{ "type": "Feature", "properties": { "pit_id": 340, "latitude": 29.490078, "longitude": 76.581992, "category": "pit", "area_ha": 0.07, "area_m2": 700.0, "prob_max": 0.99, "prob_mean": 0.66, "new_pit": 0, "setting": "outside riverbed", "water_share": 0.857, "buildings_near": 0.0, "compactness": 1.0, "size_class": "tiny (<0.1 ha)", "google_maps": "https://www.google.com/maps?q=29.490078,76.581992" }, "geometry": { "type": "Polygon", "coordinates": [ [ [ 76.581853759720047, 29.490201608839669 ], [ 76.581852357852753, 29.490111390299482 ], [ 76.581749237439425, 29.490112616729956 ], [ 76.581747835669816, 29.490022398183999 ], [ 76.581850955991854, 29.490021171758009 ], [ 76.581852357852753, 29.490111390299482 ], [ 76.581955478259701, 29.490110163789119 ], [ 76.581952674361716, 29.48992972671385 ], [ 76.582158914791265, 29.489927273471402 ], [ 76.582160316919655, 29.490017492000717 ], [ 76.582057196616773, 29.490018718666374 ], [ 76.582058598660268, 29.490108937198869 ], [ 76.58216171905444, 29.49010771052874 ], [ 76.582163121195592, 29.490197929055462 ], [ 76.581853759720047, 29.490201608839669 ] ] ] } },
{ "type": "Feature", "properties": { "pit_id": 341, "latitude": 29.887145, "longitude": 76.745997, "category": "pit", "area_ha": 0.67, "area_m2": 6700.0, "prob_max": 0.99, "prob_mean": 0.745, "new_pit": 0, "setting": "outside riverbed", "water_share": 0.0, "buildings_near": 0.009, "compactness": 0.318, "size_class": "medium (0.5-2 ha)", "google_maps": "https://www.google.com/maps?q=29.887145,76.745997" }, "geometry": { "type": "Polygon", "coordinates": [ [ [ 76.745480312192086, 29.887688346847938 ], [ 76.74547874024708, 29.88759814123382 ], [ 76.745375221844284, 29.887599510978173 ], [ 76.745372078161893, 29.887419099736054 ], [ 76.745268559938197, 29.887420469389333 ], [ 76.745259129620948, 29.886879235601768 ], [ 76.745362647286015, 29.886877865978295 ], [ 76.745364219080813, 29.886968071607861 ], [ 76.745467736831856, 29.886966701898274 ], [ 76.745469308726911, 29.887056907521565 ], [ 76.745365790882758, 29.887058277236122 ], [ 76.745368934508065, 29.887238688488711 ], [ 76.745783006586677, 29.887233209103815 ], [ 76.745778290042125, 29.886962592282575 ], [ 76.745881807764619, 29.886961222248363 ], [ 76.745883380032097, 29.887051427851784 ], [ 76.746090415641859, 29.887048687529965 ], [ 76.746087270741612, 29.886868276341691 ], [ 76.746294305950386, 29.886865535715131 ], [ 76.746292733324751, 29.886775330128977 ], [ 76.746396250825313, 29.886773959698935 ], [ 76.746394678113717, 29.886683754116422 ], [ 76.747015782408582, 29.886675529861808 ], [ 76.747014209145476, 29.886585324307802 ], [ 76.74711772640984, 29.886583953319644 ], [ 76.747120873129404, 29.886764364416393 ], [ 76.747017355678821, 29.8867657354145 ], [ 76.747018928956209, 29.886855940965873 ], [ 76.746915411405368, 29.886857311887805 ], [ 76.74691383822109, 29.886767106331451 ], [ 76.746706803284212, 29.886769847921904 ], [ 76.746708376282271, 29.886860053488189 ], [ 76.746604858710015, 29.886861424166657 ], [ 76.746606431622126, 29.886951629736604 ], [ 76.746502913949612, 29.886953000338892 ], [ 76.746504486775748, 29.887043205912498 ], [ 76.746297451223086, 29.887045946883543 ], [ 76.746300596524335, 29.887226358046721 ], [ 76.746197078551091, 29.887227728420449 ], [ 76.746198651119315, 29.887317934005033 ], [ 76.746095133045813, 29.887319304302579 ], [ 76.746096705528075, 29.887409509890816 ], [ 76.745993187354316, 29.887410880112181 ], [ 76.745994759750602, 29.887501085704088 ], [ 76.745787723195463, 29.887503825913264 ], [ 76.745789295412663, 29.887594031513803 ], [ 76.745685777031269, 29.887595401501621 ], [ 76.745687349162509, 29.887685607105816 ], [ 76.745480312192086, 29.887688346847938 ] ] ] } },
{ "type": "Feature", "properties": { "pit_id": 342, "latitude": 29.883964, "longitude": 76.980726, "category": "pit", "area_ha": 0.23, "area_m2": 2300.0, "prob_max": 0.99, "prob_mean": 0.808, "new_pit": 0, "setting": "outside riverbed", "water_share": 0.739, "buildings_near": 0.107, "compactness": 0.849, "size_class": "small (0.1-0.5 ha)", "google_maps": "https://www.google.com/maps?q=29.883964,76.980726" }, "geometry": { "type": "Polygon", "coordinates": [ [ [ 76.980549797582896, 29.884278122222725 ], [ 76.980539097783563, 29.883736960736584 ], [ 76.980642598324664, 29.883735406694374 ], [ 76.98063724825515, 29.883464825950242 ], [ 76.980740748509021, 29.883463271843823 ], [ 76.980746098857665, 29.883733852571048 ], [ 76.980849599382566, 29.88373229836661 ], [ 76.980853166508226, 29.883912685500189 ], [ 76.980956667211117, 29.883911131203384 ], [ 76.980962018239467, 29.884181711876824 ], [ 76.980858517257445, 29.884183266190533 ], [ 76.980860300856691, 29.884273459751327 ], [ 76.980549797582896, 29.884278122222725 ] ], [ [ 76.980646165078142, 29.883915793850477 ], [ 76.980749665797234, 29.883914239715875 ], [ 76.980747882323399, 29.883824046144124 ], [ 76.980644381697346, 29.883825600273084 ], [ 76.980646165078142, 29.883915793850477 ] ] ] } },
{ "type": "Feature", "properties": { "pit_id": 343, "latitude": 29.877618, "longitude": 76.945168, "category": "likely village pond", "area_ha": 0.13, "area_m2": 1300.0, "prob_max": 0.99, "prob_mean": 0.953, "new_pit": 0, "setting": "outside riverbed", "water_share": 1.0, "buildings_near": 0.225, "compactness": 1.0, "size_class": "small (0.1-0.5 ha)", "google_maps": "https://www.google.com/maps?q=29.877618,76.945168" }, "geometry": { "type": "Polygon", "coordinates": [ [ [ 76.945015356728589, 29.877769606892326 ], [ 76.945013605851926, 29.877679411301344 ], [ 76.944910109350744, 29.877680937119184 ], [ 76.944906607807297, 29.877500545922143 ], [ 76.94542408930343, 29.877492916077315 ], [ 76.945427591777118, 29.877673307219034 ], [ 76.94532409530774, 29.877674833361247 ], [ 76.945325846463476, 29.877765028935645 ], [ 76.945015356728589, 29.877769606892326 ] ] ] } },
{ "type": "Feature", "properties": { "pit_id": 344, "latitude": 29.489056, "longitude": 76.93776, "category": "pit", "area_ha": 0.1, "area_m2": 1000.0, "prob_max": 0.99, "prob_mean": 0.903, "new_pit": 0, "setting": "outside riverbed", "water_share": 1.0, "buildings_near": 0.041, "compactness": 1.0, "size_class": "small (0.1-0.5 ha)", "google_maps": "https://www.google.com/maps?q=29.489056,76.937760" }, "geometry": { "type": "Polygon", "coordinates": [ [ [ 76.937858658087691, 29.489370622539816 ], [ 76.93785694088848, 29.48928042127686 ], [ 76.937753841076642, 29.489281923598465 ], [ 76.93775212397648, 29.489191722328705 ], [ 76.937649024248046, 29.489193224564996 ], [ 76.937640439320674, 29.488742218169016 ], [ 76.937743538593011, 29.488740715960184 ], [ 76.937746972722934, 29.488921118511538 ], [ 76.937850072169894, 29.488919616211888 ], [ 76.93785694088848, 29.48928042127686 ], [ 76.937960040692502, 29.489278918875421 ], [ 76.937961757982919, 29.489369120132881 ], [ 76.937858658087691, 29.489370622539816 ] ] ] } },
{ "type": "Feature", "properties": { "pit_id": 345, "latitude": 29.875667, "longitude": 76.959054, "category": "pit", "area_ha": 0.16, "area_m2": 1600.0, "prob_max": 0.99, "prob_mean": 0.823, "new_pit": 0, "setting": "outside riverbed", "water_share": 1.0, "buildings_near": -0.0, "compactness": 1.0, "size_class": "small (0.1-0.5 ha)", "google_maps": "https://www.google.com/maps?q=29.875667,76.959054" }, "geometry": { "type": "Polygon", "coordinates": [ [ [ 76.958850326166768, 29.87585071077412 ], [ 76.958843273457191, 29.875489931277528 ], [ 76.959257246921112, 29.875483784221412 ], [ 76.95926430111885, 29.875844563628835 ], [ 76.958850326166768, 29.87585071077412 ] ] ] } },
{ "type": "Feature", "properties": { "pit_id": 346, "latitude": 29.875294, "longitude": 76.942604, "category": "pit", "area_ha": 0.03, "area_m2": 300.0, "prob_max": 0.99, "prob_mean": 0.88, "new_pit": 0, "setting": "outside riverbed", "water_share": 1.0, "buildings_near": -0.0, "compactness": 1.0, "size_class": "tiny (<0.1 ha)", "google_maps": "https://www.google.com/maps?q=29.875294,76.942604" }, "geometry": { "type": "Polygon", "coordinates": [ [ [ 76.942484225670441, 29.875370919266125 ], [ 76.942482477240659, 29.875280723506584 ], [ 76.942585971413038, 29.875279199703055 ], [ 76.942584222898176, 29.875189003947725 ], [ 76.94268771696963, 29.875187480068636 ], [ 76.942691214193303, 29.875367871566922 ], [ 76.942484225670441, 29.875370919266125 ] ] ] } },
{ "type": "Feature", "properties": { "pit_id": 347, "latitude": 29.489784, "longitude": 76.95824, "category": "pit", "area_ha": 0.71, "area_m2": 7100.0, "prob_max": 0.99, "prob_mean": 0.716, "new_pit": 0, "setting": "outside riverbed", "water_share": 0.915, "buildings_near": 0.046, "compactness": 0.42, "size_class": "medium (0.5-2 ha)", "google_maps": "https://www.google.com/maps?q=29.489784,76.958240" }, "geometry": { "type": "Polygon", "coordinates": [ [ [ 76.958088644277794, 29.49024722746773 ], [ 76.958086909097148, 29.490157027304072 ], [ 76.957777610703843, 29.490161581185053 ], [ 76.957761996896437, 29.489349779502948 ], [ 76.958689884474239, 29.489336116154163 ], [ 76.958691620131077, 29.489426316296377 ], [ 76.958588521451716, 29.489427834771107 ], [ 76.958590257025236, 29.489518034917548 ], [ 76.958693355795816, 29.489516516437281 ], [ 76.958705505670324, 29.490147917386693 ], [ 76.958499306844217, 29.49015095434514 ], [ 76.958501042389756, 29.490241154486604 ], [ 76.958088644277794, 29.49024722746773 ] ], [ [ 76.957982074559069, 29.49006834517369 ], [ 76.958085173924374, 29.490066827139081 ], [ 76.958083438759516, 29.489976626972787 ], [ 76.957980339485431, 29.489978145001842 ], [ 76.957982074559069, 29.49006834517369 ] ], [ [ 76.95787724020343, 29.489979662951075 ], [ 76.957980339485431, 29.489978145001842 ], [ 76.957978604419708, 29.489887944828681 ], [ 76.957875505228927, 29.48988946277235 ], [ 76.95787724020343, 29.489979662951075 ] ], [ [ 76.958083438759516, 29.489976626972787 ], [ 76.958186538025714, 29.489975108863899 ], [ 76.958184802777538, 29.489884908701828 ], [ 76.958081703602559, 29.489886426805164 ], [ 76.958083438759516, 29.489976626972787 ] ], [ [ 76.958289637283983, 29.489973590675177 ], [ 76.958392736534364, 29.489972072406633 ], [ 76.958391001103763, 29.489881872255662 ], [ 76.958287901944601, 29.489883390518663 ], [ 76.958289637283983, 29.489973590675177 ] ], [ [ 76.957976869361872, 29.489797744654187 ], [ 76.958079968453532, 29.48979622663623 ], [ 76.958078233312378, 29.489706026465974 ], [ 76.958181332304918, 29.489704508373737 ], [ 76.958179597080445, 29.489614308207731 ], [ 76.958076498179139, 29.489615826294411 ], [ 76.958073027936379, 29.48943542594732 ], [ 76.957969929209597, 29.489436943943083 ], [ 76.957976869361872, 29.489797744654187 ] ], [ [ 76.958387530266251, 29.489701471949772 ], [ 76.958593728195993, 29.489698435206506 ], [ 76.958590257025236, 29.489518034917548 ], [ 76.958487158246768, 29.489519553318004 ], [ 76.95848889373697, 29.489609753468695 ], [ 76.958385794859367, 29.489611271794864 ], [ 76.958387530266251, 29.489701471949772 ] ], [ [ 76.958177861863902, 29.489524108040388 ], [ 76.958280960666102, 29.489522589879421 ], [ 76.958279225366226, 29.48943238971632 ], [ 76.95817612665526, 29.489433907871735 ], [ 76.958177861863902, 29.489524108040388 ] ] ] } },
{ "type": "Feature", "properties": { "pit_id": 348, "latitude": 29.825744, "longitude": 76.874162, "category": "pit", "area_ha": 0.06, "area_m2": 600.0, "prob_max": 0.99, "prob_mean": 0.872, "new_pit": 0, "setting": "outside riverbed", "water_share": 1.0, "buildings_near": -0.0, "compactness": 1.0, "size_class": "tiny (<0.1 ha)", "google_maps": "https://www.google.com/maps?q=29.825744,76.874162" }, "geometry": { "type": "Polygon", "coordinates": [ [ [ 76.873956889058761, 29.825836833971316 ], [ 76.873955205658632, 29.825746633927029 ], [ 76.874058652893027, 29.825745166061751 ], [ 76.874056969407746, 29.825654966021489 ], [ 76.874367310786695, 29.825650561956053 ], [ 76.874368994550366, 29.82574076198032 ], [ 76.874265547338894, 29.825742230088402 ], [ 76.874267231017413, 29.825832430116698 ], [ 76.873956889058761, 29.825836833971316 ] ] ] } },
{ "type": "Feature", "properties": { "pit_id": 349, "latitude": 29.52339, "longitude": 76.667479, "category": "pit", "area_ha": 0.19, "area_m2": 1900.0, "prob_max": 0.99, "prob_mean": 0.863, "new_pit": 1, "setting": "outside riverbed", "water_share": 0.053, "buildings_near": 0.0, "compactness": 1.0, "size_class": "small (0.1-0.5 ha)", "google_maps": "https://www.google.com/maps?q=29.523390,76.667479" }, "geometry": { "type": "Polygon", "coordinates": [ [ [ 76.667284434988829, 29.523627106827533 ], [ 76.667277037222519, 29.523176035531183 ], [ 76.667689635344573, 29.523170858899988 ], [ 76.667695555007057, 29.523531715863996 ], [ 76.667592405120928, 29.52353301016068 ], [ 76.66759388496196, 29.523623224403178 ], [ 76.667284434988829, 29.523627106827533 ] ] ] } },
{ "type": "Feature", "properties": { "pit_id": 350, "latitude": 29.620713, "longitude": 76.742982, "category": "pit", "area_ha": 0.5, "area_m2": 5000.0, "prob_max": 0.99, "prob_mean": 0.883, "new_pit": 1, "setting": "outside riverbed", "water_share": 0.86, "buildings_near": 0.002, "compactness": 0.573, "size_class": "medium (0.5-2 ha)", "google_maps": "https://www.google.com/maps?q=29.620713,76.742982" }, "geometry": { "type": "Polygon", "coordinates": [ [ [ 76.742831009558572, 29.621279709982463 ], [ 76.742827904099144, 29.621099291230642 ], [ 76.742724659044583, 29.621100647867074 ], [ 76.742723106417344, 29.621010438484259 ], [ 76.742826351380032, 29.621009081852769 ], [ 76.742824798667982, 29.620918872473609 ], [ 76.742928043531734, 29.62091751576677 ], [ 76.742926490734888, 29.620827306391252 ], [ 76.74272000118404, 29.620830019714742 ], [ 76.74271534338709, 29.620559391550675 ], [ 76.74281858789044, 29.620558034943915 ], [ 76.742817035213719, 29.620467825558237 ], [ 76.742713790802242, 29.620469182160047 ], [ 76.742709133090059, 29.62019855398038 ], [ 76.743225353698833, 29.620191770242656 ], [ 76.743231565833185, 29.620552607714011 ], [ 76.743128321358085, 29.620553964641918 ], [ 76.743134533238049, 29.620914802112242 ], [ 76.743237778080598, 29.620913445164536 ], [ 76.743243990441115, 29.62127428259425 ], [ 76.742831009558572, 29.621279709982463 ] ] ] } },
{ "type": "Feature", "properties": { "pit_id": 351, "latitude": 29.554216, "longitude": 76.775219, "category": "pit", "area_ha": 0.26, "area_m2": 2600.0, "prob_max": 0.99, "prob_mean": 0.882, "new_pit": 0, "setting": "outside riverbed", "water_share": 1.0, "buildings_near": -0.0, "compactness": 1.0, "size_class": "small (0.1-0.5 ha)", "google_maps": "https://www.google.com/maps?q=29.554216,76.775219" }, "geometry": { "type": "Polygon", "coordinates": [ [ [ 76.775120897126087, 29.554532876225572 ], [ 76.775119319913685, 29.554442667510315 ], [ 76.775016144483857, 29.55444404646126 ], [ 76.775006681909545, 29.553902794112169 ], [ 76.775316206529538, 29.553898657109766 ], [ 76.77531778388196, 29.55398886582277 ], [ 76.775420958832484, 29.553987486656801 ], [ 76.775430423647165, 29.55452873887722 ], [ 76.775120897126087, 29.554532876225572 ] ] ] } },
{ "type": "Feature", "properties": { "pit_id": 352, "latitude": 29.767622, "longitude": 76.848092, "category": "pit", "area_ha": 0.25, "area_m2": 2500.0, "prob_max": 0.99, "prob_mean": 0.785, "new_pit": 0, "setting": "outside riverbed", "water_share": 0.96, "buildings_near": 0.091, "compactness": 0.984, "size_class": "small (0.1-0.5 ha)", "google_maps": "https://www.google.com/maps?q=29.767622,76.848092" }, "geometry": { "type": "Polygon", "coordinates": [ [ [ 76.847954402741323, 29.767917903723056 ], [ 76.847951090413304, 29.767737499381766 ], [ 76.847847701295819, 29.767738944260561 ], [ 76.847846045235627, 29.767648742082692 ], [ 76.847639267163146, 29.767651631587537 ], [ 76.847637611295525, 29.767561429397851 ], [ 76.847844389182953, 29.767558539903501 ], [ 76.84784273313781, 29.767468337723013 ], [ 76.847946121977699, 29.767466892859979 ], [ 76.847944465847561, 29.767376690683406 ], [ 76.84815124331972, 29.767373800725586 ], [ 76.848152899634925, 29.76746400289165 ], [ 76.848463066064298, 29.767459667333547 ], [ 76.848466379272466, 29.767640071630201 ], [ 76.848362990285139, 29.767641516907492 ], [ 76.84836464680798, 29.7677317190591 ], [ 76.848261257720594, 29.767733164260882 ], [ 76.848262914158454, 29.767823366416422 ], [ 76.84815952497101, 29.76782481154272 ], [ 76.848161181323846, 29.767915013702211 ], [ 76.847954402741323, 29.767917903723056 ] ], [ [ 76.84805447952327, 29.767736054422219 ], [ 76.848157868625691, 29.767734609381925 ], [ 76.848156212287918, 29.767644407219823 ], [ 76.84805282327801, 29.767645852254862 ], [ 76.84805447952327, 29.767736054422219 ] ] ] } },
{ "type": "Feature", "properties": { "pit_id": 353, "latitude": 29.767547, "longitude": 76.847181, "category": "pit", "area_ha": 0.11, "area_m2": 1100.0, "prob_max": 0.99, "prob_mean": 0.655, "new_pit": 0, "setting": "outside riverbed", "water_share": 1.0, "buildings_near": 0.049, "compactness": 1.0, "size_class": "small (0.1-0.5 ha)", "google_maps": "https://www.google.com/maps?q=29.767547,76.847181" }, "geometry": { "type": "Polygon", "coordinates": [ [ [ 76.846915543672424, 29.767661742310878 ], [ 76.846912233240133, 29.767481337856694 ], [ 76.847015622147751, 29.767479893720388 ], [ 76.847013966850355, 29.767389691496561 ], [ 76.847220744457957, 29.767386802992217 ], [ 76.847222399940392, 29.767477005205535 ], [ 76.847325788825444, 29.767475560826988 ], [ 76.847327444407952, 29.76756576303374 ], [ 76.847534222340528, 29.767562874023891 ], [ 76.847535878115607, 29.767653076218824 ], [ 76.847122321850236, 29.767658853936524 ], [ 76.847120666445278, 29.767568651720584 ], [ 76.847017277452665, 29.76757009594289 ], [ 76.847018932765096, 29.767660298164078 ], [ 76.846915543672424, 29.767661742310878 ] ] ] } },
{ "type": "Feature", "properties": { "pit_id": 354, "latitude": 29.79047, "longitude": 77.075735, "category": "pit", "area_ha": 0.14, "area_m2": 1400.0, "prob_max": 0.99, "prob_mean": 0.871, "new_pit": 0, "setting": "outside riverbed", "water_share": 1.0, "buildings_near": -0.0, "compactness": 1.0, "size_class": "small (0.1-0.5 ha)", "google_maps": "https://www.google.com/maps?q=29.790470,77.075735" }, "geometry": { "type": "Polygon", "coordinates": [ [ [ 77.075621364864119, 29.790703571356392 ], [ 77.075619503026076, 29.790613381820428 ], [ 77.075516104531772, 29.790615005768242 ], [ 77.075512381066247, 29.790434626680504 ], [ 77.075615779375369, 29.790433002744493 ], [ 77.07561391756272, 29.790342813204514 ], [ 77.075717315770817, 29.790341189193619 ], [ 77.075715453874011, 29.790250999658202 ], [ 77.075818851981069, 29.790249375572419 ], [ 77.075816990000149, 29.790159186041574 ], [ 77.075920388006153, 29.790157561880914 ], [ 77.075924112161616, 29.790337940929458 ], [ 77.075820713970444, 29.790339565101931 ], [ 77.075824437974575, 29.790519944156941 ], [ 77.075927836350914, 29.79051831997268 ], [ 77.075929698458253, 29.790608509492277 ], [ 77.075826299989316, 29.790610133682446 ], [ 77.075828162012527, 29.790700323206604 ], [ 77.075621364864119, 29.790703571356392 ] ] ] } },
{ "type": "Feature", "properties": { "pit_id": 355, "latitude": 29.552482, "longitude": 77.103079, "category": "pit", "area_ha": 0.58, "area_m2": 5800.0, "prob_max": 0.99, "prob_mean": 0.742, "new_pit": 0, "setting": "Yamuna riverbed", "water_share": 1.0, "buildings_near": 0.0, "compactness": 0.466, "size_class": "medium (0.5-2 ha)", "google_maps": "https://www.google.com/maps?q=29.552482,77.103079" }, "geometry": { "type": "Polygon", "coordinates": [ [ [ 77.102737598511496, 29.553268566925727 ], [ 77.102730126210488, 29.552907802099561 ], [ 77.102626972385877, 29.552909435372133 ], [ 77.102615764738331, 29.552368288057117 ], [ 77.102718918014077, 29.552366654820325 ], [ 77.102720786025557, 29.552456846036861 ], [ 77.10282393938428, 29.55245521271409 ], [ 77.102820203186894, 29.552274830291609 ], [ 77.103026509512929, 29.552271563429915 ], [ 77.103024641244048, 29.552181372228596 ], [ 77.103230947353126, 29.552178105058804 ], [ 77.103229078909791, 29.552087913868085 ], [ 77.103332231860108, 29.552086280169149 ], [ 77.103330363333811, 29.551996088983049 ], [ 77.103227210474969, 29.551997722676031 ], [ 77.103223473630834, 29.551817340287929 ], [ 77.103326626306739, 29.551815706606877 ], [ 77.103328494816012, 29.551905897795628 ], [ 77.10363795306705, 29.551900996254563 ], [ 77.103639821859275, 29.551991187424079 ], [ 77.103433516184126, 29.551994455210068 ], [ 77.103437253428183, 29.552174837568984 ], [ 77.10354040645295, 29.552173203704061 ], [ 77.103542275179194, 29.552263394875563 ], [ 77.103439122062952, 29.552265028746437 ], [ 77.103440990706247, 29.552355219922571 ], [ 77.103544143913965, 29.552353586045715 ], [ 77.103546012657233, 29.552443777214549 ], [ 77.103442859358054, 29.552445411097359 ], [ 77.103446596687164, 29.552625793442949 ], [ 77.103137136189702, 29.552630694647124 ], [ 77.103139004592592, 29.552720885835818 ], [ 77.102726390111002, 29.552727419678483 ], [ 77.102730126210488, 29.552907802099561 ], [ 77.102833280026587, 29.552906168746976 ], [ 77.102831411881112, 29.552815977543066 ], [ 77.103037719304865, 29.552812710609814 ], [ 77.103041455970214, 29.552993092992438 ], [ 77.103144609852293, 29.55299145939388 ], [ 77.103146478289204, 29.553081650577234 ], [ 77.103043324315649, 29.553083284181763 ], [ 77.103041455970214, 29.552993092992438 ], [ 77.10293830207965, 29.552994726510995 ], [ 77.102936433834188, 29.552904535314394 ], [ 77.102833280026587, 29.552906168746976 ], [ 77.10284075269351, 29.553266933549288 ], [ 77.102737598511496, 29.553268566925727 ] ] ] } },
{ "type": "Feature", "properties": { "pit_id": 356, "latitude": 29.76324, "longitude": 76.80745, "category": "pit", "area_ha": 0.31, "area_m2": 3100.0, "prob_max": 0.99, "prob_mean": 0.809, "new_pit": 0, "setting": "outside riverbed", "water_share": 1.0, "buildings_near": 0.062, "compactness": 0.898, "size_class": "small (0.1-0.5 ha)", "google_maps": "https://www.google.com/maps?q=29.763240,76.807450" }, "geometry": { "type": "Polygon", "coordinates": [ [ [ 76.807234372642569, 29.763608495720902 ], [ 76.80722627569817, 29.763157474296975 ], [ 76.807329662459367, 29.763156061366271 ], [ 76.807323184666259, 29.762795244224076 ], [ 76.807529957426425, 29.762792418161528 ], [ 76.807531577048692, 29.76288262243877 ], [ 76.807634963510267, 29.762881209281254 ], [ 76.807647921493555, 29.763602843410883 ], [ 76.807234372642569, 29.763608495720902 ] ] ] } },
{ "type": "Feature", "properties": { "pit_id": 357, "latitude": 29.762351, "longitude": 76.807975, "category": "pit", "area_ha": 0.25, "area_m2": 2500.0, "prob_max": 0.99, "prob_mean": 0.866, "new_pit": 0, "setting": "outside riverbed", "water_share": 1.0, "buildings_near": 0.013, "compactness": 0.944, "size_class": "small (0.1-0.5 ha)", "google_maps": "https://www.google.com/maps?q=29.762351,76.807975" }, "geometry": { "type": "Polygon", "coordinates": [ [ [ 76.807628484695286, 29.762520392184971 ], [ 76.807622005998084, 29.762159575067695 ], [ 76.807725391712182, 29.762158161870534 ], [ 76.807727011467946, 29.762248366146686 ], [ 76.807830397267196, 29.762246952863645 ], [ 76.807828777418919, 29.762156748592645 ], [ 76.80813893449492, 29.762152508274525 ], [ 76.808140554620749, 29.762242712530114 ], [ 76.808347326152983, 29.76223988523741 ], [ 76.808352187129699, 29.762510497965486 ], [ 76.807628484695286, 29.762520392184971 ] ] ] } },
{ "type": "Feature", "properties": { "pit_id": 358, "latitude": 29.766226, "longitude": 77.085338, "category": "pit", "area_ha": 0.17, "area_m2": 1700.0, "prob_max": 0.99, "prob_mean": 0.811, "new_pit": 0, "setting": "outside riverbed", "water_share": 0.647, "buildings_near": 0.0, "compactness": 1.0, "size_class": "small (0.1-0.5 ha)", "google_maps": "https://www.google.com/maps?q=29.766226,77.085338" }, "geometry": { "type": "Polygon", "coordinates": [ [ [ 77.085153649170948, 29.766555352733302 ], [ 77.08515178061171, 29.766465163415084 ], [ 77.085255153662885, 29.766463533126867 ], [ 77.085253285019647, 29.766373343813232 ], [ 77.085356657969854, 29.766371713450241 ], [ 77.085354789242643, 29.766281524141188 ], [ 77.085148043518672, 29.76628478477463 ], [ 77.085144306459597, 29.766104406128839 ], [ 77.085247679140892, 29.766102775864319 ], [ 77.085243941930841, 29.765922397225022 ], [ 77.085554059368945, 29.765917505982785 ], [ 77.085555928247146, 29.766007695285321 ], [ 77.085452555683787, 29.76600932578603 ], [ 77.085463768576417, 29.766550461608745 ], [ 77.085153649170948, 29.766555352733302 ] ] ] } },
{ "type": "Feature", "properties": { "pit_id": 359, "latitude": 29.794163, "longitude": 76.714889, "category": "pit", "area_ha": 0.56, "area_m2": 5600.0, "prob_max": 0.99, "prob_mean": 0.732, "new_pit": 0, "setting": "outside riverbed", "water_share": 0.786, "buildings_near": 0.135, "compactness": 0.484, "size_class": "medium (0.5-2 ha)", "google_maps": "https://www.google.com/maps?q=29.794163,76.714889" }, "geometry": { "type": "Polygon", "coordinates": [ [ [ 76.714897089693338, 29.794613561368347 ], [ 76.714895551077205, 29.794523353022463 ], [ 76.71458527863642, 29.794527378673397 ], [ 76.714582201981244, 29.794346961948452 ], [ 76.71478904991136, 29.79434427828151 ], [ 76.714782895943429, 29.793983444854952 ], [ 76.714679472352572, 29.793984786709355 ], [ 76.714677933970748, 29.793894578344585 ], [ 76.714471086953452, 29.79389726180106 ], [ 76.714474163353387, 29.794077678548792 ], [ 76.714370739648899, 29.794079020165494 ], [ 76.714369201538105, 29.793988811787408 ], [ 76.714265777919309, 29.793990153318383 ], [ 76.714267315937406, 29.794080361701347 ], [ 76.714060468493486, 29.794083044530481 ], [ 76.714054317204443, 29.793722210951799 ], [ 76.714157740559187, 29.793720869597148 ], [ 76.714156202661712, 29.793630661204094 ], [ 76.714776742087324, 29.793622611407532 ], [ 76.71477828054087, 29.793712819771347 ], [ 76.714881703846686, 29.793711477850717 ], [ 76.714884780960091, 29.79389189456468 ], [ 76.714988204444282, 29.793890552553464 ], [ 76.714994359125697, 29.794251385946215 ], [ 76.715097782973601, 29.794250043834623 ], [ 76.71509932175411, 29.794340252174688 ], [ 76.715202745687705, 29.79433890997737 ], [ 76.715204284567889, 29.794429118311246 ], [ 76.715100860541611, 29.794430460513443 ], [ 76.715102399336104, 29.794520668850886 ], [ 76.715309247567049, 29.794517984355881 ], [ 76.7153107865539, 29.794608192682272 ], [ 76.714897089693338, 29.794613561368347 ] ] ] } },
{ "type": "Feature", "properties": { "pit_id": 360, "latitude": 29.542135, "longitude": 76.732433, "category": "pit", "area_ha": 0.34, "area_m2": 3400.0, "prob_max": 0.99, "prob_mean": 0.815, "new_pit": 0, "setting": "outside riverbed", "water_share": 1.0, "buildings_near": -0.0, "compactness": 1.0, "size_class": "small (0.1-0.5 ha)", "google_maps": "https://www.google.com/maps?q=29.542135,76.732433" }, "geometry": { "type": "Polygon", "coordinates": [ [ [ 76.732396518835188, 29.542464707098969 ], [ 76.732394980326831, 29.542374496152235 ], [ 76.732291814788937, 29.542375841425667 ], [ 76.732290276379089, 29.542285630472705 ], [ 76.732187110925693, 29.542286975661185 ], [ 76.732185572614355, 29.542196764702016 ], [ 76.732082407245457, 29.54219810980555 ], [ 76.732080869032643, 29.542107898840179 ], [ 76.731977703748228, 29.542109243858757 ], [ 76.731976165633938, 29.542019032887172 ], [ 76.732079330826821, 29.542017687873503 ], [ 76.732077792628004, 29.541927476905531 ], [ 76.732387287890148, 29.541923441399042 ], [ 76.732385749423827, 29.541833230444517 ], [ 76.732592079380524, 29.541830539716521 ], [ 76.732593618029867, 29.541920750661227 ], [ 76.73269678308921, 29.541919405172258 ], [ 76.732699860591907, 29.542099827047949 ], [ 76.732803025827266, 29.542098481469118 ], [ 76.732806103541009, 29.542278903329787 ], [ 76.732702938122642, 29.542280248918441 ], [ 76.732704476898505, 29.542370459851742 ], [ 76.732601311381629, 29.542371805365274 ], [ 76.732602850073008, 29.542462016302192 ], [ 76.732396518835188, 29.542464707098969 ] ] ] } },
{ "type": "Feature", "properties": { "pit_id": 361, "latitude": 29.800307, "longitude": 77.114072, "category": "pit", "area_ha": 0.17, "area_m2": 1700.0, "prob_max": 0.99, "prob_mean": 0.851, "new_pit": 0, "setting": "Yamuna riverbed", "water_share": 1.0, "buildings_near": 0.0, "compactness": 1.0, "size_class": "small (0.1-0.5 ha)", "google_maps": "https://www.google.com/maps?q=29.800307,77.114072" }, "geometry": { "type": "Polygon", "coordinates": [ [ [ 77.113786147832641, 29.800473661703609 ], [ 77.113782354229812, 29.800293287308325 ], [ 77.113885760139439, 29.800291632948323 ], [ 77.113883863258337, 29.800201445754677 ], [ 77.11398726906674, 29.800199791319884 ], [ 77.11398537210161, 29.800109604130906 ], [ 77.114295589197226, 29.800104640359681 ], [ 77.114303178220879, 29.800465389035427 ], [ 77.113786147832641, 29.800473661703609 ] ] ] } },
{ "type": "Feature", "properties": { "pit_id": 362, "latitude": 29.773288, "longitude": 76.865175, "category": "pit", "area_ha": 0.36, "area_m2": 3600.0, "prob_max": 0.99, "prob_mean": 0.918, "new_pit": 0, "setting": "outside riverbed", "water_share": 0.972, "buildings_near": -0.0, "compactness": 1.0, "size_class": "small (0.1-0.5 ha)", "google_maps": "https://www.google.com/maps?q=29.773288,76.865175" }, "geometry": { "type": "Polygon", "coordinates": [ [ [ 76.865020471615452, 29.773633132549822 ], [ 76.86501879977169, 29.773542931331999 ], [ 76.864915405693964, 29.773544389808496 ], [ 76.86490537534624, 29.773003182442071 ], [ 76.865008768868663, 29.773001723997378 ], [ 76.865007097078077, 29.772911522770332 ], [ 76.865110490500356, 29.772910064250187 ], [ 76.865112162383483, 29.773000265471921 ], [ 76.8652155558907, 29.772998806865708 ], [ 76.865213883915033, 29.772908605649274 ], [ 76.865317277322106, 29.77290714696759 ], [ 76.865318949390343, 29.772997348178723 ], [ 76.865422342882368, 29.772995889410982 ], [ 76.865434048220635, 29.773627297814993 ], [ 76.865020471615452, 29.773633132549822 ] ] ] } },
{ "type": "Feature", "properties": { "pit_id": 363, "latitude": 29.805418, "longitude": 76.788399, "category": "pit", "area_ha": 0.23, "area_m2": 2300.0, "prob_max": 0.99, "prob_mean": 0.787, "new_pit": 0, "setting": "outside riverbed", "water_share": 0.826, "buildings_near": 0.0, "compactness": 0.643, "size_class": "small (0.1-0.5 ha)", "google_maps": "https://www.google.com/maps?q=29.805418,76.788399" }, "geometry": { "type": "Polygon", "coordinates": [ [ [ 76.788438131010821, 29.805729188325927 ], [ 76.788436525712868, 29.805638983686183 ], [ 76.788229662708744, 29.805641783541848 ], [ 76.788224847415009, 29.805371169584237 ], [ 76.788121416180161, 29.805372569375493 ], [ 76.788113391300016, 29.804921546061198 ], [ 76.788320252835248, 29.804918746448639 ], [ 76.788321857982126, 29.805008951103954 ], [ 76.788218427125443, 29.805010350955762 ], [ 76.788220032186885, 29.805100555614835 ], [ 76.788323463136294, 29.805099155757958 ], [ 76.788328278642567, 29.805369769712108 ], [ 76.78843170986282, 29.805368369759083 ], [ 76.788434920422233, 29.805548779045129 ], [ 76.788745214595565, 29.805544578670265 ], [ 76.788746820164363, 29.805634783296071 ], [ 76.788953683095556, 29.805631982631571 ], [ 76.788955288857096, 29.805722187245891 ], [ 76.788438131010821, 29.805729188325927 ] ] ] } },
{ "type": "Feature", "properties": { "pit_id": 364, "latitude": 29.553688, "longitude": 76.542953, "category": "pit", "area_ha": 0.9, "area_m2": 9000.0, "prob_max": 0.99, "prob_mean": 0.677, "new_pit": 0, "setting": "outside riverbed", "water_share": 0.589, "buildings_near": 0.081, "compactness": 0.282, "size_class": "medium (0.5-2 ha)", "google_maps": "https://www.google.com/maps?q=29.553688,76.542953" }, "geometry": { "type": "Polygon", "coordinates": [ [ [ 76.543118355078448, 29.554363053804725 ], [ 76.543116983959067, 29.554272834465444 ], [ 76.542910609142268, 29.554275231908054 ], [ 76.542903754555041, 29.55382413514867 ], [ 76.542800567595251, 29.553825333727943 ], [ 76.542792342846155, 29.553284017548044 ], [ 76.542689156429688, 29.553285216020953 ], [ 76.542690527114019, 29.553375435391853 ], [ 76.542484154079162, 29.553377832106133 ], [ 76.542480042594491, 29.553107173963323 ], [ 76.542583228840257, 29.553105975659353 ], [ 76.54258185826626, 29.553015756280224 ], [ 76.542685044414185, 29.553014557900539 ], [ 76.542686415079785, 29.553104777275291 ], [ 76.542789601313061, 29.553103578811136 ], [ 76.542788230555885, 29.553013359440754 ], [ 76.542891416691333, 29.553012160900884 ], [ 76.542890045848793, 29.552921941533597 ], [ 76.543405975974451, 29.552915947654657 ], [ 76.543407347274936, 29.553006167000063 ], [ 76.543510533372938, 29.553004967979607 ], [ 76.543511904771265, 29.553095187319339 ], [ 76.543615090954589, 29.55309398821441 ], [ 76.543619205461809, 29.553364646212774 ], [ 76.54351601900369, 29.553365845330838 ], [ 76.54351327617583, 29.553185406657793 ], [ 76.54341008989465, 29.553186605686999 ], [ 76.543408718581674, 29.553096386344176 ], [ 76.543202346183776, 29.553098784153541 ], [ 76.54320371731356, 29.553189003505132 ], [ 76.543100531013664, 29.553190202294054 ], [ 76.543104644165737, 29.553460860354242 ], [ 76.543001457584808, 29.553462059076203 ], [ 76.543004199534209, 29.553642497785312 ], [ 76.543107386298317, 29.5536412990546 ], [ 76.543110128455893, 29.553821737749836 ], [ 76.543316502331777, 29.553819340030614 ], [ 76.543319244880692, 29.55399977870319 ], [ 76.543731993290265, 29.553994982268524 ], [ 76.543730621646304, 29.553904762950392 ], [ 76.543833808641494, 29.553903563645854 ], [ 76.543832436912183, 29.553813344330813 ], [ 76.543522876182664, 29.553816941990981 ], [ 76.543521504734386, 29.553726722661519 ], [ 76.543727878377126, 29.553724324310263 ], [ 76.543726506751881, 29.553634104988276 ], [ 76.54382969347229, 29.553632905696887 ], [ 76.54383106518911, 29.553723125014489 ], [ 76.543934251994855, 29.553721925638616 ], [ 76.54394111113065, 29.554173022185495 ], [ 76.543837923866917, 29.554174221583271 ], [ 76.543836552118862, 29.554084002272084 ], [ 76.543630177755873, 29.554086400818576 ], [ 76.543631549320722, 29.55417662013852 ], [ 76.543321987454604, 29.554180217370643 ], [ 76.543323358750911, 29.554270436702435 ], [ 76.543632920891824, 29.554266839457178 ], [ 76.543634292469193, 29.55435705877456 ], [ 76.54332473005347, 29.554360656032959 ], [ 76.543323358750911, 29.554270436702435 ], [ 76.543220171358115, 29.554271635623987 ], [ 76.543221542569071, 29.554361854958891 ], [ 76.543118355078448, 29.554363053804725 ] ] ] } },
{ "type": "Feature", "properties": { "pit_id": 365, "latitude": 29.759781, "longitude": 76.819851, "category": "pit", "area_ha": 0.29, "area_m2": 2900.0, "prob_max": 0.99, "prob_mean": 0.847, "new_pit": 0, "setting": "outside riverbed", "water_share": 1.0, "buildings_near": -0.0, "compactness": 0.868, "size_class": "small (0.1-0.5 ha)", "google_maps": "https://www.google.com/maps?q=29.759781,76.819851" }, "geometry": { "type": "Polygon", "coordinates": [ [ [ 76.819683845968328, 29.76009940557573 ], [ 76.819682215644306, 29.760009201868645 ], [ 76.819578832822003, 29.760010624317427 ], [ 76.819575572381169, 29.759830216888965 ], [ 76.81967895501846, 29.75982879445052 ], [ 76.819675694422273, 29.759648387027159 ], [ 76.819572311969978, 29.759649809455254 ], [ 76.819570681775488, 29.759559605736435 ], [ 76.819674064135285, 29.759558183313509 ], [ 76.819672433855715, 29.759467979598544 ], [ 76.820085962850825, 29.759462289120229 ], [ 76.82009574685938, 29.760003511266198 ], [ 76.819992364066721, 29.760004934037912 ], [ 76.819993994668252, 29.760095137729479 ], [ 76.819683845968328, 29.76009940557573 ] ], [ [ 76.819882459304637, 29.759645541928759 ], [ 76.819985841734706, 29.759644119258478 ], [ 76.819984211170237, 29.759553915560335 ], [ 76.819880828832666, 29.759555338225454 ], [ 76.819882459304637, 29.759645541928759 ] ] ] } },
{ "type": "Feature", "properties": { "pit_id": 366, "latitude": 29.80502, "longitude": 77.049995, "category": "pit", "area_ha": 0.12, "area_m2": 1200.0, "prob_max": 0.99, "prob_mean": 0.789, "new_pit": 0, "setting": "outside riverbed", "water_share": 1.0, "buildings_near": -0.0, "compactness": 1.0, "size_class": "small (0.1-0.5 ha)", "google_maps": "https://www.google.com/maps?q=29.805020,77.049995" }, "geometry": { "type": "Polygon", "coordinates": [ [ [ 77.049853403530392, 29.805270225233176 ], [ 77.04984420452945, 29.804819271201428 ], [ 77.050154448831748, 29.804814457274713 ], [ 77.050161809127701, 29.805175220432869 ], [ 77.049954978859915, 29.805178429844791 ], [ 77.049956818769473, 29.805268620642646 ], [ 77.049853403530392, 29.805270225233176 ] ], [ [ 77.049951299065853, 29.804998048245078 ], [ 77.050054714018614, 29.804996443591193 ], [ 77.050052874041455, 29.804906252795163 ], [ 77.049949459181363, 29.804907857443222 ], [ 77.049951299065853, 29.804998048245078 ] ] ] } },
{ "type": "Feature", "properties": { "pit_id": 367, "latitude": 29.558354, "longitude": 77.017418, "category": "pit", "area_ha": 0.1, "area_m2": 1000.0, "prob_max": 0.99, "prob_mean": 0.833, "new_pit": 1, "setting": "outside riverbed", "water_share": 0.0, "buildings_near": 0.0, "compactness": 1.0, "size_class": "small (0.1-0.5 ha)", "google_maps": "https://www.google.com/maps?q=29.558354,77.017418" }, "geometry": { "type": "Polygon", "coordinates": [ [ [ 77.017193804516751, 29.558475103681527 ], [ 77.017190219522803, 29.558294711687967 ], [ 77.01739654921316, 29.558291577217851 ], [ 77.017394756545386, 29.558201381230511 ], [ 77.017601086020065, 29.558198246451671 ], [ 77.017606464596994, 29.558468834375351 ], [ 77.017193804516751, 29.558475103681527 ] ] ] } },
{ "type": "Feature", "properties": { "pit_id": 368, "latitude": 29.805512, "longitude": 77.049355, "category": "pit", "area_ha": 0.11, "area_m2": 1100.0, "prob_max": 0.99, "prob_mean": 0.836, "new_pit": 0, "setting": "outside riverbed", "water_share": 1.0, "buildings_near": -0.0, "compactness": 1.0, "size_class": "small (0.1-0.5 ha)", "google_maps": "https://www.google.com/maps?q=29.805512,77.049355" }, "geometry": { "type": "Polygon", "coordinates": [ [ [ 77.049136853379451, 29.80564221846798 ], [ 77.049133174984405, 29.80546183678841 ], [ 77.049236590467316, 29.805460232752086 ], [ 77.049234751189672, 29.80537004191612 ], [ 77.04954499731025, 29.805365229339596 ], [ 77.049550516002213, 29.805635801791055 ], [ 77.049136853379451, 29.80564221846798 ] ] ] } },
{ "type": "Feature", "properties": { "pit_id": 369, "latitude": 29.805445, "longitude": 77.050219, "category": "pit", "area_ha": 0.07, "area_m2": 700.0, "prob_max": 0.99, "prob_mean": 0.906, "new_pit": 0, "setting": "outside riverbed", "water_share": 1.0, "buildings_near": -0.0, "compactness": 1.0, "size_class": "tiny (<0.1 ha)", "google_maps": "https://www.google.com/maps?q=29.805445,77.050219" }, "geometry": { "type": "Polygon", "coordinates": [ [ [ 77.049966018442646, 29.805719574611899 ], [ 77.049962338548312, 29.805539193028203 ], [ 77.050065754057016, 29.805537588339352 ], [ 77.050067594092681, 29.805627779126031 ], [ 77.050171009685698, 29.805626174350508 ], [ 77.050165489325821, 29.805355602003935 ], [ 77.050062074010796, 29.805357206761972 ], [ 77.050060234000199, 29.805267015971275 ], [ 77.050163649222583, 29.805265411219061 ], [ 77.050165489325821, 29.805355602003935 ], [ 77.050268904632503, 29.80535399716506 ], [ 77.050274425270359, 29.80562456949415 ], [ 77.050171009685698, 29.805626174350508 ], [ 77.050172849822374, 29.805716365130035 ], [ 77.049966018442646, 29.805719574611899 ] ] ] } },
{ "type": "Feature", "properties": { "pit_id": 370, "latitude": 29.538453, "longitude": 76.515513, "category": "pit", "area_ha": 0.88, "area_m2": 8800.0, "prob_max": 0.99, "prob_mean": 0.857, "new_pit": 0, "setting": "outside riverbed", "water_share": 0.409, "buildings_near": 0.123, "compactness": 0.678, "size_class": "medium (0.5-2 ha)", "google_maps": "https://www.google.com/maps?q=29.538453,76.515513" }, "geometry": { "type": "Polygon", "coordinates": [ [ [ 76.515539192510914, 29.538979540363421 ], [ 76.515537846732471, 29.538889319651283 ], [ 76.515331500501375, 29.538891673143496 ], [ 76.515328809328992, 29.538711231698187 ], [ 76.515431982264545, 29.538710055000692 ], [ 76.515430636596008, 29.538619834280418 ], [ 76.515327463751987, 29.538621010973593 ], [ 76.515326118181122, 29.538530790247737 ], [ 76.514913427109875, 29.538535496202766 ], [ 76.514912081911248, 29.538445275458429 ], [ 76.514705736521933, 29.538447627947036 ], [ 76.514701701511967, 29.538176965680563 ], [ 76.515011218763007, 29.538173436866249 ], [ 76.515009873497362, 29.53808321612108 ], [ 76.515835251831632, 29.538073802461714 ], [ 76.515836597829491, 29.538164023172492 ], [ 76.515939770185213, 29.538162846100544 ], [ 76.515941116280757, 29.538253066805733 ], [ 76.516044288721872, 29.53825188964943 ], [ 76.516046981114386, 29.538432331047375 ], [ 76.516150153732426, 29.538431153802431 ], [ 76.516152846332503, 29.53861159518663 ], [ 76.516049673531398, 29.538612772440185 ], [ 76.516051019749099, 29.538702993134685 ], [ 76.51615419264175, 29.538701815876827 ], [ 76.516155538957108, 29.538792036565727 ], [ 76.516052365972953, 29.538793213827876 ], [ 76.516053712202918, 29.538883434519803 ], [ 76.51564101983881, 29.538888142785098 ], [ 76.5156423657088, 29.538978363492934 ], [ 76.515539192510914, 29.538979540363421 ] ] ] } },
{ "type": "Feature", "properties": { "pit_id": 371, "latitude": 29.528605, "longitude": 76.85669, "category": "pit", "area_ha": 0.08, "area_m2": 800.0, "prob_max": 0.99, "prob_mean": 0.714, "new_pit": 0, "setting": "outside riverbed", "water_share": 0.5, "buildings_near": 0.014, "compactness": 1.0, "size_class": "tiny (<0.1 ha)", "google_maps": "https://www.google.com/maps?q=29.528605,76.856690" }, "geometry": { "type": "Polygon", "coordinates": [ [ [ 76.856589816357783, 29.528786804924192 ], [ 76.85658322500727, 29.528425984985478 ], [ 76.856789513683893, 29.528423102615818 ], [ 76.856796105765753, 29.528783922512417 ], [ 76.856589816357783, 29.528786804924192 ] ] ] } },
{ "type": "Feature", "properties": { "pit_id": 372, "latitude": 29.560012, "longitude": 76.928937, "category": "likely village pond", "area_ha": 0.08, "area_m2": 800.0, "prob_max": 0.99, "prob_mean": 0.74, "new_pit": 0, "setting": "outside riverbed", "water_share": 1.0, "buildings_near": 0.182, "compactness": 1.0, "size_class": "tiny (<0.1 ha)", "google_maps": "https://www.google.com/maps?q=29.560012,76.928937" }, "geometry": { "type": "Polygon", "coordinates": [ [ [ 76.928888443991298, 29.560148074324925 ], [ 76.928883301479573, 29.559877471978197 ], [ 76.929089645384721, 29.559874474521639 ], [ 76.929091359730592, 29.559964675294253 ], [ 76.928988187690379, 29.559966174068034 ], [ 76.928989901952491, 29.560056374844812 ], [ 76.929402590432758, 29.560050379247432 ], [ 76.929404305068871, 29.560140580000997 ], [ 76.928888443991298, 29.560148074324925 ] ] ] } },
{ "type": "Feature", "properties": { "pit_id": 373, "latitude": 29.746928, "longitude": 76.857867, "category": "pit", "area_ha": 0.1, "area_m2": 1000.0, "prob_max": 0.99, "prob_mean": 0.823, "new_pit": 0, "setting": "outside riverbed", "water_share": 0.0, "buildings_near": -0.0, "compactness": 1.0, "size_class": "small (0.1-0.5 ha)", "google_maps": "https://www.google.com/maps?q=29.746928,76.857867" }, "geometry": { "type": "Polygon", "coordinates": [ [ [ 76.857808743725542, 29.747118248097639 ], [ 76.857807080129632, 29.747028046147772 ], [ 76.857703712844554, 29.747029497816854 ], [ 76.857700385860284, 29.746849093902618 ], [ 76.857803752960493, 29.746847642244102 ], [ 76.857800425821594, 29.746667238335167 ], [ 76.857903792729374, 29.746665786606535 ], [ 76.857907120053142, 29.746846190504911 ], [ 76.858010487138216, 29.746844738685034 ], [ 76.858015478457858, 29.747115344506895 ], [ 76.857808743725542, 29.747118248097639 ] ] ] } },
{ "type": "Feature", "properties": { "pit_id": 374, "latitude": 29.744713, "longitude": 77.001062, "category": "pit", "area_ha": 0.06, "area_m2": 600.0, "prob_max": 0.99, "prob_mean": 0.853, "new_pit": 0, "setting": "outside riverbed", "water_share": 1.0, "buildings_near": -0.0, "compactness": 1.0, "size_class": "tiny (<0.1 ha)", "google_maps": "https://www.google.com/maps?q=29.744713,77.001062" }, "geometry": { "type": "Polygon", "coordinates": [ [ [ 77.000961535251278, 29.744849862439946 ], [ 77.000956160566972, 29.744579279355754 ], [ 77.001162872624576, 29.744576152378723 ], [ 77.00116824786322, 29.744846735428805 ], [ 77.000961535251278, 29.744849862439946 ] ] ] } },
{ "type": "Feature", "properties": { "pit_id": 375, "latitude": 29.556085, "longitude": 76.738427, "category": "pit", "area_ha": 0.22, "area_m2": 2200.0, "prob_max": 0.99, "prob_mean": 0.879, "new_pit": 0, "setting": "outside riverbed", "water_share": 0.682, "buildings_near": 0.072, "compactness": 1.0, "size_class": "small (0.1-0.5 ha)", "google_maps": "https://www.google.com/maps?q=29.556085,76.738427" }, "geometry": { "type": "Polygon", "coordinates": [ [ [ 76.738413130964275, 29.556371882093561 ], [ 76.738411586241668, 29.556281671623836 ], [ 76.738308406908288, 29.556283022143393 ], [ 76.738305317667354, 29.556102601190151 ], [ 76.73820213851009, 29.556103951619765 ], [ 76.738199049480414, 29.555923530651476 ], [ 76.738095870499251, 29.555924880991157 ], [ 76.738094326086525, 29.555834670500126 ], [ 76.738197504976128, 29.555833320165377 ], [ 76.738195960478862, 29.555743109677987 ], [ 76.73829913926987, 29.555741759268084 ], [ 76.738300683858682, 29.555831969750539 ], [ 76.738403862734202, 29.555830619255644 ], [ 76.738405407421638, 29.555920829731889 ], [ 76.738611765334724, 29.555918128491978 ], [ 76.738616399988629, 29.556188759883305 ], [ 76.738719579209317, 29.556187409128437 ], [ 76.738722669196889, 29.556367830039619 ], [ 76.738413130964275, 29.556371882093561 ] ] ] } },
{ "type": "Feature", "properties": { "pit_id": 376, "latitude": 29.71183, "longitude": 77.140411, "category": "pit", "area_ha": 0.26, "area_m2": 2600.0, "prob_max": 0.98, "prob_mean": 0.84, "new_pit": 0, "setting": "Yamuna riverbed", "water_share": 0.846, "buildings_near": 0.0, "compactness": 0.843, "size_class": "small (0.1-0.5 ha)", "google_maps": "https://www.google.com/maps?q=29.711830,77.140411" }, "geometry": { "type": "Polygon", "coordinates": [ [ [ 77.140046305928351, 29.712269517002891 ], [ 77.140044392409294, 29.712179330144394 ], [ 77.139941078672095, 29.712181000490787 ], [ 77.139939165253963, 29.712090813624858 ], [ 77.14014579253525, 29.712087472863711 ], [ 77.140141965356221, 29.71190709915215 ], [ 77.140245278799412, 29.711905428662956 ], [ 77.140241451470786, 29.711725054958169 ], [ 77.140344764720865, 29.711723384400607 ], [ 77.14034285097739, 29.711633197552295 ], [ 77.140446164126573, 29.7116315269203 ], [ 77.140444250299595, 29.71154134007671 ], [ 77.140547563347866, 29.711539669370271 ], [ 77.140545649437399, 29.711449482531428 ], [ 77.140752275323436, 29.711446140889173 ], [ 77.140756103521881, 29.711626514541205 ], [ 77.14085941663626, 29.711624843587142 ], [ 77.14086133084075, 29.711715030405063 ], [ 77.140551391194919, 29.71172004304394 ], [ 77.140555219076759, 29.711900416712258 ], [ 77.140451905659688, 29.711902087443001 ], [ 77.140455733391917, 29.712082461118086 ], [ 77.140249106162841, 29.712085802362356 ], [ 77.140251019857587, 29.712175989210046 ], [ 77.140147706137782, 29.712177659717483 ], [ 77.140149619749039, 29.712267846569912 ], [ 77.140046305928351, 29.712269517002891 ] ] ] } },
{ "type": "Feature", "properties": { "pit_id": 377, "latitude": 29.651524, "longitude": 76.741243, "category": "pit", "area_ha": 0.58, "area_m2": 5800.0, "prob_max": 0.98, "prob_mean": 0.808, "new_pit": 0, "setting": "outside riverbed", "water_share": 0.034, "buildings_near": 0.18, "compactness": 0.647, "size_class": "medium (0.5-2 ha)", "google_maps": "https://www.google.com/maps?q=29.651524,76.741243" }, "geometry": { "type": "Polygon", "coordinates": [ [ [ 76.741192093889708, 29.652069539149927 ], [ 76.74119054067782, 29.651979330114823 ], [ 76.740983987376922, 29.651982043315414 ], [ 76.740982434356127, 29.651891834269122 ], [ 76.740879157787091, 29.651893190743898 ], [ 76.74087449904313, 29.651622563582379 ], [ 76.740977775336134, 29.651621207122425 ], [ 76.740973116379735, 29.651350579964021 ], [ 76.74107639238963, 29.651349223438519 ], [ 76.741070180178625, 29.650988387228818 ], [ 76.741173455813424, 29.650987030642703 ], [ 76.741171902686318, 29.650896821591967 ], [ 76.741378453750713, 29.65089410818846 ], [ 76.741380007061835, 29.650984317229305 ], [ 76.741483282675432, 29.650982960402033 ], [ 76.741495710154808, 29.651704632642364 ], [ 76.741598986497422, 29.651703275695148 ], [ 76.741600540056169, 29.651793484714382 ], [ 76.74149726362154, 29.651794841666547 ], [ 76.74150037057619, 29.651975259711001 ], [ 76.741397093950454, 29.651976616592663 ], [ 76.741398647346372, 29.652066825617876 ], [ 76.741192093889708, 29.652069539149927 ] ], [ [ 76.741077945460049, 29.65143943248767 ], [ 76.741181221554896, 29.651438075876833 ], [ 76.741179668392462, 29.651347866832619 ], [ 76.74107639238963, 29.651349223438519 ], [ 76.741077945460049, 29.65143943248767 ] ] ] } },
{ "type": "Feature", "properties": { "pit_id": 378, "latitude": 29.711122, "longitude": 77.132891, "category": "pit", "area_ha": 0.06, "area_m2": 600.0, "prob_max": 0.98, "prob_mean": 0.718, "new_pit": 1, "setting": "Yamuna riverbed", "water_share": 0.0, "buildings_near": -0.0, "compactness": 1.0, "size_class": "tiny (<0.1 ha)", "google_maps": "https://www.google.com/maps?q=29.711122,77.132891" }, "geometry": { "type": "Polygon", "coordinates": [ [ [ 77.13268621248622, 29.711215477073104 ], [ 77.132684305626555, 29.711125289766397 ], [ 77.132787618772937, 29.71112362513508 ], [ 77.13278571182974, 29.711033437833102 ], [ 77.13309565094022, 29.711028443474245 ], [ 77.133097558160017, 29.711118630758051 ], [ 77.132994245039654, 29.711120295630909 ], [ 77.13299615217592, 29.711210482919434 ], [ 77.13268621248622, 29.711215477073104 ] ] ] } },
{ "type": "Feature", "properties": { "pit_id": 379, "latitude": 29.873097, "longitude": 76.703377, "category": "pit", "area_ha": 0.44, "area_m2": 4400.0, "prob_max": 0.98, "prob_mean": 0.735, "new_pit": 0, "setting": "outside riverbed", "water_share": 0.182, "buildings_near": 0.1, "compactness": 0.61, "size_class": "small (0.1-0.5 ha)", "google_maps": "https://www.google.com/maps?q=29.873097,76.703377" }, "geometry": { "type": "Polygon", "coordinates": [ [ [ 76.702992702824488, 29.873446399634577 ], [ 76.702991170012893, 29.87335619180438 ], [ 76.702887663999974, 29.873357527640806 ], [ 76.702884598583751, 29.873177111966793 ], [ 76.702988104410551, 29.873175776140055 ], [ 76.702986571619832, 29.873085568305942 ], [ 76.703193583066465, 29.873082896418801 ], [ 76.703192050096604, 29.872992688593069 ], [ 76.703088544469821, 29.872994024572353 ], [ 76.703085478737066, 29.872813608907268 ], [ 76.703292489611457, 29.872810936886982 ], [ 76.703290956569418, 29.872720729062188 ], [ 76.703601472549664, 29.872716720437939 ], [ 76.70360300587086, 29.872806928248206 ], [ 76.703706511276721, 29.872805591873057 ], [ 76.703715711908345, 29.873346838678142 ], [ 76.703612205944168, 29.873348175082374 ], [ 76.703613739314079, 29.873438382883506 ], [ 76.703199715015543, 29.873443727708686 ], [ 76.703198182017829, 29.87335351988817 ], [ 76.703301688009859, 29.8733521838084 ], [ 76.703298621849214, 29.873171768173151 ], [ 76.70319511604329, 29.873173104243236 ], [ 76.703196649027078, 29.873263312066356 ], [ 76.703093143121137, 29.873264648060172 ], [ 76.703096208923483, 29.873445063712186 ], [ 76.702992702824488, 29.873446399634577 ] ], [ [ 76.702989637208233, 29.873265983972875 ], [ 76.703093143121137, 29.873264648060172 ], [ 76.703091610230402, 29.873174440232194 ], [ 76.702988104410551, 29.873175776140055 ], [ 76.702989637208233, 29.873265983972875 ] ] ] } },
{ "type": "Feature", "properties": { "pit_id": 380, "latitude": 29.653946, "longitude": 76.623955, "category": "pit", "area_ha": 1.02, "area_m2": 10200.0, "prob_max": 0.98, "prob_mean": 0.744, "new_pit": 0, "setting": "outside riverbed", "water_share": 0.657, "buildings_near": 0.001, "compactness": 0.881, "size_class": "medium (0.5-2 ha)", "google_maps": "https://www.google.com/maps?q=29.653946,76.623955" }, "geometry": { "type": "Polygon", "coordinates": [ [ [ 76.623984486726243, 29.654549951616392 ], [ 76.623983037893794, 29.654459737173251 ], [ 76.623776467068296, 29.654462267966622 ], [ 76.623775018426528, 29.654372053512969 ], [ 76.623671733095932, 29.654373318784415 ], [ 76.623670284552816, 29.654283104324861 ], [ 76.623463714055958, 29.654285634617306 ], [ 76.623460817357653, 29.654105205675847 ], [ 76.623357532283435, 29.654106470692231 ], [ 76.623348842898906, 29.653565183809192 ], [ 76.623968549931803, 29.653557592670655 ], [ 76.623967101171843, 29.653467378213289 ], [ 76.624380238693789, 29.653462315864481 ], [ 76.624381687821909, 29.653552530303404 ], [ 76.624484972277955, 29.653551264510565 ], [ 76.624489319977997, 29.653821907805742 ], [ 76.624592604703579, 29.653820641918653 ], [ 76.624595503387326, 29.654001070766412 ], [ 76.62449221847767, 29.654002336662728 ], [ 76.62449511700369, 29.654182765514538 ], [ 76.624288546796379, 29.654185297084375 ], [ 76.624291444980599, 29.654365725949479 ], [ 76.624188159682973, 29.654366991623 ], [ 76.624191057709467, 29.654547420492143 ], [ 76.623984486726243, 29.654549951616392 ] ] ] } },
{ "type": "Feature", "properties": { "pit_id": 381, "latitude": 29.867206, "longitude": 77.031524, "category": "likely village pond", "area_ha": 0.15, "area_m2": 1500.0, "prob_max": 0.98, "prob_mean": 0.681, "new_pit": 0, "setting": "outside riverbed", "water_share": 1.0, "buildings_near": 0.202, "compactness": 0.929, "size_class": "small (0.1-0.5 ha)", "google_maps": "https://www.google.com/maps?q=29.867206,77.031524" }, "geometry": { "type": "Polygon", "coordinates": [ [ [ 77.031460001516763, 29.867625345472579 ], [ 77.031456345699283, 29.867444963495945 ], [ 77.03155982618695, 29.867443370303448 ], [ 77.03155617021676, 29.867262988333017 ], [ 77.031452689915, 29.867264581513957 ], [ 77.0314508620353, 29.867174390520969 ], [ 77.031347381818208, 29.867175983615077 ], [ 77.031341898507776, 29.866905410610769 ], [ 77.03154885837597, 29.866902224376162 ], [ 77.031550686323712, 29.866992415367378 ], [ 77.031654166338313, 29.866990822122723 ], [ 77.031665134756821, 29.867531968007345 ], [ 77.0315616541845, 29.86753356128666 ], [ 77.031563482190336, 29.867623752268528 ], [ 77.031460001516763, 29.867625345472579 ] ] ] } },
{ "type": "Feature", "properties": { "pit_id": 382, "latitude": 29.576036, "longitude": 76.980437, "category": "pit", "area_ha": 0.18, "area_m2": 1800.0, "prob_max": 0.98, "prob_mean": 0.685, "new_pit": 0, "setting": "outside riverbed", "water_share": 0.944, "buildings_near": 0.061, "compactness": 1.0, "size_class": "small (0.1-0.5 ha)", "google_maps": "https://www.google.com/maps?q=29.576036,76.980437" }, "geometry": { "type": "Polygon", "coordinates": [ [ [ 76.980185477081207, 29.576355174011589 ], [ 76.980183716174778, 29.576264976217345 ], [ 76.98028690162424, 29.57626343691464 ], [ 76.980285140634223, 29.576173239124692 ], [ 76.980388325984066, 29.576171699747498 ], [ 76.980383042787267, 29.575901106386571 ], [ 76.980279857712262, 29.575902645746915 ], [ 76.980278096754304, 29.575812447951666 ], [ 76.980381281737678, 29.575810908596946 ], [ 76.980379520696133, 29.57572071080601 ], [ 76.980482705579888, 29.575719171376804 ], [ 76.98048094445474, 29.575628973590156 ], [ 76.980790498783094, 29.575624354838766 ], [ 76.980788737391137, 29.575534157067647 ], [ 76.980891922059612, 29.575532617329262 ], [ 76.980893683543172, 29.575622815094757 ], [ 76.980790498783094, 29.575624354838766 ], [ 76.980792260183065, 29.575714552608549 ], [ 76.980998629878442, 29.575711473029202 ], [ 76.981000391469664, 29.575801670786422 ], [ 76.980794021591066, 29.575804750377017 ], [ 76.980792260183065, 29.575714552608549 ], [ 76.980482705579888, 29.575719171376804 ], [ 76.980484466713051, 29.575809369162119 ], [ 76.980587651680409, 29.575807829647189 ], [ 76.980589412913204, 29.57589802742558 ], [ 76.980486227854229, 29.575899566946127 ], [ 76.98049503368037, 29.576350555846304 ], [ 76.980185477081207, 29.576355174011589 ] ] ] } },
{ "type": "Feature", "properties": { "pit_id": 383, "latitude": 29.485238, "longitude": 76.761097, "category": "pit", "area_ha": 0.66, "area_m2": 6600.0, "prob_max": 0.98, "prob_mean": 0.892, "new_pit": 0, "setting": "outside riverbed", "water_share": 0.015, "buildings_near": 0.142, "compactness": 0.949, "size_class": "medium (0.5-2 ha)", "google_maps": "https://www.google.com/maps?q=29.485238,76.761097" }, "geometry": { "type": "Polygon", "coordinates": [ [ [ 76.760821957427552, 29.485696828337677 ], [ 76.760820397288214, 29.485606617990516 ], [ 76.760717290870105, 29.485607982951894 ], [ 76.760714170795254, 29.485427562243707 ], [ 76.760611064552492, 29.485428927115265 ], [ 76.760606384767243, 29.485158296028249 ], [ 76.760709490736275, 29.485156931171659 ], [ 76.760707930730831, 29.485066720811727 ], [ 76.760811036601524, 29.485065355880291 ], [ 76.760807916429499, 29.484884935166487 ], [ 76.761014127784605, 29.484882205084045 ], [ 76.761012567526777, 29.484791994735179 ], [ 76.76121877867098, 29.484789264343345 ], [ 76.76122033911129, 29.484879474682216 ], [ 76.761426550409524, 29.484876743961024 ], [ 76.761428111039422, 29.484966954288623 ], [ 76.761531216769114, 29.48496558880327 ], [ 76.761532777497337, 29.485055799124574 ], [ 76.761635883311143, 29.485054433554374 ], [ 76.761639004971428, 29.485234854183112 ], [ 76.76153589897514, 29.485236219763291 ], [ 76.761539020481379, 29.485416640396792 ], [ 76.761332808102495, 29.485419371337596 ], [ 76.761335929272221, 29.485599791985887 ], [ 76.761026610103158, 29.485603887828198 ], [ 76.761028170424964, 29.485694098165386 ], [ 76.760821957427552, 29.485696828337677 ] ] ] } },
{ "type": "Feature", "properties": { "pit_id": 384, "latitude": 29.767849, "longitude": 76.846454, "category": "pit", "area_ha": 0.16, "area_m2": 1600.0, "prob_max": 0.98, "prob_mean": 0.568, "new_pit": 0, "setting": "outside riverbed", "water_share": 1.0, "buildings_near": 0.018, "compactness": 1.0, "size_class": "small (0.1-0.5 ha)", "google_maps": "https://www.google.com/maps?q=29.767849,76.846454" }, "geometry": { "type": "Polygon", "coordinates": [ [ [ 76.846406871995313, 29.768119973077312 ], [ 76.846398598096243, 29.767668961833657 ], [ 76.846501987226517, 29.767667518090594 ], [ 76.84649867753447, 29.76748711359442 ], [ 76.846808844324997, 29.76748278191225 ], [ 76.846812154572234, 29.767663186376925 ], [ 76.846708765464498, 29.767664630362237 ], [ 76.846710420506867, 29.767754832597856 ], [ 76.846503642083817, 29.767757720336711 ], [ 76.846506951820984, 29.767938124824997 ], [ 76.846610341221336, 29.767936680985454 ], [ 76.84661199619373, 29.768026883222362 ], [ 76.846715385679104, 29.768025439296821 ], [ 76.846717040751543, 29.768115641527174 ], [ 76.846406871995313, 29.768119973077312 ] ] ] } },
{ "type": "Feature", "properties": { "pit_id": 385, "latitude": 29.489284, "longitude": 76.83499, "category": "pit", "area_ha": 0.22, "area_m2": 2200.0, "prob_max": 0.98, "prob_mean": 0.636, "new_pit": 0, "setting": "outside riverbed", "water_share": 0.0, "buildings_near": 0.102, "compactness": 0.686, "size_class": "small (0.1-0.5 ha)", "google_maps": "https://www.google.com/maps?q=29.489284,76.834990" }, "geometry": { "type": "Polygon", "coordinates": [ [ [ 76.834835260300906, 29.489568755311332 ], [ 76.834833634349252, 29.48947854868852 ], [ 76.834730528207615, 29.489479971175687 ], [ 76.834725650670833, 29.489209351283758 ], [ 76.834828756538727, 29.489207928812199 ], [ 76.834825504702081, 29.489027515554785 ], [ 76.834928610380089, 29.48902609301377 ], [ 76.834926984381653, 29.488935886388312 ], [ 76.835030089961023, 29.488934463772651 ], [ 76.83503334214781, 29.489114877011872 ], [ 76.835239553649288, 29.489112031520204 ], [ 76.835242806230681, 29.48929244473339 ], [ 76.835345912152789, 29.489291021857387 ], [ 76.835349164946294, 29.489471435054945 ], [ 76.835246058841705, 29.489472857941358 ], [ 76.835244432532491, 29.48938265133803 ], [ 76.835141326511732, 29.489384074139391 ], [ 76.835138074098012, 29.489203660918413 ], [ 76.835034968252316, 29.489205083629514 ], [ 76.83504147274445, 29.489565910087055 ], [ 76.834835260300906, 29.489568755311332 ] ] ] } },
{ "type": "Feature", "properties": { "pit_id": 386, "latitude": 29.765428, "longitude": 76.693664, "category": "pit", "area_ha": 1.38, "area_m2": 13800.0, "prob_max": 0.98, "prob_mean": 0.71, "new_pit": 0, "setting": "outside riverbed", "water_share": 0.703, "buildings_near": 0.045, "compactness": 0.345, "size_class": "medium (0.5-2 ha)", "google_maps": "https://www.google.com/maps?q=29.765428,76.693664" }, "geometry": { "type": "Polygon", "coordinates": [ [ [ 76.694861868122644, 29.765908517020744 ], [ 76.694860349241083, 29.765818307340609 ], [ 76.694446766308147, 29.765823607397877 ], [ 76.694445247803685, 29.765733397697179 ], [ 76.694031665130538, 29.76573869644292 ], [ 76.694033183264807, 29.765828906162877 ], [ 76.692999225173523, 29.765842147421722 ], [ 76.692993156379956, 29.765481308341521 ], [ 76.693199947312976, 29.765478660774381 ], [ 76.693198429946719, 29.765388451010708 ], [ 76.69371540669583, 29.765381830703536 ], [ 76.693713888873731, 29.765291620962614 ], [ 76.693920679339982, 29.765288972284026 ], [ 76.693919161339679, 29.765198762551432 ], [ 76.694022556469918, 29.765197438095793 ], [ 76.694021038383966, 29.765107228366723 ], [ 76.694124433414743, 29.765105903835153 ], [ 76.694122915243128, 29.765015694109586 ], [ 76.694226310174471, 29.765014369502058 ], [ 76.694227828438628, 29.765104579222808 ], [ 76.694434618465692, 29.765101929755829 ], [ 76.694431581574094, 29.764921510332293 ], [ 76.694534976392191, 29.764920185487291 ], [ 76.694536494927078, 29.765010395194885 ], [ 76.69463988983081, 29.765009070264302 ], [ 76.694641408465159, 29.765099279965792 ], [ 76.694951593412597, 29.765095304675 ], [ 76.694953112331504, 29.765185514360727 ], [ 76.695056507392707, 29.765184189097457 ], [ 76.695058026411061, 29.765274398777063 ], [ 76.695264816697886, 29.765271747998582 ], [ 76.695273932063557, 29.765813005991085 ], [ 76.695067140666126, 29.765815656827389 ], [ 76.695068659732797, 29.765905866497871 ], [ 76.694861868122644, 29.765908517020744 ] ], [ [ 76.693204499453117, 29.765749290057609 ], [ 76.693307895186933, 29.765747966138466 ], [ 76.693306377707444, 29.765657756383494 ], [ 76.693202982066168, 29.765659080297841 ], [ 76.693204499453117, 29.765749290057609 ] ], [ [ 76.694236938168459, 29.765645837519948 ], [ 76.69434033374074, 29.765644512797937 ], [ 76.694337296951431, 29.765464093380395 ], [ 76.694233901564246, 29.765465418092766 ], [ 76.694236938168459, 29.765645837519948 ] ], [ [ 76.69444372930613, 29.765643187995174 ], [ 76.694547124864613, 29.765641863111636 ], [ 76.694545606281395, 29.765551653413151 ], [ 76.694442210815467, 29.765552978291865 ], [ 76.69444372930613, 29.765643187995174 ] ], [ [ 76.693821837874978, 29.765560925868094 ], [ 76.693925233382302, 29.765559601473967 ], [ 76.693923715361308, 29.765469391745292 ], [ 76.693820319946511, 29.765470716134597 ], [ 76.693821837874978, 29.765560925868094 ] ], [ [ 76.694130506170168, 29.765466742724374 ], [ 76.694233901564246, 29.765465418092766 ], [ 76.694232383272492, 29.765375208377225 ], [ 76.694128987970956, 29.765376533004023 ], [ 76.694130506170168, 29.765466742724374 ] ], [ [ 76.695061064468476, 29.765454818132376 ], [ 76.695164459800438, 29.765453492773887 ], [ 76.695162940675729, 29.765363283101699 ], [ 76.695059545436322, 29.765364608455378 ], [ 76.695061064468476, 29.765454818132376 ] ] ] } },
{ "type": "Feature", "properties": { "pit_id": 387, "latitude": 29.591788, "longitude": 77.077265, "category": "pit", "area_ha": 0.11, "area_m2": 1100.0, "prob_max": 0.98, "prob_mean": 0.832, "new_pit": 1, "setting": "outside riverbed", "water_share": 1.0, "buildings_near": 0.0, "compactness": 1.0, "size_class": "small (0.1-0.5 ha)", "google_maps": "https://www.google.com/maps?q=29.591788,77.077265" }, "geometry": { "type": "Polygon", "coordinates": [ [ [ 77.077011398765848, 29.592017480704115 ], [ 77.07700955061722, 29.591927288542404 ], [ 77.077112745798829, 29.59192567323181 ], [ 77.077110897566939, 29.591835481074668 ], [ 77.077214092648489, 29.591833865689811 ], [ 77.077212244333353, 29.591743673537231 ], [ 77.077109049343463, 29.591745288916183 ], [ 77.077105352921734, 29.591564904595231 ], [ 77.077002158106765, 29.59156651988226 ], [ 77.077000310000173, 29.591476327713899 ], [ 77.077206699438392, 29.591473097071471 ], [ 77.077210396026615, 29.5916534813833 ], [ 77.077313590916418, 29.5916518659301 ], [ 77.077317287721613, 29.591832250224819 ], [ 77.077420482786351, 29.591830634679695 ], [ 77.077422331293235, 29.591920826819166 ], [ 77.077215940972053, 29.591924057841062 ], [ 77.077217789304015, 29.592014249990985 ], [ 77.077011398765848, 29.592017480704115 ] ] ] } },
{ "type": "Feature", "properties": { "pit_id": 388, "latitude": 29.758109, "longitude": 77.071485, "category": "pit", "area_ha": 0.55, "area_m2": 5500.0, "prob_max": 0.98, "prob_mean": 0.739, "new_pit": 0, "setting": "outside riverbed", "water_share": 1.0, "buildings_near": 0.013, "compactness": 0.304, "size_class": "medium (0.5-2 ha)", "google_maps": "https://www.google.com/maps?q=29.758109,77.071485" }, "geometry": { "type": "Polygon", "coordinates": [ [ [ 77.069890449246714, 29.758495007455771 ], [ 77.069877469444606, 29.757863675306577 ], [ 77.069980834670261, 29.757862057377931 ], [ 77.069978980354094, 29.757771867071448 ], [ 77.070392440802721, 29.757765394573575 ], [ 77.070394295488626, 29.757855584856532 ], [ 77.069980834670261, 29.757862057377931 ], [ 77.069991960744261, 29.758403199188816 ], [ 77.070508789519238, 29.758395108158911 ], [ 77.070506934690329, 29.758304917889841 ], [ 77.070713665956433, 29.75830168092488 ], [ 77.070715520970225, 29.758391871182177 ], [ 77.071128983771061, 29.758385396260536 ], [ 77.071127128387516, 29.758295206026787 ], [ 77.071230493974198, 29.758293587100553 ], [ 77.071228638506668, 29.758203396871338 ], [ 77.071125273012413, 29.758205015791678 ], [ 77.071121562287487, 29.758024635317476 ], [ 77.071224927596859, 29.758023016408909 ], [ 77.071221216720787, 29.757842635941131 ], [ 77.070911121321956, 29.757847492389498 ], [ 77.070909266173857, 29.757757302135957 ], [ 77.071529456341054, 29.757747588548408 ], [ 77.071535023474425, 29.758018159199104 ], [ 77.071638388750088, 29.758016539967812 ], [ 77.071645812082394, 29.75837730079316 ], [ 77.071335715120895, 29.75838215831563 ], [ 77.071337570697736, 29.758472348536291 ], [ 77.069890449246714, 29.758495007455771 ] ], [ [ 77.071228638506668, 29.758203396871338 ], [ 77.071332003992495, 29.758201777870319 ], [ 77.071328292897817, 29.75802139741965 ], [ 77.071224927596859, 29.758023016408909 ], [ 77.071228638506668, 29.758203396871338 ] ] ] } },
{ "type": "Feature", "properties": { "pit_id": 389, "latitude": 29.728846, "longitude": 76.880177, "category": "pit", "area_ha": 1.98, "area_m2": 19800.0, "prob_max": 0.98, "prob_mean": 0.721, "new_pit": 0, "setting": "outside riverbed", "water_share": 0.313, "buildings_near": 0.004, "compactness": 0.224, "size_class": "medium (0.5-2 ha)", "google_maps": "https://www.google.com/maps?q=29.728846,76.880177" }, "geometry": { "type": "Polygon", "coordinates": [ [ [ 76.879611165778954, 29.72975775662211 ], [ 76.879609483848853, 29.729667555559733 ], [ 76.879506135652349, 29.729669023484512 ], [ 76.879502771999753, 29.729488621345133 ], [ 76.879606120011573, 29.729487153431041 ], [ 76.879602756204889, 29.72930675129707 ], [ 76.879499408377754, 29.729308219200483 ], [ 76.879497726578222, 29.729218018126193 ], [ 76.879601074313001, 29.729216550228109 ], [ 76.879594346821946, 29.728855745939114 ], [ 76.879801041529802, 29.72885280994382 ], [ 76.879797677460786, 29.728672407812773 ], [ 76.879694330295351, 29.728673875840059 ], [ 76.879692648364653, 29.728583674767215 ], [ 76.879589301283914, 29.728585142708528 ], [ 76.879579210414292, 29.728043936211836 ], [ 76.879475863879961, 29.728045404040497 ], [ 76.879474182187451, 29.727955202947765 ], [ 76.879577528629454, 29.727953735124441 ], [ 76.879575846852248, 29.727863534035727 ], [ 76.879679193194278, 29.727862066137138 ], [ 76.879677511332375, 29.727771865052439 ], [ 76.879780857574403, 29.727770397078569 ], [ 76.879782539528634, 29.727860598157918 ], [ 76.88019592478966, 29.727854725434916 ], [ 76.880197607120891, 29.727944926491585 ], [ 76.880404299890202, 29.727941989635717 ], [ 76.880405982413748, 29.728032190680384 ], [ 76.880612675337147, 29.728029253491371 ], [ 76.880614358053023, 29.72811945452403 ], [ 76.880717704595568, 29.728117985803259 ], [ 76.880732850213747, 29.728929794989899 ], [ 76.880836197579725, 29.72892832614043 ], [ 76.880841246533848, 29.729198929162898 ], [ 76.881047941796893, 29.729195991190039 ], [ 76.881049624981586, 29.729286192184212 ], [ 76.881152972693982, 29.729284723071508 ], [ 76.881154655978676, 29.729374924059027 ], [ 76.881051308173923, 29.72937639317707 ], [ 76.881052991373934, 29.729466594168606 ], [ 76.880846295556807, 29.729469532173528 ], [ 76.88084797857978, 29.729559733174444 ], [ 76.88053793451968, 29.729564139593212 ], [ 76.880536251773762, 29.72947393857627 ], [ 76.880432903830766, 29.729475407215944 ], [ 76.880434586484341, 29.729565608238222 ], [ 76.880331238441372, 29.729567076802624 ], [ 76.880332921010265, 29.729657277828927 ], [ 76.880126224716662, 29.729660214726543 ], [ 76.880127907108502, 29.729750415762208 ], [ 76.879921210599619, 29.72975335234803 ], [ 76.879919528392477, 29.729663151301683 ], [ 76.87981618021891, 29.729664619468316 ], [ 76.879817862333724, 29.729754820520007 ], [ 76.879611165778954, 29.72975775662211 ] ], [ [ 76.880117812872186, 29.729209209528427 ], [ 76.880221160561078, 29.729207741146638 ], [ 76.880219478122783, 29.729117540108415 ], [ 76.880116130526233, 29.729119008484865 ], [ 76.880117812872186, 29.729209209528427 ] ], [ [ 76.880322825711687, 29.729116071651337 ], [ 76.880426173292946, 29.729114603113651 ], [ 76.880424490677612, 29.729024402084793 ], [ 76.880321143188695, 29.729025870617132 ], [ 76.880322825711687, 29.729116071651337 ] ], [ [ 76.879907753156573, 29.729031743940329 ], [ 76.880217795692147, 29.729027339068868 ], [ 76.880214430853783, 29.728846936985818 ], [ 76.879904388872276, 29.728851341825241 ], [ 76.879907753156573, 29.729031743940329 ] ], [ [ 76.880006053984076, 29.728759672571872 ], [ 76.880212748446084, 29.728756735942316 ], [ 76.880211066046016, 29.728666534897506 ], [ 76.880521107404661, 29.728662129364579 ], [ 76.88051942473524, 29.728571928334468 ], [ 76.88041607771568, 29.728573396920719 ], [ 76.880414395146232, 29.72848319588396 ], [ 76.880517742073451, 29.728481727303045 ], [ 76.880516059419321, 29.728391526270315 ], [ 76.879999325168455, 29.728398868341994 ], [ 76.880006053984076, 29.728759672571872 ] ], [ [ 76.880100989756798, 29.728307199033448 ], [ 76.880204336522283, 29.72830573070507 ], [ 76.88020265416047, 29.728215529653674 ], [ 76.880099307487328, 29.728216997976716 ], [ 76.880100989756798, 29.728307199033448 ] ], [ [ 76.879684238825817, 29.728132669383292 ], [ 76.879787585437199, 29.728131201388056 ], [ 76.879785903460032, 29.728041000312654 ], [ 76.879682556940992, 29.728042468302551 ], [ 76.879684238825817, 29.728132669383292 ] ] ] } },
{ "type": "Feature", "properties": { "pit_id": 390, "latitude": 29.580307, "longitude": 76.622269, "category": "pit", "area_ha": 0.17, "area_m2": 1700.0, "prob_max": 0.98, "prob_mean": 0.862, "new_pit": 0, "setting": "outside riverbed", "water_share": 0.0, "buildings_near": 0.033, "compactness": 1.0, "size_class": "small (0.1-0.5 ha)", "google_maps": "https://www.google.com/maps?q=29.580307,76.622269" }, "geometry": { "type": "Polygon", "coordinates": [ [ [ 76.622179394060083, 29.580581243069506 ], [ 76.622176508295311, 29.580400812007895 ], [ 76.62207329827605, 29.580402073180764 ], [ 76.622071855495236, 29.580311857643416 ], [ 76.621968645561097, 29.580313118731507 ], [ 76.621967202878551, 29.580222903188268 ], [ 76.622070412720959, 29.580221642104782 ], [ 76.622068969953276, 29.580131426564851 ], [ 76.622585018608348, 29.580125119967814 ], [ 76.622586461834558, 29.580215335484727 ], [ 76.622483252024978, 29.580216596969084 ], [ 76.622484695166037, 29.580306812489308 ], [ 76.622381485258202, 29.580308073898095 ], [ 76.622385814445721, 29.580578720464839 ], [ 76.622179394060083, 29.580581243069506 ] ] ] } },
{ "type": "Feature", "properties": { "pit_id": 391, "latitude": 29.759189, "longitude": 76.797176, "category": "pit", "area_ha": 0.28, "area_m2": 2800.0, "prob_max": 0.98, "prob_mean": 0.819, "new_pit": 0, "setting": "outside riverbed", "water_share": 0.0, "buildings_near": 0.165, "compactness": 0.589, "size_class": "small (0.1-0.5 ha)", "google_maps": "https://www.google.com/maps?q=29.759189,76.797176" }, "geometry": { "type": "Polygon", "coordinates": [ [ [ 76.79671977979018, 29.759691571138926 ], [ 76.796716560337899, 29.759511161420861 ], [ 76.796819943954816, 29.759509756859529 ], [ 76.796816724346783, 29.759329347146437 ], [ 76.797126874598604, 29.759325133008726 ], [ 76.797125264528049, 29.759234928165522 ], [ 76.797021881210611, 29.759236332953726 ], [ 76.797020271239887, 29.759146128104106 ], [ 76.796916888007615, 29.759147532806455 ], [ 76.796915278136709, 29.759057327950433 ], [ 76.797122044408923, 29.759054518475214 ], [ 76.797118824319071, 29.758874108779647 ], [ 76.796912058416851, 29.758876918234453 ], [ 76.796910448567886, 29.75878671337448 ], [ 76.797013831430164, 29.758785308692548 ], [ 76.797010611569206, 29.758604898978923 ], [ 76.797113994239155, 29.758603494226477 ], [ 76.797117214285123, 29.758783903929896 ], [ 76.79722059713275, 29.758782499086507 ], [ 76.797225427534073, 29.759053113616503 ], [ 76.797122044408923, 29.759054518475214 ], [ 76.797123654464826, 29.759144723321015 ], [ 76.797330420892777, 29.759141913512657 ], [ 76.797333641396548, 29.759322323179937 ], [ 76.797230258001235, 29.759323728134696 ], [ 76.797231868171593, 29.759413932971469 ], [ 76.797128484676463, 29.759415337850605 ], [ 76.797131704854124, 29.759595747530444 ], [ 76.797028321166664, 29.759597152339069 ], [ 76.797029931173967, 29.75968735718212 ], [ 76.79671977979018, 29.759691571138926 ] ] ] } },
{ "type": "Feature", "properties": { "pit_id": 392, "latitude": 29.612929, "longitude": 76.612331, "category": "pit", "area_ha": 0.44, "area_m2": 4400.0, "prob_max": 0.98, "prob_mean": 0.827, "new_pit": 0, "setting": "outside riverbed", "water_share": 0.432, "buildings_near": 0.108, "compactness": 1.0, "size_class": "small (0.1-0.5 ha)", "google_maps": "https://www.google.com/maps?q=29.612929,76.612331" }, "geometry": { "type": "Polygon", "coordinates": [ [ [ 76.612479583140953, 29.613273597226236 ], [ 76.612478146976244, 29.613183381707692 ], [ 76.611961927448107, 29.613189655363747 ], [ 76.611953313352686, 29.612648362088088 ], [ 76.612676016788356, 29.612639578599847 ], [ 76.612686071090167, 29.61327108719269 ], [ 76.612479583140953, 29.613273597226236 ] ] ] } },
{ "type": "Feature", "properties": { "pit_id": 393, "latitude": 29.755966, "longitude": 76.914378, "category": "pit", "area_ha": 0.11, "area_m2": 1100.0, "prob_max": 0.98, "prob_mean": 0.734, "new_pit": 0, "setting": "outside riverbed", "water_share": 1.0, "buildings_near": 0.011, "compactness": 0.982, "size_class": "small (0.1-0.5 ha)", "google_maps": "https://www.google.com/maps?q=29.755966,76.914378" }, "geometry": { "type": "Polygon", "coordinates": [ [ [ 76.914126379979791, 29.756330158562804 ], [ 76.914122950693866, 29.756149760774218 ], [ 76.914226323971917, 29.756148264620016 ], [ 76.914224609248166, 29.756058065729182 ], [ 76.914327982425988, 29.756056569499712 ], [ 76.91432455281695, 29.755876171724978 ], [ 76.914221179824068, 29.755877667943562 ], [ 76.914219465123708, 29.755787469048766 ], [ 76.914116092215494, 29.755788965181203 ], [ 76.914114377615377, 29.755698766279657 ], [ 76.913804259121378, 29.755703254176481 ], [ 76.91380254480643, 29.755613055257292 ], [ 76.914112663023076, 29.755608567376783 ], [ 76.914114377615377, 29.755698766279657 ], [ 76.914217750431135, 29.755697270152641 ], [ 76.914219465123708, 29.755787469048766 ], [ 76.914322838024134, 29.755785972835611 ], [ 76.91432455281695, 29.755876171724978 ], [ 76.914427925802045, 29.755874675425687 ], [ 76.914431355595994, 29.756055073189554 ], [ 76.914327982425988, 29.756056569499712 ], [ 76.914331412066176, 29.756236967269185 ], [ 76.914228038703456, 29.756238463509533 ], [ 76.914229753442768, 29.756328662397713 ], [ 76.914126379979791, 29.756330158562804 ] ] ] } },
{ "type": "Feature", "properties": { "pit_id": 394, "latitude": 29.736127, "longitude": 76.749157, "category": "pit", "area_ha": 0.45, "area_m2": 4500.0, "prob_max": 0.98, "prob_mean": 0.758, "new_pit": 0, "setting": "outside riverbed", "water_share": 0.111, "buildings_near": 0.107, "compactness": 0.707, "size_class": "small (0.1-0.5 ha)", "google_maps": "https://www.google.com/maps?q=29.736127,76.749157" }, "geometry": { "type": "Polygon", "coordinates": [ [ [ 76.748852337568167, 29.736513007835015 ], [ 76.748839814658879, 29.735791347671025 ], [ 76.749046538585858, 29.73578861526661 ], [ 76.74904810410942, 29.735878822781736 ], [ 76.748944742057077, 29.735880189029253 ], [ 76.748946307495359, 29.735970396548034 ], [ 76.749153031777709, 29.73596766396242 ], [ 76.749148334929828, 29.735697041431937 ], [ 76.749355058629291, 29.735694308553501 ], [ 76.749356624422944, 29.735784516055027 ], [ 76.749459986354395, 29.735783149489848 ], [ 76.749461552247581, 29.735873356985106 ], [ 76.749564914264312, 29.735871990334282 ], [ 76.749566480257002, 29.735962197823259 ], [ 76.749463118147858, 29.735963564479043 ], [ 76.749467815891407, 29.736234186953038 ], [ 76.749364453497947, 29.736235553543075 ], [ 76.749369151028361, 29.736506176020232 ], [ 76.748852337568167, 29.736513007835015 ] ] ] } },
{ "type": "Feature", "properties": { "pit_id": 395, "latitude": 29.626766, "longitude": 76.674864, "category": "pit", "area_ha": 0.3, "area_m2": 3000.0, "prob_max": 0.98, "prob_mean": 0.758, "new_pit": 0, "setting": "outside riverbed", "water_share": 0.4, "buildings_near": 0.115, "compactness": 0.849, "size_class": "small (0.1-0.5 ha)", "google_maps": "https://www.google.com/maps?q=29.626766,76.674864" }, "geometry": { "type": "Polygon", "coordinates": [ [ [ 76.674560217019675, 29.626941507518229 ], [ 76.674558724750455, 29.626851295001064 ], [ 76.674352215538093, 29.626853902396057 ], [ 76.674350723459497, 29.626763689868088 ], [ 76.674453977977151, 29.626762386215503 ], [ 76.674452485813447, 29.626672173690991 ], [ 76.674555740232421, 29.626670869962837 ], [ 76.674554247983579, 29.626580657441774 ], [ 76.674967265223941, 29.626575441745015 ], [ 76.674965772614257, 29.626485229241663 ], [ 76.67506902681545, 29.626483925121434 ], [ 76.675072012225428, 29.62666435011732 ], [ 76.675175266603645, 29.626663045907268 ], [ 76.675176759410732, 29.626753258398491 ], [ 76.675280013874058, 29.626751954103369 ], [ 76.675281506779854, 29.626842166588563 ], [ 76.675384761328317, 29.626840862208365 ], [ 76.675386254332793, 29.626931074687487 ], [ 76.674560217019675, 29.626941507518229 ] ] ] } },
{ "type": "Feature", "properties": { "pit_id": 396, "latitude": 29.619782, "longitude": 76.57396, "category": "pit", "area_ha": 0.04, "area_m2": 400.0, "prob_max": 0.98, "prob_mean": 0.81, "new_pit": 0, "setting": "outside riverbed", "water_share": 0.0, "buildings_near": 0.0, "compactness": 1.0, "size_class": "tiny (<0.1 ha)", "google_maps": "https://www.google.com/maps?q=29.619782,76.573960" }, "geometry": { "type": "Polygon", "coordinates": [ [ [ 76.573857965994293, 29.619873320963471 ], [ 76.573855161700251, 29.61969288670883 ], [ 76.574061666621361, 29.619690436299678 ], [ 76.574064471282995, 29.619870870536445 ], [ 76.573857965994293, 29.619873320963471 ] ] ] } },
{ "type": "Feature", "properties": { "pit_id": 397, "latitude": 29.50147, "longitude": 76.50744, "category": "pit", "area_ha": 0.1, "area_m2": 1000.0, "prob_max": 0.98, "prob_mean": 0.796, "new_pit": 0, "setting": "outside riverbed", "water_share": 0.0, "buildings_near": 0.035, "compactness": 1.0, "size_class": "small (0.1-0.5 ha)", "google_maps": "https://www.google.com/maps?q=29.501470,76.507440" }, "geometry": { "type": "Polygon", "coordinates": [ [ [ 76.507246059669512, 29.501625738473805 ], [ 76.507243386905785, 29.501445295342208 ], [ 76.507346522429202, 29.501444126258747 ], [ 76.507345185965107, 29.501353904695286 ], [ 76.507448321391095, 29.50135273553617 ], [ 76.507446984841721, 29.501262513975703 ], [ 76.507550120170251, 29.501261344740922 ], [ 76.507551456810972, 29.501351566297114 ], [ 76.507654592224767, 29.501350396978118 ], [ 76.507655928962933, 29.501440618528758 ], [ 76.507552793457776, 29.501441787852009 ], [ 76.507555466769659, 29.50162223095796 ], [ 76.507246059669512, 29.501625738473805 ] ] ] } },
{ "type": "Feature", "properties": { "pit_id": 398, "latitude": 29.82219, "longitude": 76.829712, "category": "pit", "area_ha": 0.2, "area_m2": 2000.0, "prob_max": 0.98, "prob_mean": 0.718, "new_pit": 0, "setting": "outside riverbed", "water_share": 0.0, "buildings_near": 0.158, "compactness": 0.845, "size_class": "small (0.1-0.5 ha)", "google_maps": "https://www.google.com/maps?q=29.822190,76.829712" }, "geometry": { "type": "Polygon", "coordinates": [ [ [ 76.829399885525319, 29.822401413093285 ], [ 76.829398242365798, 29.822311210725651 ], [ 76.829294796050931, 29.822312643472326 ], [ 76.829293152991653, 29.82222244109817 ], [ 76.829500045428361, 29.822219575534302 ], [ 76.829501688673204, 29.822309777898045 ], [ 76.82960513497315, 29.822308344989519 ], [ 76.829603491635496, 29.82221814263097 ], [ 76.829706937835184, 29.822216709646714 ], [ 76.829705294412221, 29.822126507292058 ], [ 76.829394956069137, 29.822130805986436 ], [ 76.829393312932012, 29.822040603614862 ], [ 76.829600204982611, 29.822037737909941 ], [ 76.829598561667382, 29.821947535547444 ], [ 76.829702007588693, 29.821946102578785 ], [ 76.829703650996734, 29.822036304936081 ], [ 76.830013988994267, 29.822032005528946 ], [ 76.830015632688145, 29.822122207869306 ], [ 76.830119078765165, 29.822120774566532 ], [ 76.830120722559286, 29.822210976900372 ], [ 76.830017276389455, 29.822212410208351 ], [ 76.830018920098254, 29.822302612546089 ], [ 76.829708581265606, 29.822306912000052 ], [ 76.829710224703504, 29.822397114352075 ], [ 76.829399885525319, 29.822401413093285 ] ] ] } },
{ "type": "Feature", "properties": { "pit_id": 399, "latitude": 29.501574, "longitude": 76.56826, "category": "pit", "area_ha": 0.04, "area_m2": 400.0, "prob_max": 0.98, "prob_mean": 0.913, "new_pit": 0, "setting": "outside riverbed", "water_share": 0.0, "buildings_near": -0.0, "compactness": 1.0, "size_class": "tiny (<0.1 ha)", "google_maps": "https://www.google.com/maps?q=29.501574,76.568260" }, "geometry": { "type": "Polygon", "coordinates": [ [ [ 76.56810617664955, 29.501643837730285 ], [ 76.568104786315658, 29.501553618747835 ], [ 76.568207918996521, 29.501552402466622 ], [ 76.568206528577605, 29.501462183487359 ], [ 76.568309661160797, 29.501460967130669 ], [ 76.56831105167106, 29.501551186105484 ], [ 76.568414184339261, 29.501549969664424 ], [ 76.56841557494721, 29.50164018863352 ], [ 76.56810617664955, 29.501643837730285 ] ] ] } },
{ "type": "Feature", "properties": { "pit_id": 400, "latitude": 29.533069, "longitude": 77.084936, "category": "pit", "area_ha": 0.12, "area_m2": 1200.0, "prob_max": 0.98, "prob_mean": 0.938, "new_pit": 0, "setting": "Yamuna riverbed", "water_share": 1.0, "buildings_near": 0.062, "compactness": 1.0, "size_class": "small (0.1-0.5 ha)", "google_maps": "https://www.google.com/maps?q=29.533069,77.084936" }, "geometry": { "type": "Polygon", "coordinates": [ [ [ 77.084784656109761, 29.533251796273849 ], [ 77.084777253602155, 29.532891026212138 ], [ 77.085086657625325, 29.532886170710466 ], [ 77.085094061229611, 29.533246940701254 ], [ 77.084784656109761, 29.533251796273849 ] ] ] } },
{ "type": "Feature", "properties": { "pit_id": 401, "latitude": 29.838394, "longitude": 76.740108, "category": "likely village pond", "area_ha": 0.64, "area_m2": 6400.0, "prob_max": 0.98, "prob_mean": 0.832, "new_pit": 0, "setting": "outside riverbed", "water_share": 0.984, "buildings_near": 0.154, "compactness": 0.991, "size_class": "medium (0.5-2 ha)", "google_maps": "https://www.google.com/maps?q=29.838394,76.740108" }, "geometry": { "type": "Polygon", "coordinates": [ [ [ 76.73976635558175, 29.838860876290756 ], [ 76.739752282398143, 29.838049017236784 ], [ 76.739855749980805, 29.838047653948468 ], [ 76.739854186236371, 29.837957447385328 ], [ 76.740371523578773, 29.837950629753617 ], [ 76.740373087787617, 29.83804083629202 ], [ 76.740476555327675, 29.838039472517746 ], [ 76.740487505638626, 29.838670918215261 ], [ 76.740384037448408, 29.838672282024184 ], [ 76.740385601714081, 29.838762488552121 ], [ 76.740282133423875, 29.838763852284991 ], [ 76.740283697603772, 29.838854058816565 ], [ 76.740180229213578, 29.838855422473401 ], [ 76.740178665126564, 29.838765215936874 ], [ 76.740075196822147, 29.838766579507759 ], [ 76.740076760816279, 29.838856786049231 ], [ 76.73976635558175, 29.838860876290756 ] ] ] } },
{ "type": "Feature", "properties": { "pit_id": 402, "latitude": 29.904823, "longitude": 76.978519, "category": "pit", "area_ha": 0.25, "area_m2": 2500.0, "prob_max": 0.98, "prob_mean": 0.797, "new_pit": 0, "setting": "outside riverbed", "water_share": 0.0, "buildings_near": 0.09, "compactness": 0.531, "size_class": "small (0.1-0.5 ha)", "google_maps": "https://www.google.com/maps?q=29.904823,76.978519" }, "geometry": { "type": "Polygon", "coordinates": [ [ [ 76.97826858819414, 29.905063020927042 ], [ 76.978266805433023, 29.904972827508988 ], [ 76.978163282796487, 29.904974380683882 ], [ 76.978161500136608, 29.904884187258876 ], [ 76.978265022679992, 29.904882634089613 ], [ 76.978256109036209, 29.904431666972737 ], [ 76.978359631105803, 29.904430113750447 ], [ 76.978361413911514, 29.904520307170856 ], [ 76.97846493606616, 29.904518753861751 ], [ 76.97846671897311, 29.904608947275193 ], [ 76.978570241212793, 29.904607393879303 ], [ 76.978572024220981, 29.904697587285785 ], [ 76.97867554654573, 29.904696033803074 ], [ 76.978679112772653, 29.904876420600811 ], [ 76.978782635275579, 29.904874867025672 ], [ 76.978784418494328, 29.904965060416899 ], [ 76.978991463662197, 29.904961953011838 ], [ 76.978989680257158, 29.90487175963187 ], [ 76.979093202735811, 29.904870205813204 ], [ 76.979096769740252, 29.905050592560546 ], [ 76.978786201721164, 29.9050552538068 ], [ 76.978784418494328, 29.904965060416899 ], [ 76.97868089589825, 29.904966613997662 ], [ 76.978679112772653, 29.904876420600811 ], [ 76.978575590261627, 29.904877974094763 ], [ 76.978579156334632, 29.905058360898423 ], [ 76.97826858819414, 29.905063020927042 ] ], [ [ 76.978370328061473, 29.904971274252919 ], [ 76.978473850681823, 29.904969720915677 ], [ 76.978472067742501, 29.904879527507561 ], [ 76.978368545215289, 29.904881080839171 ], [ 76.978370328061473, 29.904971274252919 ] ] ] } },
{ "type": "Feature", "properties": { "pit_id": 403, "latitude": 29.840972, "longitude": 76.858859, "category": "pit", "area_ha": 0.34, "area_m2": 3400.0, "prob_max": 0.98, "prob_mean": 0.753, "new_pit": 0, "setting": "outside riverbed", "water_share": 1.0, "buildings_near": -0.0, "compactness": 0.671, "size_class": "small (0.1-0.5 ha)", "google_maps": "https://www.google.com/maps?q=29.840972,76.858859" }, "geometry": { "type": "Polygon", "coordinates": [ [ [ 76.858516697020292, 29.841393134679191 ], [ 76.858508344175036, 29.84094213153185 ], [ 76.858404880365143, 29.840943587891235 ], [ 76.858403209911728, 29.840853387252533 ], [ 76.858610137338189, 29.840850474463352 ], [ 76.858608466706613, 29.840760273833894 ], [ 76.85881539391697, 29.840757360731335 ], [ 76.858813723107247, 29.840667160111146 ], [ 76.859020650101527, 29.840664246695219 ], [ 76.859023992100035, 29.840844647913155 ], [ 76.859437846740462, 29.840838820067177 ], [ 76.859436175365957, 29.840748619480021 ], [ 76.859539638914214, 29.840747162321353 ], [ 76.859542981856592, 29.840927563483767 ], [ 76.859232590631805, 29.840931934748546 ], [ 76.859234261835766, 29.841022135343646 ], [ 76.858820406391672, 29.841027962584025 ], [ 76.858823748079402, 29.841208363812562 ], [ 76.858720284013671, 29.84120982043077 ], [ 76.85872362554602, 29.841390221664607 ], [ 76.858516697020292, 29.841393134679191 ] ], [ [ 76.858613478624079, 29.8410308757183 ], [ 76.858716942511677, 29.841029419191653 ], [ 76.858715271772056, 29.840939218570114 ], [ 76.85861180797734, 29.840940675091474 ], [ 76.858613478624079, 29.8410308757183 ] ] ] } },
{ "type": "Feature", "properties": { "pit_id": 404, "latitude": 29.543977, "longitude": 76.569856, "category": "pit", "area_ha": 0.24, "area_m2": 2400.0, "prob_max": 0.98, "prob_mean": 0.908, "new_pit": 0, "setting": "outside riverbed", "water_share": 0.208, "buildings_near": 0.144, "compactness": 0.889, "size_class": "small (0.1-0.5 ha)", "google_maps": "https://www.google.com/maps?q=29.543977,76.569856" }, "geometry": { "type": "Polygon", "coordinates": [ [ [ 76.569380783363812, 29.54412952414749 ], [ 76.569376601775488, 29.543858869092301 ], [ 76.570305181329402, 29.543847896579578 ], [ 76.570309365389463, 29.544118551514547 ], [ 76.569896662330436, 29.544123429040937 ], [ 76.569895268003592, 29.544033210712755 ], [ 76.56958574091729, 29.544036868003516 ], [ 76.56958713496951, 29.54412708634506 ], [ 76.569380783363812, 29.54412952414749 ] ] ] } },
{ "type": "Feature", "properties": { "pit_id": 405, "latitude": 29.70469, "longitude": 77.137328, "category": "pit", "area_ha": 0.04, "area_m2": 400.0, "prob_max": 0.98, "prob_mean": 0.91, "new_pit": 0, "setting": "Yamuna riverbed", "water_share": 0.75, "buildings_near": -0.0, "compactness": 1.0, "size_class": "tiny (<0.1 ha)", "google_maps": "https://www.google.com/maps?q=29.704690,77.137328" }, "geometry": { "type": "Polygon", "coordinates": [ [ [ 77.137304856393968, 29.704825725236191 ], [ 77.13730294590107, 29.704735538114534 ], [ 77.137199639598251, 29.704737205944184 ], [ 77.137197729206207, 29.70464701881512 ], [ 77.13730103541684, 29.704645350991523 ], [ 77.137299124941308, 29.704555163867195 ], [ 77.137402431051072, 29.704553495969186 ], [ 77.137408162780275, 29.704824057319971 ], [ 77.137304856393968, 29.704825725236191 ] ] ] } },
{ "type": "Feature", "properties": { "pit_id": 406, "latitude": 29.677589, "longitude": 76.934872, "category": "pit", "area_ha": 0.64, "area_m2": 6400.0, "prob_max": 0.98, "prob_mean": 0.804, "new_pit": 0, "setting": "outside riverbed", "water_share": 0.0, "buildings_near": 0.156, "compactness": 0.79, "size_class": "medium (0.5-2 ha)", "google_maps": "https://www.google.com/maps?q=29.677589,76.934872" }, "geometry": { "type": "Polygon", "coordinates": [ [ [ 76.934547651252259, 29.678170030573046 ], [ 76.934542468902833, 29.677899433946006 ], [ 76.934645760794197, 29.677897925433403 ], [ 76.934642305749662, 29.677717527686418 ], [ 76.934539014042485, 29.677719036188034 ], [ 76.934526922278749, 29.677087643993552 ], [ 76.934836795442806, 29.677083118362738 ], [ 76.93483852309032, 29.677173317235148 ], [ 76.935045105344599, 29.677170299734748 ], [ 76.93504683318416, 29.677260498594844 ], [ 76.935150124391598, 29.677258989718489 ], [ 76.935151852331103, 29.677349188571771 ], [ 76.935255143622783, 29.677347679609486 ], [ 76.935267240064022, 29.677979071507028 ], [ 76.934750780303858, 29.677986615706381 ], [ 76.934752507937844, 29.678076814571074 ], [ 76.934649215870152, 29.678078323175107 ], [ 76.934650943419925, 29.678168522043968 ], [ 76.934547651252259, 29.678170030573046 ] ] ] } },
{ "type": "Feature", "properties": { "pit_id": 407, "latitude": 29.592113, "longitude": 76.711031, "category": "likely village pond", "area_ha": 0.24, "area_m2": 2400.0, "prob_max": 0.98, "prob_mean": 0.777, "new_pit": 0, "setting": "outside riverbed", "water_share": 0.625, "buildings_near": 0.226, "compactness": 0.927, "size_class": "small (0.1-0.5 ha)", "google_maps": "https://www.google.com/maps?q=29.592113,76.711031" }, "geometry": { "type": "Polygon", "coordinates": [ [ [ 76.710847242644093, 29.592461374835437 ], [ 76.710844197721116, 29.592280952251812 ], [ 76.71094741515779, 29.592279621597481 ], [ 76.710945892614959, 29.592189410308567 ], [ 76.71084267527003, 29.592190740958042 ], [ 76.710841152825864, 29.592100529662975 ], [ 76.710634718298692, 29.592103190711605 ], [ 76.710631673798119, 29.591922768098176 ], [ 76.711147759146655, 29.591916114923634 ], [ 76.711149281852187, 29.592006326206725 ], [ 76.711355716126562, 29.592003664365798 ], [ 76.71135723902249, 29.59209387563789 ], [ 76.711563673452645, 29.59209121346646 ], [ 76.711565196538999, 29.592181424727535 ], [ 76.711152327284026, 29.592186748769024 ], [ 76.711153850010348, 29.592276960048221 ], [ 76.711050632587529, 29.59227829086295 ], [ 76.711052155229041, 29.592368502145703 ], [ 76.710948937707556, 29.592369832885094 ], [ 76.710950460264257, 29.592460044171403 ], [ 76.710847242644093, 29.592461374835437 ] ] ] } },
{ "type": "Feature", "properties": { "pit_id": 408, "latitude": 29.843474, "longitude": 77.049053, "category": "pit", "area_ha": 0.22, "area_m2": 2200.0, "prob_max": 0.98, "prob_mean": 0.784, "new_pit": 0, "setting": "outside riverbed", "water_share": 0.136, "buildings_near": -0.0, "compactness": 1.0, "size_class": "small (0.1-0.5 ha)", "google_maps": "https://www.google.com/maps?q=29.843474,77.049053" }, "geometry": { "type": "Polygon", "coordinates": [ [ [ 77.048670442545998, 29.843631714815238 ], [ 77.048664917748539, 29.843361143770903 ], [ 77.048768372286816, 29.84335953825871 ], [ 77.048766530611559, 29.843269347913765 ], [ 77.048973439477379, 29.843266136658144 ], [ 77.048975281338329, 29.843356326991447 ], [ 77.049078735851523, 29.843354721236363 ], [ 77.049080577813683, 29.843444911562518 ], [ 77.049287487000683, 29.843441699797829 ], [ 77.049285644852844, 29.843351509483334 ], [ 77.049596008292085, 29.843346691246566 ], [ 77.049597850718428, 29.843436881543564 ], [ 77.049494396154202, 29.843438487709289 ], [ 77.049496238496076, 29.843528678010777 ], [ 77.049289329156863, 29.84353189011097 ], [ 77.049291171321414, 29.84362208042279 ], [ 77.048670442545998, 29.843631714815238 ] ], [ [ 77.048873668593231, 29.843448123003363 ], [ 77.048977123207635, 29.843446517323414 ], [ 77.048975281338329, 29.843356326991447 ], [ 77.048871826816764, 29.843357932665562 ], [ 77.048873668593231, 29.843448123003363 ] ] ] } },
{ "type": "Feature", "properties": { "pit_id": 409, "latitude": 29.591372, "longitude": 76.787758, "category": "pit", "area_ha": 0.03, "area_m2": 300.0, "prob_max": 0.98, "prob_mean": 0.777, "new_pit": 0, "setting": "outside riverbed", "water_share": 0.0, "buildings_near": -0.0, "compactness": 1.0, "size_class": "tiny (<0.1 ha)", "google_maps": "https://www.google.com/maps?q=29.591372,76.787758" }, "geometry": { "type": "Polygon", "coordinates": [ [ [ 76.787639208031422, 29.591449195035789 ], [ 76.787637617316918, 29.591358987437481 ], [ 76.787740829573934, 29.591357597114786 ], [ 76.787739238774947, 29.591267389520254 ], [ 76.787842450933013, 29.591265999122452 ], [ 76.78784563272167, 29.591446414300087 ], [ 76.787639208031422, 29.591449195035789 ] ] ] } },
{ "type": "Feature", "properties": { "pit_id": 410, "latitude": 29.705001, "longitude": 77.136895, "category": "pit", "area_ha": 0.08, "area_m2": 800.0, "prob_max": 0.98, "prob_mean": 0.929, "new_pit": 0, "setting": "Yamuna riverbed", "water_share": 1.0, "buildings_near": -0.0, "compactness": 1.0, "size_class": "tiny (<0.1 ha)", "google_maps": "https://www.google.com/maps?q=29.705001,77.136895" }, "geometry": { "type": "Polygon", "coordinates": [ [ [ 77.136690747765542, 29.705106292509274 ], [ 77.136688837799625, 29.705016105355234 ], [ 77.136792144422373, 29.705014437909846 ], [ 77.136790234372953, 29.704924250760524 ], [ 77.136686927842376, 29.704925918199841 ], [ 77.136685017893825, 29.704835731043115 ], [ 77.13678832433223, 29.704834063609869 ], [ 77.136790234372953, 29.704924250760524 ], [ 77.13710015391257, 29.704919247959602 ], [ 77.137103974573122, 29.705099622220494 ], [ 77.136690747765542, 29.705106292509274 ] ] ] } },
{ "type": "Feature", "properties": { "pit_id": 411, "latitude": 29.84506, "longitude": 76.946005, "category": "pit", "area_ha": 1.02, "area_m2": 10200.0, "prob_max": 0.98, "prob_mean": 0.722, "new_pit": 0, "setting": "outside riverbed", "water_share": 0.52, "buildings_near": -0.0, "compactness": 0.471, "size_class": "medium (0.5-2 ha)", "google_maps": "https://www.google.com/maps?q=29.845060,76.946005" }, "geometry": { "type": "Polygon", "coordinates": [ [ [ 76.945848032386877, 29.845999334130475 ], [ 76.94584628300602, 29.845909138149988 ], [ 76.94574281933393, 29.845910663154651 ], [ 76.945716580967215, 29.844557723205195 ], [ 76.945820043246243, 29.844556198283541 ], [ 76.94581829399246, 29.844466002281827 ], [ 76.945714831806313, 29.844467527197949 ], [ 76.945709584371258, 29.844196939168278 ], [ 76.946330355697427, 29.844187788556415 ], [ 76.946340853982235, 29.844728964404606 ], [ 76.94623739155719, 29.84473048974224 ], [ 76.946242640528254, 29.845001077665028 ], [ 76.946139177816661, 29.845002602938301 ], [ 76.946142676984692, 29.84518299489126 ], [ 76.946246139882021, 29.845181469606924 ], [ 76.946256638134017, 29.845722645400791 ], [ 76.946360101580623, 29.84572112000226 ], [ 76.946361851409975, 29.845811315957729 ], [ 76.946258387870486, 29.845812841361791 ], [ 76.946261887367271, 29.84599323327982 ], [ 76.945848032386877, 29.845999334130475 ] ], [ [ 76.946040963582476, 29.845274716074631 ], [ 76.946144426580631, 29.845273190865754 ], [ 76.946142676984692, 29.84518299489126 ], [ 76.94603921407942, 29.845184520094605 ], [ 76.946040963582476, 29.845274716074631 ] ] ] } },
{ "type": "Feature", "properties": { "pit_id": 412, "latitude": 29.507037, "longitude": 76.721332, "category": "likely village pond", "area_ha": 0.11, "area_m2": 1100.0, "prob_max": 0.98, "prob_mean": 0.866, "new_pit": 0, "setting": "outside riverbed", "water_share": 1.0, "buildings_near": 0.455, "compactness": 1.0, "size_class": "small (0.1-0.5 ha)", "google_maps": "https://www.google.com/maps?q=29.507037,76.721332" }, "geometry": { "type": "Polygon", "coordinates": [ [ [ 76.72117155513088, 29.507239862011165 ], [ 76.721166976085485, 29.506969226127925 ], [ 76.721270106313085, 29.506967890941617 ], [ 76.72126857988718, 29.506877678982825 ], [ 76.721371710016484, 29.506876343721487 ], [ 76.721370183506181, 29.506786131766269 ], [ 76.721473313537189, 29.506784796429891 ], [ 76.721479419985499, 29.507145644223428 ], [ 76.721376289589102, 29.507146979579343 ], [ 76.72137781612723, 29.507237191529359 ], [ 76.72117155513088, 29.507239862011165 ] ] ] } },
{ "type": "Feature", "properties": { "pit_id": 413, "latitude": 29.508101, "longitude": 76.602934, "category": "pit", "area_ha": 0.59, "area_m2": 5900.0, "prob_max": 0.98, "prob_mean": 0.767, "new_pit": 0, "setting": "outside riverbed", "water_share": 1.0, "buildings_near": 0.006, "compactness": 0.637, "size_class": "medium (0.5-2 ha)", "google_maps": "https://www.google.com/maps?q=29.508101,76.602934" }, "geometry": { "type": "Polygon", "coordinates": [ [ [ 76.602562718236712, 29.508451791238386 ], [ 76.602549927041125, 29.507639834748268 ], [ 76.602962475506956, 29.507634861377873 ], [ 76.60296389709049, 29.507725078752635 ], [ 76.603067034282134, 29.507723835205645 ], [ 76.603068455963523, 29.507814052574567 ], [ 76.603171593240063, 29.50781280894309 ], [ 76.603175858597197, 29.508083461028512 ], [ 76.603278996141384, 29.50808221730345 ], [ 76.603277574257817, 29.507991999947471 ], [ 76.603380711704133, 29.507990756147016 ], [ 76.603384977648389, 29.508261408197434 ], [ 76.603488115362353, 29.508260164303401 ], [ 76.603489537448098, 29.508350381646427 ], [ 76.603386399642758, 29.508351625545004 ], [ 76.603387821643608, 29.508441842891287 ], [ 76.602562718236712, 29.508451791238386 ] ], [ [ 76.602657328115001, 29.507909243686896 ], [ 76.602760465508808, 29.507908000370637 ], [ 76.60275762268779, 29.507727565606807 ], [ 76.602654485476734, 29.507728808913978 ], [ 76.602657328115001, 29.507909243686896 ] ] ] } },
{ "type": "Feature", "properties": { "pit_id": 414, "latitude": 29.845041, "longitude": 77.034331, "category": "pit", "area_ha": 0.03, "area_m2": 300.0, "prob_max": 0.98, "prob_mean": 0.697, "new_pit": 0, "setting": "outside riverbed", "water_share": 1.0, "buildings_near": -0.0, "compactness": 1.0, "size_class": "tiny (<0.1 ha)", "google_maps": "https://www.google.com/maps?q=29.845041,77.034331" }, "geometry": { "type": "Polygon", "coordinates": [ [ [ 77.034212287254519, 29.845118365949471 ], [ 77.034210458528648, 29.845028174808682 ], [ 77.03431391571911, 29.845026580538811 ], [ 77.03431208690867, 29.844936389402442 ], [ 77.034415543997994, 29.844934795057384 ], [ 77.034419201812852, 29.845115177317194 ], [ 77.034212287254519, 29.845118365949471 ] ] ] } },
{ "type": "Feature", "properties": { "pit_id": 415, "latitude": 29.507473, "longitude": 76.566243, "category": "pit", "area_ha": 0.07, "area_m2": 700.0, "prob_max": 0.98, "prob_mean": 0.729, "new_pit": 0, "setting": "outside riverbed", "water_share": 0.0, "buildings_near": -0.0, "compactness": 1.0, "size_class": "tiny (<0.1 ha)", "google_maps": "https://www.google.com/maps?q=29.507473,76.566243" }, "geometry": { "type": "Polygon", "coordinates": [ [ [ 76.566136564249192, 29.507712821510438 ], [ 76.566135175318408, 29.507622602525192 ], [ 76.566238314247258, 29.507621387544955 ], [ 76.566236925231422, 29.507531168562863 ], [ 76.566133786393962, 29.507532383538656 ], [ 76.566129619658568, 29.507261726571357 ], [ 76.566232758221901, 29.507260511608887 ], [ 76.566235536221924, 29.507440949579493 ], [ 76.566338674961685, 29.507439734528198 ], [ 76.566337285867121, 29.507349515547983 ], [ 76.566440424509182, 29.507348300421189 ], [ 76.566441813695121, 29.507438519396953 ], [ 76.566338674961685, 29.507439734528198 ], [ 76.566341453169755, 29.507620172484774 ], [ 76.566238314247258, 29.507621387544955 ], [ 76.566239703269403, 29.507711606525771 ], [ 76.566136564249192, 29.507712821510438 ] ] ] } },
{ "type": "Feature", "properties": { "pit_id": 416, "latitude": 29.800784, "longitude": 76.818937, "category": "pit", "area_ha": 0.3, "area_m2": 3000.0, "prob_max": 0.98, "prob_mean": 0.802, "new_pit": 0, "setting": "outside riverbed", "water_share": 0.067, "buildings_near": 0.16, "compactness": 0.952, "size_class": "small (0.1-0.5 ha)", "google_maps": "https://www.google.com/maps?q=29.800784,76.818937" }, "geometry": { "type": "Polygon", "coordinates": [ [ [ 76.818873403707229, 29.801073116568624 ], [ 76.818871771406862, 29.800982913379958 ], [ 76.818768346435036, 29.800984336964472 ], [ 76.818766714234769, 29.800894133769329 ], [ 76.818663289348208, 29.800895557267815 ], [ 76.818660025155324, 29.80071515086323 ], [ 76.818556600446726, 29.800716574270506 ], [ 76.818553336468881, 29.800536167850343 ], [ 76.819070459010803, 29.800529050057047 ], [ 76.819072091459461, 29.80061925324193 ], [ 76.819175516038285, 29.800617829435527 ], [ 76.81917878114325, 29.800798235791024 ], [ 76.819282205900038, 29.800796811893402 ], [ 76.81928710389117, 29.801067421401267 ], [ 76.81908025381405, 29.80107026914667 ], [ 76.819078621328288, 29.800980065968353 ], [ 76.818975196371284, 29.800981489714594 ], [ 76.818976828764349, 29.801071692898081 ], [ 76.818873403707229, 29.801073116568624 ] ] ] } },
{ "type": "Feature", "properties": { "pit_id": 417, "latitude": 29.590269, "longitude": 76.559484, "category": "pit", "area_ha": 0.41, "area_m2": 4100.0, "prob_max": 0.98, "prob_mean": 0.719, "new_pit": 0, "setting": "outside riverbed", "water_share": 0.0, "buildings_near": 0.101, "compactness": 0.859, "size_class": "small (0.1-0.5 ha)", "google_maps": "https://www.google.com/maps?q=29.590269,76.559484" }, "geometry": { "type": "Polygon", "coordinates": [ [ [ 76.559365630116915, 29.59080858401515 ], [ 76.559364242512473, 29.590718365866685 ], [ 76.559261018839635, 29.590719578599007 ], [ 76.559249918965506, 29.589997833329658 ], [ 76.559353141904239, 29.589996620632736 ], [ 76.559350366815366, 29.589816184311385 ], [ 76.559660035043152, 29.589812545765906 ], [ 76.559662810682596, 29.589992982060714 ], [ 76.559766033596077, 29.589991769042932 ], [ 76.559771585317819, 29.590352641599388 ], [ 76.559668362037286, 29.590353854634859 ], [ 76.559671137752545, 29.590534290914221 ], [ 76.559567914282184, 29.590535503878332 ], [ 76.559570689839191, 29.590715940161406 ], [ 76.559467466178987, 29.590717153054158 ], [ 76.559468853875202, 29.590807371198188 ], [ 76.559365630116915, 29.59080858401515 ] ] ] } },
{ "type": "Feature", "properties": { "pit_id": 418, "latitude": 29.71464, "longitude": 76.713814, "category": "pit", "area_ha": 0.16, "area_m2": 1600.0, "prob_max": 0.98, "prob_mean": 0.561, "new_pit": 0, "setting": "outside riverbed", "water_share": 0.75, "buildings_near": -0.0, "compactness": 1.0, "size_class": "small (0.1-0.5 ha)", "google_maps": "https://www.google.com/maps?q=29.714640,76.713814" }, "geometry": { "type": "Polygon", "coordinates": [ [ [ 76.713747895996036, 29.71495640879397 ], [ 76.713743298102727, 29.714685780329752 ], [ 76.71363995583549, 29.714687118144095 ], [ 76.713635358281834, 29.714416489653559 ], [ 76.713738700272131, 29.714415151853821 ], [ 76.713737167675873, 29.714324942359227 ], [ 76.713840509566893, 29.714323604483766 ], [ 76.713842042255465, 29.714413813973486 ], [ 76.71394538423182, 29.714412476012551 ], [ 76.713954581063462, 29.714953732894276 ], [ 76.713747895996036, 29.71495640879397 ] ] ] } },
{ "type": "Feature", "properties": { "pit_id": 419, "latitude": 29.524459, "longitude": 76.846538, "category": "pit", "area_ha": 0.55, "area_m2": 5500.0, "prob_max": 0.98, "prob_mean": 0.713, "new_pit": 0, "setting": "outside riverbed", "water_share": 0.491, "buildings_near": 0.059, "compactness": 0.888, "size_class": "medium (0.5-2 ha)", "google_maps": "https://www.google.com/maps?q=29.524459,76.846538" }, "geometry": { "type": "Polygon", "coordinates": [ [ [ 76.846203211718375, 29.524961474076783 ], [ 76.846191743225972, 29.524330035092497 ], [ 76.846294884020054, 29.524328602190877 ], [ 76.846289968789605, 29.524057985479416 ], [ 76.846599390304476, 29.524053686341929 ], [ 76.846597751635045, 29.523963480784527 ], [ 76.846700892033681, 29.523962047584011 ], [ 76.846702530794516, 29.52405225313618 ], [ 76.846805671277082, 29.52405081985048 ], [ 76.846808949003929, 29.524231230940401 ], [ 76.846912089661842, 29.524229797564264 ], [ 76.846920284566579, 29.524680825240008 ], [ 76.846817143451673, 29.524682258642322 ], [ 76.846818782363613, 29.524772464178781 ], [ 76.846509358699862, 29.524776763921693 ], [ 76.84651099734505, 29.524866969472551 ], [ 76.846407856017478, 29.524868402565499 ], [ 76.846409494578722, 29.524958608120301 ], [ 76.846203211718375, 29.524961474076783 ] ], [ [ 76.846406217463681, 29.524778197009404 ], [ 76.846509358699862, 29.524776763921693 ], [ 76.846507720062135, 29.524686558369517 ], [ 76.846404578917358, 29.524687991451994 ], [ 76.846406217463681, 29.524778197009404 ] ] ] } },
{ "type": "Feature", "properties": { "pit_id": 420, "latitude": 29.826315, "longitude": 77.136399, "category": "pit", "area_ha": 0.29, "area_m2": 2900.0, "prob_max": 0.98, "prob_mean": 0.798, "new_pit": 0, "setting": "outside riverbed", "water_share": 1.0, "buildings_near": 0.0, "compactness": 0.908, "size_class": "small (0.1-0.5 ha)", "google_maps": "https://www.google.com/maps?q=29.826315,77.136399" }, "geometry": { "type": "Polygon", "coordinates": [ [ [ 77.136273776891542, 29.826725914216588 ], [ 77.136269938879352, 29.826545543174859 ], [ 77.13616650745719, 29.826547216376301 ], [ 77.13616075078248, 29.826276659785403 ], [ 77.136264181926407, 29.826274986602172 ], [ 77.136256506111167, 29.82591424448643 ], [ 77.136566798377856, 29.825909224524295 ], [ 77.136584071662156, 29.826720894090467 ], [ 77.136480640080677, 29.826722567546732 ], [ 77.136478720884739, 29.826632382038678 ], [ 77.136375289387274, 29.826634055407986 ], [ 77.136377208490472, 29.826724240922111 ], [ 77.136273776891542, 29.826725914216588 ] ] ] } },
{ "type": "Feature", "properties": { "pit_id": 421, "latitude": 29.500918, "longitude": 76.715361, "category": "pit", "area_ha": 0.05, "area_m2": 500.0, "prob_max": 0.98, "prob_mean": 0.78, "new_pit": 0, "setting": "outside riverbed", "water_share": 0.0, "buildings_near": 0.199, "compactness": 1.0, "size_class": "tiny (<0.1 ha)", "google_maps": "https://www.google.com/maps?q=29.500918,76.715361" }, "geometry": { "type": "Polygon", "coordinates": [ [ [ 76.715186641388314, 29.501000976598615 ], [ 76.715185120724712, 29.500910764270422 ], [ 76.715288245137273, 29.500909433970385 ], [ 76.715286724389273, 29.500819221645759 ], [ 76.715492973010981, 29.500816560815728 ], [ 76.715496014879193, 29.500996985444257 ], [ 76.715186641388314, 29.501000976598615 ] ] ] } },
{ "type": "Feature", "properties": { "pit_id": 422, "latitude": 29.541457, "longitude": 76.814806, "category": "pit", "area_ha": 0.38, "area_m2": 3800.0, "prob_max": 0.98, "prob_mean": 0.737, "new_pit": 0, "setting": "outside riverbed", "water_share": 0.053, "buildings_near": 0.113, "compactness": 0.944, "size_class": "small (0.1-0.5 ha)", "google_maps": "https://www.google.com/maps?q=29.541457,76.814806" }, "geometry": { "type": "Polygon", "coordinates": [ [ [ 76.814728480075061, 29.541816696006041 ], [ 76.814726868515322, 29.541726489079817 ], [ 76.814623708243076, 29.541727898240495 ], [ 76.814622096782159, 29.541637691307827 ], [ 76.814518936594055, 29.541639100383332 ], [ 76.814512491189703, 29.541278272619014 ], [ 76.814615651011835, 29.541276863564082 ], [ 76.814609205358934, 29.540916035799462 ], [ 76.814712364807804, 29.540914626685097 ], [ 76.814713976301505, 29.54100483362307 ], [ 76.814817135834517, 29.541003424423543 ], [ 76.814820359026911, 29.541183838285271 ], [ 76.814923518735554, 29.541182428995441 ], [ 76.814926742140273, 29.541362842841647 ], [ 76.815029902024548, 29.541361433461496 ], [ 76.815031513829396, 29.541451640377492 ], [ 76.815134673797829, 29.541450230912186 ], [ 76.815141121456591, 29.541811058542535 ], [ 76.814728480075061, 29.541816696006041 ] ] ] } },
{ "type": "Feature", "properties": { "pit_id": 423, "latitude": 29.660408, "longitude": 76.876205, "category": "pit", "area_ha": 0.53, "area_m2": 5300.0, "prob_max": 0.98, "prob_mean": 0.857, "new_pit": 0, "setting": "outside riverbed", "water_share": 1.0, "buildings_near": 0.0, "compactness": 1.0, "size_class": "medium (0.5-2 ha)", "google_maps": "https://www.google.com/maps?q=29.660408,76.876205" }, "geometry": { "type": "Polygon", "coordinates": [ [ [ 76.875949656860783, 29.660697005298744 ], [ 76.875947982895411, 29.660606803105996 ], [ 76.875844705137851, 29.660608265094169 ], [ 76.875843031272112, 29.660518062894774 ], [ 76.875739753598964, 29.660519524797227 ], [ 76.875738079832843, 29.660429322591209 ], [ 76.875634802244107, 29.660430784407932 ], [ 76.875631454918789, 29.660250379981289 ], [ 76.875734732323465, 29.660248918175224 ], [ 76.875733058580209, 29.660158715965238 ], [ 76.876662554051521, 29.660145556140687 ], [ 76.876672601594677, 29.66068676909315 ], [ 76.875949656860783, 29.660697005298744 ] ] ] } },
{ "type": "Feature", "properties": { "pit_id": 424, "latitude": 29.86619, "longitude": 76.706845, "category": "pit", "area_ha": 0.32, "area_m2": 3200.0, "prob_max": 0.98, "prob_mean": 0.716, "new_pit": 0, "setting": "outside riverbed", "water_share": 0.094, "buildings_near": 0.008, "compactness": 0.781, "size_class": "small (0.1-0.5 ha)", "google_maps": "https://www.google.com/maps?q=29.866190,76.706845" }, "geometry": { "type": "Polygon", "coordinates": [ [ [ 76.707119683421482, 29.866535776601793 ], [ 76.707116611235321, 29.86635536113943 ], [ 76.706909614101377, 29.866358038634669 ], [ 76.706908078204791, 29.866267830891818 ], [ 76.706804579720384, 29.866269169512947 ], [ 76.706806115523932, 29.866359377260657 ], [ 76.706599118348151, 29.866362054269349 ], [ 76.706596047120087, 29.866181638753215 ], [ 76.706492548707757, 29.866182977126211 ], [ 76.706491013197208, 29.866092769361323 ], [ 76.70638751487094, 29.866094107648379 ], [ 76.706385979460364, 29.866003899877327 ], [ 76.706178982972943, 29.866006576198455 ], [ 76.706177447755394, 29.865916368416393 ], [ 76.706591440330271, 29.865911015469194 ], [ 76.706592975919904, 29.866001223231837 ], [ 76.706903470556909, 29.865997207655418 ], [ 76.706905006432564, 29.866087415402202 ], [ 76.707112003008405, 29.866084737936088 ], [ 76.707113539077056, 29.86617494567184 ], [ 76.707320535811036, 29.866172267871654 ], [ 76.707326680899598, 29.866533098762762 ], [ 76.707119683421482, 29.866535776601793 ] ] ] } },
{ "type": "Feature", "properties": { "pit_id": 425, "latitude": 29.707543, "longitude": 77.137187, "category": "pit", "area_ha": 0.05, "area_m2": 500.0, "prob_max": 0.98, "prob_mean": 0.878, "new_pit": 0, "setting": "Yamuna riverbed", "water_share": 1.0, "buildings_near": 0.0, "compactness": 1.0, "size_class": "tiny (<0.1 ha)", "google_maps": "https://www.google.com/maps?q=29.707543,77.137187" }, "geometry": { "type": "Polygon", "coordinates": [ [ [ 77.137054158198509, 29.707626529172568 ], [ 77.137050337235962, 29.707446154974644 ], [ 77.137256955398328, 29.707442819192686 ], [ 77.137258866059625, 29.707533006280183 ], [ 77.137362175219963, 29.707531338262378 ], [ 77.137364085982128, 29.707621525342464 ], [ 77.137054158198509, 29.707626529172568 ] ] ] } },
{ "type": "Feature", "properties": { "pit_id": 426, "latitude": 29.548767, "longitude": 76.70557, "category": "pit", "area_ha": 0.58, "area_m2": 5800.0, "prob_max": 0.98, "prob_mean": 0.744, "new_pit": 0, "setting": "outside riverbed", "water_share": 0.793, "buildings_near": 0.009, "compactness": 0.427, "size_class": "medium (0.5-2 ha)", "google_maps": "https://www.google.com/maps?q=29.548767,76.705570" }, "geometry": { "type": "Polygon", "coordinates": [ [ [ 76.70516642795782, 29.549313683936077 ], [ 76.705161883715178, 29.549043047496539 ], [ 76.705058709928366, 29.549044371898557 ], [ 76.705043563816659, 29.54814225030082 ], [ 76.70514673668805, 29.548140925947155 ], [ 76.705145222023276, 29.548050713785081 ], [ 76.705248394796243, 29.548049389356205 ], [ 76.705249909552563, 29.548139601513448 ], [ 76.70545625526087, 29.548136952405848 ], [ 76.705459285160359, 29.548317376697078 ], [ 76.705562458187245, 29.548316052013508 ], [ 76.70556548829741, 29.548496476289877 ], [ 76.705668661500482, 29.548495151516583 ], [ 76.705671691821323, 29.548675575778095 ], [ 76.705774865200567, 29.54867425091507 ], [ 76.705779411008209, 29.548944887283078 ], [ 76.705469890025853, 29.548948861675527 ], [ 76.705471405034245, 29.549039073810118 ], [ 76.705368231268125, 29.549040398452316 ], [ 76.705371261122494, 29.5492208227273 ], [ 76.705680782949429, 29.549216848531479 ], [ 76.705682298161591, 29.549307060652517 ], [ 76.70516642795782, 29.549313683936077 ] ], [ [ 76.705262027851404, 29.548861298724631 ], [ 76.705365201441353, 29.548859974172156 ], [ 76.705359141870574, 29.548499125596294 ], [ 76.705462315087445, 29.54849780098311 ], [ 76.705460800120449, 29.54840758884075 ], [ 76.705254453862906, 29.548410237977368 ], [ 76.70525596864681, 29.54850045012941 ], [ 76.70515279541614, 29.548501774582473 ], [ 76.705154310115404, 29.548591986738046 ], [ 76.70525748343762, 29.548590662280155 ], [ 76.705262027851404, 29.548861298724631 ] ] ] } },
{ "type": "Feature", "properties": { "pit_id": 427, "latitude": 29.501704, "longitude": 76.705097, "category": "pit", "area_ha": 0.07, "area_m2": 700.0, "prob_max": 0.98, "prob_mean": 0.8, "new_pit": 0, "setting": "outside riverbed", "water_share": 1.0, "buildings_near": -0.0, "compactness": 1.0, "size_class": "tiny (<0.1 ha)", "google_maps": "https://www.google.com/maps?q=29.501704,76.705097" }, "geometry": { "type": "Polygon", "coordinates": [ [ [ 76.705092500429288, 29.501852661243213 ], [ 76.705090988660032, 29.501762448450211 ], [ 76.704884736999261, 29.501765093226698 ], [ 76.70488322541955, 29.501674880422733 ], [ 76.704986351162049, 29.501673558079275 ], [ 76.704984839497897, 29.501583345278849 ], [ 76.705191090779593, 29.501580700361892 ], [ 76.705192602626397, 29.501670913152655 ], [ 76.705295728348233, 29.501669590569477 ], [ 76.705297240293248, 29.501759803354105 ], [ 76.705194114480094, 29.501761125942117 ], [ 76.705195626340668, 29.501851338730269 ], [ 76.705092500429288, 29.501852661243213 ] ] ] } },
{ "type": "Feature", "properties": { "pit_id": 428, "latitude": 29.666125, "longitude": 76.687732, "category": "pit", "area_ha": 0.28, "area_m2": 2800.0, "prob_max": 0.98, "prob_mean": 0.864, "new_pit": 0, "setting": "outside riverbed", "water_share": 0.071, "buildings_near": 0.134, "compactness": 1.0, "size_class": "small (0.1-0.5 ha)", "google_maps": "https://www.google.com/maps?q=29.666125,76.687732" }, "geometry": { "type": "Polygon", "coordinates": [ [ [ 76.687611339890267, 29.666387393703143 ], [ 76.68760983358662, 29.666297182328236 ], [ 76.687403245235416, 29.666299813204848 ], [ 76.687400233017044, 29.666119390431984 ], [ 76.687503527011884, 29.666118075043489 ], [ 76.68750051463671, 29.665937652275002 ], [ 76.687603808440528, 29.665936336815644 ], [ 76.687602302171143, 29.665846125434257 ], [ 76.687705595876011, 29.665844809899252 ], [ 76.68770408952139, 29.66575459852135 ], [ 76.687807383127307, 29.6657532829107 ], [ 76.687808889574029, 29.665843494283802 ], [ 76.687912183265198, 29.665842178587912 ], [ 76.687916702922735, 29.666112812685071 ], [ 76.688019996883313, 29.666111496894352 ], [ 76.688024516878784, 29.666382130965431 ], [ 76.687611339890267, 29.666387393703143 ] ] ] } },
{ "type": "Feature", "properties": { "pit_id": 429, "latitude": 29.68743, "longitude": 76.839255, "category": "pit", "area_ha": 0.12, "area_m2": 1200.0, "prob_max": 0.98, "prob_mean": 0.881, "new_pit": 0, "setting": "outside riverbed", "water_share": 0.0, "buildings_near": 0.161, "compactness": 1.0, "size_class": "small (0.1-0.5 ha)", "google_maps": "https://www.google.com/maps?q=29.687430,76.839255" }, "geometry": { "type": "Polygon", "coordinates": [ [ [ 76.83904197028177, 29.687560535144698 ], [ 76.839037041813114, 29.687289923984864 ], [ 76.839346963351602, 29.687285620309606 ], [ 76.839348606443494, 29.687375824015195 ], [ 76.83955522094945, 29.687372954485454 ], [ 76.839556864233117, 29.687463158179273 ], [ 76.839453556891726, 29.687464592989606 ], [ 76.839455200090711, 29.687554796687348 ], [ 76.83904197028177, 29.687560535144698 ] ] ] } },
{ "type": "Feature", "properties": { "pit_id": 430, "latitude": 29.475758, "longitude": 76.532593, "category": "pit", "area_ha": 0.21, "area_m2": 2100.0, "prob_max": 0.97, "prob_mean": 0.799, "new_pit": 0, "setting": "outside riverbed", "water_share": 0.0, "buildings_near": 0.0, "compactness": 1.0, "size_class": "small (0.1-0.5 ha)", "google_maps": "https://www.google.com/maps?q=29.475758,76.532593" }, "geometry": { "type": "Polygon", "coordinates": [ [ [ 76.532338771566472, 29.47598253322753 ], [ 76.532334699951164, 29.475711870641607 ], [ 76.532437808212833, 29.475710683040429 ], [ 76.532435093651088, 29.475530241318772 ], [ 76.532847525906007, 29.475525490150353 ], [ 76.532850241197664, 29.475705931837258 ], [ 76.532747132960736, 29.475707119757821 ], [ 76.532748490524597, 29.475797340603705 ], [ 76.532851598852758, 29.475796152678789 ], [ 76.532852956514049, 29.475886373519046 ], [ 76.532749848094653, 29.475887561448292 ], [ 76.532751205670891, 29.475977782291608 ], [ 76.532338771566472, 29.47598253322753 ] ] ] } },
{ "type": "Feature", "properties": { "pit_id": 431, "latitude": 29.477879, "longitude": 76.552379, "category": "pit", "area_ha": 0.53, "area_m2": 5300.0, "prob_max": 0.97, "prob_mean": 0.719, "new_pit": 0, "setting": "outside riverbed", "water_share": 0.887, "buildings_near": 0.14, "compactness": 0.393, "size_class": "medium (0.5-2 ha)", "google_maps": "https://www.google.com/maps?q=29.477879,76.552379" }, "geometry": { "type": "Polygon", "coordinates": [ [ [ 76.552381586282564, 29.478367021066518 ], [ 76.55238021118997, 29.478276801091244 ], [ 76.55207088150523, 29.478280410294815 ], [ 76.552061257948509, 29.477648870339575 ], [ 76.551958148679773, 29.477650073216935 ], [ 76.551955399331007, 29.47746963320937 ], [ 76.552058508417275, 29.47746843034081 ], [ 76.552057133661023, 29.477378210339513 ], [ 76.552469569578435, 29.477373398084392 ], [ 76.552472319827075, 29.477553838050508 ], [ 76.552678538113156, 29.477551431426246 ], [ 76.552682664080578, 29.477822091339398 ], [ 76.55278577348794, 29.477820887894278 ], [ 76.552789899785495, 29.478091547782686 ], [ 76.552686790104403, 29.478092751241004 ], [ 76.552690916184631, 29.478363411131056 ], [ 76.552381586282564, 29.478367021066518 ] ], [ [ 76.552171241604967, 29.47809876733481 ], [ 76.552274351317379, 29.478097564275753 ], [ 76.552270226388472, 29.477826904321333 ], [ 76.552167116949789, 29.477828107367198 ], [ 76.552171241604967, 29.47809876733481 ] ], [ [ 76.552377461023539, 29.478096361136846 ], [ 76.552480570723432, 29.478095157918087 ], [ 76.552477820399588, 29.477914717967359 ], [ 76.552374710882177, 29.477915921177321 ], [ 76.552377461023539, 29.478096361136846 ] ], [ [ 76.552373335820889, 29.477825701195631 ], [ 76.552579554666949, 29.477823294704667 ], [ 76.55257680419821, 29.477642854755043 ], [ 76.55247369496081, 29.477644058031647 ], [ 76.552475070100797, 29.477734278011496 ], [ 76.552371960765882, 29.477735481212662 ], [ 76.552373335820889, 29.477825701195631 ] ], [ [ 76.55216574207725, 29.477737887375419 ], [ 76.552371960765882, 29.477735481212662 ], [ 76.552370585717142, 29.477645261228407 ], [ 76.552164367210978, 29.477647667382374 ], [ 76.55216574207725, 29.477737887375419 ] ], [ [ 76.552266101515954, 29.477556244355366 ], [ 76.552369210674655, 29.477555041242862 ], [ 76.552367835638435, 29.477464821256046 ], [ 76.552264726570968, 29.477466024364148 ], [ 76.552266101515954, 29.477556244355366 ] ] ] } },
{ "type": "Feature", "properties": { "pit_id": 432, "latitude": 29.575022, "longitude": 76.901446, "category": "pit", "area_ha": 0.26, "area_m2": 2600.0, "prob_max": 0.97, "prob_mean": 0.764, "new_pit": 0, "setting": "outside riverbed", "water_share": 0.423, "buildings_near": 0.023, "compactness": 0.792, "size_class": "small (0.1-0.5 ha)", "google_maps": "https://www.google.com/maps?q=29.575022,76.901446" }, "geometry": { "type": "Polygon", "coordinates": [ [ [ 76.901412022163228, 29.575341468281373 ], [ 76.901408640546094, 29.575161064227 ], [ 76.901305451385326, 29.575162542187854 ], [ 76.901303760679937, 29.575072340153309 ], [ 76.901200571603113, 29.575073818028653 ], [ 76.901197190398648, 29.574893413944817 ], [ 76.901094001497384, 29.574894891729265 ], [ 76.901092310998322, 29.57480468967999 ], [ 76.901195499807983, 29.574803211900939 ], [ 76.901192118649689, 29.574622807809202 ], [ 76.901295307268398, 29.574621329960834 ], [ 76.901296997935319, 29.574711532001942 ], [ 76.901400186637957, 29.57471005406806 ], [ 76.901401877404183, 29.574800256102485 ], [ 76.901505066190751, 29.574798778083093 ], [ 76.901506757056296, 29.574888980110796 ], [ 76.901609945926793, 29.574887502005893 ], [ 76.90161332786424, 29.575067906046574 ], [ 76.901716516910284, 29.575066427850764 ], [ 76.901718207982185, 29.575156629863741 ], [ 76.901821397112144, 29.575155151582418 ], [ 76.901824779462274, 29.575335555593654 ], [ 76.901721590149052, 29.575337033885759 ], [ 76.901719899061774, 29.575246831875397 ], [ 76.901616709832481, 29.575248310081996 ], [ 76.901618400828141, 29.575338512097751 ], [ 76.901412022163228, 29.575341468281373 ] ] ] } },
{ "type": "Feature", "properties": { "pit_id": 433, "latitude": 29.590674, "longitude": 76.559908, "category": "pit", "area_ha": 0.13, "area_m2": 1300.0, "prob_max": 0.97, "prob_mean": 0.789, "new_pit": 0, "setting": "outside riverbed", "water_share": 0.0, "buildings_near": 0.075, "compactness": 1.0, "size_class": "small (0.1-0.5 ha)", "google_maps": "https://www.google.com/maps?q=29.590674,76.559908" }, "geometry": { "type": "Polygon", "coordinates": [ [ [ 76.559781301074111, 29.590984168523658 ], [ 76.559774361216597, 29.590533077869889 ], [ 76.559877584674325, 29.590531864745351 ], [ 76.559874808592014, 29.590351428483689 ], [ 76.559978031859913, 29.590350215287785 ], [ 76.559980808125729, 29.590530651540583 ], [ 76.560084031570824, 29.590529438255611 ], [ 76.56008680804544, 29.590709874494408 ], [ 76.559983584416841, 29.590711087788243 ], [ 76.559986360733205, 29.590891524030756 ], [ 76.559883136914749, 29.590892737253224 ], [ 76.559884524990665, 29.59098295537698 ], [ 76.559781301074111, 29.590984168523658 ] ] ] } },
{ "type": "Feature", "properties": { "pit_id": 434, "latitude": 29.496696, "longitude": 76.920297, "category": "pit", "area_ha": 0.15, "area_m2": 1500.0, "prob_max": 0.97, "prob_mean": 0.694, "new_pit": 0, "setting": "outside riverbed", "water_share": 1.0, "buildings_near": 0.021, "compactness": 1.0, "size_class": "small (0.1-0.5 ha)", "google_maps": "https://www.google.com/maps?q=29.496696,76.920297" }, "geometry": { "type": "Polygon", "coordinates": [ [ [ 76.920055288804193, 29.496846998785866 ], [ 76.920053586857733, 29.496756796676699 ], [ 76.919950478391726, 29.496758285542811 ], [ 76.919948776544274, 29.496668083426876 ], [ 76.920154993286019, 29.496665105625684 ], [ 76.920153291263802, 29.496574903519321 ], [ 76.920359507792028, 29.496571925409587 ], [ 76.920357805595046, 29.496481723312808 ], [ 76.920460913756273, 29.496480234143597 ], [ 76.920462616044503, 29.496570436234933 ], [ 76.920565724289233, 29.496568946980421 ], [ 76.920569129071467, 29.496749351148285 ], [ 76.920466020644241, 29.496750840413686 ], [ 76.920467722955735, 29.496841042501078 ], [ 76.920055288804193, 29.496846998785866 ] ] ] } },
{ "type": "Feature", "properties": { "pit_id": 435, "latitude": 29.54089, "longitude": 76.633792, "category": "pit", "area_ha": 0.43, "area_m2": 4300.0, "prob_max": 0.97, "prob_mean": 0.684, "new_pit": 0, "setting": "outside riverbed", "water_share": 0.0, "buildings_near": 0.007, "compactness": 0.768, "size_class": "small (0.1-0.5 ha)", "google_maps": "https://www.google.com/maps?q=29.540890,76.633792" }, "geometry": { "type": "Polygon", "coordinates": [ [ [ 76.633831034199417, 29.541277167149673 ], [ 76.633829583271066, 29.541186951608928 ], [ 76.633520074549608, 29.541190757487257 ], [ 76.633518623902418, 29.541100541931346 ], [ 76.633415454406915, 29.541101810392721 ], [ 76.633412553315381, 29.540921379267754 ], [ 76.633515722627848, 29.540920110815641 ], [ 76.633517173261822, 29.541010326374131 ], [ 76.633620342659214, 29.541009057837339 ], [ 76.63361744121481, 29.540828626728313 ], [ 76.633411102779519, 29.540831163703327 ], [ 76.633406751211581, 29.540560517002309 ], [ 76.633613089097764, 29.540557980055098 ], [ 76.633614539796838, 29.540648195614118 ], [ 76.633717708821536, 29.540646927015814 ], [ 76.633716258030944, 29.540556711461416 ], [ 76.63381942695753, 29.540555442787706 ], [ 76.633820877839625, 29.540645658337468 ], [ 76.633924046851121, 29.540644389579064 ], [ 76.633922595877479, 29.540554174033943 ], [ 76.634025764790835, 29.540552905200144 ], [ 76.634027215855994, 29.540643120740636 ], [ 76.634130384854259, 29.540641851822151 ], [ 76.634139091933037, 29.541183145010198 ], [ 76.633932752831669, 29.541185682822736 ], [ 76.633934203851553, 29.541275898358826 ], [ 76.633831034199417, 29.541277167149673 ] ] ] } },
{ "type": "Feature", "properties": { "pit_id": 436, "latitude": 29.559575, "longitude": 76.798144, "category": "pit", "area_ha": 0.11, "area_m2": 1100.0, "prob_max": 0.97, "prob_mean": 0.754, "new_pit": 0, "setting": "outside riverbed", "water_share": 0.727, "buildings_near": -0.0, "compactness": 1.0, "size_class": "small (0.1-0.5 ha)", "google_maps": "https://www.google.com/maps?q=29.559575,76.798144" }, "geometry": { "type": "Polygon", "coordinates": [ [ [ 76.797916788857563, 29.559730220656636 ], [ 76.797911995486672, 29.559459598090054 ], [ 76.79832471238214, 29.559454009824432 ], [ 76.798326310531465, 29.559544217327534 ], [ 76.798429489828706, 29.559542820055825 ], [ 76.798431088076867, 29.559633027552515 ], [ 76.798327908688051, 29.559634424829319 ], [ 76.798329506851928, 29.559724632329807 ], [ 76.798226327364247, 29.559726029531632 ], [ 76.798224729291945, 29.559635822026049 ], [ 76.798018370477919, 29.55963861617926 ], [ 76.798019968367072, 29.55972882369505 ], [ 76.797916788857563, 29.559730220656636 ] ] ] } },
{ "type": "Feature", "properties": { "pit_id": 437, "latitude": 29.477008, "longitude": 77.034654, "category": "pit", "area_ha": 0.04, "area_m2": 400.0, "prob_max": 0.97, "prob_mean": 0.838, "new_pit": 0, "setting": "outside riverbed", "water_share": 0.75, "buildings_near": -0.0, "compactness": 1.0, "size_class": "tiny (<0.1 ha)", "google_maps": "https://www.google.com/maps?q=29.477008,77.034654" }, "geometry": { "type": "Polygon", "coordinates": [ [ [ 77.03455275643752, 29.477099605306186 ], [ 77.034549152549076, 29.4769192130451 ], [ 77.034755315012973, 29.476916059495892 ], [ 77.034758919265997, 29.477096451733907 ], [ 77.03455275643752, 29.477099605306186 ] ] ] } },
{ "type": "Feature", "properties": { "pit_id": 438, "latitude": 29.539237, "longitude": 76.930503, "category": "pit", "area_ha": 0.95, "area_m2": 9500.0, "prob_max": 0.97, "prob_mean": 0.714, "new_pit": 0, "setting": "outside riverbed", "water_share": 0.8, "buildings_near": -0.0, "compactness": 0.359, "size_class": "medium (0.5-2 ha)", "google_maps": "https://www.google.com/maps?q=29.539237,76.930503" }, "geometry": { "type": "Polygon", "coordinates": [ [ [ 76.930469687059968, 29.540185203645798 ], [ 76.930467972867831, 29.54009500267799 ], [ 76.930364821090834, 29.540096501608247 ], [ 76.930361392912857, 29.539916099657731 ], [ 76.93025824131098, 29.539917598497052 ], [ 76.930251385414508, 29.539556794558347 ], [ 76.930148234170659, 29.53955829329578 ], [ 76.930144806452134, 29.539377891307581 ], [ 76.930041655383391, 29.539379389954071 ], [ 76.93003822787901, 29.539198987949668 ], [ 76.930141378764844, 29.539197489314127 ], [ 76.930139664932909, 29.539107288315424 ], [ 76.929933363336318, 29.539110285495571 ], [ 76.929929936061654, 29.538929883472314 ], [ 76.93003308668095, 29.538928384933183 ], [ 76.930031372963867, 29.538838183925066 ], [ 76.929825071900382, 29.538841180912378 ], [ 76.929823358373994, 29.538750979891997 ], [ 76.929926508818198, 29.538749481443809 ], [ 76.92992479520818, 29.538659280427584 ], [ 76.929305892974654, 29.53866826988401 ], [ 76.929304179921132, 29.53857806883363 ], [ 76.929201029613026, 29.538579566790926 ], [ 76.929199316658753, 29.538489365733763 ], [ 76.929096166434306, 29.538490863605595 ], [ 76.929091027892625, 29.538220260409794 ], [ 76.929400477719554, 29.538215766603578 ], [ 76.929402190833329, 29.538305967653734 ], [ 76.929505340851492, 29.53830446955287 ], [ 76.929507054064516, 29.538394670596251 ], [ 76.929610204166309, 29.538393172409926 ], [ 76.929611917478582, 29.538483373446514 ], [ 76.929921368011534, 29.538478878391178 ], [ 76.929923081605963, 29.538569079410038 ], [ 76.93012938210515, 29.538566082295571 ], [ 76.930131095890275, 29.538656283302174 ], [ 76.930234246219612, 29.538654784619478 ], [ 76.93023767399616, 29.538835186617781 ], [ 76.93034082450059, 29.538833687844157 ], [ 76.930342538492013, 29.538923888835843 ], [ 76.930445689080116, 29.538922389976747 ], [ 76.930449117269276, 29.539102791945261 ], [ 76.930552268032457, 29.539101292995223 ], [ 76.930553982230222, 29.539191493972034 ], [ 76.930657133077048, 29.539189994936525 ], [ 76.930674276398378, 29.540092004577474 ], [ 76.930571124636998, 29.540093503667727 ], [ 76.930572838920611, 29.540183704630056 ], [ 76.930469687059968, 29.540185203645798 ] ], [ [ 76.930246243574089, 29.539286191590509 ], [ 76.930349394535796, 29.539284692789508 ], [ 76.930347680513137, 29.539194491803066 ], [ 76.930244529642891, 29.539195990598593 ], [ 76.930246243574089, 29.539286191590509 ] ] ] } },
{ "type": "Feature", "properties": { "pit_id": 439, "latitude": 29.528021, "longitude": 76.74217, "category": "pit", "area_ha": 0.13, "area_m2": 1300.0, "prob_max": 0.97, "prob_mean": 0.755, "new_pit": 0, "setting": "outside riverbed", "water_share": 1.0, "buildings_near": 0.0, "compactness": 1.0, "size_class": "small (0.1-0.5 ha)", "google_maps": "https://www.google.com/maps?q=29.528021,76.742170" }, "geometry": { "type": "Polygon", "coordinates": [ [ [ 76.741954397253423, 29.528173479641332 ], [ 76.741949758987559, 29.527902847589587 ], [ 76.742259209924654, 29.527898790836282 ], [ 76.742257663575799, 29.527808580164596 ], [ 76.742360813782639, 29.527807227758458 ], [ 76.742366999586068, 29.52816807041766 ], [ 76.741954397253423, 29.528173479641332 ] ] ] } },
{ "type": "Feature", "properties": { "pit_id": 440, "latitude": 29.553488, "longitude": 76.611142, "category": "pit", "area_ha": 0.08, "area_m2": 800.0, "prob_max": 0.97, "prob_mean": 0.735, "new_pit": 0, "setting": "outside riverbed", "water_share": 1.0, "buildings_near": -0.0, "compactness": 1.0, "size_class": "tiny (<0.1 ha)", "google_maps": "https://www.google.com/maps?q=29.553488,76.611142" }, "geometry": { "type": "Polygon", "coordinates": [ [ [ 76.611118969330875, 29.553645865005429 ], [ 76.611117537847505, 29.553555648615845 ], [ 76.610911171257015, 29.553558151631734 ], [ 76.610909739963319, 29.553467935231712 ], [ 76.611012923170236, 29.55346668376837 ], [ 76.611011491791473, 29.553376467371642 ], [ 76.611321041098378, 29.553372712514832 ], [ 76.611323904411918, 29.553553145279601 ], [ 76.611220721132966, 29.553554396987767 ], [ 76.611222152707924, 29.553644613372775 ], [ 76.611118969330875, 29.553645865005429 ] ] ] } },
{ "type": "Feature", "properties": { "pit_id": 441, "latitude": 29.497199, "longitude": 76.680776, "category": "pit", "area_ha": 0.26, "area_m2": 2600.0, "prob_max": 0.97, "prob_mean": 0.698, "new_pit": 0, "setting": "outside riverbed", "water_share": 1.0, "buildings_near": -0.0, "compactness": 0.618, "size_class": "small (0.1-0.5 ha)", "google_maps": "https://www.google.com/maps?q=29.497199,76.680776" }, "geometry": { "type": "Polygon", "coordinates": [ [ [ 76.680677111441824, 29.497471413702474 ], [ 76.680668172367191, 29.496930129725012 ], [ 76.681183783442293, 29.496923612036987 ], [ 76.681185273727621, 29.497013826012644 ], [ 76.681288396013585, 29.497012522230591 ], [ 76.681295847998697, 29.497463592065593 ], [ 76.680677111441824, 29.497471413702474 ] ], [ [ 76.680881866942585, 29.497378592826283 ], [ 76.681088112278914, 29.497375985623528 ], [ 76.68108662205772, 29.497285771648276 ], [ 76.68118974462439, 29.49728446793182 ], [ 76.681186764019756, 29.497104039986997 ], [ 76.680980519244855, 29.497106647320951 ], [ 76.680979029135344, 29.49701643333707 ], [ 76.680875906829016, 29.497017736879435 ], [ 76.680881866942585, 29.497378592826283 ] ] ] } },
{ "type": "Feature", "properties": { "pit_id": 442, "latitude": 29.591352, "longitude": 76.928295, "category": "pit", "area_ha": 0.04, "area_m2": 400.0, "prob_max": 0.97, "prob_mean": 0.748, "new_pit": 0, "setting": "outside riverbed", "water_share": 0.0, "buildings_near": 0.0, "compactness": 1.0, "size_class": "tiny (<0.1 ha)", "google_maps": "https://www.google.com/maps?q=29.591352,76.928295" }, "geometry": { "type": "Polygon", "coordinates": [ [ [ 76.928245286372615, 29.591465666800879 ], [ 76.928243570584911, 29.591375466411215 ], [ 76.92814036655119, 29.59137696596731 ], [ 76.928138650862991, 29.591286765570874 ], [ 76.928448262665626, 29.591282266678498 ], [ 76.928449978628919, 29.59137246705853 ], [ 76.928346774610802, 29.591373966774952 ], [ 76.928348490490208, 29.591464167159145 ], [ 76.928245286372615, 29.591465666800879 ] ] ] } },
{ "type": "Feature", "properties": { "pit_id": 443, "latitude": 29.596469, "longitude": 76.741858, "category": "pit", "area_ha": 0.39, "area_m2": 3900.0, "prob_max": 0.97, "prob_mean": 0.758, "new_pit": 0, "setting": "outside riverbed", "water_share": 1.0, "buildings_near": 0.063, "compactness": 0.804, "size_class": "small (0.1-0.5 ha)", "google_maps": "https://www.google.com/maps?q=29.596469,76.741858" }, "geometry": { "type": "Polygon", "coordinates": [ [ [ 76.741378273372845, 29.596846471124294 ], [ 76.741376723470978, 29.596756261346943 ], [ 76.741479943799447, 29.596754906767647 ], [ 76.741476843833382, 29.596574487218923 ], [ 76.74158006397127, 29.596573132569308 ], [ 76.741576963849909, 29.59639271302526 ], [ 76.741680183797229, 29.596391358305318 ], [ 76.741678633655368, 29.596301148536277 ], [ 76.741781853503895, 29.596299793741071 ], [ 76.741778753057844, 29.596119374208996 ], [ 76.741881972715788, 29.596118019343464 ], [ 76.741880422411597, 29.596027809580413 ], [ 76.742086861522822, 29.596025099618615 ], [ 76.742091513007097, 29.596295728874196 ], [ 76.742194732827372, 29.596294373758152 ], [ 76.742200935272251, 29.596655212727622 ], [ 76.741994494890577, 29.596657922919043 ], [ 76.741996045335924, 29.596748132668047 ], [ 76.741583164120854, 29.596753552108158 ], [ 76.741584714206226, 29.596843761875615 ], [ 76.741378273372845, 29.596846471124294 ] ] ] } },
{ "type": "Feature", "properties": { "pit_id": 444, "latitude": 29.584465, "longitude": 76.537715, "category": "pit", "area_ha": 0.55, "area_m2": 5500.0, "prob_max": 0.97, "prob_mean": 0.837, "new_pit": 0, "setting": "outside riverbed", "water_share": 0.255, "buildings_near": 0.132, "compactness": 0.529, "size_class": "medium (0.5-2 ha)", "google_maps": "https://www.google.com/maps?q=29.584465,76.537715" }, "geometry": { "type": "Polygon", "coordinates": [ [ [ 76.537807379180165, 29.585285083737681 ], [ 76.537804642949268, 29.585104645446794 ], [ 76.537701423935701, 29.585105841210119 ], [ 76.537698687913206, 29.584925402905377 ], [ 76.537595469076891, 29.584926598579774 ], [ 76.53759136536506, 29.584655941099935 ], [ 76.537488146797742, 29.584657136681038 ], [ 76.53748404341718, 29.584386479176555 ], [ 76.537587261709277, 29.58438528360853 ], [ 76.53758179025543, 29.584024406935349 ], [ 76.537478572330258, 29.584025602485905 ], [ 76.537477204574103, 29.583935383310035 ], [ 76.537373986734437, 29.583936578776047 ], [ 76.537372619076237, 29.583846359594528 ], [ 76.537269401322092, 29.583847554975979 ], [ 76.537266666207842, 29.583667116600349 ], [ 76.537576318901202, 29.583663530241605 ], [ 76.537579054565867, 29.583843968591044 ], [ 76.537682272301339, 29.583842772969007 ], [ 76.537685008174378, 29.584023211304579 ], [ 76.537788226087088, 29.584022015593629 ], [ 76.537790962168501, 29.584202453915328 ], [ 76.537894180258462, 29.584201258115446 ], [ 76.537899652862976, 29.584562134725985 ], [ 76.538002871313665, 29.584560938828435 ], [ 76.538004239572103, 29.584651157973511 ], [ 76.538107458108286, 29.584649961991406 ], [ 76.53811019482734, 29.584830400268945 ], [ 76.538006976107667, 29.584831596259779 ], [ 76.538009712668142, 29.585012034540902 ], [ 76.537906493758769, 29.585013230460262 ], [ 76.537910598370999, 29.585283887885424 ], [ 76.537807379180165, 29.585285083737681 ] ] ] } },
{ "type": "Feature", "properties": { "pit_id": 445, "latitude": 29.487, "longitude": 76.760004, "category": "pit", "area_ha": 0.17, "area_m2": 1700.0, "prob_max": 0.97, "prob_mean": 0.788, "new_pit": 0, "setting": "outside riverbed", "water_share": 0.0, "buildings_near": 0.11, "compactness": 1.0, "size_class": "small (0.1-0.5 ha)", "google_maps": "https://www.google.com/maps?q=29.487000,76.760004" }, "geometry": { "type": "Polygon", "coordinates": [ [ [ 76.759817399958692, 29.487244050959454 ], [ 76.759815840610997, 29.487153840584483 ], [ 76.759712732570677, 29.487155204832202 ], [ 76.759711173321321, 29.48706499445094 ], [ 76.759814281270408, 29.487063630208208 ], [ 76.759811162610546, 29.486883209451779 ], [ 76.759914270370032, 29.486881845139177 ], [ 76.759912710959512, 29.486791634764003 ], [ 76.760222033921593, 29.486787541362062 ], [ 76.760228272701255, 29.487148382795098 ], [ 76.759918948644227, 29.487152476256917 ], [ 76.759920508083169, 29.487242686626885 ], [ 76.759817399958692, 29.487244050959454 ] ] ] } },
{ "type": "Feature", "properties": { "pit_id": 446, "latitude": 29.454155, "longitude": 77.010184, "category": "pit", "area_ha": 0.79, "area_m2": 7900.0, "prob_max": 0.97, "prob_mean": 0.794, "new_pit": 0, "setting": "outside riverbed", "water_share": 0.544, "buildings_near": 0.068, "compactness": 0.775, "size_class": "medium (0.5-2 ha)", "google_maps": "https://www.google.com/maps?q=29.454155,77.010184" }, "geometry": { "type": "Polygon", "coordinates": [ [ [ 77.010086080308682, 29.45473500933166 ], [ 77.010084301640831, 29.45464481153336 ], [ 77.009981241360606, 29.454646368170494 ], [ 77.009977684231302, 29.454465972558523 ], [ 77.009874624125061, 29.454467529104562 ], [ 77.009867510327865, 29.454106737841997 ], [ 77.009764450577691, 29.45410829428555 ], [ 77.009759115588025, 29.453837700807668 ], [ 77.009656056102884, 29.453839257154446 ], [ 77.009650721459252, 29.453568663647591 ], [ 77.009856839875169, 29.453565550908507 ], [ 77.009858618263692, 29.453655748734054 ], [ 77.010064736829278, 29.453652635664774 ], [ 77.010066515407985, 29.453742833477616 ], [ 77.010272634123226, 29.453739720078129 ], [ 77.01027441289213, 29.453829917878267 ], [ 77.010480531757054, 29.453826804148573 ], [ 77.010484089683317, 29.454007199722078 ], [ 77.010587149285698, 29.454005642726276 ], [ 77.010588928352036, 29.45409584050536 ], [ 77.010691988037351, 29.454094283424162 ], [ 77.010695546376439, 29.454274678966957 ], [ 77.010798606235738, 29.454273121794667 ], [ 77.010800385508489, 29.454363319558389 ], [ 77.010697325558141, 29.454364876736378 ], [ 77.010699104747957, 29.45445507450447 ], [ 77.010596044698474, 29.454456631608448 ], [ 77.010597823805341, 29.454546829380927 ], [ 77.010391703499948, 29.454549943361162 ], [ 77.010393482432846, 29.454640141143706 ], [ 77.010290422176936, 29.454641698019969 ], [ 77.010292201026886, 29.454731895806876 ], [ 77.010086080308682, 29.45473500933166 ] ] ] } },
{ "type": "Feature", "properties": { "pit_id": 447, "latitude": 29.810688, "longitude": 77.105492, "category": "pit", "area_ha": 0.04, "area_m2": 400.0, "prob_max": 0.97, "prob_mean": 0.74, "new_pit": 0, "setting": "outside riverbed", "water_share": 1.0, "buildings_near": 0.0, "compactness": 1.0, "size_class": "tiny (<0.1 ha)", "google_maps": "https://www.google.com/maps?q=29.810688,77.105492" }, "geometry": { "type": "Polygon", "coordinates": [ [ [ 77.105416937563632, 29.810801893731853 ], [ 77.105411267326105, 29.810531331098424 ], [ 77.105514684326067, 29.810529682775471 ], [ 77.105518464661174, 29.810710057853786 ], [ 77.105621881837891, 29.810708409438011 ], [ 77.105623772110988, 29.810798596969182 ], [ 77.105416937563632, 29.810801893731853 ] ] ] } },
{ "type": "Feature", "properties": { "pit_id": 448, "latitude": 29.840841, "longitude": 76.941188, "category": "likely village pond", "area_ha": 0.23, "area_m2": 2300.0, "prob_max": 0.97, "prob_mean": 0.635, "new_pit": 0, "setting": "outside riverbed", "water_share": 1.0, "buildings_near": 0.172, "compactness": 0.942, "size_class": "small (0.1-0.5 ha)", "google_maps": "https://www.google.com/maps?q=29.840841,76.941188" }, "geometry": { "type": "Polygon", "coordinates": [ [ [ 76.941097925564577, 29.841197281136044 ], [ 76.941096180790993, 29.841107084835244 ], [ 76.940992721776524, 29.841108605897332 ], [ 76.940990977103695, 29.841018409589694 ], [ 76.940887518174151, 29.841019930565292 ], [ 76.940885773602119, 29.84092973425081 ], [ 76.94098923243881, 29.840928213280726 ], [ 76.940987487781825, 29.840838016970423 ], [ 76.941090946517733, 29.84083649592489 ], [ 76.941089201775839, 29.84074629961879 ], [ 76.940985743132785, 29.840747820658809 ], [ 76.940982253858451, 29.84056742803158 ], [ 76.941189170765242, 29.840564385892673 ], [ 76.941190915584144, 29.84065458219591 ], [ 76.941294374118513, 29.840653060999465 ], [ 76.941292629206757, 29.840562864701749 ], [ 76.941396087640342, 29.840561343429869 ], [ 76.941397832644952, 29.840651539722057 ], [ 76.941501291163476, 29.840650018363679 ], [ 76.94150478138215, 29.840830410933041 ], [ 76.941297863965801, 29.8408334535909 ], [ 76.941303098796155, 29.841104042468135 ], [ 76.941199639797532, 29.841105563692182 ], [ 76.941201384663984, 29.84119575998746 ], [ 76.941097925564577, 29.841197281136044 ] ] ] } },
{ "type": "Feature", "properties": { "pit_id": 449, "latitude": 29.8709, "longitude": 76.708022, "category": "pit", "area_ha": 0.92, "area_m2": 9200.0, "prob_max": 0.97, "prob_mean": 0.67, "new_pit": 0, "setting": "outside riverbed", "water_share": 0.533, "buildings_near": 0.168, "compactness": 0.368, "size_class": "medium (0.5-2 ha)", "google_maps": "https://www.google.com/maps?q=29.870900,76.708022" }, "geometry": { "type": "Polygon", "coordinates": [ [ [ 76.707825202526067, 29.871489163676976 ], [ 76.707823665487581, 29.871398956047397 ], [ 76.707720161756228, 29.871400295594206 ], [ 76.707717087886252, 29.87121988032143 ], [ 76.707613584333998, 29.871221219777411 ], [ 76.707608973860516, 29.870950596843876 ], [ 76.70771247713364, 29.870949257402469 ], [ 76.707709403333453, 29.870768842116636 ], [ 76.707605900246421, 29.870770181548323 ], [ 76.707604363449818, 29.870679973898589 ], [ 76.70770786644384, 29.870678634471769 ], [ 76.707706329561191, 29.870588426825581 ], [ 76.707809832455183, 29.870587087322502 ], [ 76.707808295486458, 29.870496879679877 ], [ 76.707911798280449, 29.870495540100553 ], [ 76.707910261225678, 29.870405332461477 ], [ 76.708117266606592, 29.870402653069231 ], [ 76.708115729372736, 29.870312445438572 ], [ 76.708426237112661, 29.870308425756502 ], [ 76.708424699606667, 29.870218218139115 ], [ 76.708631704545638, 29.870215537955268 ], [ 76.708633242237696, 29.870305745562927 ], [ 76.708736744789746, 29.870304405344491 ], [ 76.708738282581834, 29.87039461294599 ], [ 76.708531277284678, 29.870397293311495 ], [ 76.708532814897666, 29.870487500921399 ], [ 76.708636317642785, 29.870486160774348 ], [ 76.708642468536723, 29.870846991181502 ], [ 76.708538965419464, 29.870848331348004 ], [ 76.708540503067368, 29.870938538951403 ], [ 76.708644006277666, 29.870937198780027 ], [ 76.708648619542387, 29.871207821567772 ], [ 76.708441612556555, 29.87121050185856 ], [ 76.708443150139345, 29.871300709461583 ], [ 76.708236142939512, 29.87130338943766 ], [ 76.708237680343188, 29.871393597049099 ], [ 76.707927169211942, 29.871397616419483 ], [ 76.70792870634348, 29.871487824044202 ], [ 76.707825202526067, 29.871489163676976 ] ], [ [ 76.708131102025447, 29.871214521686447 ], [ 76.708234605542785, 29.871213181824924 ], [ 76.708233068153078, 29.871122974210873 ], [ 76.708129564728765, 29.871124314067522 ], [ 76.708131102025447, 29.871214521686447 ] ], [ [ 76.708026061297474, 29.871125653843077 ], [ 76.708129564728765, 29.871124314067522 ], [ 76.708128027439074, 29.871034106447318 ], [ 76.708231530770334, 29.871032766595516 ], [ 76.708229993394568, 29.87094255897885 ], [ 76.707919483658955, 29.870946578276339 ], [ 76.707921020755592, 29.871036785907592 ], [ 76.708024524100821, 29.871035446218006 ], [ 76.708026061297474, 29.871125653843077 ] ], [ [ 76.708333496625812, 29.87094121905081 ], [ 76.708436999850079, 29.870939879041657 ], [ 76.708433924747339, 29.870759463823855 ], [ 76.708330421709164, 29.870760803823284 ], [ 76.708333496625812, 29.87094121905081 ] ], [ [ 76.708021449728435, 29.870855030963931 ], [ 76.708228456025779, 29.870852351360877 ], [ 76.708226918663996, 29.870762143741612 ], [ 76.708019912552714, 29.870764823334941 ], [ 76.708021449728435, 29.870855030963931 ] ] ] } },
{ "type": "Feature", "properties": { "pit_id": 450, "latitude": 29.665562, "longitude": 77.048029, "category": "pit", "area_ha": 0.03, "area_m2": 300.0, "prob_max": 0.97, "prob_mean": 0.74, "new_pit": 0, "setting": "outside riverbed", "water_share": 0.0, "buildings_near": 0.0, "compactness": 1.0, "size_class": "tiny (<0.1 ha)", "google_maps": "https://www.google.com/maps?q=29.665562,77.048029" }, "geometry": { "type": "Polygon", "coordinates": [ [ [ 77.047944804492445, 29.665638901186927 ], [ 77.047941149008864, 29.66545851555631 ], [ 77.048044421053291, 29.66545691926202 ], [ 77.048046248882926, 29.665547112072186 ], [ 77.048149521011069, 29.665545515691701 ], [ 77.048151348941047, 29.665635708494708 ], [ 77.047944804492445, 29.665638901186927 ] ] ] } },
{ "type": "Feature", "properties": { "pit_id": 451, "latitude": 29.759848, "longitude": 76.819176, "category": "pit", "area_ha": 0.11, "area_m2": 1100.0, "prob_max": 0.97, "prob_mean": 0.772, "new_pit": 0, "setting": "outside riverbed", "water_share": 1.0, "buildings_near": -0.0, "compactness": 1.0, "size_class": "small (0.1-0.5 ha)", "google_maps": "https://www.google.com/maps?q=29.759848,76.819176" }, "geometry": { "type": "Polygon", "coordinates": [ [ [ 76.819373697201726, 29.760103672695426 ], [ 76.819370437116078, 29.759923265248904 ], [ 76.819267054364062, 29.759924687450336 ], [ 76.819268684310671, 29.760014891179431 ], [ 76.819061918599417, 29.760017735350441 ], [ 76.819060288837804, 29.759927531611016 ], [ 76.819163671604628, 29.759926109571037 ], [ 76.819162041757906, 29.75983590583547 ], [ 76.818955276401837, 29.759838749824354 ], [ 76.818950387461143, 29.759568138578768 ], [ 76.819053769865377, 29.75956671664019 ], [ 76.819055399597374, 29.759656920384863 ], [ 76.819158782086717, 29.759655498360399 ], [ 76.819162041757906, 29.75983590583547 ], [ 76.819368807084359, 29.759833061523672 ], [ 76.819370437116078, 29.759923265248904 ], [ 76.81947381986069, 29.759921842966737 ], [ 76.819477080131335, 29.760102250402916 ], [ 76.819373697201726, 29.760103672695426 ] ] ] } },
{ "type": "Feature", "properties": { "pit_id": 452, "latitude": 29.690142, "longitude": 77.059085, "category": "pit", "area_ha": 0.06, "area_m2": 600.0, "prob_max": 0.97, "prob_mean": 0.732, "new_pit": 0, "setting": "outside riverbed", "water_share": 0.0, "buildings_near": 0.057, "compactness": 1.0, "size_class": "tiny (<0.1 ha)", "google_maps": "https://www.google.com/maps?q=29.690142,77.059085" }, "geometry": { "type": "Polygon", "coordinates": [ [ [ 77.058984057086988, 29.690278473909927 ], [ 77.058978538822942, 29.69000789834466 ], [ 77.059185131654758, 29.690004686074555 ], [ 77.05919065047155, 29.69027526160475 ], [ 77.058984057086988, 29.690278473909927 ] ] ] } },
{ "type": "Feature", "properties": { "pit_id": 453, "latitude": 29.896486, "longitude": 77.1409, "category": "pit", "area_ha": 0.44, "area_m2": 4400.0, "prob_max": 0.97, "prob_mean": 0.704, "new_pit": 0, "setting": "outside riverbed", "water_share": 1.0, "buildings_near": -0.0, "compactness": 0.938, "size_class": "small (0.1-0.5 ha)", "google_maps": "https://www.google.com/maps?q=29.896486,77.140900" }, "geometry": { "type": "Polygon", "coordinates": [ [ [ 77.140564012057865, 29.896844506210957 ], [ 77.140554370579352, 29.896393584652191 ], [ 77.140657873756197, 29.896391904469521 ], [ 77.140654017039921, 29.896211535848757 ], [ 77.140757520021907, 29.896209855597135 ], [ 77.140755591583826, 29.896119671290837 ], [ 77.141169603051921, 29.89611294949756 ], [ 77.141175389509186, 29.896383502339358 ], [ 77.141278892633508, 29.896381821669969 ], [ 77.141282750501588, 29.896562190212244 ], [ 77.141179247191118, 29.896563870893818 ], [ 77.141185033779678, 29.896834423715401 ], [ 77.141081530181268, 29.896836104334131 ], [ 77.141079601402723, 29.896745920055519 ], [ 77.14087259436576, 29.896749281037437 ], [ 77.140874522958171, 29.89683946532822 ], [ 77.140564012057865, 29.896844506210957 ] ] ] } },
{ "type": "Feature", "properties": { "pit_id": 454, "latitude": 29.75946, "longitude": 76.8463, "category": "pit", "area_ha": 0.17, "area_m2": 1700.0, "prob_max": 0.97, "prob_mean": 0.719, "new_pit": 0, "setting": "outside riverbed", "water_share": 0.941, "buildings_near": 0.0, "compactness": 1.0, "size_class": "small (0.1-0.5 ha)", "google_maps": "https://www.google.com/maps?q=29.759460,76.846300" }, "geometry": { "type": "Polygon", "coordinates": [ [ [ 76.84594121140924, 29.75964528554076 ], [ 76.845939557598612, 29.75955508315533 ], [ 76.846249700056532, 29.759550753827263 ], [ 76.846246391902866, 29.759370349083959 ], [ 76.84614301127607, 29.759371792263543 ], [ 76.846141357302983, 29.759281589884665 ], [ 76.846037976761167, 29.759283032978278 ], [ 76.846036322888096, 29.759192830592852 ], [ 76.845622801015566, 29.759198602139115 ], [ 76.845621147519992, 29.759108399731392 ], [ 76.846241429728749, 29.759099741959133 ], [ 76.84624473783731, 29.759280146710328 ], [ 76.846348118364119, 29.759278703455266 ], [ 76.846353080860808, 29.759549310556462 ], [ 76.846456461657567, 29.75954786720494 ], [ 76.846458115930659, 29.759638069564133 ], [ 76.84594121140924, 29.75964528554076 ] ] ] } },
{ "type": "Feature", "properties": { "pit_id": 455, "latitude": 29.6437, "longitude": 76.821551, "category": "likely village pond", "area_ha": 0.93, "area_m2": 9300.0, "prob_max": 0.97, "prob_mean": 0.764, "new_pit": 0, "setting": "outside riverbed", "water_share": 1.0, "buildings_near": 0.284, "compactness": 0.523, "size_class": "medium (0.5-2 ha)", "google_maps": "https://www.google.com/maps?q=29.643700,76.821551" }, "geometry": { "type": "Polygon", "coordinates": [ [ [ 76.821212479633274, 29.64431736659688 ], [ 76.821210855573852, 29.644227161389203 ], [ 76.821107591342084, 29.644228580023114 ], [ 76.821104343429354, 29.6440481695935 ], [ 76.821001079374113, 29.644049588136721 ], [ 76.820989712555985, 29.643418151555654 ], [ 76.821196239371645, 29.643415314461244 ], [ 76.821194615386119, 29.643325109240475 ], [ 76.821607668560944, 29.643319434108147 ], [ 76.821606044214988, 29.643229228906762 ], [ 76.822122360057477, 29.64322213320936 ], [ 76.822125609676363, 29.643402543559123 ], [ 76.822228873006608, 29.643401124168239 ], [ 76.822230497919094, 29.643491329335987 ], [ 76.82212723449689, 29.643492748732022 ], [ 76.822132109002851, 29.643763364242911 ], [ 76.822028845297396, 29.643764783574127 ], [ 76.822030470055537, 29.64385498874697 ], [ 76.82192720625072, 29.643856408003 ], [ 76.821928830924293, 29.643946613179715 ], [ 76.821825567020142, 29.643948032360569 ], [ 76.821827191609131, 29.644038237541146 ], [ 76.821723927605632, 29.644039656646822 ], [ 76.821725552110067, 29.644129861831257 ], [ 76.82151902389694, 29.644132699811898 ], [ 76.821520648224848, 29.644222905005375 ], [ 76.821314119798245, 29.644225742674948 ], [ 76.821315743949611, 29.644315947877452 ], [ 76.821212479633274, 29.64431736659688 ] ], [ [ 76.821307623266648, 29.64386492185184 ], [ 76.821410887115803, 29.64386350307791 ], [ 76.821407638710411, 29.643683092668841 ], [ 76.821201111372559, 29.643685930115673 ], [ 76.821202735387644, 29.643776135331205 ], [ 76.821305999152216, 29.643774716642799 ], [ 76.821307623266648, 29.64386492185184 ] ], [ [ 76.82150927808469, 29.643591468623576 ], [ 76.821612541643191, 29.643590049704468 ], [ 76.821610917275052, 29.643499844506998 ], [ 76.821507653808524, 29.643501263420951 ], [ 76.82150927808469, 29.643591468623576 ] ] ] } },
{ "type": "Feature", "properties": { "pit_id": 456, "latitude": 29.858654, "longitude": 76.945488, "category": "pit", "area_ha": 0.2, "area_m2": 2000.0, "prob_max": 0.97, "prob_mean": 0.804, "new_pit": 0, "setting": "outside riverbed", "water_share": 1.0, "buildings_near": -0.0, "compactness": 1.0, "size_class": "small (0.1-0.5 ha)", "google_maps": "https://www.google.com/maps?q=29.858654,76.945488" }, "geometry": { "type": "Polygon", "coordinates": [ [ [ 76.944958278171342, 29.858823929194102 ], [ 76.944956528684415, 29.858733733341094 ], [ 76.945163482564269, 29.858730683299562 ], [ 76.945161732899408, 29.858640487456292 ], [ 76.945368686561622, 29.858637437101713 ], [ 76.945366936718841, 29.858547241268177 ], [ 76.945470413445094, 29.858545715974877 ], [ 76.945468663517332, 29.858455520145551 ], [ 76.945779093369623, 29.858450943796068 ], [ 76.945780843576188, 29.858541139608807 ], [ 76.94588432027065, 29.858539613991393 ], [ 76.945887820893503, 29.858720005601793 ], [ 76.945473913324463, 29.85872610762955 ], [ 76.945475663276071, 29.858816303454915 ], [ 76.944958278171342, 29.858823929194102 ] ] ] } },
{ "type": "Feature", "properties": { "pit_id": 457, "latitude": 29.846048, "longitude": 76.878038, "category": "pit", "area_ha": 0.66, "area_m2": 6600.0, "prob_max": 0.97, "prob_mean": 0.863, "new_pit": 0, "setting": "outside riverbed", "water_share": 0.879, "buildings_near": 0.002, "compactness": 0.907, "size_class": "medium (0.5-2 ha)", "google_maps": "https://www.google.com/maps?q=29.846048,76.878038" }, "geometry": { "type": "Polygon", "coordinates": [ [ [ 76.87775873670428, 29.846534286160381 ], [ 76.877748607469897, 29.845993088751911 ], [ 76.877645139590982, 29.8459945604084 ], [ 76.877638387292933, 29.845633762088333 ], [ 76.877948789792001, 29.845629346939962 ], [ 76.877947101457991, 29.845539147372662 ], [ 76.878154036233269, 29.845536203546107 ], [ 76.878155724753043, 29.84562640310272 ], [ 76.878362659683418, 29.845623458941485 ], [ 76.878379547160776, 29.84652545432818 ], [ 76.87775873670428, 29.846534286160381 ] ] ] } },
{ "type": "Feature", "properties": { "pit_id": 458, "latitude": 29.768024, "longitude": 76.84747, "category": "pit", "area_ha": 0.05, "area_m2": 500.0, "prob_max": 0.97, "prob_mean": 0.712, "new_pit": 0, "setting": "outside riverbed", "water_share": 1.0, "buildings_near": 0.008, "compactness": 1.0, "size_class": "tiny (<0.1 ha)", "google_maps": "https://www.google.com/maps?q=29.768024,76.847470" }, "geometry": { "type": "Polygon", "coordinates": [ [ [ 76.847337378060928, 29.768106976246631 ], [ 76.847334066813175, 29.767926571847603 ], [ 76.847540845485995, 29.767923682795754 ], [ 76.847542501291173, 29.768013884985422 ], [ 76.847645890708819, 29.768012440333123 ], [ 76.847647546614056, 29.768102642516237 ], [ 76.847337378060928, 29.768106976246631 ] ] ] } },
{ "type": "Feature", "properties": { "pit_id": 459, "latitude": 29.882899, "longitude": 77.175438, "category": "pit", "area_ha": 0.04, "area_m2": 400.0, "prob_max": 0.97, "prob_mean": 0.658, "new_pit": 0, "setting": "outside riverbed", "water_share": 1.0, "buildings_near": 0.0, "compactness": 1.0, "size_class": "tiny (<0.1 ha)", "google_maps": "https://www.google.com/maps?q=29.882899,77.175438" }, "geometry": { "type": "Polygon", "coordinates": [ [ [ 77.175363238490576, 29.883013464724552 ], [ 77.175357362855664, 29.882742917441558 ], [ 77.17546084955309, 29.882741210658622 ], [ 77.175464766820127, 29.882921575502927 ], [ 77.175568253694649, 29.882919868626551 ], [ 77.175570212434494, 29.88301005104049 ], [ 77.175363238490576, 29.883013464724552 ] ] ] } },
{ "type": "Feature", "properties": { "pit_id": 460, "latitude": 29.889739, "longitude": 76.929281, "category": "pit", "area_ha": 0.28, "area_m2": 2800.0, "prob_max": 0.97, "prob_mean": 0.784, "new_pit": 0, "setting": "outside riverbed", "water_share": 0.893, "buildings_near": 0.107, "compactness": 1.0, "size_class": "small (0.1-0.5 ha)", "google_maps": "https://www.google.com/maps?q=29.889739,76.929281" }, "geometry": { "type": "Polygon", "coordinates": [ [ [ 76.928892041318747, 29.889915602481594 ], [ 76.928886829684402, 29.889645013617844 ], [ 76.928990339525427, 29.889643499818277 ], [ 76.928988602236657, 29.889553303533194 ], [ 76.929506150857989, 29.889545733345777 ], [ 76.92950788861215, 29.889635929603404 ], [ 76.929714908191642, 29.889632900949522 ], [ 76.929718384095963, 29.889813293438863 ], [ 76.929614874123999, 29.889814807817356 ], [ 76.929616611994916, 29.889905004065515 ], [ 76.928892041318747, 29.889915602481594 ] ] ] } },
{ "type": "Feature", "properties": { "pit_id": 461, "latitude": 29.722226, "longitude": 76.946232, "category": "pit", "area_ha": 1.7, "area_m2": 17000.0, "prob_max": 0.97, "prob_mean": 0.682, "new_pit": 0, "setting": "outside riverbed", "water_share": 0.088, "buildings_near": -0.0, "compactness": 0.56, "size_class": "medium (0.5-2 ha)", "google_maps": "https://www.google.com/maps?q=29.722226,76.946232" }, "geometry": { "type": "Polygon", "coordinates": [ [ [ 76.946672706490133, 29.722923703577443 ], [ 76.946669223629186, 29.722743308345073 ], [ 76.946565886583457, 29.722744828303448 ], [ 76.946567627917673, 29.722835025925825 ], [ 76.946464290771729, 29.722836545809137 ], [ 76.946462549529812, 29.722746348181232 ], [ 76.945945864142871, 29.722753946361358 ], [ 76.945944123370367, 29.722663748704491 ], [ 76.945840786361529, 29.722665268093227 ], [ 76.945839045689254, 29.72257507042951 ], [ 76.945735708764801, 29.722576589732132 ], [ 76.945733968192727, 29.722486392061562 ], [ 76.945630631352671, 29.722487911278066 ], [ 76.945628890880798, 29.722397713600657 ], [ 76.945525554125126, 29.72239923273105 ], [ 76.945522073389725, 29.722218837361183 ], [ 76.945315400223834, 29.722221875358116 ], [ 76.945310179733838, 29.721951282260253 ], [ 76.945413516043843, 29.721949763318651 ], [ 76.945410035572138, 29.721769367924516 ], [ 76.945513371689643, 29.721767848913395 ], [ 76.945511631373378, 29.721677651219867 ], [ 76.945614967390682, 29.72167613213367 ], [ 76.945613226990005, 29.721585934444356 ], [ 76.945819898816296, 29.721582896041291 ], [ 76.94581815823895, 29.721492698361693 ], [ 76.946128165642151, 29.72148814016931 ], [ 76.946129906496367, 29.721578337832312 ], [ 76.946336578243518, 29.721575298623421 ], [ 76.946338319290234, 29.721665496274042 ], [ 76.946441655244229, 29.721663976543198 ], [ 76.946445137546007, 29.721844371829423 ], [ 76.946548473676685, 29.72184285200694 ], [ 76.946550214931733, 29.721933049642541 ], [ 76.946653551146795, 29.721931529733929 ], [ 76.946655292502058, 29.722021727362687 ], [ 76.94675862880149, 29.722020207367972 ], [ 76.946760370256968, 29.722110404989866 ], [ 76.946863706640784, 29.722108884909037 ], [ 76.946867189760084, 29.722289280137794 ], [ 76.946970526320584, 29.722287759965315 ], [ 76.946972267984393, 29.722377957572192 ], [ 76.947075604629262, 29.722376437313592 ], [ 76.947073862873154, 29.72228623971225 ], [ 76.947177199417794, 29.722284719378603 ], [ 76.9471876506271, 29.722825904933615 ], [ 76.946980976422282, 29.722828945586695 ], [ 76.946982718133626, 29.722919143185631 ], [ 76.946672706490133, 29.722923703577443 ] ], [ [ 76.946562403938785, 29.722564433054728 ], [ 76.946665740799915, 29.722562913107414 ], [ 76.946663999397146, 29.722472715486596 ], [ 76.946560662628315, 29.722474235428386 ], [ 76.946562403938785, 29.722564433054728 ] ], [ [ 76.946352247948937, 29.722387077431478 ], [ 76.946455584641299, 29.722385557656384 ], [ 76.946453843438974, 29.722295360021867 ], [ 76.946350506838897, 29.722296879791422 ], [ 76.946352247948937, 29.722387077431478 ] ], [ [ 76.946453843438974, 29.722295360021867 ], [ 76.946557180031121, 29.722293840171723 ], [ 76.946555438744397, 29.722203642541412 ], [ 76.94645210224455, 29.722205162386018 ], [ 76.946453843438974, 29.722295360021867 ] ] ] } },
{ "type": "Feature", "properties": { "pit_id": 462, "latitude": 29.845949, "longitude": 76.94771, "category": "pit", "area_ha": 0.08, "area_m2": 800.0, "prob_max": 0.97, "prob_mean": 0.886, "new_pit": 0, "setting": "outside riverbed", "water_share": 1.0, "buildings_near": 0.07, "compactness": 1.0, "size_class": "tiny (<0.1 ha)", "google_maps": "https://www.google.com/maps?q=29.845949,76.947710" }, "geometry": { "type": "Polygon", "coordinates": [ [ [ 76.947505202420345, 29.846065118843597 ], [ 76.947501700678686, 29.845884727061101 ], [ 76.947812091265789, 29.845880147673792 ], [ 76.947810340128257, 29.845789951797176 ], [ 76.947913803548502, 29.845788425178306 ], [ 76.947917306017246, 29.845968816919132 ], [ 76.94781384241125, 29.845970343549091 ], [ 76.947815593564684, 29.846060539423046 ], [ 76.947505202420345, 29.846065118843597 ] ] ] } },
{ "type": "Feature", "properties": { "pit_id": 463, "latitude": 29.732894, "longitude": 77.067446, "category": "pit", "area_ha": 0.16, "area_m2": 1600.0, "prob_max": 0.96, "prob_mean": 0.749, "new_pit": 0, "setting": "outside riverbed", "water_share": 0.688, "buildings_near": -0.0, "compactness": 1.0, "size_class": "small (0.1-0.5 ha)", "google_maps": "https://www.google.com/maps?q=29.732894,77.067446" }, "geometry": { "type": "Polygon", "coordinates": [ [ [ 77.067404417033046, 29.733091983702209 ], [ 77.067402566879281, 29.733001792911008 ], [ 77.067195887075172, 29.733005022218091 ], [ 77.067190337218221, 29.732734449801249 ], [ 77.067603695684966, 29.732727990935139 ], [ 77.067605545998148, 29.732818181718606 ], [ 77.067708885686116, 29.732816566794707 ], [ 77.067712586522362, 29.732996948345878 ], [ 77.067609246649738, 29.732998563281519 ], [ 77.067611096988159, 29.733088754060979 ], [ 77.067404417033046, 29.733091983702209 ] ] ] } },
{ "type": "Feature", "properties": { "pit_id": 464, "latitude": 29.866986, "longitude": 76.954329, "category": "pit", "area_ha": 0.04, "area_m2": 400.0, "prob_max": 0.96, "prob_mean": 0.652, "new_pit": 0, "setting": "outside riverbed", "water_share": 0.5, "buildings_near": -0.0, "compactness": 1.0, "size_class": "tiny (<0.1 ha)", "google_maps": "https://www.google.com/maps?q=29.866986,76.954329" }, "geometry": { "type": "Polygon", "coordinates": [ [ [ 76.95422772469361, 29.867077583413604 ], [ 76.954224207886838, 29.866897192929056 ], [ 76.954431177468251, 29.866894127603683 ], [ 76.95443469464692, 29.867074518065998 ], [ 76.95422772469361, 29.867077583413604 ] ] ] } },
{ "type": "Feature", "properties": { "pit_id": 465, "latitude": 29.559191, "longitude": 76.925311, "category": "pit", "area_ha": 0.69, "area_m2": 6900.0, "prob_max": 0.96, "prob_mean": 0.691, "new_pit": 0, "setting": "outside riverbed", "water_share": 0.377, "buildings_near": 0.127, "compactness": 0.852, "size_class": "medium (0.5-2 ha)", "google_maps": "https://www.google.com/maps?q=29.559191,76.925311" }, "geometry": { "type": "Polygon", "coordinates": [ [ [ 76.924955918696966, 29.559573558828252 ], [ 76.924954208051986, 29.559483357830427 ], [ 76.924851036249223, 29.559484853368993 ], [ 76.924840773092171, 29.55894364732168 ], [ 76.924943944345671, 29.558942151815874 ], [ 76.924942233755203, 29.558851950808844 ], [ 76.925148576055747, 29.558848959567978 ], [ 76.925146865289975, 29.558758758570548 ], [ 76.925456378407731, 29.558754271125203 ], [ 76.925458089448142, 29.558844472106255 ], [ 76.925664431670782, 29.558841480064803 ], [ 76.925667854141111, 29.559021882001105 ], [ 76.925771025423842, 29.559020385849372 ], [ 76.925774448108427, 29.55920078776948 ], [ 76.925877619566464, 29.55919929152676 ], [ 76.925881042465306, 29.559379693430689 ], [ 76.925777870824191, 29.559381189684331 ], [ 76.925779582193755, 29.559471390639771 ], [ 76.925470066949003, 29.559475878936723 ], [ 76.92547177805173, 29.559566079907238 ], [ 76.924955918696966, 29.559573558828252 ] ], [ [ 76.92525345805943, 29.55893766481811 ], [ 76.925356629281765, 29.55893616899208 ], [ 76.925354918325127, 29.558845968006882 ], [ 76.925251747194324, 29.558847463827465 ], [ 76.92525345805943, 29.55893766481811 ] ] ] } },
{ "type": "Feature", "properties": { "pit_id": 466, "latitude": 29.890638, "longitude": 76.901204, "category": "pit", "area_ha": 0.2, "area_m2": 2000.0, "prob_max": 0.96, "prob_mean": 0.66, "new_pit": 0, "setting": "outside riverbed", "water_share": 0.95, "buildings_near": 0.0, "compactness": 0.676, "size_class": "small (0.1-0.5 ha)", "google_maps": "https://www.google.com/maps?q=29.890638,76.901204" }, "geometry": { "type": "Polygon", "coordinates": [ [ [ 76.900956006547375, 29.890952748712728 ], [ 76.900952582274925, 29.890772353214665 ], [ 76.90084906956757, 29.890773845069582 ], [ 76.900847357536094, 29.89068364731315 ], [ 76.901054382756826, 29.890680663532994 ], [ 76.901056094974479, 29.8907708612786 ], [ 76.901159607666287, 29.890769369261406 ], [ 76.901156183052535, 29.890588973779678 ], [ 76.901052670546932, 29.890590465786065 ], [ 76.901050958344811, 29.890500268037808 ], [ 76.900947445924515, 29.89050175995764 ], [ 76.900945733823264, 29.890411562202651 ], [ 76.901463295381546, 29.890404101819133 ], [ 76.901461582822606, 29.890313904089869 ], [ 76.901565095017844, 29.89031241177516 ], [ 76.90156680766988, 29.890402609499017 ], [ 76.901463295381546, 29.890404101819133 ], [ 76.901466720522748, 29.890584497273693 ], [ 76.90125969555038, 29.890587481692162 ], [ 76.901263120350308, 29.890767877163068 ], [ 76.901366633026569, 29.890766384983582 ], [ 76.901368345531296, 29.890856582711642 ], [ 76.901471858292865, 29.890855090445612 ], [ 76.90147357089846, 29.89094528816694 ], [ 76.901266545181343, 29.890948272628673 ], [ 76.901263120350308, 29.890767877163068 ], [ 76.901159607666287, 29.890769369261406 ], [ 76.901161319984823, 29.89085956700028 ], [ 76.901057807199919, 29.8908610590229 ], [ 76.901059519433133, 29.890951256765852 ], [ 76.900956006547375, 29.890952748712728 ] ] ] } },
{ "type": "Feature", "properties": { "pit_id": 467, "latitude": 29.626187, "longitude": 76.673567, "category": "pit", "area_ha": 0.09, "area_m2": 900.0, "prob_max": 0.96, "prob_mean": 0.801, "new_pit": 0, "setting": "outside riverbed", "water_share": 0.0, "buildings_near": -0.0, "compactness": 1.0, "size_class": "tiny (<0.1 ha)", "google_maps": "https://www.google.com/maps?q=29.626187,76.673567" }, "geometry": { "type": "Polygon", "coordinates": [ [ [ 76.67341397633966, 29.626324356254003 ], [ 76.673409502727921, 29.626053718514576 ], [ 76.673719264238059, 29.626049809598435 ], [ 76.673723738676969, 29.626320447295111 ], [ 76.67341397633966, 29.626324356254003 ] ] ] } },
{ "type": "Feature", "properties": { "pit_id": 468, "latitude": 29.620916, "longitude": 76.989885, "category": "pit", "area_ha": 0.19, "area_m2": 1900.0, "prob_max": 0.96, "prob_mean": 0.633, "new_pit": 0, "setting": "outside riverbed", "water_share": 1.0, "buildings_near": 0.004, "compactness": 0.717, "size_class": "small (0.1-0.5 ha)", "google_maps": "https://www.google.com/maps?q=29.620916,76.989885" }, "geometry": { "type": "Polygon", "coordinates": [ [ [ 76.989943032973301, 29.621230793418849 ], [ 76.989941260167143, 29.621140596768996 ], [ 76.989838029635109, 29.621142145697153 ], [ 76.989832711540473, 29.620871555722722 ], [ 76.989935941797057, 29.620870006811501 ], [ 76.989937714579014, 29.620960203465327 ], [ 76.990040944919343, 29.620958654468208 ], [ 76.990042717801188, 29.621048851115063 ], [ 76.990249178641292, 29.621045752868785 ], [ 76.990243859469047, 29.620775162958143 ], [ 76.990140629328479, 29.620776712104462 ], [ 76.990137083437617, 29.620596318812783 ], [ 76.990240313394551, 29.620594769677769 ], [ 76.990238540369404, 29.620504573035586 ], [ 76.990341770226451, 29.620503023825975 ], [ 76.990354182214602, 29.621134400253865 ], [ 76.990250951714842, 29.621135949503017 ], [ 76.990252724796449, 29.621226146135932 ], [ 76.989943032973301, 29.621230793418849 ] ] ] } },
{ "type": "Feature", "properties": { "pit_id": 469, "latitude": 29.787069, "longitude": 76.771217, "category": "pit", "area_ha": 0.18, "area_m2": 1800.0, "prob_max": 0.96, "prob_mean": 0.745, "new_pit": 0, "setting": "outside riverbed", "water_share": 1.0, "buildings_near": 0.04, "compactness": 0.969, "size_class": "small (0.1-0.5 ha)", "google_maps": "https://www.google.com/maps?q=29.787069,76.771217" }, "geometry": { "type": "Polygon", "coordinates": [ [ [ 76.771251260201282, 29.787373962714558 ], [ 76.771249671504577, 29.787283756980219 ], [ 76.771146257915191, 29.787285142727054 ], [ 76.771144669318332, 29.787194936986374 ], [ 76.771041255814353, 29.787196322647354 ], [ 76.771038078827573, 29.787015911151979 ], [ 76.77114149214627, 29.787014525501071 ], [ 76.771139903571068, 29.786924319756459 ], [ 76.771036490344997, 29.786925705402332 ], [ 76.771034901869655, 29.786835499651385 ], [ 76.770931488729005, 29.7868368852114 ], [ 76.770929900353508, 29.786746679454097 ], [ 76.771240139475893, 29.786742522546685 ], [ 76.771244905457749, 29.787013139769336 ], [ 76.771348318762023, 29.787011753956772 ], [ 76.771349907529711, 29.787101959690009 ], [ 76.771453320919392, 29.787100573791587 ], [ 76.771458087543692, 29.787371190968329 ], [ 76.771251260201282, 29.787373962714558 ] ] ] } },
{ "type": "Feature", "properties": { "pit_id": 470, "latitude": 29.576145, "longitude": 76.947126, "category": "pit", "area_ha": 0.16, "area_m2": 1600.0, "prob_max": 0.96, "prob_mean": 0.708, "new_pit": 1, "setting": "outside riverbed", "water_share": 0.0, "buildings_near": 0.097, "compactness": 1.0, "size_class": "small (0.1-0.5 ha)", "google_maps": "https://www.google.com/maps?q=29.576145,76.947126" }, "geometry": { "type": "Polygon", "coordinates": [ [ [ 76.946950661418228, 29.576395667477744 ], [ 76.946943736001103, 29.576034869092325 ], [ 76.947046923276901, 29.576033355628912 ], [ 76.947043460432383, 29.575852956439338 ], [ 76.947146647517059, 29.575851442906863 ], [ 76.947148379026999, 29.575941642496769 ], [ 76.947251566195433, 29.575940128878653 ], [ 76.947253297804863, 29.576030328461734 ], [ 76.947356485057014, 29.576028814757983 ], [ 76.947359948482784, 29.576209213909134 ], [ 76.947256761047385, 29.576210727623941 ], [ 76.947258492680461, 29.576300927203054 ], [ 76.947155305145571, 29.576302440843268 ], [ 76.947157036694918, 29.576392640426601 ], [ 76.946950661418228, 29.576395667477744 ] ] ] } },
{ "type": "Feature", "properties": { "pit_id": 471, "latitude": 29.69818, "longitude": 76.972599, "category": "pit", "area_ha": 0.06, "area_m2": 600.0, "prob_max": 0.96, "prob_mean": 0.845, "new_pit": 0, "setting": "outside riverbed", "water_share": 0.833, "buildings_near": 0.136, "compactness": 1.0, "size_class": "tiny (<0.1 ha)", "google_maps": "https://www.google.com/maps?q=29.698180,76.972599" }, "geometry": { "type": "Polygon", "coordinates": [ [ [ 76.972445642476004, 29.698272195618163 ], [ 76.972442117042732, 29.69809180250105 ], [ 76.972752047625249, 29.6980871852594 ], [ 76.972755573611593, 29.6982675783429 ], [ 76.972445642476004, 29.698272195618163 ] ] ] } },
{ "type": "Feature", "properties": { "pit_id": 472, "latitude": 29.6874, "longitude": 76.816891, "category": "pit", "area_ha": 0.06, "area_m2": 600.0, "prob_max": 0.96, "prob_mean": 0.688, "new_pit": 0, "setting": "outside riverbed", "water_share": 1.0, "buildings_near": 0.023, "compactness": 1.0, "size_class": "tiny (<0.1 ha)", "google_maps": "https://www.google.com/maps?q=29.687400,76.816891" }, "geometry": { "type": "Polygon", "coordinates": [ [ [ 76.816720892145383, 29.687507680000792 ], [ 76.816719269251436, 29.687417475155648 ], [ 76.816822577858048, 29.687416058074131 ], [ 76.816819331907993, 29.687235648390242 ], [ 76.816922640322872, 29.687234231238552 ], [ 76.816924263386383, 29.687324436075983 ], [ 76.817027571886058, 29.687323018838647 ], [ 76.817030818219521, 29.687503428499284 ], [ 76.816720892145383, 29.687507680000792 ] ] ] } },
{ "type": "Feature", "properties": { "pit_id": 473, "latitude": 29.891309, "longitude": 76.901113, "category": "pit", "area_ha": 0.19, "area_m2": 1900.0, "prob_max": 0.96, "prob_mean": 0.679, "new_pit": 0, "setting": "outside riverbed", "water_share": 1.0, "buildings_near": 0.0, "compactness": 0.882, "size_class": "small (0.1-0.5 ha)", "google_maps": "https://www.google.com/maps?q=29.891309,76.901113" }, "geometry": { "type": "Polygon", "coordinates": [ [ [ 76.900967991745802, 29.891584132914282 ], [ 76.900966279551284, 29.89149393517517 ], [ 76.90117330643217, 29.891490951135367 ], [ 76.901169881694074, 29.891310555674817 ], [ 76.901066368443708, 29.89131204772448 ], [ 76.901068080715774, 29.891402245460824 ], [ 76.900861054005517, 29.891405229327521 ], [ 76.900855917771196, 29.891134636082061 ], [ 76.900959430850918, 29.891133144205508 ], [ 76.900957718695267, 29.891042946459777 ], [ 76.901268257608507, 29.891038470359497 ], [ 76.901269970043458, 29.891128668088996 ], [ 76.901166456987056, 29.891130160208981 ], [ 76.901169881694074, 29.891310555674817 ], [ 76.901273394936666, 29.891309063544018 ], [ 76.901271682486168, 29.891218865817173 ], [ 76.901375195627907, 29.891217373610644 ], [ 76.901378620722852, 29.891397769052194 ], [ 76.901275107394937, 29.891399261269548 ], [ 76.901276819860982, 29.891489458993753 ], [ 76.901380333281992, 29.891487966770995 ], [ 76.901382045848905, 29.891578164488465 ], [ 76.900967991745802, 29.891584132914282 ] ] ] } },
{ "type": "Feature", "properties": { "pit_id": 474, "latitude": 29.676112, "longitude": 76.876942, "category": "pit", "area_ha": 0.18, "area_m2": 1800.0, "prob_max": 0.96, "prob_mean": 0.733, "new_pit": 0, "setting": "outside riverbed", "water_share": 1.0, "buildings_near": 0.0, "compactness": 1.0, "size_class": "small (0.1-0.5 ha)", "google_maps": "https://www.google.com/maps?q=29.676112,76.876942" }, "geometry": { "type": "Polygon", "coordinates": [ [ [ 76.876755836264223, 29.676294649076571 ], [ 76.876754160520676, 29.676204447137899 ], [ 76.876650866874471, 29.67620591044982 ], [ 76.876647515594456, 29.676025506557874 ], [ 76.876750809056475, 29.676024043256614 ], [ 76.876749133335792, 29.675933841313995 ], [ 76.877059013399801, 29.675929450943517 ], [ 76.877060689396771, 29.676019652870153 ], [ 76.877267276252198, 29.676016725543608 ], [ 76.877270628637376, 29.676197129371598 ], [ 76.877064041413561, 29.676200056719448 ], [ 76.877065717433396, 29.676290258642137 ], [ 76.876755836264223, 29.676294649076571 ] ] ] } },
{ "type": "Feature", "properties": { "pit_id": 475, "latitude": 29.760563, "longitude": 76.819847, "category": "pit", "area_ha": 0.18, "area_m2": 1800.0, "prob_max": 0.96, "prob_mean": 0.765, "new_pit": 0, "setting": "outside riverbed", "water_share": 0.944, "buildings_near": -0.0, "compactness": 1.0, "size_class": "small (0.1-0.5 ha)", "google_maps": "https://www.google.com/maps?q=29.760563,76.819847" }, "geometry": { "type": "Polygon", "coordinates": [ [ [ 76.819591874881681, 29.76073225397878 ], [ 76.819586984053743, 29.760461642865611 ], [ 76.819690367338538, 29.760460220390971 ], [ 76.819688736984872, 29.760370016689127 ], [ 76.819998886517297, 29.760365748796328 ], [ 76.820000517148472, 29.760455952482655 ], [ 76.820103900403623, 29.760454529685088 ], [ 76.820108792619109, 29.760725140720677 ], [ 76.819591874881681, 29.76073225397878 ] ] ] } },
{ "type": "Feature", "properties": { "pit_id": 476, "latitude": 29.802054, "longitude": 77.022633, "category": "pit", "area_ha": 0.1, "area_m2": 1000.0, "prob_max": 0.96, "prob_mean": 0.677, "new_pit": 0, "setting": "outside riverbed", "water_share": 0.7, "buildings_near": 0.0, "compactness": 1.0, "size_class": "small (0.1-0.5 ha)", "google_maps": "https://www.google.com/maps?q=29.802054,77.022633" }, "geometry": { "type": "Polygon", "coordinates": [ [ [ 77.022584110514231, 29.802171924417966 ], [ 77.022582295389682, 29.802081732039998 ], [ 77.022272054191987, 29.802086480853465 ], [ 77.022270239353645, 29.801996288456909 ], [ 77.02258048027339, 29.801991539660687 ], [ 77.022578665165355, 29.801901347280054 ], [ 77.022682078696121, 29.801899764192072 ], [ 77.022683893896811, 29.801989956566945 ], [ 77.022890721118941, 29.801986790136983 ], [ 77.022894351915696, 29.802167174859751 ], [ 77.022584110514231, 29.802171924417966 ] ] ] } },
{ "type": "Feature", "properties": { "pit_id": 477, "latitude": 29.721984, "longitude": 77.021732, "category": "pit", "area_ha": 0.73, "area_m2": 7300.0, "prob_max": 0.96, "prob_mean": 0.685, "new_pit": 0, "setting": "outside riverbed", "water_share": 0.329, "buildings_near": -0.0, "compactness": 0.426, "size_class": "medium (0.5-2 ha)", "google_maps": "https://www.google.com/maps?q=29.721984,77.021732" }, "geometry": { "type": "Polygon", "coordinates": [ [ [ 77.021816645583215, 29.722789490202629 ], [ 77.021814836964182, 29.722699296699279 ], [ 77.021608172381193, 29.722702453834415 ], [ 77.021606363954959, 29.722612260318261 ], [ 77.021709696158283, 29.72261068179672 ], [ 77.021706079145901, 29.722430294771893 ], [ 77.021912743158751, 29.722427137510067 ], [ 77.021910934480317, 29.72233694400715 ], [ 77.021807602570277, 29.722338522672604 ], [ 77.021805793992371, 29.7222483291626 ], [ 77.021702462166388, 29.722249907741745 ], [ 77.021700653688967, 29.722159714224681 ], [ 77.02149399019693, 29.722162871129758 ], [ 77.021492181912279, 29.722072677599868 ], [ 77.021078855198667, 29.722078990420194 ], [ 77.021075239392275, 29.721898603310514 ], [ 77.021178570898456, 29.721897025237769 ], [ 77.021176762915317, 29.721806831686678 ], [ 77.021280094321, 29.72180525353911 ], [ 77.021278286253789, 29.721715059992412 ], [ 77.021381617558959, 29.721713481770017 ], [ 77.021379809407705, 29.721623288227743 ], [ 77.021483140612389, 29.72162170993051 ], [ 77.021481332377064, 29.721531516392652 ], [ 77.021791325664964, 29.721526781034768 ], [ 77.021789517161039, 29.721436587512798 ], [ 77.022099510098101, 29.721431851447019 ], [ 77.022115789420965, 29.722243592941755 ], [ 77.022012457619653, 29.722245171762612 ], [ 77.022014266382129, 29.72233536526112 ], [ 77.022117598275727, 29.722333786434525 ], [ 77.022121216009907, 29.722514173416055 ], [ 77.022017883931753, 29.722515752254143 ], [ 77.022019692718899, 29.722605945748668 ], [ 77.021916360540246, 29.722607524511925 ], [ 77.021919977954653, 29.722787911508458 ], [ 77.021816645583215, 29.722789490202629 ] ], [ [ 77.021813028353378, 29.722609103194618 ], [ 77.021916360540246, 29.722607524511925 ], [ 77.021914551845384, 29.722517331011655 ], [ 77.021811219750788, 29.722518909688603 ], [ 77.021813028353378, 29.722609103194618 ] ], [ [ 77.021802176861186, 29.722067942138622 ], [ 77.021905508494385, 29.722066363490402 ], [ 77.021901891211527, 29.721885976472581 ], [ 77.0217985597629, 29.721887555109323 ], [ 77.021802176861186, 29.722067942138622 ] ], [ [ 77.021693419861506, 29.721798940143117 ], [ 77.021796751226077, 29.721797361592685 ], [ 77.021794942697483, 29.721707168074698 ], [ 77.021691611425183, 29.721708746619385 ], [ 77.021693419861506, 29.721798940143117 ] ], [ [ 77.021900082582434, 29.721795782961689 ], [ 77.022003413930562, 29.721794204250124 ], [ 77.022001605217426, 29.721704010743625 ], [ 77.021898273961554, 29.721705589449453 ], [ 77.021900082582434, 29.721795782961689 ] ] ] } },
{ "type": "Feature", "properties": { "pit_id": 478, "latitude": 29.88546, "longitude": 76.980873, "category": "pit", "area_ha": 0.23, "area_m2": 2300.0, "prob_max": 0.96, "prob_mean": 0.653, "new_pit": 0, "setting": "outside riverbed", "water_share": 1.0, "buildings_near": 0.138, "compactness": 0.798, "size_class": "small (0.1-0.5 ha)", "google_maps": "https://www.google.com/maps?q=29.885460,76.980873" }, "geometry": { "type": "Polygon", "coordinates": [ [ [ 76.980892407027966, 29.885896943618061 ], [ 76.980887055817234, 29.885626363003542 ], [ 76.980783553338327, 29.885627917326303 ], [ 76.98077641887626, 29.885267143132445 ], [ 76.980465912507569, 29.885271805546463 ], [ 76.98046234588341, 29.885091418407757 ], [ 76.980565847828302, 29.885089864362126 ], [ 76.980567631229377, 29.885180057926519 ], [ 76.980671133259236, 29.885178503794144 ], [ 76.980669349765108, 29.885088310235385 ], [ 76.9807728516938, 29.885086756027544 ], [ 76.98077463528098, 29.885176949580657 ], [ 76.980878137294638, 29.885175395286062 ], [ 76.980879920982957, 29.88526558883223 ], [ 76.981086925172079, 29.885262479988441 ], [ 76.981090492945214, 29.88544286705422 ], [ 76.980986990668612, 29.885444421527936 ], [ 76.980988774474284, 29.885534615064454 ], [ 76.981092276843938, 29.8855330605851 ], [ 76.981099412519796, 29.885893834695374 ], [ 76.980892407027966, 29.885896943618061 ] ] ] } },
{ "type": "Feature", "properties": { "pit_id": 479, "latitude": 29.822818, "longitude": 76.707276, "category": "pit", "area_ha": 0.1, "area_m2": 1000.0, "prob_max": 0.96, "prob_mean": 0.72, "new_pit": 0, "setting": "outside riverbed", "water_share": 0.8, "buildings_near": 0.0, "compactness": 1.0, "size_class": "small (0.1-0.5 ha)", "google_maps": "https://www.google.com/maps?q=29.822818,76.707276" }, "geometry": { "type": "Polygon", "coordinates": [ [ [ 76.707102737108883, 29.822955933390304 ], [ 76.707098136988705, 29.822685308405834 ], [ 76.707408497575585, 29.822681296904435 ], [ 76.707410031220448, 29.822771505219336 ], [ 76.707513484828297, 29.822770167885459 ], [ 76.707515018572948, 29.822860376194189 ], [ 76.707411564872288, 29.822861713532937 ], [ 76.707413098531106, 29.822951921845224 ], [ 76.707102737108883, 29.822955933390304 ] ] ] } },
{ "type": "Feature", "properties": { "pit_id": 480, "latitude": 29.523947, "longitude": 76.666929, "category": "pit", "area_ha": 0.05, "area_m2": 500.0, "prob_max": 0.96, "prob_mean": 0.81, "new_pit": 1, "setting": "outside riverbed", "water_share": 0.0, "buildings_near": 0.0, "compactness": 1.0, "size_class": "tiny (<0.1 ha)", "google_maps": "https://www.google.com/maps?q=29.523947,76.666929" }, "geometry": { "type": "Polygon", "coordinates": [ [ [ 76.666672930052371, 29.524085940922532 ], [ 76.666671451000568, 29.523995726643939 ], [ 76.666877751801707, 29.523993139363014 ], [ 76.666876272573759, 29.523902925092589 ], [ 76.666773122267998, 29.523904218768322 ], [ 76.666771643138205, 29.523814004491879 ], [ 76.666977943560141, 29.523811417069883 ], [ 76.666980902192194, 29.523991845602573 ], [ 76.666877751801707, 29.523993139363014 ], [ 76.666879231036404, 29.524083353632157 ], [ 76.666672930052371, 29.524085940922532 ] ] ] } },
{ "type": "Feature", "properties": { "pit_id": 481, "latitude": 29.897343, "longitude": 77.105128, "category": "pit", "area_ha": 0.85, "area_m2": 8500.0, "prob_max": 0.96, "prob_mean": 0.68, "new_pit": 0, "setting": "outside riverbed", "water_share": 0.694, "buildings_near": 0.0, "compactness": 0.334, "size_class": "medium (0.5-2 ha)", "google_maps": "https://www.google.com/maps?q=29.897343,77.105128" }, "geometry": { "type": "Polygon", "coordinates": [ [ [ 77.105282038813712, 29.898044033107912 ], [ 77.105280142178017, 29.897953846748802 ], [ 77.105073127831176, 29.897957151677204 ], [ 77.105071231390241, 29.897866965304754 ], [ 77.104967724296984, 29.897868617641272 ], [ 77.104956346390608, 29.897327499342488 ], [ 77.104852839847226, 29.897329151561937 ], [ 77.104847151289448, 29.897058592376453 ], [ 77.104743645016697, 29.897060244496814 ], [ 77.104741748941066, 29.896970058092979 ], [ 77.10463824275277, 29.896971710126227 ], [ 77.104636346778832, 29.896881523715056 ], [ 77.10432582844156, 29.896886479310087 ], [ 77.104320141409019, 29.896615920014636 ], [ 77.10463065890859, 29.896610964473485 ], [ 77.104634450813478, 29.896791337302531 ], [ 77.104841462809134, 29.896788033178865 ], [ 77.104839566666243, 29.896697846776988 ], [ 77.105046578441346, 29.896694542340786 ], [ 77.105044682120905, 29.896604355949535 ], [ 77.105148187902458, 29.896602703615731 ], [ 77.1051519807381, 29.896783076384899 ], [ 77.105255486697189, 29.896781423958 ], [ 77.105259279753398, 29.896961796709832 ], [ 77.105155773608146, 29.896963449148714 ], [ 77.105159566512626, 29.897143821907139 ], [ 77.105263072844053, 29.897142169456277 ], [ 77.105270659128621, 29.897502914933046 ], [ 77.105684685857412, 29.8974963042225 ], [ 77.105686582822401, 29.897586490564365 ], [ 77.105790089576161, 29.897584837677922 ], [ 77.105799574995586, 29.898035769337199 ], [ 77.105282038813712, 29.898044033107912 ] ], [ [ 77.105383649338535, 29.897952194162901 ], [ 77.105590663633734, 29.897948888747727 ], [ 77.105586869829665, 29.89776851606139 ], [ 77.105483362872519, 29.89777016879756 ], [ 77.105485259677167, 29.897860355147397 ], [ 77.105381752618342, 29.897862007808424 ], [ 77.105383649338535, 29.897952194162901 ] ], [ [ 77.105377959203821, 29.897681635095456 ], [ 77.105481466076498, 29.897679982446409 ], [ 77.105479569289059, 29.897589796093886 ], [ 77.105376062509478, 29.89759144873695 ], [ 77.105377959203821, 29.897681635095456 ] ] ] } },
{ "type": "Feature", "properties": { "pit_id": 482, "latitude": 29.565567, "longitude": 76.632416, "category": "likely village pond", "area_ha": 0.06, "area_m2": 600.0, "prob_max": 0.96, "prob_mean": 0.725, "new_pit": 0, "setting": "outside riverbed", "water_share": 0.667, "buildings_near": 0.18, "compactness": 1.0, "size_class": "tiny (<0.1 ha)", "google_maps": "https://www.google.com/maps?q=29.565567,76.632416" }, "geometry": { "type": "Polygon", "coordinates": [ [ [ 76.63236697781069, 29.565748378256089 ], [ 76.632364075676321, 29.565567947706256 ], [ 76.632260881264401, 29.565569216221654 ], [ 76.632259430298745, 29.565479000940158 ], [ 76.632362624619049, 29.565477732429393 ], [ 76.632361173568384, 29.56538751715124 ], [ 76.632464367790433, 29.565386248564973 ], [ 76.632467270081648, 29.565566679110731 ], [ 76.632570464480366, 29.565565410435074 ], [ 76.632571915727524, 29.565655625701375 ], [ 76.63246872123716, 29.565656894381661 ], [ 76.632470172399294, 29.565747109651308 ], [ 76.63236697781069, 29.565748378256089 ] ] ] } },
{ "type": "Feature", "properties": { "pit_id": 483, "latitude": 29.527996, "longitude": 77.069723, "category": "pit", "area_ha": 0.11, "area_m2": 1100.0, "prob_max": 0.96, "prob_mean": 0.876, "new_pit": 0, "setting": "outside riverbed", "water_share": 0.727, "buildings_near": -0.0, "compactness": 1.0, "size_class": "small (0.1-0.5 ha)", "google_maps": "https://www.google.com/maps?q=29.527996,77.069723" }, "geometry": { "type": "Polygon", "coordinates": [ [ [ 77.069620299485209, 29.528256013353911 ], [ 77.06961295229101, 29.527895239544403 ], [ 77.069716082899532, 29.527893633136614 ], [ 77.069714246030514, 29.527803439686785 ], [ 77.069611115513354, 29.527805046088712 ], [ 77.069609278744082, 29.527714852631689 ], [ 77.069815539587296, 29.52771163975962 ], [ 77.069826561424847, 29.528252800411437 ], [ 77.069620299485209, 29.528256013353911 ] ] ] } },
{ "type": "Feature", "properties": { "pit_id": 484, "latitude": 29.839155, "longitude": 76.803378, "category": "pit", "area_ha": 0.09, "area_m2": 900.0, "prob_max": 0.96, "prob_mean": 0.828, "new_pit": 0, "setting": "outside riverbed", "water_share": 1.0, "buildings_near": 0.005, "compactness": 1.0, "size_class": "tiny (<0.1 ha)", "google_maps": "https://www.google.com/maps?q=29.839155,76.803378" }, "geometry": { "type": "Polygon", "coordinates": [ [ [ 76.803213837656386, 29.839272809072213 ], [ 76.803208975424738, 29.839002198719822 ], [ 76.803415905431905, 29.838999372564846 ], [ 76.803417526354167, 29.839089576006703 ], [ 76.803520991439584, 29.839088162802597 ], [ 76.803522612462089, 29.839178366238006 ], [ 76.803626077633012, 29.839176952947788 ], [ 76.803627698755747, 29.839267156376756 ], [ 76.803213837656386, 29.839272809072213 ] ] ] } },
{ "type": "Feature", "properties": { "pit_id": 485, "latitude": 29.600973, "longitude": 76.992143, "category": "likely village pond", "area_ha": 0.06, "area_m2": 600.0, "prob_max": 0.96, "prob_mean": 0.87, "new_pit": 0, "setting": "outside riverbed", "water_share": 0.833, "buildings_near": 0.178, "compactness": 1.0, "size_class": "tiny (<0.1 ha)", "google_maps": "https://www.google.com/maps?q=29.600973,76.992143" }, "geometry": { "type": "Polygon", "coordinates": [ [ [ 76.992024938188848, 29.601079739487751 ], [ 76.992019618584223, 29.600809149055458 ], [ 76.992122828266105, 29.600807599393011 ], [ 76.992124601551311, 29.600897796199455 ], [ 76.992227811316837, 29.600896246451178 ], [ 76.992229584701846, 29.600986443250626 ], [ 76.992332794551032, 29.60098489341652 ], [ 76.992334568035815, 29.601075090209001 ], [ 76.992024938188848, 29.601079739487751 ] ] ] } },
{ "type": "Feature", "properties": { "pit_id": 486, "latitude": 29.827458, "longitude": 77.108684, "category": "pit", "area_ha": 0.1, "area_m2": 1000.0, "prob_max": 0.96, "prob_mean": 0.611, "new_pit": 0, "setting": "outside riverbed", "water_share": 0.7, "buildings_near": 0.0, "compactness": 1.0, "size_class": "small (0.1-0.5 ha)", "google_maps": "https://www.google.com/maps?q=29.827458,77.108684" }, "geometry": { "type": "Polygon", "coordinates": [ [ [ 77.108563266505854, 29.827622376902717 ], [ 77.108561372307918, 29.827532189772114 ], [ 77.108457938008925, 29.827533841329814 ], [ 77.108456043912341, 29.82744365419186 ], [ 77.108559478118593, 29.827442002640154 ], [ 77.108557583937852, 29.827351815506866 ], [ 77.108661018042739, 29.827350163880258 ], [ 77.108659123777869, 29.827259976751623 ], [ 77.10876255778139, 29.827258325050106 ], [ 77.108764452139042, 29.82734851217274 ], [ 77.108867886226733, 29.827346860384331 ], [ 77.108871675153296, 29.827527234613598 ], [ 77.108768240880096, 29.827528886413997 ], [ 77.108770135263541, 29.82761907353262 ], [ 77.108563266505854, 29.827622376902717 ] ] ] } },
{ "type": "Feature", "properties": { "pit_id": 487, "latitude": 29.897679, "longitude": 77.106303, "category": "pit", "area_ha": 0.41, "area_m2": 4100.0, "prob_max": 0.96, "prob_mean": 0.763, "new_pit": 0, "setting": "outside riverbed", "water_share": 0.39, "buildings_near": 0.001, "compactness": 1.0, "size_class": "small (0.1-0.5 ha)", "google_maps": "https://www.google.com/maps?q=29.897679,77.106303" }, "geometry": { "type": "Polygon", "coordinates": [ [ [ 77.106004692120806, 29.897942276943823 ], [ 77.106000897572102, 29.897761904305415 ], [ 77.105897390649403, 29.897763557366101 ], [ 77.105891699170158, 29.89749299838045 ], [ 77.105995205813613, 29.897491345337738 ], [ 77.105993308578007, 29.8974011590125 ], [ 77.106510841200745, 29.897392892611975 ], [ 77.106512738901728, 29.897483078907246 ], [ 77.106616245493527, 29.897481425377769 ], [ 77.106620041107504, 29.89766179795232 ], [ 77.10672354787684, 29.897660144329723 ], [ 77.106729241641659, 29.8979307031635 ], [ 77.106004692120806, 29.897942276943823 ] ] ] } },
{ "type": "Feature", "properties": { "pit_id": 488, "latitude": 29.501015, "longitude": 76.882835, "category": "pit", "area_ha": 0.45, "area_m2": 4500.0, "prob_max": 0.96, "prob_mean": 0.708, "new_pit": 0, "setting": "outside riverbed", "water_share": 0.511, "buildings_near": 0.085, "compactness": 0.677, "size_class": "small (0.1-0.5 ha)", "google_maps": "https://www.google.com/maps?q=29.501015,76.882835" }, "geometry": { "type": "Polygon", "coordinates": [ [ [ 76.882906042655847, 29.501348269186394 ], [ 76.882904373321239, 29.501258065189102 ], [ 76.882388796976301, 29.501265365744633 ], [ 76.882387128105719, 29.501175161719324 ], [ 76.882284012905217, 29.501176621585454 ], [ 76.882279006612947, 29.500906009485689 ], [ 76.882691466273926, 29.500900169605917 ], [ 76.88269313539557, 29.500990373619143 ], [ 76.88279625038308, 29.500988913444171 ], [ 76.882794581170174, 29.500898709436282 ], [ 76.883000810939834, 29.500895788857374 ], [ 76.882997472171667, 29.50071538085902 ], [ 76.882894357473205, 29.500716841177738 ], [ 76.882892688191816, 29.500626637171262 ], [ 76.882995802799002, 29.500625176857884 ], [ 76.882994133433925, 29.50053497285543 ], [ 76.883200362442892, 29.500532051999723 ], [ 76.883213719036945, 29.501253683897232 ], [ 76.883110603805989, 29.501255144407732 ], [ 76.883112273323178, 29.501345348394363 ], [ 76.882906042655847, 29.501348269186394 ] ] ] } },
{ "type": "Feature", "properties": { "pit_id": 489, "latitude": 29.735127, "longitude": 76.725442, "category": "pit", "area_ha": 0.48, "area_m2": 4800.0, "prob_max": 0.96, "prob_mean": 0.701, "new_pit": 0, "setting": "outside riverbed", "water_share": 0.458, "buildings_near": 0.025, "compactness": 0.899, "size_class": "small (0.1-0.5 ha)", "google_maps": "https://www.google.com/maps?q=29.735127,76.725442" }, "geometry": { "type": "Polygon", "coordinates": [ [ [ 76.725575469319224, 29.735645640062256 ], [ 76.725573924813617, 29.735555431418721 ], [ 76.725470561803505, 29.735556779321382 ], [ 76.72546901739733, 29.735466570671658 ], [ 76.725262291540886, 29.735469266225181 ], [ 76.725260747326516, 29.735379057564355 ], [ 76.725157384480184, 29.735380405215228 ], [ 76.725149663975699, 29.734929361866978 ], [ 76.725046301584356, 29.734930709412687 ], [ 76.725043213616502, 29.734750292054457 ], [ 76.725560024579039, 29.734743553568389 ], [ 76.725561569021465, 29.734833762223641 ], [ 76.725664931285323, 29.734832414279541 ], [ 76.725666475827168, 29.734922622928586 ], [ 76.72576983817639, 29.734921274898923 ], [ 76.725777561452958, 29.735372318100083 ], [ 76.725674198641713, 29.73537366615426 ], [ 76.725678832414701, 29.735644292074024 ], [ 76.725575469319224, 29.735645640062256 ] ] ] } },
{ "type": "Feature", "properties": { "pit_id": 490, "latitude": 29.481069, "longitude": 77.060978, "category": "pit", "area_ha": 0.04, "area_m2": 400.0, "prob_max": 0.95, "prob_mean": 0.63, "new_pit": 0, "setting": "outside riverbed", "water_share": 0.0, "buildings_near": -0.0, "compactness": 1.0, "size_class": "tiny (<0.1 ha)", "google_maps": "https://www.google.com/maps?q=29.481069,77.060978" }, "geometry": { "type": "Polygon", "coordinates": [ [ [ 77.060929521160134, 29.481204682384259 ], [ 77.060925869959362, 29.481024293215249 ], [ 77.06082278626458, 29.481025890503901 ], [ 77.060820960767813, 29.480935695911565 ], [ 77.060924044371447, 29.480934098628762 ], [ 77.060925869959362, 29.481024293215249 ], [ 77.061132037324001, 29.481021098398625 ], [ 77.06113386310254, 29.481111292972102 ], [ 77.061030779333208, 29.481112890426154 ], [ 77.061032605028913, 29.48120308500415 ], [ 77.060929521160134, 29.481204682384259 ] ] ] } },
{ "type": "Feature", "properties": { "pit_id": 491, "latitude": 29.692171, "longitude": 76.897758, "category": "pit", "area_ha": 0.09, "area_m2": 900.0, "prob_max": 0.95, "prob_mean": 0.773, "new_pit": 0, "setting": "outside riverbed", "water_share": 0.0, "buildings_near": 0.038, "compactness": 1.0, "size_class": "tiny (<0.1 ha)", "google_maps": "https://www.google.com/maps?q=29.692171,76.897758" }, "geometry": { "type": "Polygon", "coordinates": [ [ [ 76.89761789167234, 29.692328184283831 ], [ 76.89761619620684, 29.692237983649829 ], [ 76.897512887409874, 29.692239463945498 ], [ 76.897511192044263, 29.692149263304781 ], [ 76.897614500749043, 29.692147783014498 ], [ 76.897612805298962, 29.692057582377871 ], [ 76.897922731090574, 29.692053141040233 ], [ 76.897924426817156, 29.692143341660696 ], [ 76.898027735491112, 29.692141861048444 ], [ 76.898029431317568, 29.69223206166221 ], [ 76.897719504996076, 29.692236503273669 ], [ 76.897721200553747, 29.692326703902282 ], [ 76.89761789167234, 29.692328184283831 ] ] ] } },
{ "type": "Feature", "properties": { "pit_id": 492, "latitude": 29.565799, "longitude": 76.631924, "category": "pit", "area_ha": 0.05, "area_m2": 500.0, "prob_max": 0.95, "prob_mean": 0.704, "new_pit": 0, "setting": "outside riverbed", "water_share": 0.4, "buildings_near": 0.141, "compactness": 1.0, "size_class": "tiny (<0.1 ha)", "google_maps": "https://www.google.com/maps?q=29.565799,76.631924" }, "geometry": { "type": "Polygon", "coordinates": [ [ [ 76.631853906013106, 29.565935150669166 ], [ 76.631852455387587, 29.565844935374322 ], [ 76.631749260667718, 29.565846203502986 ], [ 76.631747810140425, 29.565755988202216 ], [ 76.631954199390279, 29.565753451874009 ], [ 76.631952748686331, 29.565663236581209 ], [ 76.632055943209693, 29.565661968301544 ], [ 76.632058844807489, 29.565842398876608 ], [ 76.631955650100835, 29.565843667165527 ], [ 76.631957100817999, 29.565933882455742 ], [ 76.631853906013106, 29.565935150669166 ] ] ] } },
{ "type": "Feature", "properties": { "pit_id": 493, "latitude": 29.765121, "longitude": 76.8407, "category": "pit", "area_ha": 0.13, "area_m2": 1300.0, "prob_max": 0.95, "prob_mean": 0.81, "new_pit": 0, "setting": "outside riverbed", "water_share": 0.0, "buildings_near": 0.222, "compactness": 1.0, "size_class": "small (0.1-0.5 ha)", "google_maps": "https://www.google.com/maps?q=29.765121,76.840700" }, "geometry": { "type": "Polygon", "coordinates": [ [ [ 76.840564258903015, 29.765314213363009 ], [ 76.840559310806043, 29.765043605614377 ], [ 76.840455924023573, 29.765045044597763 ], [ 76.84045427476542, 29.764954842007022 ], [ 76.840867821480259, 29.764949085609935 ], [ 76.840874420038134, 29.765309895881295 ], [ 76.840564258903015, 29.765314213363009 ] ] ] } },
{ "type": "Feature", "properties": { "pit_id": 494, "latitude": 29.757239, "longitude": 76.823484, "category": "likely village pond", "area_ha": 0.08, "area_m2": 800.0, "prob_max": 0.95, "prob_mean": 0.736, "new_pit": 0, "setting": "outside riverbed", "water_share": 1.0, "buildings_near": 0.155, "compactness": 1.0, "size_class": "tiny (<0.1 ha)", "google_maps": "https://www.google.com/maps?q=29.757239,76.823484" }, "geometry": { "type": "Polygon", "coordinates": [ [ [ 76.823253239699085, 29.757343462479778 ], [ 76.823251606360287, 29.757253258914481 ], [ 76.823354986140799, 29.757251833714932 ], [ 76.823353352716936, 29.757161630153519 ], [ 76.823456732397545, 29.757160204878431 ], [ 76.823455098888616, 29.757070001320876 ], [ 76.823558478469309, 29.757068575970244 ], [ 76.823560112070723, 29.757158779522619 ], [ 76.823663491736468, 29.75715735408609 ], [ 76.823666759146562, 29.757337761176522 ], [ 76.823253239699085, 29.757343462479778 ] ] ] } },
{ "type": "Feature", "properties": { "pit_id": 495, "latitude": 29.590776, "longitude": 76.703295, "category": "pit", "area_ha": 0.4, "area_m2": 4000.0, "prob_max": 0.95, "prob_mean": 0.65, "new_pit": 0, "setting": "outside riverbed", "water_share": 0.025, "buildings_near": 0.106, "compactness": 0.705, "size_class": "small (0.1-0.5 ha)", "google_maps": "https://www.google.com/maps?q=29.590776,76.703295" }, "geometry": { "type": "Polygon", "coordinates": [ [ [ 76.703289601891981, 29.591205121879256 ], [ 76.703288086227843, 29.591114910215001 ], [ 76.70349451953507, 29.59111226067078 ], [ 76.703493003694334, 29.591022049014899 ], [ 76.703286570570569, 29.59102469854945 ], [ 76.703283539276768, 29.590844275214469 ], [ 76.703180322888002, 29.590845599851793 ], [ 76.703181838439733, 29.590935811524758 ], [ 76.702975405458048, 29.590938460568456 ], [ 76.702976920833194, 29.591028672249816 ], [ 76.70277048764045, 29.591031320982395 ], [ 76.70276897244878, 29.590941109291382 ], [ 76.70287218895686, 29.590939784970018 ], [ 76.702869158410749, 29.590759361593779 ], [ 76.702972374728461, 29.590758037201883 ], [ 76.70297085937402, 29.590667825516658 ], [ 76.703177291805275, 29.590665176501936 ], [ 76.70317577627425, 29.59057496482508 ], [ 76.703072560153799, 29.590576289367704 ], [ 76.703071044721412, 29.590486077684684 ], [ 76.703174260750117, 29.5904847531469 ], [ 76.703172745232891, 29.59039454146744 ], [ 76.703482393002417, 29.590390567387402 ], [ 76.703483908794837, 29.590480779052367 ], [ 76.703587124795959, 29.590479454193797 ], [ 76.703599252117698, 29.591201147428119 ], [ 76.703289601891981, 29.591205121879256 ] ] ] } },
{ "type": "Feature", "properties": { "pit_id": 496, "latitude": 29.508762, "longitude": 76.659971, "category": "pit", "area_ha": 0.27, "area_m2": 2700.0, "prob_max": 0.95, "prob_mean": 0.793, "new_pit": 0, "setting": "outside riverbed", "water_share": 0.0, "buildings_near": 0.183, "compactness": 0.671, "size_class": "small (0.1-0.5 ha)", "google_maps": "https://www.google.com/maps?q=29.508762,76.659971" }, "geometry": { "type": "Polygon", "coordinates": [ [ [ 76.660034568816741, 29.509280566524914 ], [ 76.660033096540886, 29.509190351740664 ], [ 76.659929960794742, 29.509191639525309 ], [ 76.659928488616956, 29.509101424735061 ], [ 76.660031624271738, 29.50910013695513 ], [ 76.660027207504527, 29.508829492590763 ], [ 76.659717801342367, 29.508833355648385 ], [ 76.659710441568294, 29.508382281611336 ], [ 76.660019846359958, 29.508378418624297 ], [ 76.660022790797655, 29.508558848214761 ], [ 76.660125925897532, 29.508557560383135 ], [ 76.660128870544796, 29.508737989959009 ], [ 76.660232005820689, 29.508736702038032 ], [ 76.660233478245758, 29.508826916819331 ], [ 76.660130342878489, 29.508828204745015 ], [ 76.660133287565998, 29.50900863431314 ], [ 76.66023642311599, 29.509007346378034 ], [ 76.660239368013052, 29.509187775931583 ], [ 76.660136232280323, 29.509189063876086 ], [ 76.660137704647553, 29.509279278655637 ], [ 76.660034568816741, 29.509280566524914 ] ] ] } },
{ "type": "Feature", "properties": { "pit_id": 497, "latitude": 29.552662, "longitude": 76.884377, "category": "likely village pond", "area_ha": 0.63, "area_m2": 6300.0, "prob_max": 0.95, "prob_mean": 0.709, "new_pit": 0, "setting": "outside riverbed", "water_share": 0.635, "buildings_near": 0.212, "compactness": 0.591, "size_class": "medium (0.5-2 ha)", "google_maps": "https://www.google.com/maps?q=29.552662,76.884377" }, "geometry": { "type": "Polygon", "coordinates": [ [ [ 76.884690838677216, 29.553113437684889 ], [ 76.884689164241095, 29.553023234482986 ], [ 76.884482828912866, 29.553026162355987 ], [ 76.884481154667426, 29.552935959142079 ], [ 76.884274819491765, 29.55293888668421 ], [ 76.884273145436993, 29.552848683458304 ], [ 76.884169977929261, 29.55285014710396 ], [ 76.884168303973638, 29.552759943871383 ], [ 76.883961969118332, 29.552762870911874 ], [ 76.883960295353376, 29.552672667667306 ], [ 76.883857128005829, 29.552674131062137 ], [ 76.883853780681832, 29.552493724558389 ], [ 76.883750613509704, 29.552495187862476 ], [ 76.8837422457907, 29.552044171553412 ], [ 76.88384541250521, 29.552042708276026 ], [ 76.8838470861253, 29.552132911535118 ], [ 76.883950252923711, 29.552131448172346 ], [ 76.883951926642922, 29.552221651424791 ], [ 76.884055093525248, 29.552220187976626 ], [ 76.884056767343623, 29.552310391222424 ], [ 76.884263101268445, 29.552307464075273 ], [ 76.884268123318421, 29.552578073772697 ], [ 76.884474457761883, 29.552575146273306 ], [ 76.884472783554557, 29.552484943052839 ], [ 76.88436961642816, 29.552486406837211 ], [ 76.884367942319969, 29.55239620361008 ], [ 76.884471109354863, 29.552394739831058 ], [ 76.884472783554557, 29.552484943052839 ], [ 76.884575950673337, 29.552483479188432 ], [ 76.884577624972181, 29.552573682403555 ], [ 76.884680792174876, 29.552572218453765 ], [ 76.884682466572869, 29.55266242166222 ], [ 76.884991968409736, 29.552658029316522 ], [ 76.884995317777751, 29.552838435697449 ], [ 76.885098485224503, 29.552836971411441 ], [ 76.885100160011476, 29.552927174594586 ], [ 76.884996992473191, 29.552928638885945 ], [ 76.885000341886965, 29.553109045259003 ], [ 76.884690838677216, 29.553113437684889 ] ], [ [ 76.883955274104252, 29.552402057925732 ], [ 76.884058441169614, 29.552400594466885 ], [ 76.884056767343623, 29.552310391222424 ], [ 76.883953600369779, 29.552311854675921 ], [ 76.883955274104252, 29.552402057925732 ] ] ] } },
{ "type": "Feature", "properties": { "pit_id": 498, "latitude": 29.804549, "longitude": 77.041097, "category": "pit", "area_ha": 0.09, "area_m2": 900.0, "prob_max": 0.95, "prob_mean": 0.846, "new_pit": 0, "setting": "outside riverbed", "water_share": 1.0, "buildings_near": -0.0, "compactness": 1.0, "size_class": "tiny (<0.1 ha)", "google_maps": "https://www.google.com/maps?q=29.804549,77.041097" }, "geometry": { "type": "Polygon", "coordinates": [ [ [ 77.040945007198786, 29.804686387136787 ], [ 77.040939511879472, 29.804415813189628 ], [ 77.041249756665465, 29.804411020223299 ], [ 77.041255252818715, 29.804681594118232 ], [ 77.040945007198786, 29.804686387136787 ] ] ] } },
{ "type": "Feature", "properties": { "pit_id": 499, "latitude": 29.504475, "longitude": 77.105313, "category": "pit", "area_ha": 0.23, "area_m2": 2300.0, "prob_max": 0.95, "prob_mean": 0.834, "new_pit": 0, "setting": "Yamuna riverbed", "water_share": 1.0, "buildings_near": -0.0, "compactness": 0.846, "size_class": "small (0.1-0.5 ha)", "google_maps": "https://www.google.com/maps?q=29.504475,77.105313" }, "geometry": { "type": "Polygon", "coordinates": [ [ [ 77.104930046652967, 29.504694934016058 ], [ 77.104926313968818, 29.504514550541899 ], [ 77.105029418549748, 29.504512917908539 ], [ 77.105025685717109, 29.504332534440966 ], [ 77.105231894488441, 29.504329268958557 ], [ 77.10523002790238, 29.504239077234711 ], [ 77.105333132184043, 29.504237444379697 ], [ 77.105334998861366, 29.504327636097571 ], [ 77.105644311929112, 29.50432273703553 ], [ 77.105646178888705, 29.504412928734187 ], [ 77.105749283318858, 29.504411295547822 ], [ 77.105751150378211, 29.504501487239168 ], [ 77.105648045856782, 29.50450312043149 ], [ 77.105649912833371, 29.504593312127465 ], [ 77.105237494297683, 29.504599844122108 ], [ 77.105239360917764, 29.504690035840621 ], [ 77.105136256171335, 29.504691668645616 ], [ 77.105134389642501, 29.504601476921131 ], [ 77.105031284978821, 29.504603109640314 ], [ 77.105033151416393, 29.504693301370764 ], [ 77.104930046652967, 29.504694934016058 ] ] ] } },
{ "type": "Feature", "properties": { "pit_id": 500, "latitude": 29.628167, "longitude": 76.627253, "category": "pit", "area_ha": 0.4, "area_m2": 4000.0, "prob_max": 0.95, "prob_mean": 0.743, "new_pit": 0, "setting": "outside riverbed", "water_share": 0.0, "buildings_near": 0.144, "compactness": 0.726, "size_class": "small (0.1-0.5 ha)", "google_maps": "https://www.google.com/maps?q=29.628167,76.627253" }, "geometry": { "type": "Polygon", "coordinates": [ [ [ 76.626871780103215, 29.628527644504882 ], [ 76.626868880356156, 29.628347215168017 ], [ 76.626765621741697, 29.628348481843183 ], [ 76.626762722204873, 29.628168052491905 ], [ 76.6268659806355, 29.628166785825965 ], [ 76.626864530785056, 29.628076571152995 ], [ 76.627071047442655, 29.628074037589379 ], [ 76.627069597414973, 29.627983822924367 ], [ 76.627172855641945, 29.62798255602668 ], [ 76.627171405528941, 29.627892341364984 ], [ 76.627790954200691, 29.627884738319732 ], [ 76.627792404865247, 29.627974952953704 ], [ 76.627689146677852, 29.627976220333345 ], [ 76.627693498435349, 29.628246864241373 ], [ 76.627486981489241, 29.628249398787418 ], [ 76.627488431904425, 29.628339613430082 ], [ 76.627281914748067, 29.628342147664043 ], [ 76.627283364985999, 29.628432362314648 ], [ 76.626973588926191, 29.628436163076977 ], [ 76.62697503889494, 29.628526377740148 ], [ 76.626871780103215, 29.628527644504882 ] ], [ [ 76.627380822379578, 29.628070236641491 ], [ 76.627484080678684, 29.628068969498209 ], [ 76.627482630283296, 29.627978754851661 ], [ 76.62737937207612, 29.627980021990329 ], [ 76.627380822379578, 29.628070236641491 ] ] ] } },
{ "type": "Feature", "properties": { "pit_id": 501, "latitude": 29.615714, "longitude": 76.609472, "category": "pit", "area_ha": 0.22, "area_m2": 2200.0, "prob_max": 0.95, "prob_mean": 0.645, "new_pit": 0, "setting": "outside riverbed", "water_share": 0.0, "buildings_near": 0.129, "compactness": 0.85, "size_class": "small (0.1-0.5 ha)", "google_maps": "https://www.google.com/maps?q=29.615714,76.609472" }, "geometry": { "type": "Polygon", "coordinates": [ [ [ 76.609322019134055, 29.616018930890153 ], [ 76.609320585621205, 29.615928715268588 ], [ 76.609630326134777, 29.615924957166659 ], [ 76.609626024808605, 29.615654310335351 ], [ 76.609522778252881, 29.615655563102578 ], [ 76.609525645613402, 29.615835994333882 ], [ 76.609422398867423, 29.615837247029951 ], [ 76.60942096527576, 29.615747031410379 ], [ 76.609317718615131, 29.615748284021588 ], [ 76.609316285121864, 29.615658068396165 ], [ 76.609213038546571, 29.615659320922514 ], [ 76.609215905355882, 29.615839752181227 ], [ 76.60911265859032, 29.61584100463643 ], [ 76.609108358661771, 29.615570357732715 ], [ 76.609314851635133, 29.615567852769423 ], [ 76.609313418154926, 29.615477637141424 ], [ 76.609726403655898, 29.61547262626965 ], [ 76.609735006839898, 29.616013919908735 ], [ 76.609322019134055, 29.616018930890153 ] ] ] } },
{ "type": "Feature", "properties": { "pit_id": 502, "latitude": 29.843501, "longitude": 76.993156, "category": "pit", "area_ha": 0.11, "area_m2": 1100.0, "prob_max": 0.95, "prob_mean": 0.771, "new_pit": 0, "setting": "outside riverbed", "water_share": 1.0, "buildings_near": 0.0, "compactness": 1.0, "size_class": "small (0.1-0.5 ha)", "google_maps": "https://www.google.com/maps?q=29.843501,76.993156" }, "geometry": { "type": "Polygon", "coordinates": [ [ [ 76.992994424955356, 29.843672009320816 ], [ 76.992989050233973, 29.843401428965432 ], [ 76.993092508374659, 29.843399867065056 ], [ 76.993090716724296, 29.843309673616261 ], [ 76.993297632795574, 29.843306549583922 ], [ 76.993304800188682, 29.843667323325739 ], [ 76.992994424955356, 29.843672009320816 ] ] ] } },
{ "type": "Feature", "properties": { "pit_id": 503, "latitude": 29.849011, "longitude": 76.809667, "category": "pit", "area_ha": 0.39, "area_m2": 3900.0, "prob_max": 0.95, "prob_mean": 0.65, "new_pit": 0, "setting": "outside riverbed", "water_share": 1.0, "buildings_near": -0.0, "compactness": 0.469, "size_class": "small (0.1-0.5 ha)", "google_maps": "https://www.google.com/maps?q=29.849011,76.809667" }, "geometry": { "type": "Polygon", "coordinates": [ [ [ 76.809502088562567, 29.849382247491121 ], [ 76.80950046149708, 29.849292044493168 ], [ 76.809396986234603, 29.849293462819258 ], [ 76.809395359269431, 29.849203259814853 ], [ 76.809188408908113, 29.849206096213678 ], [ 76.809181901864676, 29.848845284141756 ], [ 76.809285376677366, 29.848843866003431 ], [ 76.809283749842052, 29.848753662987303 ], [ 76.809904598005488, 29.848745152486867 ], [ 76.809906225398308, 29.848835355472104 ], [ 76.809699275854214, 29.848838192639956 ], [ 76.809700903068574, 29.848928395634175 ], [ 76.809804377937226, 29.848926977085604 ], [ 76.8098060052519, 29.849017180073371 ], [ 76.809909480206088, 29.849015761438633 ], [ 76.809907852798489, 29.848925558456031 ], [ 76.810011327652376, 29.848924139745424 ], [ 76.810009700159256, 29.848833936766656 ], [ 76.810113174912829, 29.848832517980181 ], [ 76.810114802498859, 29.848922720953805 ], [ 76.810321752169656, 29.8489198831275 ], [ 76.810325007735557, 29.849100289050227 ], [ 76.809911107621062, 29.849105964419937 ], [ 76.809914362473179, 29.849286370378596 ], [ 76.809707411999909, 29.849289207597927 ], [ 76.809705784756005, 29.849199004608955 ], [ 76.809602309601189, 29.849200423091936 ], [ 76.80960556391058, 29.84938082907885 ], [ 76.809502088562567, 29.849382247491121 ] ], [ [ 76.809395359269431, 29.849203259814853 ], [ 76.809498834439012, 29.849201841493901 ], [ 76.809497207388318, 29.849111638493341 ], [ 76.809393732311662, 29.849113056809131 ], [ 76.809395359269431, 29.849203259814853 ] ], [ [ 76.809705784756005, 29.849199004608955 ], [ 76.809809259903403, 29.849197586044955 ], [ 76.8098060052519, 29.849017180073371 ], [ 76.809495580345001, 29.849021435491441 ], [ 76.809497207388318, 29.849111638493341 ], [ 76.809704157519477, 29.84910880161868 ], [ 76.809705784756005, 29.849199004608955 ] ], [ [ 76.809392105361269, 29.849022853802094 ], [ 76.809495580345001, 29.849021435491441 ], [ 76.809493953309087, 29.848931232488248 ], [ 76.809390478418266, 29.84893265079376 ], [ 76.809392105361269, 29.849022853802094 ] ] ] } },
{ "type": "Feature", "properties": { "pit_id": 504, "latitude": 29.468242, "longitude": 76.52982, "category": "pit", "area_ha": 0.05, "area_m2": 500.0, "prob_max": 0.95, "prob_mean": 0.672, "new_pit": 0, "setting": "outside riverbed", "water_share": 0.8, "buildings_near": 0.0, "compactness": 1.0, "size_class": "tiny (<0.1 ha)", "google_maps": "https://www.google.com/maps?q=29.468242,76.529820" }, "geometry": { "type": "Polygon", "coordinates": [ [ [ 76.529749010069594, 29.468342225428042 ], [ 76.529747655572777, 29.468252004354316 ], [ 76.529644554727867, 29.468253189599384 ], [ 76.529643200328422, 29.468162968520033 ], [ 76.529952502571078, 29.468159412558357 ], [ 76.529955211923351, 29.468339854689756 ], [ 76.529749010069594, 29.468342225428042 ] ] ] } },
{ "type": "Feature", "properties": { "pit_id": 505, "latitude": 29.63493, "longitude": 76.630874, "category": "pit", "area_ha": 0.04, "area_m2": 400.0, "prob_max": 0.95, "prob_mean": 0.803, "new_pit": 0, "setting": "outside riverbed", "water_share": 0.0, "buildings_near": 0.492, "compactness": 1.0, "size_class": "tiny (<0.1 ha)", "google_maps": "https://www.google.com/maps?q=29.634930,76.630874" }, "geometry": { "type": "Polygon", "coordinates": [ [ [ 76.630798458161763, 29.635066375478534 ], [ 76.630794096898953, 29.634795732267644 ], [ 76.630897361882063, 29.634794462206656 ], [ 76.630898815721665, 29.634884676606955 ], [ 76.631002080790111, 29.634883406460979 ], [ 76.631003534728293, 29.634973620855344 ], [ 76.630900269567888, 29.634974891005939 ], [ 76.630901723420735, 29.635065105403655 ], [ 76.630798458161763, 29.635066375478534 ] ] ] } },
{ "type": "Feature", "properties": { "pit_id": 506, "latitude": 29.782809, "longitude": 77.074688, "category": "likely village pond", "area_ha": 0.18, "area_m2": 1800.0, "prob_max": 0.95, "prob_mean": 0.755, "new_pit": 0, "setting": "outside riverbed", "water_share": 0.889, "buildings_near": 0.161, "compactness": 1.0, "size_class": "small (0.1-0.5 ha)", "google_maps": "https://www.google.com/maps?q=29.782809,77.074688" }, "geometry": { "type": "Polygon", "coordinates": [ [ [ 77.07453262205135, 29.783052064189789 ], [ 77.074530761765089, 29.7829618744871 ], [ 77.074427371063024, 29.782963497206676 ], [ 77.074423650700936, 29.782783117785524 ], [ 77.074527041217905, 29.782781495077721 ], [ 77.074525180956996, 29.782691305371031 ], [ 77.074628571372955, 29.782689682588366 ], [ 77.074626711027946, 29.782599492886224 ], [ 77.074730101342908, 29.782597870028699 ], [ 77.074728240913799, 29.782507680331129 ], [ 77.074935021333275, 29.782504434385586 ], [ 77.07493874257014, 29.782684813755825 ], [ 77.074835352179534, 29.782686436780761 ], [ 77.074842794384509, 29.78304719552877 ], [ 77.07453262205135, 29.783052064189789 ] ], [ [ 77.074731961780472, 29.782688059724943 ], [ 77.074835352179534, 29.782686436780761 ], [ 77.074833491649414, 29.782596247090414 ], [ 77.074730101342908, 29.782597870028699 ], [ 77.074731961780472, 29.782688059724943 ] ] ] } },
{ "type": "Feature", "properties": { "pit_id": 507, "latitude": 29.502426, "longitude": 76.500347, "category": "pit", "area_ha": 1.45, "area_m2": 14500.0, "prob_max": 0.95, "prob_mean": 0.638, "new_pit": 0, "setting": "outside riverbed", "water_share": 0.069, "buildings_near": 0.11, "compactness": 0.259, "size_class": "medium (0.5-2 ha)", "google_maps": "https://www.google.com/maps?q=29.502426,76.500347" }, "geometry": { "type": "Polygon", "coordinates": [ [ [ 76.500669312548297, 29.503324386965925 ], [ 76.500667981901358, 29.503234165150872 ], [ 76.500564844247123, 29.50323532911947 ], [ 76.500563513697614, 29.503145107298863 ], [ 76.500460376128686, 29.503146271183272 ], [ 76.500459045676607, 29.503056049357145 ], [ 76.500355908192972, 29.503057213157359 ], [ 76.500353247489727, 29.50287676949274 ], [ 76.50025011018279, 29.502877933204505 ], [ 76.500248779931624, 29.502787711366022 ], [ 76.500145642709995, 29.502788874993591 ], [ 76.500142982408562, 29.502608431304285 ], [ 76.500039845363602, 29.502609594843413 ], [ 76.500038515313349, 29.502519372992587 ], [ 76.500141652266947, 29.502518209457715 ], [ 76.50013633176107, 29.502157322058643 ], [ 76.500239468343139, 29.502156158460842 ], [ 76.500234147568762, 29.501795271058302 ], [ 76.500337283779345, 29.50179410739759 ], [ 76.500335953509534, 29.501703885548004 ], [ 76.500645361830777, 29.501700394099021 ], [ 76.500644031292964, 29.501610172260929 ], [ 76.500747167296552, 29.501609008288987 ], [ 76.500748497925741, 29.501699230122824 ], [ 76.500851634014637, 29.501698066066691 ], [ 76.500850303294101, 29.501607844237107 ], [ 76.501056575270979, 29.501605515893548 ], [ 76.501057906174253, 29.501695737714616 ], [ 76.501161042244959, 29.501694573418682 ], [ 76.501162373245663, 29.501784795234219 ], [ 76.501265509401676, 29.501783630854082 ], [ 76.501268171603982, 29.501964074472806 ], [ 76.501371307936651, 29.501962910004224 ], [ 76.501373970345952, 29.502143353609316 ], [ 76.50127083383056, 29.502144518086407 ], [ 76.501272164952937, 29.502234739891293 ], [ 76.50137530155969, 29.502233575409928 ], [ 76.501376632779511, 29.502323797209272 ], [ 76.501479769471558, 29.502322632643725 ], [ 76.50148376344147, 29.50259329802131 ], [ 76.501380626475324, 29.502594462599632 ], [ 76.501385951488004, 29.502955349768865 ], [ 76.501282814150329, 29.502956514284268 ], [ 76.501284145327276, 29.503046736077629 ], [ 76.501181007892171, 29.503047900517366 ], [ 76.501182338983824, 29.50313812231369 ], [ 76.50107920145129, 29.503139286677744 ], [ 76.501080532457649, 29.503229508477069 ], [ 76.500874257191612, 29.503231836973846 ], [ 76.500875588021302, 29.503322058780395 ], [ 76.500669312548297, 29.503324386965925 ] ], [ [ 76.500868933933518, 29.502870949734838 ], [ 76.500972071204103, 29.502869785543446 ], [ 76.500970740313349, 29.502779563734755 ], [ 76.500867603134154, 29.502780727921895 ], [ 76.500868933933518, 29.502870949734838 ] ], [ [ 76.500970740313349, 29.502779563734755 ], [ 76.50107387748649, 29.502778399467669 ], [ 76.501072546510457, 29.502688177661959 ], [ 76.500969409428677, 29.502689341924782 ], [ 76.500970740313349, 29.502779563734755 ] ], [ [ 76.500556861040963, 29.502693998176685 ], [ 76.500763135246942, 29.502691670210613 ], [ 76.500760473861263, 29.502511226569805 ], [ 76.500863610772427, 29.502510062475373 ], [ 76.500864941553601, 29.502600284292154 ], [ 76.500968078550073, 29.502599120113526 ], [ 76.500966747677538, 29.502508898300995 ], [ 76.50106988457658, 29.502507734046688 ], [ 76.501071215540492, 29.502597955854959 ], [ 76.501174352524828, 29.502596791516453 ], [ 76.501170359377198, 29.502326126100556 ], [ 76.501067222666947, 29.502327290426294 ], [ 76.501064560781586, 29.502146846800784 ], [ 76.50085828770834, 29.502149175195424 ], [ 76.500856956957477, 29.502058953372231 ], [ 76.500650684042725, 29.502061281438603 ], [ 76.500649353480654, 29.501971059605633 ], [ 76.500546217105537, 29.50197222351466 ], [ 76.500556861040963, 29.502693998176685 ] ], [ [ 76.501064560781586, 29.502146846800784 ], [ 76.5011676973091, 29.502145682483562 ], [ 76.501166366284139, 29.502055460673141 ], [ 76.501063229847986, 29.502056624986103 ], [ 76.501064560781586, 29.502146846800784 ] ], [ [ 76.500856956957477, 29.502058953372231 ], [ 76.500960093405752, 29.502057789219137 ], [ 76.500958762569596, 29.501967567398935 ], [ 76.500855626212683, 29.501968731547773 ], [ 76.500856956957477, 29.502058953372231 ] ], [ [ 76.500443080724352, 29.501973387343757 ], [ 76.500546217105537, 29.50197222351466 ], [ 76.500544886640881, 29.501882001676154 ], [ 76.500441750351072, 29.501883165500988 ], [ 76.500443080724352, 29.501973387343757 ] ], [ [ 76.500752489849688, 29.501969895616671 ], [ 76.500855626212683, 29.501968731547773 ], [ 76.500854295473928, 29.501878509722022 ], [ 76.500751159202309, 29.501879673786672 ], [ 76.500752489849688, 29.501969895616671 ] ], [ [ 76.500854295473928, 29.501878509722022 ], [ 76.500957431739494, 29.501877345577444 ], [ 76.500956100915445, 29.501787123754678 ], [ 76.500852964741256, 29.501788287895 ], [ 76.500854295473928, 29.501878509722022 ] ] ] } },
{ "type": "Feature", "properties": { "pit_id": 508, "latitude": 29.790303, "longitude": 76.764734, "category": "pit", "area_ha": 0.33, "area_m2": 3300.0, "prob_max": 0.95, "prob_mean": 0.631, "new_pit": 0, "setting": "outside riverbed", "water_share": 1.0, "buildings_near": 0.003, "compactness": 0.69, "size_class": "small (0.1-0.5 ha)", "google_maps": "https://www.google.com/maps?q=29.790303,76.764734" }, "geometry": { "type": "Polygon", "coordinates": [ [ [ 76.764793171921852, 29.790708524194283 ], [ 76.764791588802396, 29.790618318190411 ], [ 76.76458475403804, 29.790621079780454 ], [ 76.764580005278759, 29.790350461730863 ], [ 76.764683422386568, 29.790349080991316 ], [ 76.764681839388544, 29.790258874977184 ], [ 76.764578422373376, 29.790260255711718 ], [ 76.764573673700397, 29.789989637646435 ], [ 76.764677090437601, 29.78998825692695 ], [ 76.764675507468354, 29.789898050907599 ], [ 76.764985757358858, 29.78989390827919 ], [ 76.764987340606069, 29.789984114283492 ], [ 76.76509075731451, 29.789982733240667 ], [ 76.765095507377254, 29.790253351230696 ], [ 76.764992090390876, 29.790254732288567 ], [ 76.76499525695003, 29.790435144285418 ], [ 76.764891839771153, 29.790436525272497 ], [ 76.764893422968868, 29.790526731273971 ], [ 76.7649968402404, 29.790525350281879 ], [ 76.76500000684274, 29.790705762270868 ], [ 76.764793171921852, 29.790708524194283 ] ], [ [ 76.764786839487201, 29.790347700170923 ], [ 76.764890256580614, 29.790346319269702 ], [ 76.764888673397294, 29.790256113265613 ], [ 76.764785256396507, 29.790257494161818 ], [ 76.764786839487201, 29.790347700170923 ] ] ] } },
{ "type": "Feature", "properties": { "pit_id": 509, "latitude": 29.804204, "longitude": 76.792204, "category": "pit", "area_ha": 0.12, "area_m2": 1200.0, "prob_max": 0.95, "prob_mean": 0.867, "new_pit": 0, "setting": "outside riverbed", "water_share": 0.583, "buildings_near": 0.0, "compactness": 1.0, "size_class": "small (0.1-0.5 ha)", "google_maps": "https://www.google.com/maps?q=29.804204,76.792204" }, "geometry": { "type": "Polygon", "coordinates": [ [ [ 76.79234600323376, 29.804413067037103 ], [ 76.792344394514814, 29.80432286257243 ], [ 76.792137534661549, 29.804325668432426 ], [ 76.792135926135344, 29.804235463956257 ], [ 76.791929066438257, 29.804238269482546 ], [ 76.791925849778636, 29.804057860505917 ], [ 76.792236138757033, 29.804053652125727 ], [ 76.792237747361327, 29.804143856599417 ], [ 76.792444606829136, 29.804141050598069 ], [ 76.79244943324214, 29.804411663980694 ], [ 76.79234600323376, 29.804413067037103 ] ] ] } },
{ "type": "Feature", "properties": { "pit_id": 510, "latitude": 29.864823, "longitude": 77.100364, "category": "pit", "area_ha": 0.15, "area_m2": 1500.0, "prob_max": 0.94, "prob_mean": 0.643, "new_pit": 0, "setting": "outside riverbed", "water_share": 1.0, "buildings_near": -0.0, "compactness": 1.0, "size_class": "small (0.1-0.5 ha)", "google_maps": "https://www.google.com/maps?q=29.864823,77.100364" }, "geometry": { "type": "Polygon", "coordinates": [ [ [ 77.100344146000268, 29.865013145525314 ], [ 77.100342256331516, 29.864922958428224 ], [ 77.100135309545138, 29.86492625231816 ], [ 77.100129641147902, 29.864655690982989 ], [ 77.100233114266601, 29.864654044096451 ], [ 77.100231224725079, 29.864563856988013 ], [ 77.100334697742255, 29.864562210026421 ], [ 77.100336587376702, 29.864652397128879 ], [ 77.100440060478249, 29.864650750080301 ], [ 77.100443839958729, 29.864831124269244 ], [ 77.100650786507771, 29.864827829905106 ], [ 77.100654566394269, 29.8650082040648 ], [ 77.100344146000268, 29.865013145525314 ] ] ] } },
{ "type": "Feature", "properties": { "pit_id": 511, "latitude": 29.728111, "longitude": 76.741671, "category": "pit", "area_ha": 0.09, "area_m2": 900.0, "prob_max": 0.94, "prob_mean": 0.799, "new_pit": 0, "setting": "outside riverbed", "water_share": 1.0, "buildings_near": 0.0, "compactness": 1.0, "size_class": "tiny (<0.1 ha)", "google_maps": "https://www.google.com/maps?q=29.728111,76.741671" }, "geometry": { "type": "Polygon", "coordinates": [ [ [ 76.741576894177342, 29.728307952537985 ], [ 76.741575335816648, 29.728217744559835 ], [ 76.741471981205265, 29.728219104654812 ], [ 76.741470422944019, 29.728128896670427 ], [ 76.741573777463032, 29.728127536580395 ], [ 76.741570660777043, 29.727947120617582 ], [ 76.741880723737367, 29.727943039893372 ], [ 76.741882282353913, 29.728033247860587 ], [ 76.741778927948531, 29.728034608187578 ], [ 76.741780486479797, 29.728124816158431 ], [ 76.741677131974953, 29.728126176409727 ], [ 76.74167869042094, 29.728216384384222 ], [ 76.741782045018155, 29.72821502412798 ], [ 76.74178360356359, 29.728305232096226 ], [ 76.741576894177342, 29.728307952537985 ] ] ] } },
{ "type": "Feature", "properties": { "pit_id": 512, "latitude": 29.845434, "longitude": 76.948469, "category": "pit", "area_ha": 0.15, "area_m2": 1500.0, "prob_max": 0.94, "prob_mean": 0.737, "new_pit": 0, "setting": "outside riverbed", "water_share": 0.867, "buildings_near": 0.147, "compactness": 1.0, "size_class": "small (0.1-0.5 ha)", "google_maps": "https://www.google.com/maps?q=29.845434,76.948469" }, "geometry": { "type": "Polygon", "coordinates": [ [ [ 76.948325905556061, 29.845692122042706 ], [ 76.948317147705694, 29.845241142771581 ], [ 76.948420610528956, 29.845239615781026 ], [ 76.94841885888988, 29.845149419928372 ], [ 76.948522321612302, 29.845147892862368 ], [ 76.948524073344259, 29.845238088709475 ], [ 76.948627536151605, 29.845236561556945 ], [ 76.948634543530432, 29.845597344909994 ], [ 76.9485310803516, 29.84559887208469 ], [ 76.94853283212332, 29.845689067925182 ], [ 76.948325905556061, 29.845692122042706 ] ] ] } },
{ "type": "Feature", "properties": { "pit_id": 513, "latitude": 29.779605, "longitude": 76.847764, "category": "pit", "area_ha": 0.12, "area_m2": 1200.0, "prob_max": 0.94, "prob_mean": 0.688, "new_pit": 0, "setting": "outside riverbed", "water_share": 1.0, "buildings_near": 0.0, "compactness": 0.978, "size_class": "small (0.1-0.5 ha)", "google_maps": "https://www.google.com/maps?q=29.779605,76.847764" }, "geometry": { "type": "Polygon", "coordinates": [ [ [ 76.847761133635728, 29.779920562479422 ], [ 76.847759476837069, 29.779830360463333 ], [ 76.847656075286665, 29.779831805722797 ], [ 76.847647791869221, 29.779380795596385 ], [ 76.847751192956693, 29.779379350363186 ], [ 76.84774953620321, 29.779289148339206 ], [ 76.847852937190567, 29.779287703030473 ], [ 76.847864535271185, 29.779919117133915 ], [ 76.847761133635728, 29.779920562479422 ] ] ] } },
{ "type": "Feature", "properties": { "pit_id": 514, "latitude": 29.84527, "longitude": 76.877005, "category": "pit", "area_ha": 0.38, "area_m2": 3800.0, "prob_max": 0.94, "prob_mean": 0.621, "new_pit": 0, "setting": "outside riverbed", "water_share": 0.0, "buildings_near": 0.0, "compactness": 0.737, "size_class": "small (0.1-0.5 ha)", "google_maps": "https://www.google.com/maps?q=29.845270,76.877005" }, "geometry": { "type": "Polygon", "coordinates": [ [ [ 76.876496870146667, 29.845469545443429 ], [ 76.876490122119591, 29.845108746856791 ], [ 76.877214391199047, 29.845098450171005 ], [ 76.877216078844512, 29.845188649782276 ], [ 76.877319545918098, 29.845187178497838 ], [ 76.877317858179737, 29.84509697889191 ], [ 76.877628259075834, 29.845092564568642 ], [ 76.877631635117552, 29.845272963747146 ], [ 76.877528167974077, 29.845274435279915 ], [ 76.877529855913536, 29.845364634872521 ], [ 76.877219454158464, 29.845369049000876 ], [ 76.877221141826936, 29.845459248608176 ], [ 76.876496870146667, 29.845469545443429 ] ] ] } },
{ "type": "Feature", "properties": { "pit_id": 515, "latitude": 29.576299, "longitude": 76.774389, "category": "pit", "area_ha": 0.32, "area_m2": 3200.0, "prob_max": 0.94, "prob_mean": 0.764, "new_pit": 0, "setting": "outside riverbed", "water_share": 0.625, "buildings_near": 0.014, "compactness": 1.0, "size_class": "small (0.1-0.5 ha)", "google_maps": "https://www.google.com/maps?q=29.576299,76.774389" }, "geometry": { "type": "Polygon", "coordinates": [ [ [ 76.774061180784017, 29.576563079102822 ], [ 76.77405487009824, 29.576202245223591 ], [ 76.774158067698309, 29.57620086610077 ], [ 76.774156489953171, 29.57611065763275 ], [ 76.774259687454389, 29.576109278434821 ], [ 76.774258109624782, 29.576019069970513 ], [ 76.774567701810412, 29.576014931911008 ], [ 76.774569279914985, 29.576105140360209 ], [ 76.774672477387483, 29.576103760841733 ], [ 76.774674055590921, 29.576193969284581 ], [ 76.774777253147889, 29.576192589680943 ], [ 76.774780409759586, 29.576373006552675 ], [ 76.774677212019313, 29.576374386166403 ], [ 76.77467879024428, 29.576464594605344 ], [ 76.774472394558856, 29.576467353602446 ], [ 76.774473972607709, 29.576557562050166 ], [ 76.774061180784017, 29.576563079102822 ] ] ] } },
{ "type": "Feature", "properties": { "pit_id": 516, "latitude": 29.806392, "longitude": 77.052885, "category": "pit", "area_ha": 0.24, "area_m2": 2400.0, "prob_max": 0.94, "prob_mean": 0.737, "new_pit": 0, "setting": "outside riverbed", "water_share": 1.0, "buildings_near": 0.014, "compactness": 1.0, "size_class": "small (0.1-0.5 ha)", "google_maps": "https://www.google.com/maps?q=29.806392,77.052885" }, "geometry": { "type": "Polygon", "coordinates": [ [ [ 77.052675090288787, 29.806669923073205 ], [ 77.05266587810938, 29.806218969935447 ], [ 77.052769294141939, 29.806217363098128 ], [ 77.052767451638502, 29.80612717247239 ], [ 77.05287086757005, 29.806125565560063 ], [ 77.0528690249823, 29.806035374938837 ], [ 77.052972440812823, 29.806033767951508 ], [ 77.052974283493214, 29.806123958566896 ], [ 77.053077699408021, 29.806122351492888 ], [ 77.053088756222166, 29.806663495122166 ], [ 77.052675090288787, 29.806669923073205 ] ] ] } },
{ "type": "Feature", "properties": { "pit_id": 517, "latitude": 29.870732, "longitude": 77.078157, "category": "pit", "area_ha": 0.33, "area_m2": 3300.0, "prob_max": 0.94, "prob_mean": 0.616, "new_pit": 0, "setting": "outside riverbed", "water_share": 1.0, "buildings_near": -0.0, "compactness": 0.55, "size_class": "small (0.1-0.5 ha)", "google_maps": "https://www.google.com/maps?q=29.870732,77.078157" }, "geometry": { "type": "Polygon", "coordinates": [ [ [ 77.07832030973249, 29.871135807871642 ], [ 77.078318439407653, 29.871045619588671 ], [ 77.078214958243933, 29.871047249613021 ], [ 77.078213088020561, 29.870957061322809 ], [ 77.078420050153596, 29.87095380120488 ], [ 77.078416309360463, 29.870773424644064 ], [ 77.078519790228327, 29.870771794475349 ], [ 77.078517919751533, 29.87068160619885 ], [ 77.078207477401378, 29.870686496444101 ], [ 77.078209347599284, 29.870776684738342 ], [ 77.078105866705968, 29.870778314663919 ], [ 77.078098386337103, 29.870417561455273 ], [ 77.078201866858606, 29.870415931553346 ], [ 77.07819999669465, 29.870325743253755 ], [ 77.078510437929296, 29.870320853079427 ], [ 77.078517919751533, 29.87068160619885 ], [ 77.078621400517932, 29.870679975955003 ], [ 77.078623271087679, 29.870770164225597 ], [ 77.07893371361483, 29.870765272990059 ], [ 77.078939326211653, 29.871035837740585 ], [ 77.078421920562889, 29.871043989483272 ], [ 77.078423790980679, 29.871134177760322 ], [ 77.07832030973249, 29.871135807871642 ] ], [ [ 77.078627012252653, 29.87095054076277 ], [ 77.078833974317746, 29.870947279996471 ], [ 77.078832103545096, 29.87085709174038 ], [ 77.078625141665924, 29.870860352494862 ], [ 77.078627012252653, 29.87095054076277 ] ] ] } },
{ "type": "Feature", "properties": { "pit_id": 518, "latitude": 29.501173, "longitude": 76.705287, "category": "pit", "area_ha": 0.06, "area_m2": 600.0, "prob_max": 0.94, "prob_mean": 0.722, "new_pit": 0, "setting": "outside riverbed", "water_share": 0.667, "buildings_near": 0.0, "compactness": 1.0, "size_class": "tiny (<0.1 ha)", "google_maps": "https://www.google.com/maps?q=29.501173,76.705287" }, "geometry": { "type": "Polygon", "coordinates": [ [ [ 76.70518655528052, 29.501310061981858 ], [ 76.705182019843406, 29.501039423590182 ], [ 76.705388270001691, 29.501036778411603 ], [ 76.705392805986719, 29.501307416774281 ], [ 76.70518655528052, 29.501310061981858 ] ] ] } },
{ "type": "Feature", "properties": { "pit_id": 519, "latitude": 29.570515, "longitude": 76.849919, "category": "pit", "area_ha": 0.19, "area_m2": 1900.0, "prob_max": 0.94, "prob_mean": 0.626, "new_pit": 0, "setting": "outside riverbed", "water_share": 0.053, "buildings_near": 0.179, "compactness": 0.901, "size_class": "small (0.1-0.5 ha)", "google_maps": "https://www.google.com/maps?q=29.570515,76.849919" }, "geometry": { "type": "Polygon", "coordinates": [ [ [ 76.849824189127801, 29.570837147552677 ], [ 76.849817610558603, 29.570476328514275 ], [ 76.849714423106917, 29.570477766180257 ], [ 76.849709489533481, 29.570207151871958 ], [ 76.849915863879673, 29.570204276491367 ], [ 76.849917508579892, 29.570294481251615 ], [ 76.850020695833379, 29.570293043435914 ], [ 76.850022340632705, 29.570383248189604 ], [ 76.850125527970292, 29.570381810288549 ], [ 76.850127172868724, 29.57047201503568 ], [ 76.850023985439506, 29.570473452941989 ], [ 76.850025630253811, 29.570563657693061 ], [ 76.850128817774632, 29.570562219781507 ], [ 76.850132107608914, 29.570742629269215 ], [ 76.850028919904858, 29.570744067191267 ], [ 76.850030564741616, 29.570834271938406 ], [ 76.849824189127801, 29.570837147552677 ] ] ] } },
{ "type": "Feature", "properties": { "pit_id": 520, "latitude": 29.869753, "longitude": 76.794449, "category": "pit", "area_ha": 0.13, "area_m2": 1300.0, "prob_max": 0.94, "prob_mean": 0.832, "new_pit": 0, "setting": "outside riverbed", "water_share": 0.538, "buildings_near": 0.0, "compactness": 1.0, "size_class": "small (0.1-0.5 ha)", "google_maps": "https://www.google.com/maps?q=29.869753,76.794449" }, "geometry": { "type": "Polygon", "coordinates": [ [ [ 76.794241960179349, 29.869981516677125 ], [ 76.794240345488774, 29.869891313202057 ], [ 76.794343842866198, 29.86988990587594 ], [ 76.794340613320998, 29.869709498932053 ], [ 76.794237116129608, 29.869710906247967 ], [ 76.794235501461031, 29.869620702768966 ], [ 76.794442495650429, 29.869617888066252 ], [ 76.794440880803151, 29.869527684596139 ], [ 76.794647874777183, 29.869524869579287 ], [ 76.794651104851155, 29.869705276497779 ], [ 76.794547607681778, 29.869706684056961 ], [ 76.794552452568681, 29.869977294440172 ], [ 76.794241960179349, 29.869981516677125 ] ] ] } },
{ "type": "Feature", "properties": { "pit_id": 521, "latitude": 29.860065, "longitude": 76.943378, "category": "pit", "area_ha": 0.2, "area_m2": 2000.0, "prob_max": 0.94, "prob_mean": 0.761, "new_pit": 0, "setting": "outside riverbed", "water_share": 1.0, "buildings_near": 0.0, "compactness": 0.829, "size_class": "small (0.1-0.5 ha)", "google_maps": "https://www.google.com/maps?q=29.860065,76.943378" }, "geometry": { "type": "Polygon", "coordinates": [ [ [ 76.943332361715946, 29.860381648748881 ], [ 76.943318376858912, 29.859660081360197 ], [ 76.943421854859238, 29.85965855762116 ], [ 76.943423603031519, 29.859748753543862 ], [ 76.943527081116841, 29.859747229718252 ], [ 76.943530577671112, 29.859927621548618 ], [ 76.943634055934353, 29.859926097630929 ], [ 76.943637552706264, 29.860106489444924 ], [ 76.943741031147454, 29.860104965435145 ], [ 76.943744528137003, 29.86028535723278 ], [ 76.943848006756141, 29.860283833130897 ], [ 76.943849755355757, 29.860374029022207 ], [ 76.943332361715946, 29.860381648748881 ] ], [ [ 76.943434092231939, 29.8602899290522 ], [ 76.943641049509921, 29.860286881253618 ], [ 76.943639301104128, 29.860196685349937 ], [ 76.94353582256204, 29.860198209284214 ], [ 76.943532325960149, 29.860017817461816 ], [ 76.94342884759601, 29.860019341304 ], [ 76.943434092231939, 29.8602899290522 ] ] ] } },
{ "type": "Feature", "properties": { "pit_id": 522, "latitude": 29.503188, "longitude": 76.541605, "category": "pit", "area_ha": 0.44, "area_m2": 4400.0, "prob_max": 0.94, "prob_mean": 0.56, "new_pit": 0, "setting": "outside riverbed", "water_share": 0.0, "buildings_near": 0.002, "compactness": 0.409, "size_class": "small (0.1-0.5 ha)", "google_maps": "https://www.google.com/maps?q=29.503188,76.541605" }, "geometry": { "type": "Polygon", "coordinates": [ [ [ 76.541727218822189, 29.503486319253192 ], [ 76.541725851768675, 29.503396099163876 ], [ 76.541313308338786, 29.503400881940301 ], [ 76.541310574981324, 29.503220441722839 ], [ 76.54141371066541, 29.503219246157386 ], [ 76.541412343904653, 29.503129026051106 ], [ 76.541309208311944, 29.503130221612203 ], [ 76.541307841648774, 29.503040001500267 ], [ 76.541101570627362, 29.503042392373914 ], [ 76.541102937107794, 29.503132612494582 ], [ 76.540999801496397, 29.503133807815871 ], [ 76.541001167891693, 29.503224027939623 ], [ 76.540794896467489, 29.50322641835114 ], [ 76.540793530254902, 29.503136198218641 ], [ 76.540690394624832, 29.503137393300129 ], [ 76.540689028509831, 29.503047173161981 ], [ 76.540998435107312, 29.503043587690833 ], [ 76.540997068724451, 29.502953367564505 ], [ 76.541306474991828, 29.502949781387048 ], [ 76.541307841648774, 29.503040001500267 ], [ 76.541514112645274, 29.503037610306901 ], [ 76.541512745805619, 29.502947390202415 ], [ 76.541615881203185, 29.5029461944902 ], [ 76.541617248134202, 29.503036414590301 ], [ 76.541823519093327, 29.503034022917319 ], [ 76.541822151979602, 29.502943802825961 ], [ 76.541925287358467, 29.50294260687393 ], [ 76.541926654563568, 29.503032826960929 ], [ 76.542132925485333, 29.503030434808331 ], [ 76.542134292879396, 29.503120654885297 ], [ 76.542237428422297, 29.503119458684726 ], [ 76.542238795913946, 29.503209678756026 ], [ 76.542135660279669, 29.503210874960967 ], [ 76.542139762517891, 29.503481535180299 ], [ 76.542036626603306, 29.503482731318428 ], [ 76.542035259275707, 29.503392511242225 ], [ 76.541932123446259, 29.503393707296041 ], [ 76.54193349068251, 29.503483927376614 ], [ 76.541727218822189, 29.503486319253192 ] ], [ [ 76.541828987610586, 29.503394903269925 ], [ 76.541932123446259, 29.503393707296041 ], [ 76.541930756216246, 29.50330348721419 ], [ 76.541827620471921, 29.5033046831837 ], [ 76.541828987610586, 29.503394903269925 ] ], [ [ 76.54141507743239, 29.50330946626238 ], [ 76.541518213201627, 29.503308270612614 ], [ 76.541516846343271, 29.50321805051199 ], [ 76.54141371066541, 29.503219246157386 ], [ 76.54141507743239, 29.50330946626238 ] ] ] } },
{ "type": "Feature", "properties": { "pit_id": 523, "latitude": 29.743494, "longitude": 76.977104, "category": "pit", "area_ha": 0.19, "area_m2": 1900.0, "prob_max": 0.94, "prob_mean": 0.667, "new_pit": 0, "setting": "outside riverbed", "water_share": 0.947, "buildings_near": 0.018, "compactness": 0.784, "size_class": "small (0.1-0.5 ha)", "google_maps": "https://www.google.com/maps?q=29.743494,76.977104" }, "geometry": { "type": "Polygon", "coordinates": [ [ [ 76.977161044350808, 29.743764186233449 ], [ 76.977157503978177, 29.743583794870005 ], [ 76.976950790936726, 29.743586884256402 ], [ 76.976947250965821, 29.743406492865194 ], [ 76.977050607305799, 29.743404948223532 ], [ 76.977048837240034, 29.74331475253156 ], [ 76.976842124736834, 29.74331784172297 ], [ 76.976840354863882, 29.743227646018422 ], [ 76.976633642513278, 29.743230734876008 ], [ 76.976631872833138, 29.743140539158901 ], [ 76.976528516738156, 29.743142083461102 ], [ 76.976530286325911, 29.743232279183825 ], [ 76.976426930130501, 29.743233823411 ], [ 76.976425160635145, 29.743143627682663 ], [ 76.976528516738156, 29.743142083461102 ], [ 76.976526747158459, 29.743051887737064 ], [ 76.976630103161071, 29.74305034344048 ], [ 76.976631872833138, 29.743140539158901 ], [ 76.976941941069825, 29.743135905768405 ], [ 76.976943711027118, 29.743226101468661 ], [ 76.977150423329448, 29.743223012127192 ], [ 76.977153963637718, 29.743403403501244 ], [ 76.977257319961595, 29.743401858698299 ], [ 76.977260860486837, 29.743582250055812 ], [ 76.977364216987439, 29.743580705160991 ], [ 76.977367757729638, 29.743761096501974 ], [ 76.977161044350808, 29.743764186233449 ] ] ] } },
{ "type": "Feature", "properties": { "pit_id": 524, "latitude": 29.847685, "longitude": 76.814201, "category": "pit", "area_ha": 0.25, "area_m2": 2500.0, "prob_max": 0.94, "prob_mean": 0.64, "new_pit": 0, "setting": "outside riverbed", "water_share": 0.96, "buildings_near": 0.0, "compactness": 0.937, "size_class": "small (0.1-0.5 ha)", "google_maps": "https://www.google.com/maps?q=29.847685,76.814201" }, "geometry": { "type": "Polygon", "coordinates": [ [ [ 76.814135635121247, 29.848055499884534 ], [ 76.814132372842465, 29.847875094314357 ], [ 76.814028899306592, 29.847876516208959 ], [ 76.814027268271232, 29.84778631341673 ], [ 76.81392379482088, 29.847787735225179 ], [ 76.813920532958178, 29.847607329626445 ], [ 76.81381705968623, 29.847608751343561 ], [ 76.813815428858902, 29.847518548537067 ], [ 76.81391890203794, 29.847517126825114 ], [ 76.813920532958178, 29.847607329626445 ], [ 76.814024006222724, 29.847605907828328 ], [ 76.814022375209575, 29.847515705032158 ], [ 76.814125848373791, 29.84751428315818 ], [ 76.814124217275136, 29.847424080365847 ], [ 76.814227690339052, 29.847422658416026 ], [ 76.814226059154905, 29.847332455627541 ], [ 76.814329532118492, 29.847331033601854 ], [ 76.814332794680013, 29.847511439167175 ], [ 76.814436267822018, 29.847510017050155 ], [ 76.814437899206808, 29.847600219825694 ], [ 76.814541372434306, 29.847598797622492 ], [ 76.814543003919397, 29.847689000391554 ], [ 76.814336057271177, 29.847691844727251 ], [ 76.814337688577865, 29.847782047505316 ], [ 76.814441161998602, 29.847780625372813 ], [ 76.814442793405618, 29.847870828144405 ], [ 76.814339319891971, 29.847872250282066 ], [ 76.814340951213481, 29.847962453057498 ], [ 76.814237477599519, 29.847963875119309 ], [ 76.814239108835523, 29.848054077898588 ], [ 76.814135635121247, 29.848055499884534 ] ] ] } },
{ "type": "Feature", "properties": { "pit_id": 525, "latitude": 29.734211, "longitude": 77.089524, "category": "pit", "area_ha": 0.04, "area_m2": 400.0, "prob_max": 0.94, "prob_mean": 0.685, "new_pit": 1, "setting": "outside riverbed", "water_share": 0.25, "buildings_near": -0.0, "compactness": 1.0, "size_class": "tiny (<0.1 ha)", "google_maps": "https://www.google.com/maps?q=29.734211,77.089524" }, "geometry": { "type": "Polygon", "coordinates": [ [ [ 77.089449300774291, 29.734369627135582 ], [ 77.089443690889198, 29.734099058602752 ], [ 77.089650370012308, 29.734095794449161 ], [ 77.089652240150144, 29.734185983949573 ], [ 77.089548900500517, 29.734187616072596 ], [ 77.089552640617057, 29.734367995081282 ], [ 77.089449300774291, 29.734369627135582 ] ] ] } },
{ "type": "Feature", "properties": { "pit_id": 526, "latitude": 29.900855, "longitude": 77.155191, "category": "pit", "area_ha": 0.15, "area_m2": 1500.0, "prob_max": 0.94, "prob_mean": 0.719, "new_pit": 0, "setting": "outside riverbed", "water_share": 1.0, "buildings_near": 0.0, "compactness": 1.0, "size_class": "small (0.1-0.5 ha)", "google_maps": "https://www.google.com/maps?q=29.900855,77.155191" }, "geometry": { "type": "Polygon", "coordinates": [ [ [ 77.154942559208777, 29.901030858164756 ], [ 77.154940617620909, 29.900940674764943 ], [ 77.155044124518824, 29.900938983063295 ], [ 77.155040241183357, 29.900758616271855 ], [ 77.154936734471619, 29.900760307961239 ], [ 77.154934792910197, 29.900670124557379 ], [ 77.155245312739723, 29.900665049264223 ], [ 77.155247254580402, 29.900755232649701 ], [ 77.155454267942204, 29.900751848703017 ], [ 77.155458152022305, 29.900932215445405 ], [ 77.155354645159647, 29.900933907471565 ], [ 77.155356587119854, 29.901024090846864 ], [ 77.154942559208777, 29.901030858164756 ] ] ] } },
{ "type": "Feature", "properties": { "pit_id": 527, "latitude": 29.61807, "longitude": 76.862091, "category": "pit", "area_ha": 0.18, "area_m2": 1800.0, "prob_max": 0.94, "prob_mean": 0.668, "new_pit": 0, "setting": "outside riverbed", "water_share": 0.389, "buildings_near": 0.005, "compactness": 1.0, "size_class": "small (0.1-0.5 ha)", "google_maps": "https://www.google.com/maps?q=29.618070,76.862091" }, "geometry": { "type": "Polygon", "coordinates": [ [ [ 76.861947977200316, 29.618397788941284 ], [ 76.86193802554584, 29.617856567979821 ], [ 76.862041260508278, 29.617855118718516 ], [ 76.862039601833786, 29.617764915225642 ], [ 76.862246071552363, 29.617762016472845 ], [ 76.862254365918631, 29.618213033871303 ], [ 76.862151130603948, 29.618214483314254 ], [ 76.862154448219627, 29.61839489027502 ], [ 76.861947977200316, 29.618397788941284 ] ] ] } },
{ "type": "Feature", "properties": { "pit_id": 528, "latitude": 29.715819, "longitude": 76.940521, "category": "pit", "area_ha": 0.16, "area_m2": 1600.0, "prob_max": 0.94, "prob_mean": 0.639, "new_pit": 0, "setting": "outside riverbed", "water_share": 0.75, "buildings_near": 0.093, "compactness": 0.889, "size_class": "small (0.1-0.5 ha)", "google_maps": "https://www.google.com/maps?q=29.715819,76.940521" }, "geometry": { "type": "Polygon", "coordinates": [ [ [ 76.940340553036762, 29.716159711379838 ], [ 76.940338817740027, 29.716069513332581 ], [ 76.940235487141507, 29.716071028042336 ], [ 76.94023375194493, 29.715980829988261 ], [ 76.940440412949556, 29.7159778004992 ], [ 76.94043694221098, 29.715797404409091 ], [ 76.940540272516913, 29.715795889554752 ], [ 76.940535066191444, 29.715525295426229 ], [ 76.940328406125275, 29.715528325021307 ], [ 76.940326670883763, 29.715438126964795 ], [ 76.940636660694381, 29.71543358246787 ], [ 76.940643602814973, 29.715794374619819 ], [ 76.940746933105132, 29.715792859604338 ], [ 76.940750404397306, 29.715973255661364 ], [ 76.940647073922619, 29.715974770687875 ], [ 76.940648809488266, 29.716064968719909 ], [ 76.940442148330661, 29.716067998542258 ], [ 76.940443883719666, 29.716158196584004 ], [ 76.940340553036762, 29.716159711379838 ] ], [ [ 76.940542007974528, 29.715886087594946 ], [ 76.94064533836486, 29.715884572654513 ], [ 76.940643602814973, 29.715794374619819 ], [ 76.940540272516913, 29.715795889554752 ], [ 76.940542007974528, 29.715886087594946 ] ] ] } },
{ "type": "Feature", "properties": { "pit_id": 529, "latitude": 29.643748, "longitude": 76.714147, "category": "pit", "area_ha": 0.35, "area_m2": 3500.0, "prob_max": 0.94, "prob_mean": 0.683, "new_pit": 0, "setting": "outside riverbed", "water_share": 0.0, "buildings_near": 0.158, "compactness": 0.688, "size_class": "small (0.1-0.5 ha)", "google_maps": "https://www.google.com/maps?q=29.643748,76.714147" }, "geometry": { "type": "Polygon", "coordinates": [ [ [ 76.714099026787778, 29.644301962341249 ], [ 76.714095969655759, 29.644121541475148 ], [ 76.713992699551056, 29.644122876690513 ], [ 76.713988114181149, 29.643852245367029 ], [ 76.713884844345429, 29.643853580487423 ], [ 76.713878730984149, 29.643492738685133 ], [ 76.713982000451935, 29.643491403584193 ], [ 76.713980472037022, 29.643401193135222 ], [ 76.714187010767816, 29.643398522701975 ], [ 76.714185482175893, 29.643308312261453 ], [ 76.714392020694888, 29.643305641516495 ], [ 76.714393549470756, 29.643395851947286 ], [ 76.714290280122768, 29.643397187364815 ], [ 76.714293337511421, 29.643577608232235 ], [ 76.714499876568382, 29.643574937297331 ], [ 76.714501405457099, 29.643665147719364 ], [ 76.714398135840113, 29.643666483231868 ], [ 76.714399664643807, 29.643756693657469 ], [ 76.714296394927899, 29.643758029094467 ], [ 76.714300981104785, 29.644028660378051 ], [ 76.714197711105953, 29.644029995749285 ], [ 76.71420076840802, 29.644210416608239 ], [ 76.714304038590797, 29.644209081227267 ], [ 76.714305567344255, 29.64429929164994 ], [ 76.714099026787778, 29.644301962341249 ] ] ] } },
{ "type": "Feature", "properties": { "pit_id": 530, "latitude": 29.683658, "longitude": 76.887956, "category": "likely village pond", "area_ha": 0.23, "area_m2": 2300.0, "prob_max": 0.94, "prob_mean": 0.673, "new_pit": 0, "setting": "outside riverbed", "water_share": 0.826, "buildings_near": 0.198, "compactness": 1.0, "size_class": "small (0.1-0.5 ha)", "google_maps": "https://www.google.com/maps?q=29.683658,76.887956" }, "geometry": { "type": "Polygon", "coordinates": [ [ [ 76.887746610550607, 29.683897866623248 ], [ 76.887736494227596, 29.68335665901753 ], [ 76.887943094814176, 29.683353714390346 ], [ 76.887944781033099, 29.683443915650535 ], [ 76.888048081407021, 29.683442443210875 ], [ 76.888049767725732, 29.683532644464385 ], [ 76.88815306818411, 29.683531171938895 ], [ 76.888154754602638, 29.68362137318573 ], [ 76.888258055145471, 29.683619900574403 ], [ 76.888261428189779, 29.683800303053406 ], [ 76.888158127462688, 29.683801775675448 ], [ 76.88815981390421, 29.683891976918325 ], [ 76.887746610550607, 29.683897866623248 ] ] ] } },
{ "type": "Feature", "properties": { "pit_id": 531, "latitude": 29.679918, "longitude": 76.958791, "category": "pit", "area_ha": 0.11, "area_m2": 1100.0, "prob_max": 0.94, "prob_mean": 0.729, "new_pit": 0, "setting": "outside riverbed", "water_share": 1.0, "buildings_near": 0.142, "compactness": 1.0, "size_class": "small (0.1-0.5 ha)", "google_maps": "https://www.google.com/maps?q=29.679918,76.958791" }, "geometry": { "type": "Polygon", "coordinates": [ [ [ 76.958968116422326, 29.680066725867459 ], [ 76.958966367032247, 29.67997652833067 ], [ 76.958346611792081, 29.679985692521523 ], [ 76.958344862962562, 29.679895494950035 ], [ 76.958758032786093, 29.679889385833494 ], [ 76.958756283596145, 29.679799188282932 ], [ 76.959066160603982, 29.679794605617545 ], [ 76.959071409026606, 29.680065198215203 ], [ 76.958968116422326, 29.680066725867459 ] ] ] } },
{ "type": "Feature", "properties": { "pit_id": 532, "latitude": 29.58548, "longitude": 76.660197, "category": "pit", "area_ha": 1.42, "area_m2": 14200.0, "prob_max": 0.94, "prob_mean": 0.611, "new_pit": 0, "setting": "outside riverbed", "water_share": 0.0, "buildings_near": 0.058, "compactness": 0.284, "size_class": "medium (0.5-2 ha)", "google_maps": "https://www.google.com/maps?q=29.585480,76.660197" }, "geometry": { "type": "Polygon", "coordinates": [ [ [ 76.660057251732837, 29.586429230570971 ], [ 76.660036575486373, 29.585166238158394 ], [ 76.660139788385976, 29.585164947289694 ], [ 76.660129450114852, 29.584533451021276 ], [ 76.660232662365701, 29.584532160105361 ], [ 76.660231185404996, 29.584441946352261 ], [ 76.660850458218604, 29.584434199201255 ], [ 76.660851935729596, 29.58452441292609 ], [ 76.660955147933379, 29.584523121448903 ], [ 76.660956625542809, 29.584613335167724 ], [ 76.661059837831573, 29.584612043605649 ], [ 76.661061315539456, 29.584702257318455 ], [ 76.661164527913229, 29.584700965671477 ], [ 76.661173394852071, 29.585242247892889 ], [ 76.661070181927997, 29.58524353956815 ], [ 76.661068704179755, 29.585153325863104 ], [ 76.660552639917128, 29.585159783013051 ], [ 76.660551162634206, 29.585069569283142 ], [ 76.660447949853236, 29.585070860467862 ], [ 76.660449427044426, 29.585161074202485 ], [ 76.660346214165003, 29.585162365311739 ], [ 76.66034916838413, 29.585342792786513 ], [ 76.660452381447001, 29.58534150166783 ], [ 76.660453858658386, 29.585431715398567 ], [ 76.660350645503783, 29.585433006521956 ], [ 76.660353599763283, 29.585613433988968 ], [ 76.660456813101291, 29.585612142856153 ], [ 76.660455335876478, 29.585521929128014 ], [ 76.660558549116061, 29.585520637919725 ], [ 76.660560026432606, 29.585610851643164 ], [ 76.66066323975717, 29.58560956034998 ], [ 76.660664717172168, 29.585699774067407 ], [ 76.660767930581727, 29.585698482689327 ], [ 76.660763498081792, 29.585427841547304 ], [ 76.660866711209479, 29.585426550103168 ], [ 76.660869666386162, 29.585606977523057 ], [ 76.660972879690547, 29.585605685989314 ], [ 76.660978790491527, 29.585966540794725 ], [ 76.660875576820231, 29.585967832347311 ], [ 76.660880009716422, 29.586238473451921 ], [ 76.660673581803337, 29.586241056344811 ], [ 76.660670626899375, 29.586060628924184 ], [ 76.660464199326285, 29.58606321147748 ], [ 76.660465676591443, 29.58615342519786 ], [ 76.660362462703077, 29.586154716358941 ], [ 76.660363939883254, 29.586244930082742 ], [ 76.66026072589645, 29.586246221168352 ], [ 76.660263680093522, 29.58642664862149 ], [ 76.660057251732837, 29.586429230570971 ] ], [ [ 76.660251863466627, 29.585704938777877 ], [ 76.660355076903102, 29.585703647720532 ], [ 76.660353599763283, 29.585613433988968 ], [ 76.660250386418525, 29.585614725041587 ], [ 76.660251863466627, 29.585704938777877 ] ], [ [ 76.66065437540847, 29.585068278018234 ], [ 76.660757588175997, 29.585066986673141 ], [ 76.660756110716363, 29.584976772951361 ], [ 76.660962536047819, 29.584974190030053 ], [ 76.660959580781864, 29.584793762601475 ], [ 76.66085636830293, 29.584795054092794 ], [ 76.660857845840823, 29.584885267812446 ], [ 76.660754633263466, 29.584886559228302 ], [ 76.660753155817289, 29.584796345503936 ], [ 76.660649943324898, 29.584797636834892 ], [ 76.66065437540847, 29.585068278018234 ] ], [ [ 76.660446472668752, 29.584980646731957 ], [ 76.660549685358021, 29.58497935555194 ], [ 76.660548208088542, 29.584889141819463 ], [ 76.660444995490991, 29.584890432994751 ], [ 76.660446472668752, 29.584980646731957 ] ] ] } },
{ "type": "Feature", "properties": { "pit_id": 533, "latitude": 29.895207, "longitude": 77.000646, "category": "likely village pond", "area_ha": 0.3, "area_m2": 3000.0, "prob_max": 0.94, "prob_mean": 0.569, "new_pit": 0, "setting": "outside riverbed", "water_share": 0.933, "buildings_near": 0.18, "compactness": 0.562, "size_class": "small (0.1-0.5 ha)", "google_maps": "https://www.google.com/maps?q=29.895207,77.000646" }, "geometry": { "type": "Polygon", "coordinates": [ [ [ 77.000861304152451, 29.895609931724636 ], [ 77.00085950172695, 29.895519739417452 ], [ 77.000652478835491, 29.895522880251967 ], [ 77.000648874381397, 29.895342495610869 ], [ 77.000545363109595, 29.895344065895028 ], [ 77.000534550502223, 29.894802911905572 ], [ 77.000638061215469, 29.894801341655551 ], [ 77.000641665571408, 29.894981726312654 ], [ 77.000745176462672, 29.894980155970121 ], [ 77.000746978745994, 29.895070348290993 ], [ 77.000954000690172, 29.895067207351119 ], [ 77.000955803167841, 29.895157399659261 ], [ 77.001059314220754, 29.895155829061927 ], [ 77.001061116799718, 29.895246021363047 ], [ 77.001164627937541, 29.895244450678881 ], [ 77.001166430617772, 29.895334642972966 ], [ 77.001269941840491, 29.895333072201975 ], [ 77.001273547411699, 29.895513456774761 ], [ 77.00117003600279, 29.895515027557138 ], [ 77.001171838707563, 29.895605219847234 ], [ 77.000861304152451, 29.895609931724636 ] ], [ [ 77.000963013160401, 29.895518168878496 ], [ 77.00117003600279, 29.895515027557138 ], [ 77.001168233306188, 29.895424835265725 ], [ 77.00096121064999, 29.895427976575682 ], [ 77.000963013160401, 29.895518168878496 ] ], [ [ 77.000752385645043, 29.895340925245563 ], [ 77.000855896900489, 29.895339354799134 ], [ 77.000852292106771, 29.895158970175459 ], [ 77.000748781037487, 29.895160540610508 ], [ 77.000752385645043, 29.895340925245563 ] ] ] } },
{ "type": "Feature", "properties": { "pit_id": 534, "latitude": 29.478606, "longitude": 76.628123, "category": "pit", "area_ha": 0.11, "area_m2": 1100.0, "prob_max": 0.93, "prob_mean": 0.838, "new_pit": 1, "setting": "outside riverbed", "water_share": 0.0, "buildings_near": 0.119, "compactness": 1.0, "size_class": "small (0.1-0.5 ha)", "google_maps": "https://www.google.com/maps?q=29.478606,76.628123" }, "geometry": { "type": "Polygon", "coordinates": [ [ [ 76.627876570345407, 29.478727925451413 ], [ 76.627873686412912, 29.478547492134886 ], [ 76.628079899146755, 29.478544968585403 ], [ 76.628078457007902, 29.478454751934429 ], [ 76.628284669532988, 29.478452228074804 ], [ 76.628286111854308, 29.478542444716545 ], [ 76.628389218198237, 29.478541182662358 ], [ 76.628390660617356, 29.478631399298205 ], [ 76.628287554182194, 29.478632661357004 ], [ 76.628288996516659, 29.478722877996162 ], [ 76.627876570345407, 29.478727925451413 ] ] ] } },
{ "type": "Feature", "properties": { "pit_id": 535, "latitude": 29.642072, "longitude": 76.905041, "category": "pit", "area_ha": 0.12, "area_m2": 1200.0, "prob_max": 0.93, "prob_mean": 0.789, "new_pit": 0, "setting": "outside riverbed", "water_share": 0.083, "buildings_near": 0.09, "compactness": 1.0, "size_class": "small (0.1-0.5 ha)", "google_maps": "https://www.google.com/maps?q=29.642072,76.905041" }, "geometry": { "type": "Polygon", "coordinates": [ [ [ 76.905250162099989, 29.642233933985054 ], [ 76.905248463270524, 29.642143733069567 ], [ 76.904732177393271, 29.642151152162551 ], [ 76.904728780676862, 29.641970750273554 ], [ 76.905245065634787, 29.641963331234638 ], [ 76.90524676444879, 29.642053532152758 ], [ 76.905350021509122, 29.642052048098574 ], [ 76.905353419344195, 29.642232449920048 ], [ 76.905250162099989, 29.642233933985054 ] ] ] } },
{ "type": "Feature", "properties": { "pit_id": 536, "latitude": 29.499729, "longitude": 76.788088, "category": "pit", "area_ha": 0.2, "area_m2": 2000.0, "prob_max": 0.93, "prob_mean": 0.655, "new_pit": 0, "setting": "outside riverbed", "water_share": 0.0, "buildings_near": 0.114, "compactness": 1.0, "size_class": "small (0.1-0.5 ha)", "google_maps": "https://www.google.com/maps?q=29.499729,76.788088" }, "geometry": { "type": "Polygon", "coordinates": [ [ [ 76.787781383858089, 29.499864252859041 ], [ 76.787779798926366, 29.499774044024029 ], [ 76.787676679669161, 29.499775430480931 ], [ 76.787675094835961, 29.499685221639545 ], [ 76.787778214001861, 29.499683835187714 ], [ 76.78777662908459, 29.499593626350091 ], [ 76.788395343380643, 29.499585305991889 ], [ 76.788398514318018, 29.499765723604995 ], [ 76.788501633524689, 29.499764336588878 ], [ 76.788503219095503, 29.499854545388398 ], [ 76.787781383858089, 29.499864252859041 ] ] ] } },
{ "type": "Feature", "properties": { "pit_id": 537, "latitude": 29.868008, "longitude": 77.120885, "category": "pit", "area_ha": 0.03, "area_m2": 300.0, "prob_max": 0.93, "prob_mean": 0.633, "new_pit": 0, "setting": "outside riverbed", "water_share": 0.0, "buildings_near": 0.0, "compactness": 1.0, "size_class": "tiny (<0.1 ha)", "google_maps": "https://www.google.com/maps?q=29.868008,77.120885" }, "geometry": { "type": "Polygon", "coordinates": [ [ [ 77.120800763534632, 29.868114171805246 ], [ 77.120796946935187, 29.867933800076838 ], [ 77.121003897167427, 29.867930473494411 ], [ 77.121005805648693, 29.868020659347223 ], [ 77.120902330443968, 29.868022322684979 ], [ 77.120904238840964, 29.868112508542485 ], [ 77.120800763534632, 29.868114171805246 ] ] ] } },
{ "type": "Feature", "properties": { "pit_id": 538, "latitude": 29.789274, "longitude": 76.982365, "category": "pit", "area_ha": 0.55, "area_m2": 5500.0, "prob_max": 0.93, "prob_mean": 0.757, "new_pit": 0, "setting": "outside riverbed", "water_share": 0.727, "buildings_near": -0.0, "compactness": 0.926, "size_class": "medium (0.5-2 ha)", "google_maps": "https://www.google.com/maps?q=29.789274,76.982365" }, "geometry": { "type": "Polygon", "coordinates": [ [ [ 76.982201038842334, 29.7897018400169 ], [ 76.982199260840758, 29.789611645237692 ], [ 76.982095857380898, 29.789613196074818 ], [ 76.982094079480007, 29.789523001288629 ], [ 76.981990676104672, 29.789524552039328 ], [ 76.981988898304465, 29.789434357246186 ], [ 76.981885495013643, 29.789435907910448 ], [ 76.981880161939287, 29.789165323506168 ], [ 76.981983564952301, 29.789163772858799 ], [ 76.981981787184381, 29.789073578060346 ], [ 76.98218859300097, 29.789070476534498 ], [ 76.98218681505594, 29.788980281745975 ], [ 76.982393620655017, 29.788977179908201 ], [ 76.982391842532863, 29.788886985129629 ], [ 76.98280545326368, 29.788880780507078 ], [ 76.982809010256858, 29.789061170017817 ], [ 76.982705607401073, 29.789062721305914 ], [ 76.982716278018913, 29.789603889840066 ], [ 76.982302664292547, 29.789610094319766 ], [ 76.98230444238672, 29.789700289093346 ], [ 76.982201038842334, 29.7897018400169 ] ] ] } },
{ "type": "Feature", "properties": { "pit_id": 539, "latitude": 29.65588, "longitude": 76.748038, "category": "likely village pond", "area_ha": 0.22, "area_m2": 2200.0, "prob_max": 0.93, "prob_mean": 0.639, "new_pit": 0, "setting": "outside riverbed", "water_share": 0.864, "buildings_near": 0.24, "compactness": 0.576, "size_class": "small (0.1-0.5 ha)", "google_maps": "https://www.google.com/maps?q=29.655880,76.748038" }, "geometry": { "type": "Polygon", "coordinates": [ [ [ 76.747670074227784, 29.656315287546558 ], [ 76.747665396477743, 29.656044661546161 ], [ 76.747768676911662, 29.656043299612922 ], [ 76.74776711758382, 29.655953090948486 ], [ 76.747870397918618, 29.655951728939815 ], [ 76.747868838505823, 29.655861520279021 ], [ 76.747972118741515, 29.655860158194915 ], [ 76.747970559243768, 29.655769949537781 ], [ 76.748073839380339, 29.655768587378237 ], [ 76.748075398970101, 29.655858796030397 ], [ 76.748178679191582, 29.655857433785489 ], [ 76.748175559835104, 29.655677016489783 ], [ 76.747968999753141, 29.655679740879357 ], [ 76.747967440269605, 29.655589532219626 ], [ 76.748174000167509, 29.655586807839981 ], [ 76.748172440506991, 29.655496599188872 ], [ 76.748275720353277, 29.655495236883418 ], [ 76.748277280105825, 29.655585445529553 ], [ 76.748483839961153, 29.655582720667521 ], [ 76.748485399904823, 29.655672929302437 ], [ 76.748382119888674, 29.655674291778617 ], [ 76.748383679747434, 29.655764500417195 ], [ 76.748280399632165, 29.655765862817944 ], [ 76.748281959405986, 29.655856071460182 ], [ 76.748178679191582, 29.655857433785489 ], [ 76.748181798576454, 29.656037851075986 ], [ 76.7480785181709, 29.656039213330825 ], [ 76.748076958566941, 29.655949004681268 ], [ 76.747973678246325, 29.655950366850732 ], [ 76.747976797277261, 29.656130784158474 ], [ 76.747873516765495, 29.656132146257473 ], [ 76.747875076199549, 29.656222354914355 ], [ 76.747771795588662, 29.656223716937909 ], [ 76.747773354937792, 29.65631392559844 ], [ 76.747670074227784, 29.656315287546558 ] ] ] } },
{ "type": "Feature", "properties": { "pit_id": 540, "latitude": 29.696502, "longitude": 76.762059, "category": "pit", "area_ha": 0.16, "area_m2": 1600.0, "prob_max": 0.93, "prob_mean": 0.728, "new_pit": 0, "setting": "outside riverbed", "water_share": 1.0, "buildings_near": -0.0, "compactness": 1.0, "size_class": "small (0.1-0.5 ha)", "google_maps": "https://www.google.com/maps?q=29.696502,76.762059" }, "geometry": { "type": "Polygon", "coordinates": [ [ [ 76.761804282059884, 29.696731035817752 ], [ 76.761802707619793, 29.696640828386954 ], [ 76.761906028767186, 29.696639453740694 ], [ 76.761904454242028, 29.696549246313609 ], [ 76.762007775290044, 29.696547871591822 ], [ 76.762004626076788, 29.69636745674374 ], [ 76.762107946933213, 29.696366081951425 ], [ 76.762106372245114, 29.696275874530432 ], [ 76.762313013752049, 29.696273124714224 ], [ 76.762320888186338, 29.69672416175608 ], [ 76.761804282059884, 29.696731035817752 ] ], [ [ 76.762111096330912, 29.696546496789484 ], [ 76.762214417364603, 29.696545121906627 ], [ 76.762212842569966, 29.696454914493263 ], [ 76.762109521628474, 29.696456289371106 ], [ 76.762111096330912, 29.696546496789484 ] ] ] } },
{ "type": "Feature", "properties": { "pit_id": 541, "latitude": 29.761598, "longitude": 76.802706, "category": "pit", "area_ha": 0.32, "area_m2": 3200.0, "prob_max": 0.93, "prob_mean": 0.646, "new_pit": 0, "setting": "outside riverbed", "water_share": 0.0, "buildings_near": 0.254, "compactness": 0.885, "size_class": "small (0.1-0.5 ha)", "google_maps": "https://www.google.com/maps?q=29.761598,76.802706" }, "geometry": { "type": "Polygon", "coordinates": [ [ [ 76.802551251652602, 29.761958109219044 ], [ 76.802549636551859, 29.761867904681136 ], [ 76.802446250840291, 29.76186931382092 ], [ 76.802441405859625, 29.761598700183995 ], [ 76.802544791293656, 29.761597291059591 ], [ 76.802538331052133, 29.761236472879165 ], [ 76.802641716108781, 29.76123506369451 ], [ 76.802640100974244, 29.761144859151258 ], [ 76.802743485931046, 29.761143449890984 ], [ 76.802745101158095, 29.761233654429127 ], [ 76.802848486200048, 29.761232245082997 ], [ 76.802851716861198, 29.761412654145094 ], [ 76.802955102080844, 29.76141124470799 ], [ 76.802959948405132, 29.761681858275931 ], [ 76.802856562907948, 29.761683267728408 ], [ 76.802858178271563, 29.761773472253555 ], [ 76.802961563861246, 29.761772062795959 ], [ 76.802963179324706, 29.761862267314662 ], [ 76.802859793642497, 29.761863676777395 ], [ 76.802861409020792, 29.761953881299927 ], [ 76.802551251652602, 29.761958109219044 ] ] ] } },
{ "type": "Feature", "properties": { "pit_id": 542, "latitude": 29.816457, "longitude": 76.89761, "category": "pit", "area_ha": 0.25, "area_m2": 2500.0, "prob_max": 0.93, "prob_mean": 0.613, "new_pit": 0, "setting": "outside riverbed", "water_share": 1.0, "buildings_near": 0.012, "compactness": 0.813, "size_class": "small (0.1-0.5 ha)", "google_maps": "https://www.google.com/maps?q=29.816457,76.897610" }, "geometry": { "type": "Polygon", "coordinates": [ [ [ 76.897587656149824, 29.816928199437267 ], [ 76.897584248143758, 29.816747801563125 ], [ 76.89748081157714, 29.816749287443727 ], [ 76.897473996028893, 29.816388491658014 ], [ 76.897370559825518, 29.816389977436131 ], [ 76.897367152283309, 29.816209579524561 ], [ 76.897470588301189, 29.81620809375724 ], [ 76.897468884448969, 29.816117894804854 ], [ 76.897572320366365, 29.816116408962024 ], [ 76.897570616429121, 29.816026210013732 ], [ 76.897674052246032, 29.816024724095389 ], [ 76.897677460313744, 29.816205121979873 ], [ 76.897780896308404, 29.816203635969842 ], [ 76.897789417076865, 29.816654630630953 ], [ 76.897685980618476, 29.816656116667961 ], [ 76.897689388794547, 29.81683651453395 ], [ 76.897792825438444, 29.81683502848615 ], [ 76.897794529630843, 29.81692522741178 ], [ 76.897587656149824, 29.816928199437267 ] ] ] } },
{ "type": "Feature", "properties": { "pit_id": 543, "latitude": 29.834172, "longitude": 76.978293, "category": "pit", "area_ha": 0.04, "area_m2": 400.0, "prob_max": 0.93, "prob_mean": 0.625, "new_pit": 0, "setting": "outside riverbed", "water_share": 1.0, "buildings_near": 0.002, "compactness": 1.0, "size_class": "tiny (<0.1 ha)", "google_maps": "https://www.google.com/maps?q=29.834172,76.978293" }, "geometry": { "type": "Polygon", "coordinates": [ [ [ 76.978218231657067, 29.834330831501696 ], [ 76.978212898780853, 29.834060248335039 ], [ 76.978419797659271, 29.834057148480451 ], [ 76.978421575462235, 29.834147342859413 ], [ 76.978318125934251, 29.834148892832808 ], [ 76.978321681378759, 29.834329281597999 ], [ 76.978218231657067, 29.834330831501696 ] ] ] } },
{ "type": "Feature", "properties": { "pit_id": 544, "latitude": 29.493533, "longitude": 76.714665, "category": "pit", "area_ha": 0.03, "area_m2": 300.0, "prob_max": 0.93, "prob_mean": 0.697, "new_pit": 0, "setting": "outside riverbed", "water_share": 0.0, "buildings_near": 0.016, "compactness": 1.0, "size_class": "tiny (<0.1 ha)", "google_maps": "https://www.google.com/maps?q=29.493533,76.714665" }, "geometry": { "type": "Polygon", "coordinates": [ [ [ 76.714546384786615, 29.493610209714774 ], [ 76.714544865147403, 29.493519997256005 ], [ 76.714647982107778, 29.493518667754117 ], [ 76.714646462384209, 29.493428455298901 ], [ 76.714749579246387, 29.493427125722 ], [ 76.714752618883054, 29.493607550621398 ], [ 76.714546384786615, 29.493610209714774 ] ] ] } },
{ "type": "Feature", "properties": { "pit_id": 545, "latitude": 29.730836, "longitude": 76.960407, "category": "pit", "area_ha": 0.92, "area_m2": 9200.0, "prob_max": 0.93, "prob_mean": 0.636, "new_pit": 0, "setting": "outside riverbed", "water_share": 0.0, "buildings_near": 0.0, "compactness": 0.403, "size_class": "medium (0.5-2 ha)", "google_maps": "https://www.google.com/maps?q=29.730836,76.960407" }, "geometry": { "type": "Polygon", "coordinates": [ [ [ 76.960689980310434, 29.731468389052445 ], [ 76.9606882257346, 29.731378192308981 ], [ 76.960584880706421, 29.73137972361156 ], [ 76.960583126230901, 29.7312895268612 ], [ 76.960479781287063, 29.731291058077602 ], [ 76.960478026911858, 29.731200861320346 ], [ 76.959857957635492, 29.731210046892478 ], [ 76.959842173603477, 29.730398275716901 ], [ 76.960772269931326, 29.730384496721513 ], [ 76.960774024511764, 29.730474693473983 ], [ 76.960877368600663, 29.730473162065877 ], [ 76.960880877970126, 29.730653555555694 ], [ 76.960984222235709, 29.730652024055836 ], [ 76.960987731821746, 29.7308324175292 ], [ 76.960884387371507, 29.730833949040203 ], [ 76.960896670527546, 29.731465326194304 ], [ 76.960689980310434, 29.731468389052445 ] ], [ [ 76.9602695830024, 29.731113726730449 ], [ 76.960579617303779, 29.731109133356501 ], [ 76.96057786285219, 29.731018936602172 ], [ 76.960267828827796, 29.731023529959415 ], [ 76.9602695830024, 29.731113726730449 ] ], [ [ 76.960682962054946, 29.731107602070633 ], [ 76.960786306798155, 29.731106070704151 ], [ 76.960784552161883, 29.73101587396096 ], [ 76.960681207511016, 29.731017405321872 ], [ 76.960682962054946, 29.731107602070633 ] ], [ [ 76.96057786285219, 29.731018936602172 ], [ 76.960681207511016, 29.731017405321872 ], [ 76.960679452975072, 29.730927208571778 ], [ 76.96057610840856, 29.730928739846508 ], [ 76.96057786285219, 29.731018936602172 ] ], [ [ 76.960472763834076, 29.730930271040631 ], [ 76.96057610840856, 29.730928739846508 ], [ 76.960574353972902, 29.730838543089522 ], [ 76.96047100949076, 29.730840074278078 ], [ 76.960472763834076, 29.730930271040631 ] ], [ [ 76.959954286960425, 29.730847729011682 ], [ 76.960057631482428, 29.730846198226175 ], [ 76.960054123558393, 29.73066580465256 ], [ 76.959950779221046, 29.730667335426933 ], [ 76.959954286960425, 29.730847729011682 ] ] ] } },
{ "type": "Feature", "properties": { "pit_id": 546, "latitude": 29.707824, "longitude": 76.857912, "category": "pit", "area_ha": 0.41, "area_m2": 4100.0, "prob_max": 0.93, "prob_mean": 0.642, "new_pit": 0, "setting": "outside riverbed", "water_share": 0.0, "buildings_near": 0.033, "compactness": 0.833, "size_class": "small (0.1-0.5 ha)", "google_maps": "https://www.google.com/maps?q=29.707824,76.857912" }, "geometry": { "type": "Polygon", "coordinates": [ [ [ 76.857815727007534, 29.708230937809702 ], [ 76.857812405044271, 29.708050532849303 ], [ 76.857709077703305, 29.708051982802694 ], [ 76.857705755954726, 29.707871577826477 ], [ 76.857602428790713, 29.707873027688759 ], [ 76.857600768020006, 29.707782825193402 ], [ 76.857704095091762, 29.707781375336396 ], [ 76.857705755954726, 29.707871577826477 ], [ 76.857809083111178, 29.707870127883631 ], [ 76.857805761208311, 29.707689722912715 ], [ 76.857702434236359, 29.707691172844992 ], [ 76.857700773388487, 29.707600970352289 ], [ 76.857907427140361, 29.707598070417724 ], [ 76.857905766115564, 29.70750786793425 ], [ 76.858215746409982, 29.707503517444092 ], [ 76.858214085115989, 29.707413314975142 ], [ 76.858420738423334, 29.707410414256177 ], [ 76.858425722881464, 29.707681021627401 ], [ 76.858529049800538, 29.707679571131255 ], [ 76.858534034603409, 29.707950178474832 ], [ 76.858327380204187, 29.70795307941826 ], [ 76.858329041635756, 29.708043281874037 ], [ 76.858225714332548, 29.708044732230203 ], [ 76.858227375679419, 29.708134934689944 ], [ 76.858124048276437, 29.708136384970825 ], [ 76.858120725774754, 29.707955980039461 ], [ 76.858017398548697, 29.707957430229239 ], [ 76.858015737401445, 29.707867227756307 ], [ 76.857912410260084, 29.707868677860247 ], [ 76.857919054525453, 29.708229487765209 ], [ 76.857815727007534, 29.708230937809702 ] ], [ [ 76.858015737401445, 29.707867227756307 ], [ 76.858119064535231, 29.707865777571808 ], [ 76.858117403303282, 29.707775575102826 ], [ 76.858014076261725, 29.707777025282041 ], [ 76.858015737401445, 29.707867227756307 ] ], [ [ 76.858222391661485, 29.707864327306751 ], [ 76.858325718780179, 29.707862876961151 ], [ 76.858324057363731, 29.707772674502735 ], [ 76.85822073033728, 29.707774124843056 ], [ 76.858222391661485, 29.707864327306751 ] ] ] } },
{ "type": "Feature", "properties": { "pit_id": 547, "latitude": 29.902955, "longitude": 76.78118, "category": "pit", "area_ha": 0.06, "area_m2": 600.0, "prob_max": 0.93, "prob_mean": 0.783, "new_pit": 1, "setting": "outside riverbed", "water_share": 0.833, "buildings_near": 0.198, "compactness": 1.0, "size_class": "tiny (<0.1 ha)", "google_maps": "https://www.google.com/maps?q=29.902955,76.781180" }, "geometry": { "type": "Polygon", "coordinates": [ [ [ 76.781269128848336, 29.903089599847604 ], [ 76.781267523685798, 29.902999396185397 ], [ 76.780956926695907, 29.903003591356608 ], [ 76.780955321820201, 29.902913387677895 ], [ 76.78105885406427, 29.902911989373759 ], [ 76.781057249102645, 29.902821785698791 ], [ 76.781160781246257, 29.902820387318524 ], [ 76.781162386301048, 29.902910590988423 ], [ 76.781369450752763, 29.902907793974151 ], [ 76.781372661256896, 29.90308820128973 ], [ 76.781269128848336, 29.903089599847604 ] ] ] } },
{ "type": "Feature", "properties": { "pit_id": 548, "latitude": 29.839667, "longitude": 76.945156, "category": "pit", "area_ha": 0.1, "area_m2": 1000.0, "prob_max": 0.93, "prob_mean": 0.689, "new_pit": 0, "setting": "outside riverbed", "water_share": 0.0, "buildings_near": 0.17, "compactness": 1.0, "size_class": "small (0.1-0.5 ha)", "google_maps": "https://www.google.com/maps?q=29.839667,76.945156" }, "geometry": { "type": "Polygon", "coordinates": [ [ [ 76.945108347760609, 29.839875151025492 ], [ 76.945106599476929, 29.839784954921633 ], [ 76.945003142071656, 29.83978647906422 ], [ 76.944997897546799, 29.839515890728116 ], [ 76.945308268903176, 29.839511318107238 ], [ 76.945313514263646, 29.839781906393572 ], [ 76.945210056874259, 29.839783430698091 ], [ 76.945211805250779, 29.839873626796404 ], [ 76.945108347760609, 29.839875151025492 ] ] ] } },
{ "type": "Feature", "properties": { "pit_id": 549, "latitude": 29.510791, "longitude": 76.790449, "category": "pit", "area_ha": 0.12, "area_m2": 1200.0, "prob_max": 0.93, "prob_mean": 0.644, "new_pit": 0, "setting": "outside riverbed", "water_share": 0.0, "buildings_near": 0.299, "compactness": 1.0, "size_class": "small (0.1-0.5 ha)", "google_maps": "https://www.google.com/maps?q=29.510791,76.790449" }, "geometry": { "type": "Polygon", "coordinates": [ [ [ 76.790556235829555, 29.511015435070718 ], [ 76.790553059614837, 29.510835017976003 ], [ 76.79034679898848, 29.510837796052989 ], [ 76.790343623168084, 29.510657378932752 ], [ 76.790446753302191, 29.510655989944372 ], [ 76.790445165311496, 29.510565781387381 ], [ 76.790548295347008, 29.510564392324156 ], [ 76.790549883429051, 29.51065460087607 ], [ 76.790756143661071, 29.510651822499693 ], [ 76.79075932021226, 29.510832239579312 ], [ 76.790862450500114, 29.510830850261087 ], [ 76.790864038877913, 29.510921058793862 ], [ 76.790657778112262, 29.510923837360554 ], [ 76.790659366314586, 29.511014045902183 ], [ 76.790556235829555, 29.511015435070718 ] ], [ [ 76.790553059614837, 29.510835017976003 ], [ 76.790656189917172, 29.510833628817625 ], [ 76.790654601729301, 29.510743420273382 ], [ 76.790551471518327, 29.510744809426683 ], [ 76.790553059614837, 29.510835017976003 ] ] ] } },
{ "type": "Feature", "properties": { "pit_id": 550, "latitude": 29.836869, "longitude": 77.136645, "category": "pit", "area_ha": 0.11, "area_m2": 1100.0, "prob_max": 0.93, "prob_mean": 0.788, "new_pit": 0, "setting": "outside riverbed", "water_share": 1.0, "buildings_near": -0.0, "compactness": 1.0, "size_class": "small (0.1-0.5 ha)", "google_maps": "https://www.google.com/maps?q=29.836869,77.136645" }, "geometry": { "type": "Polygon", "coordinates": [ [ [ 77.136389159033243, 29.837008728611487 ], [ 77.136385319219258, 29.836828357864164 ], [ 77.136592203204941, 29.836825009995525 ], [ 77.136590283125443, 29.836734824632 ], [ 77.1369006087602, 29.836729802240328 ], [ 77.136904449484618, 29.836910172929599 ], [ 77.136697565365679, 29.836913521295937 ], [ 77.136699485555397, 29.837003706650691 ], [ 77.136389159033243, 29.837008728611487 ] ] ] } },
{ "type": "Feature", "properties": { "pit_id": 551, "latitude": 29.891872, "longitude": 76.900709, "category": "pit", "area_ha": 0.17, "area_m2": 1700.0, "prob_max": 0.93, "prob_mean": 0.662, "new_pit": 0, "setting": "outside riverbed", "water_share": 0.941, "buildings_near": -0.0, "compactness": 1.0, "size_class": "small (0.1-0.5 ha)", "google_maps": "https://www.google.com/maps?q=29.891872,76.900709" }, "geometry": { "type": "Polygon", "coordinates": [ [ [ 76.900562496745565, 29.89204108882565 ], [ 76.900560784884576, 29.891950891071527 ], [ 76.900353756979442, 29.891953874191667 ], [ 76.900350333653179, 29.891773478657829 ], [ 76.900453847423435, 29.891771987149134 ], [ 76.900452135678862, 29.891681789385643 ], [ 76.900555649348249, 29.891680297801219 ], [ 76.900557361185918, 29.89177049555931 ], [ 76.901074929881787, 29.891763036392973 ], [ 76.90107664219272, 29.891853234122699 ], [ 76.900973128375995, 29.891854726123661 ], [ 76.900974840601606, 29.89194492385748 ], [ 76.901078354511426, 29.891943431851118 ], [ 76.90108006683792, 29.892033629578187 ], [ 76.900873038824287, 29.892036613520617 ], [ 76.900871326683998, 29.891946415782719 ], [ 76.90066429882549, 29.891949399389741 ], [ 76.900666010779574, 29.892039597138449 ], [ 76.900562496745565, 29.89204108882565 ] ] ] } },
{ "type": "Feature", "properties": { "pit_id": 552, "latitude": 29.51754, "longitude": 76.662546, "category": "pit", "area_ha": 0.13, "area_m2": 1300.0, "prob_max": 0.93, "prob_mean": 0.788, "new_pit": 0, "setting": "outside riverbed", "water_share": 0.846, "buildings_near": -0.0, "compactness": 1.0, "size_class": "small (0.1-0.5 ha)", "google_maps": "https://www.google.com/maps?q=29.517540,76.662546" }, "geometry": { "type": "Polygon", "coordinates": [ [ [ 76.66233902413309, 29.517733679135663 ], [ 76.662334599675447, 29.517463035440148 ], [ 76.662437743681508, 29.517461745463216 ], [ 76.662436268784333, 29.517371530900178 ], [ 76.662745700488031, 29.517367660503766 ], [ 76.662750126022388, 29.51763830414658 ], [ 76.662646981853655, 29.517639594372834 ], [ 76.662648456953818, 29.517729808922574 ], [ 76.662545312686959, 29.517731099073572 ], [ 76.662543837678214, 29.517640884519118 ], [ 76.662440693496052, 29.517642174585433 ], [ 76.662442168413392, 29.517732389144598 ], [ 76.66233902413309, 29.517733679135663 ] ] ] } },
{ "type": "Feature", "properties": { "pit_id": 553, "latitude": 29.891641, "longitude": 76.942761, "category": "pit", "area_ha": 0.08, "area_m2": 800.0, "prob_max": 0.93, "prob_mean": 0.589, "new_pit": 0, "setting": "outside riverbed", "water_share": 1.0, "buildings_near": -0.0, "compactness": 1.0, "size_class": "tiny (<0.1 ha)", "google_maps": "https://www.google.com/maps?q=29.891641,76.942761" }, "geometry": { "type": "Polygon", "coordinates": [ [ [ 76.942699060898349, 29.891788050139265 ], [ 76.942697311116504, 29.891697854615703 ], [ 76.942593799993034, 29.891699379262857 ], [ 76.942590300639353, 29.891518988200694 ], [ 76.942900833427416, 29.891514414049002 ], [ 76.942906083307648, 29.891785000590499 ], [ 76.942699060898349, 29.891788050139265 ] ] ] } },
{ "type": "Feature", "properties": { "pit_id": 554, "latitude": 29.616837, "longitude": 76.612536, "category": "pit", "area_ha": 0.36, "area_m2": 3600.0, "prob_max": 0.92, "prob_mean": 0.57, "new_pit": 0, "setting": "outside riverbed", "water_share": 0.0, "buildings_near": 0.162, "compactness": 0.48, "size_class": "small (0.1-0.5 ha)", "google_maps": "https://www.google.com/maps?q=29.616837,76.612536" }, "geometry": { "type": "Polygon", "coordinates": [ [ [ 76.612230164413788, 29.617066412864162 ], [ 76.612228728250159, 29.616976197386105 ], [ 76.612435223771655, 29.616973687458994 ], [ 76.612433787430788, 29.616883471988807 ], [ 76.612330539765196, 29.616884726987937 ], [ 76.612327667286863, 29.61670429603452 ], [ 76.612534162244032, 29.616701785974282 ], [ 76.612532725830903, 29.616611570504801 ], [ 76.612739220578177, 29.616609060132536 ], [ 76.612737783987868, 29.616518844670917 ], [ 76.613150773036466, 29.616513822981187 ], [ 76.613153646958637, 29.616694253866516 ], [ 76.613256894388186, 29.6166929982342 ], [ 76.613261205596118, 29.616963644538753 ], [ 76.613054710179227, 29.616966155750582 ], [ 76.61305614707787, 29.617056371192017 ], [ 76.612230164413788, 29.617066412864162 ] ], [ [ 76.612744967004858, 29.616969921966113 ], [ 76.613054710179227, 29.616966155750582 ], [ 76.613051836401567, 29.616785724863856 ], [ 76.612742093778451, 29.616789491051914 ], [ 76.612744967004858, 29.616969921966113 ] ], [ [ 76.612638846224328, 29.616790746287343 ], [ 76.612742093778451, 29.616789491051914 ], [ 76.612740657175053, 29.616699275592872 ], [ 76.612637409712804, 29.616700530823717 ], [ 76.612638846224328, 29.616790746287343 ] ], [ [ 76.613051836401567, 29.616785724863856 ], [ 76.613155083929527, 29.616784469307252 ], [ 76.613153646958637, 29.616694253866516 ], [ 76.61305039952255, 29.616695509418541 ], [ 76.613051836401567, 29.616785724863856 ] ] ] } },
{ "type": "Feature", "properties": { "pit_id": 555, "latitude": 29.555764, "longitude": 76.878848, "category": "pit", "area_ha": 0.67, "area_m2": 6700.0, "prob_max": 0.92, "prob_mean": 0.613, "new_pit": 0, "setting": "outside riverbed", "water_share": 0.0, "buildings_near": 0.165, "compactness": 0.309, "size_class": "medium (0.5-2 ha)", "google_maps": "https://www.google.com/maps?q=29.555764,76.878848" }, "geometry": { "type": "Polygon", "coordinates": [ [ [ 76.878868692124541, 29.556353878785146 ], [ 76.878867022639454, 29.556263675324931 ], [ 76.878763851341589, 29.556265134925322 ], [ 76.878758843206541, 29.55599452452082 ], [ 76.878655672175697, 29.555995984025156 ], [ 76.878654002904085, 29.555905780549036 ], [ 76.878241319070852, 29.555911617744513 ], [ 76.878244656889336, 29.556092024738074 ], [ 76.87814148572896, 29.556093483847455 ], [ 76.878134810488547, 29.555732669833805 ], [ 76.878341152069396, 29.555729751577598 ], [ 76.878339483095218, 29.555639548081555 ], [ 76.878442653782699, 29.555638088838691 ], [ 76.878440984724577, 29.55554788534667 ], [ 76.878647325893667, 29.555544966631444 ], [ 76.878645656660069, 29.555454763148774 ], [ 76.878748827141678, 29.555453303676408 ], [ 76.878747157824137, 29.555363100197731 ], [ 76.878850328206596, 29.555361640650645 ], [ 76.878848658805126, 29.555271437176003 ], [ 76.878951829088464, 29.55526997755419 ], [ 76.878950159603036, 29.555179774083566 ], [ 76.879156499963827, 29.555176854610426 ], [ 76.879159839308414, 29.555357261529039 ], [ 76.879263009660491, 29.555355801661733 ], [ 76.879271358612684, 29.555806818908678 ], [ 76.87906501698555, 29.555809738616542 ], [ 76.87906668661573, 29.555899942072656 ], [ 76.879273028425928, 29.555897022354131 ], [ 76.879278037911277, 29.556167632682627 ], [ 76.879174866735354, 29.556169092597905 ], [ 76.879176536487464, 29.55625929604345 ], [ 76.878970193929732, 29.556262215644498 ], [ 76.878971863506365, 29.556352419099376 ], [ 76.878868692124541, 29.556353878785146 ] ], [ [ 76.878862014229796, 29.555993064936427 ], [ 76.878965185245448, 29.555991605271966 ], [ 76.878961846160578, 29.555811198350394 ], [ 76.87906501698555, 29.555809738616542 ], [ 76.879063347362987, 29.555719535159124 ], [ 76.878857005888534, 29.555722454536109 ], [ 76.878858675328019, 29.555812658004186 ], [ 76.87865233364009, 29.555815577071609 ], [ 76.878654002904085, 29.555905780549036 ], [ 76.878860344775106, 29.555902861470955 ], [ 76.878862014229796, 29.555993064936427 ] ], [ [ 76.878342821051177, 29.555819955072316 ], [ 76.878445991921751, 29.555818495818809 ], [ 76.878444322848438, 29.555728292329409 ], [ 76.878341152069396, 29.555729751577598 ], [ 76.878342821051177, 29.555819955072316 ] ], [ [ 76.878855336456652, 29.555632251066708 ], [ 76.878958507106134, 29.555630791423571 ], [ 76.878955168082101, 29.555450384491504 ], [ 76.878851997615683, 29.555451844123979 ], [ 76.878855336456652, 29.555632251066708 ] ] ] } },
{ "type": "Feature", "properties": { "pit_id": 556, "latitude": 29.559058, "longitude": 76.88542, "category": "pit", "area_ha": 0.04, "area_m2": 400.0, "prob_max": 0.92, "prob_mean": 0.747, "new_pit": 1, "setting": "outside riverbed", "water_share": 0.5, "buildings_near": 0.241, "compactness": 1.0, "size_class": "tiny (<0.1 ha)", "google_maps": "https://www.google.com/maps?q=29.559058,76.885420" }, "geometry": { "type": "Polygon", "coordinates": [ [ [ 76.885318912575599, 29.559149726322605 ], [ 76.88531556177378, 29.55896932014678 ], [ 76.885521909078477, 29.558966390447267 ], [ 76.88552526024651, 29.559146796601706 ], [ 76.885318912575599, 29.559149726322605 ] ] ] } },
{ "type": "Feature", "properties": { "pit_id": 557, "latitude": 29.472221, "longitude": 76.560695, "category": "pit", "area_ha": 0.45, "area_m2": 4500.0, "prob_max": 0.92, "prob_mean": 0.725, "new_pit": 0, "setting": "outside riverbed", "water_share": 1.0, "buildings_near": 0.0, "compactness": 0.544, "size_class": "small (0.1-0.5 ha)", "google_maps": "https://www.google.com/maps?q=29.472221,76.560695" }, "geometry": { "type": "Polygon", "coordinates": [ [ [ 76.560025004149381, 29.47241227752426 ], [ 76.560020859588306, 29.472141618337016 ], [ 76.560123962887218, 29.472140409416877 ], [ 76.560122581288226, 29.472050189689657 ], [ 76.561256716157146, 29.472036886347897 ], [ 76.561258098759481, 29.472127106026463 ], [ 76.561361201982805, 29.472125896148341 ], [ 76.561365350101269, 29.472396555163041 ], [ 76.56054052194915, 29.472406232058901 ], [ 76.560539139966423, 29.472316012353218 ], [ 76.560229829579086, 29.472319639858657 ], [ 76.560231211288169, 29.472409859577613 ], [ 76.560025004149381, 29.47241227752426 ] ], [ [ 76.561054657152667, 29.472309964914174 ], [ 76.561157760571007, 29.472308755186866 ], [ 76.561154995529847, 29.472128315824744 ], [ 76.561051892293932, 29.472129525543203 ], [ 76.561054657152667, 29.472309964914174 ] ] ] } },
{ "type": "Feature", "properties": { "pit_id": 558, "latitude": 29.606771, "longitude": 77.072968, "category": "pit", "area_ha": 0.34, "area_m2": 3400.0, "prob_max": 0.92, "prob_mean": 0.679, "new_pit": 0, "setting": "outside riverbed", "water_share": 1.0, "buildings_near": -0.0, "compactness": 0.911, "size_class": "small (0.1-0.5 ha)", "google_maps": "https://www.google.com/maps?q=29.606771,77.072968" }, "geometry": { "type": "Polygon", "coordinates": [ [ [ 77.072883940019281, 29.607239170289265 ], [ 77.07288209440182, 29.607148978098117 ], [ 77.072778883444997, 29.607150590870447 ], [ 77.072764119541404, 29.60642905324632 ], [ 77.07286732976435, 29.606427440521045 ], [ 77.072865484222461, 29.606337248317917 ], [ 77.073071904459709, 29.606334022638571 ], [ 77.07307375018506, 29.606424214829936 ], [ 77.07317696038281, 29.606422601864086 ], [ 77.073188035461712, 29.606963754949014 ], [ 77.073084824713561, 29.606965367950146 ], [ 77.073090362091179, 29.607235944492281 ], [ 77.072883940019281, 29.607239170289265 ] ] ] } },
{ "type": "Feature", "properties": { "pit_id": 559, "latitude": 29.595359, "longitude": 76.944854, "category": "pit", "area_ha": 0.03, "area_m2": 300.0, "prob_max": 0.92, "prob_mean": 0.73, "new_pit": 0, "setting": "outside riverbed", "water_share": 0.0, "buildings_near": 0.0, "compactness": 1.0, "size_class": "tiny (<0.1 ha)", "google_maps": "https://www.google.com/maps?q=29.595359,76.944854" }, "geometry": { "type": "Polygon", "coordinates": [ [ [ 76.944839186003918, 29.595464079971357 ], [ 76.944837455175332, 29.595373880522732 ], [ 76.94473424808649, 29.59537539316398 ], [ 76.94473251735748, 29.59528519370852 ], [ 76.944938931343884, 29.595282168356899 ], [ 76.944942393176603, 29.595462567244432 ], [ 76.944839186003918, 29.595464079971357 ] ] ] } },
{ "type": "Feature", "properties": { "pit_id": 560, "latitude": 29.646042, "longitude": 76.948961, "category": "pit", "area_ha": 0.04, "area_m2": 400.0, "prob_max": 0.92, "prob_mean": 0.62, "new_pit": 0, "setting": "outside riverbed", "water_share": 1.0, "buildings_near": 0.078, "compactness": 1.0, "size_class": "tiny (<0.1 ha)", "google_maps": "https://www.google.com/maps?q=29.646042,76.948961" }, "geometry": { "type": "Polygon", "coordinates": [ [ [ 76.948807660092982, 29.646111969697948 ], [ 76.948805922166528, 29.646021771151251 ], [ 76.948909180624682, 29.646020252997388 ], [ 76.9489074426142, 29.645930054454901 ], [ 76.949010700972508, 29.645928536226233 ], [ 76.949012439074949, 29.646018734763192 ], [ 76.949115697517286, 29.646017216448662 ], [ 76.949117435719572, 29.646107414978772 ], [ 76.948807660092982, 29.646111969697948 ] ] ] } },
{ "type": "Feature", "properties": { "pit_id": 561, "latitude": 29.522055, "longitude": 76.680341, "category": "pit", "area_ha": 0.1, "area_m2": 1000.0, "prob_max": 0.92, "prob_mean": 0.723, "new_pit": 0, "setting": "outside riverbed", "water_share": 0.0, "buildings_near": 0.026, "compactness": 1.0, "size_class": "small (0.1-0.5 ha)", "google_maps": "https://www.google.com/maps?q=29.522055,76.680341" }, "geometry": { "type": "Polygon", "coordinates": [ [ [ 76.680261897899157, 29.522290647555174 ], [ 76.68025742492307, 29.52202000652499 ], [ 76.680154277233754, 29.522021310508023 ], [ 76.680152786346724, 29.521931096823938 ], [ 76.680255933944622, 29.521929792845679 ], [ 76.680254442972966, 29.521839579165061 ], [ 76.680460737965532, 29.521836970978129 ], [ 76.680463720281324, 29.522017398318987 ], [ 76.680360572605608, 29.522018702461974 ], [ 76.680362063682253, 29.522108916135238 ], [ 76.680465211449416, 29.522107611987487 ], [ 76.680468193805979, 29.522288039320586 ], [ 76.680261897899157, 29.522290647555174 ] ] ] } },
{ "type": "Feature", "properties": { "pit_id": 562, "latitude": 29.5807, "longitude": 76.621844, "category": "pit", "area_ha": 0.13, "area_m2": 1300.0, "prob_max": 0.92, "prob_mean": 0.635, "new_pit": 0, "setting": "outside riverbed", "water_share": 0.0, "buildings_near": 0.115, "compactness": 1.0, "size_class": "small (0.1-0.5 ha)", "google_maps": "https://www.google.com/maps?q=29.580700,76.621844" }, "geometry": { "type": "Polygon", "coordinates": [ [ [ 76.621667670301875, 29.580858194829922 ], [ 76.621661900553903, 29.580497332624976 ], [ 76.621868320821818, 29.580494810831247 ], [ 76.621869763432358, 29.580585026375211 ], [ 76.62197297364817, 29.580583765353488 ], [ 76.621974416356991, 29.580673980891557 ], [ 76.622077626657941, 29.580672719785053 ], [ 76.622080512278714, 29.580853150848142 ], [ 76.621667670301875, 29.580858194829922 ] ] ] } },
{ "type": "Feature", "properties": { "pit_id": 563, "latitude": 29.906207, "longitude": 76.872146, "category": "pit", "area_ha": 0.63, "area_m2": 6300.0, "prob_max": 0.92, "prob_mean": 0.597, "new_pit": 0, "setting": "outside riverbed", "water_share": 0.0, "buildings_near": 0.037, "compactness": 0.282, "size_class": "medium (0.5-2 ha)", "google_maps": "https://www.google.com/maps?q=29.906207,76.872146" }, "geometry": { "type": "Polygon", "coordinates": [ [ [ 76.872774804407456, 29.906603604674224 ], [ 76.872773116575146, 29.906513405672804 ], [ 76.872876647229518, 29.906511935145613 ], [ 76.872874959311702, 29.906421736148211 ], [ 76.872978489865233, 29.906420265545147 ], [ 76.872976801861896, 29.906330066551746 ], [ 76.872873271401531, 29.906331537149484 ], [ 76.87287158349902, 29.906241338149432 ], [ 76.872768053124162, 29.906242808660629 ], [ 76.872762989742128, 29.90597221163658 ], [ 76.872659459639124, 29.90597368205059 ], [ 76.872661147332309, 29.906063881065268 ], [ 76.872454086916989, 29.906066821660382 ], [ 76.872455774431486, 29.906157020684386 ], [ 76.872248713799181, 29.906159960965375 ], [ 76.872252088478447, 29.906340359030729 ], [ 76.872355618984784, 29.906338888920178 ], [ 76.872353931548133, 29.906248689893488 ], [ 76.872560992351467, 29.90624574943946 ], [ 76.87256267997445, 29.906335948455492 ], [ 76.872769740933506, 29.906333007666017 ], [ 76.872771428750497, 29.90642320667007 ], [ 76.872667898181632, 29.906424677110738 ], [ 76.872669585913115, 29.906514876118809 ], [ 76.872358993881051, 29.906519286969605 ], [ 76.87235730642908, 29.906429087945547 ], [ 76.872150245222429, 29.906432028096116 ], [ 76.872148557964465, 29.906341829060082 ], [ 76.872045027442823, 29.906343299008235 ], [ 76.872041653136236, 29.906162900921565 ], [ 76.872145183471531, 29.906161430984067 ], [ 76.872143496236546, 29.906071231944075 ], [ 76.872039965994418, 29.906072701876258 ], [ 76.872038278860259, 29.905982502829609 ], [ 76.872141809009236, 29.905981032902766 ], [ 76.872140121789556, 29.905890833860123 ], [ 76.872036591733774, 29.905892303781641 ], [ 76.872034904614949, 29.905802104732366 ], [ 76.87224196453252, 29.905799164818788 ], [ 76.872243651837692, 29.905889363857415 ], [ 76.872450711910972, 29.905886423608404 ], [ 76.872452399410136, 29.905976622635048 ], [ 76.872555929528474, 29.905975152383419 ], [ 76.872554241936115, 29.905884953362101 ], [ 76.872657771953612, 29.905883483034607 ], [ 76.872656084275746, 29.905793284017296 ], [ 76.873070203896418, 29.905787401916676 ], [ 76.873073580005169, 29.905967799907337 ], [ 76.873177110077535, 29.905966329168535 ], [ 76.873182174577622, 29.906236926128638 ], [ 76.873285704921827, 29.906235455292645 ], [ 76.87329245806859, 29.906596251199627 ], [ 76.873085396627133, 29.906599192833056 ], [ 76.873083708515281, 29.906508993847627 ], [ 76.872980177876244, 29.906510464537227 ], [ 76.8729818658949, 29.906600663527975 ], [ 76.872774804407456, 29.906603604674224 ] ], [ [ 76.87235730642908, 29.906429087945547 ], [ 76.872460837020924, 29.906427617748484 ], [ 76.872459149483461, 29.90633741872843 ], [ 76.872355618984784, 29.906338888920178 ], [ 76.87235730642908, 29.906429087945547 ] ], [ [ 76.87287158349902, 29.906241338149432 ], [ 76.872975113866218, 29.906239867557023 ], [ 76.8729734258782, 29.906149668560989 ], [ 76.872869895604168, 29.906151139148058 ], [ 76.87287158349902, 29.906241338149432 ] ] ] } },
{ "type": "Feature", "properties": { "pit_id": 564, "latitude": 29.759289, "longitude": 76.845274, "category": "pit", "area_ha": 0.09, "area_m2": 900.0, "prob_max": 0.92, "prob_mean": 0.638, "new_pit": 0, "setting": "outside riverbed", "water_share": 1.0, "buildings_near": 0.008, "compactness": 1.0, "size_class": "tiny (<0.1 ha)", "google_maps": "https://www.google.com/maps?q=29.759289,76.845274" }, "geometry": { "type": "Polygon", "coordinates": [ [ [ 76.845110857650297, 29.75947642204968 ], [ 76.845105898505835, 29.759205814755706 ], [ 76.845209279022797, 29.759204372393835 ], [ 76.845207625897189, 29.759114169965134 ], [ 76.845517767125571, 29.759109842410904 ], [ 76.845519420528646, 29.759200044823874 ], [ 76.845312659532269, 29.759202929951243 ], [ 76.845314312757878, 29.75929313237339 ], [ 76.845210932155936, 29.759294574821229 ], [ 76.845212585296579, 29.759384777247313 ], [ 76.845419346677957, 29.759381892260414 ], [ 76.8454210000111, 29.759472094674692 ], [ 76.845110857650297, 29.75947642204968 ] ] ] } },
{ "type": "Feature", "properties": { "pit_id": 565, "latitude": 29.479598, "longitude": 77.031066, "category": "likely village pond", "area_ha": 0.1, "area_m2": 1000.0, "prob_max": 0.92, "prob_mean": 0.756, "new_pit": 0, "setting": "outside riverbed", "water_share": 0.8, "buildings_near": 0.157, "compactness": 1.0, "size_class": "small (0.1-0.5 ha)", "google_maps": "https://www.google.com/maps?q=29.479598,77.031066" }, "geometry": { "type": "Polygon", "coordinates": [ [ [ 77.03110015353127, 29.479768860083169 ], [ 77.031098354444154, 29.479678663795816 ], [ 77.030995270186537, 29.479680237911101 ], [ 77.030993471198784, 29.479590041616653 ], [ 77.030890387024129, 29.479591615646385 ], [ 77.030892185920749, 29.47968181194658 ], [ 77.030789101646747, 29.479683385902288 ], [ 77.030785504044019, 29.47950299328906 ], [ 77.03130092442052, 29.479495122770256 ], [ 77.031304522934789, 29.479675515325916 ], [ 77.031201438693557, 29.479677089600766 ], [ 77.03120323787185, 29.479767285882357 ], [ 77.03110015353127, 29.479768860083169 ] ] ] } },
{ "type": "Feature", "properties": { "pit_id": 566, "latitude": 29.708269, "longitude": 76.951134, "category": "pit", "area_ha": 0.05, "area_m2": 500.0, "prob_max": 0.92, "prob_mean": 0.776, "new_pit": 0, "setting": "outside riverbed", "water_share": 1.0, "buildings_near": 0.096, "compactness": 1.0, "size_class": "tiny (<0.1 ha)", "google_maps": "https://www.google.com/maps?q=29.708269,76.951134" }, "geometry": { "type": "Polygon", "coordinates": [ [ [ 76.95104368050572, 29.708423626094962 ], [ 76.951038447573524, 29.708153033356819 ], [ 76.951245091218794, 29.708149987730224 ], [ 76.951248580201252, 29.708330382868148 ], [ 76.95114525819811, 29.708331905732791 ], [ 76.951147002609005, 29.708422103305303 ], [ 76.95104368050572, 29.708423626094962 ] ] ] } },
{ "type": "Feature", "properties": { "pit_id": 567, "latitude": 29.755458, "longitude": 76.781771, "category": "pit", "area_ha": 0.03, "area_m2": 300.0, "prob_max": 0.92, "prob_mean": 0.783, "new_pit": 0, "setting": "outside riverbed", "water_share": 1.0, "buildings_near": -0.0, "compactness": 1.0, "size_class": "tiny (<0.1 ha)", "google_maps": "https://www.google.com/maps?q=29.755458,76.781771" }, "geometry": { "type": "Polygon", "coordinates": [ [ [ 76.781755816692979, 29.755563116771338 ], [ 76.781754220632109, 29.755472911117891 ], [ 76.781650840306128, 29.755474303735095 ], [ 76.781649244344976, 29.755384098075279 ], [ 76.781856004804723, 29.755381312770275 ], [ 76.781859197104211, 29.755561724068347 ], [ 76.781755816692979, 29.755563116771338 ] ] ] } },
{ "type": "Feature", "properties": { "pit_id": 568, "latitude": 29.731496, "longitude": 76.889894, "category": "pit", "area_ha": 0.26, "area_m2": 2600.0, "prob_max": 0.92, "prob_mean": 0.663, "new_pit": 0, "setting": "outside riverbed", "water_share": 0.538, "buildings_near": 0.137, "compactness": 0.864, "size_class": "small (0.1-0.5 ha)", "google_maps": "https://www.google.com/maps?q=29.731496,76.889894" }, "geometry": { "type": "Polygon", "coordinates": [ [ [ 76.889884887765703, 29.731867045351361 ], [ 76.889883196501273, 29.731776844852021 ], [ 76.889779846755005, 29.73177832089231 ], [ 76.889778155590605, 29.731688120386277 ], [ 76.889674805929019, 29.731689596340587 ], [ 76.889664659658209, 29.731148393244485 ], [ 76.889768008765685, 29.731146917322388 ], [ 76.889766317655102, 29.731056716807121 ], [ 76.889869666662563, 29.731055240809781 ], [ 76.889873049076101, 29.731235641828249 ], [ 76.889976398260572, 29.73123416573954 ], [ 76.88997808957123, 29.731324366241427 ], [ 76.890081438840355, 29.731322890066714 ], [ 76.890084821669447, 29.731503291055805 ], [ 76.890188171115582, 29.731501814789741 ], [ 76.890193245693936, 29.73177241624737 ], [ 76.889986546239854, 29.731775368731089 ], [ 76.88998823759664, 29.731865569225072 ], [ 76.889884887765703, 29.731867045351361 ] ], [ [ 76.889879813995478, 29.731596443849359 ], [ 76.890086513095511, 29.731593491548363 ], [ 76.890084821669447, 29.731503291055805 ], [ 76.889878122754098, 29.731506243346068 ], [ 76.889879813995478, 29.731596443849359 ] ], [ [ 76.889773082143563, 29.731417518860265 ], [ 76.88987643152042, 29.731416042841431 ], [ 76.889874740294417, 29.731325842335501 ], [ 76.889771391009916, 29.731327318348953 ], [ 76.889773082143563, 29.731417518860265 ] ] ] } },
{ "type": "Feature", "properties": { "pit_id": 569, "latitude": 29.574389, "longitude": 76.943317, "category": "likely village pond", "area_ha": 0.03, "area_m2": 300.0, "prob_max": 0.91, "prob_mean": 0.857, "new_pit": 0, "setting": "outside riverbed", "water_share": 1.0, "buildings_near": 0.349, "compactness": 1.0, "size_class": "tiny (<0.1 ha)", "google_maps": "https://www.google.com/maps?q=29.574389,76.943317" }, "geometry": { "type": "Polygon", "coordinates": [ [ [ 76.943197885377188, 29.574465703851192 ], [ 76.943196157482475, 29.574375504029181 ], [ 76.943299343301007, 29.574373993554477 ], [ 76.943297615322564, 29.574283793736665 ], [ 76.943400801041605, 29.574282283187376 ], [ 76.943404257189627, 29.574462682810662 ], [ 76.943197885377188, 29.574465703851192 ] ] ] } },
{ "type": "Feature", "properties": { "pit_id": 570, "latitude": 29.818951, "longitude": 76.801435, "category": "pit", "area_ha": 0.06, "area_m2": 600.0, "prob_max": 0.91, "prob_mean": 0.677, "new_pit": 0, "setting": "outside riverbed", "water_share": 0.5, "buildings_near": -0.0, "compactness": 1.0, "size_class": "tiny (<0.1 ha)", "google_maps": "https://www.google.com/maps?q=29.818951,76.801435" }, "geometry": { "type": "Polygon", "coordinates": [ [ [ 76.80129930489565, 29.819088372445233 ], [ 76.801296069480145, 29.818907964803135 ], [ 76.801399513897707, 29.818906554123433 ], [ 76.801397896108199, 29.818816350305539 ], [ 76.801604784735716, 29.818813528713616 ], [ 76.801606402710789, 29.81890373252126 ], [ 76.801502958307921, 29.818905143362809 ], [ 76.801506194094543, 29.819085550984411 ], [ 76.80129930489565, 29.819088372445233 ] ] ] } },
{ "type": "Feature", "properties": { "pit_id": 571, "latitude": 29.892153, "longitude": 77.069697, "category": "pit", "area_ha": 0.22, "area_m2": 2200.0, "prob_max": 0.91, "prob_mean": 0.736, "new_pit": 0, "setting": "outside riverbed", "water_share": 1.0, "buildings_near": 0.0, "compactness": 0.831, "size_class": "small (0.1-0.5 ha)", "google_maps": "https://www.google.com/maps?q=29.892153,77.069697" }, "geometry": { "type": "Polygon", "coordinates": [ [ [ 77.069235885784522, 29.892389579755744 ], [ 77.069234022033683, 29.89229939124354 ], [ 77.069337525733474, 29.89229776721729 ], [ 77.069333798071057, 29.892117390200642 ], [ 77.069437301576258, 29.892115766105043 ], [ 77.06943543766468, 29.892025577600595 ], [ 77.069538941068359, 29.892023953429771 ], [ 77.06953521308445, 29.891843576428638 ], [ 77.069638716293539, 29.891841952188468 ], [ 77.06964430856128, 29.892112517670498 ], [ 77.070058322429787, 29.892106019828002 ], [ 77.070056457959836, 29.892015831358886 ], [ 77.070263464657188, 29.892012581962721 ], [ 77.070261600009587, 29.891922393504036 ], [ 77.070365103252499, 29.891920768690166 ], [ 77.070366967993181, 29.892010957142958 ], [ 77.070263464657188, 29.892012581962721 ], [ 77.070265329313258, 29.892102770420045 ], [ 77.070058322429787, 29.892106019828002 ], [ 77.070060186908194, 29.892196208295779 ], [ 77.069956683360701, 29.892197832883962 ], [ 77.069958547754524, 29.892288021356297 ], [ 77.069441029424794, 29.892296143109917 ], [ 77.069442893361753, 29.89238633161035 ], [ 77.069235885784522, 29.892389579755744 ] ] ] } },
{ "type": "Feature", "properties": { "pit_id": 572, "latitude": 29.839759, "longitude": 76.739399, "category": "likely village pond", "area_ha": 0.05, "area_m2": 500.0, "prob_max": 0.91, "prob_mean": 0.7, "new_pit": 0, "setting": "outside riverbed", "water_share": 0.8, "buildings_near": 0.217, "compactness": 1.0, "size_class": "tiny (<0.1 ha)", "google_maps": "https://www.google.com/maps?q=29.839759,76.739399" }, "geometry": { "type": "Polygon", "coordinates": [ [ [ 76.73926620961241, 29.839859964045345 ], [ 76.739263082961202, 29.839679550910695 ], [ 76.739573490810173, 29.839675461750563 ], [ 76.739575054410892, 29.839765668303702 ], [ 76.739471585042111, 29.839767031443028 ], [ 76.739473148557053, 29.839857237999816 ], [ 76.73926620961241, 29.839859964045345 ] ] ] } },
{ "type": "Feature", "properties": { "pit_id": 573, "latitude": 29.709917, "longitude": 77.087481, "category": "pit", "area_ha": 0.17, "area_m2": 1700.0, "prob_max": 0.91, "prob_mean": 0.657, "new_pit": 0, "setting": "outside riverbed", "water_share": 1.0, "buildings_near": -0.0, "compactness": 1.0, "size_class": "small (0.1-0.5 ha)", "google_maps": "https://www.google.com/maps?q=29.709917,77.087481" }, "geometry": { "type": "Polygon", "coordinates": [ [ [ 77.08739872498019, 29.710223238033649 ], [ 77.087394992367692, 29.710042858118797 ], [ 77.087188362224879, 29.710046116365827 ], [ 77.087190228342465, 29.71013630633578 ], [ 77.087086913166118, 29.710137935344445 ], [ 77.087085047140746, 29.710047745368573 ], [ 77.087188362224879, 29.710046116365827 ], [ 77.087186496115777, 29.709955926394557 ], [ 77.087289811099225, 29.709954297317214 ], [ 77.087287944906379, 29.709864107350509 ], [ 77.087391259789143, 29.709862478198588 ], [ 77.087389393512581, 29.709772288236493 ], [ 77.087492708294647, 29.709770659009965 ], [ 77.087490841934368, 29.709680469052458 ], [ 77.087800785953036, 29.709675580907572 ], [ 77.087802652589929, 29.709765770847294 ], [ 77.087699337833314, 29.709767400315371 ], [ 77.087703070948152, 29.709947780202675 ], [ 77.087599755998639, 29.709949409602096 ], [ 77.087601622476583, 29.710039599549656 ], [ 77.087498307426372, 29.710041228874484 ], [ 77.087502040223285, 29.710221608777477 ], [ 77.08739872498019, 29.710223238033649 ] ] ] } },
{ "type": "Feature", "properties": { "pit_id": 574, "latitude": 29.580324, "longitude": 77.098636, "category": "pit", "area_ha": 0.03, "area_m2": 300.0, "prob_max": 0.91, "prob_mean": 0.683, "new_pit": 0, "setting": "Yamuna riverbed", "water_share": 0.0, "buildings_near": -0.0, "compactness": 1.0, "size_class": "tiny (<0.1 ha)", "google_maps": "https://www.google.com/maps?q=29.580324,77.098636" }, "geometry": { "type": "Polygon", "coordinates": [ [ [ 77.098552044180337, 29.580400999134547 ], [ 77.098548311335108, 29.58022061697589 ], [ 77.09865149318739, 29.580218985506516 ], [ 77.098653359697366, 29.580309176580545 ], [ 77.098756541632753, 29.580307545025128 ], [ 77.09875840824283, 29.580397736091879 ], [ 77.098552044180337, 29.580400999134547 ] ] ] } },
{ "type": "Feature", "properties": { "pit_id": 575, "latitude": 29.613082, "longitude": 76.613271, "category": "pit", "area_ha": 0.31, "area_m2": 3100.0, "prob_max": 0.91, "prob_mean": 0.688, "new_pit": 0, "setting": "outside riverbed", "water_share": 0.0, "buildings_near": 0.101, "compactness": 0.947, "size_class": "small (0.1-0.5 ha)", "google_maps": "https://www.google.com/maps?q=29.613082,76.613271" }, "geometry": { "type": "Polygon", "coordinates": [ [ [ 76.612997239595515, 29.613357537034631 ], [ 76.612988619910283, 29.612816244049068 ], [ 76.613091863396193, 29.61281498869392 ], [ 76.613090426713015, 29.612724773196376 ], [ 76.613193670100515, 29.612723517765538 ], [ 76.613195106875565, 29.612813733258491 ], [ 76.613298350348387, 29.612812477742775 ], [ 76.613299787221806, 29.612902693229859 ], [ 76.61350627433157, 29.61290018194844 ], [ 76.613507711395243, 29.612990397425072 ], [ 76.613610955032172, 29.612989141659362 ], [ 76.613613829362862, 29.613169572599606 ], [ 76.613717073176957, 29.613168316744449 ], [ 76.613718510443974, 29.61325853220805 ], [ 76.61330553478092, 29.613263555165283 ], [ 76.613306971687052, 29.613353770645922 ], [ 76.612997239595515, 29.613357537034631 ] ] ] } },
{ "type": "Feature", "properties": { "pit_id": 576, "latitude": 29.544262, "longitude": 76.827258, "category": "pit", "area_ha": 0.04, "area_m2": 400.0, "prob_max": 0.91, "prob_mean": 0.655, "new_pit": 0, "setting": "outside riverbed", "water_share": 1.0, "buildings_near": -0.0, "compactness": 1.0, "size_class": "tiny (<0.1 ha)", "google_maps": "https://www.google.com/maps?q=29.544262,76.827258" }, "geometry": { "type": "Polygon", "coordinates": [ [ [ 76.827156349907412, 29.544353203751275 ], [ 76.827153104395165, 29.544172791215352 ], [ 76.827359428456845, 29.544169953148781 ], [ 76.827362674335077, 29.544350365663995 ], [ 76.827156349907412, 29.544353203751275 ] ] ] } },
{ "type": "Feature", "properties": { "pit_id": 577, "latitude": 29.499671, "longitude": 76.974686, "category": "pit", "area_ha": 0.03, "area_m2": 300.0, "prob_max": 0.91, "prob_mean": 0.833, "new_pit": 0, "setting": "outside riverbed", "water_share": 0.667, "buildings_near": 0.002, "compactness": 1.0, "size_class": "tiny (<0.1 ha)", "google_maps": "https://www.google.com/maps?q=29.499671,76.974686" }, "geometry": { "type": "Polygon", "coordinates": [ [ [ 76.97456727623819, 29.499747888326894 ], [ 76.974565525784143, 29.499657689186183 ], [ 76.974668633832394, 29.499656157848861 ], [ 76.974666883295072, 29.499565958712424 ], [ 76.974769991244074, 29.499564427300839 ], [ 76.974773492509215, 29.499744825561205 ], [ 76.97456727623819, 29.499747888326894 ] ] ] } },
{ "type": "Feature", "properties": { "pit_id": 578, "latitude": 29.906275, "longitude": 76.87461, "category": "pit", "area_ha": 0.07, "area_m2": 700.0, "prob_max": 0.91, "prob_mean": 0.709, "new_pit": 0, "setting": "outside riverbed", "water_share": 1.0, "buildings_near": 0.087, "compactness": 1.0, "size_class": "tiny (<0.1 ha)", "google_maps": "https://www.google.com/maps?q=29.906275,76.874610" }, "geometry": { "type": "Polygon", "coordinates": [ [ [ 76.874427916810134, 29.906399668576597 ], [ 76.874426227502383, 29.906309469657835 ], [ 76.874529757847768, 29.906307997842152 ], [ 76.874526379068911, 29.906127600011366 ], [ 76.874733439364022, 29.906124656157751 ], [ 76.874738508102837, 29.906395252869949 ], [ 76.874427916810134, 29.906399668576597 ] ] ] } },
{ "type": "Feature", "properties": { "pit_id": 579, "latitude": 29.513539, "longitude": 76.653584, "category": "pit", "area_ha": 0.1, "area_m2": 1000.0, "prob_max": 0.91, "prob_mean": 0.68, "new_pit": 0, "setting": "outside riverbed", "water_share": 1.0, "buildings_near": -0.0, "compactness": 1.0, "size_class": "small (0.1-0.5 ha)", "google_maps": "https://www.google.com/maps?q=29.513539,76.653584" }, "geometry": { "type": "Polygon", "coordinates": [ [ [ 76.653505724880915, 29.513783361465077 ], [ 76.653499857898638, 29.51342250137083 ], [ 76.653396717520707, 29.513423784255068 ], [ 76.653395250883221, 29.513333569223573 ], [ 76.653704671722835, 29.513329720345077 ], [ 76.65370760555281, 29.513510150378604 ], [ 76.653604465096848, 29.513511433427436 ], [ 76.653605931930457, 29.513601648446972 ], [ 76.65370907247781, 29.51360036539344 ], [ 76.65371200634786, 29.513780795419223 ], [ 76.653505724880915, 29.513783361465077 ] ] ] } },
{ "type": "Feature", "properties": { "pit_id": 580, "latitude": 29.782219, "longitude": 76.923193, "category": "pit", "area_ha": 0.1, "area_m2": 1000.0, "prob_max": 0.9, "prob_mean": 0.688, "new_pit": 0, "setting": "outside riverbed", "water_share": 0.0, "buildings_near": 0.205, "compactness": 1.0, "size_class": "small (0.1-0.5 ha)", "google_maps": "https://www.google.com/maps?q=29.782219,76.923193" }, "geometry": { "type": "Polygon", "coordinates": [ [ [ 76.923104479230147, 29.782454896836633 ], [ 76.923102754722592, 29.782364698774639 ], [ 76.922999355061009, 29.782366203061148 ], [ 76.922997630653882, 29.782276004992379 ], [ 76.923101030222895, 29.782274500711342 ], [ 76.923095856770772, 29.782003906513477 ], [ 76.923302655329806, 29.782000897741845 ], [ 76.923307829337418, 29.782271491906911 ], [ 76.923411228882912, 29.782269987383515 ], [ 76.923412953660375, 29.78236018543042 ], [ 76.923309554022282, 29.782361689959274 ], [ 76.923307829337418, 29.782271491906911 ], [ 76.923204429784079, 29.782272996349516 ], [ 76.923207878976498, 29.782453392463868 ], [ 76.923104479230147, 29.782454896836633 ] ] ] } },
{ "type": "Feature", "properties": { "pit_id": 581, "latitude": 29.892223, "longitude": 76.900475, "category": "pit", "area_ha": 0.08, "area_m2": 800.0, "prob_max": 0.9, "prob_mean": 0.564, "new_pit": 0, "setting": "outside riverbed", "water_share": 0.5, "buildings_near": -0.0, "compactness": 1.0, "size_class": "tiny (<0.1 ha)", "google_maps": "https://www.google.com/maps?q=29.892223,76.900475" }, "geometry": { "type": "Polygon", "coordinates": [ [ [ 76.900258801001328, 29.892406354468534 ], [ 76.900257089388575, 29.892316156703483 ], [ 76.90036060372519, 29.892314665243493 ], [ 76.9003588920271, 29.892224467482528 ], [ 76.90025537778358, 29.892225958937107 ], [ 76.900253666186345, 29.892135761169396 ], [ 76.900771236860777, 29.892128303112091 ], [ 76.900772948923503, 29.892218500852763 ], [ 76.900565920490834, 29.892221484329937 ], [ 76.900567632375143, 29.892311682080091 ], [ 76.90036060372519, 29.892314665243493 ], [ 76.900362315431053, 29.89240486300314 ], [ 76.900258801001328, 29.892406354468534 ] ] ] } },
{ "type": "Feature", "properties": { "pit_id": 582, "latitude": 29.631984, "longitude": 76.77804, "category": "pit", "area_ha": 0.16, "area_m2": 1600.0, "prob_max": 0.9, "prob_mean": 0.582, "new_pit": 0, "setting": "outside riverbed", "water_share": 0.0, "buildings_near": 0.08, "compactness": 0.865, "size_class": "small (0.1-0.5 ha)", "google_maps": "https://www.google.com/maps?q=29.631984,76.778040" }, "geometry": { "type": "Polygon", "coordinates": [ [ [ 76.777615759409812, 29.632096667340008 ], [ 76.777614175000593, 29.63200645980141 ], [ 76.777717429235381, 29.632005075553362 ], [ 76.777715844741451, 29.631914868018512 ], [ 76.777819098877117, 29.63191348369519 ], [ 76.777817514298476, 29.631823276164074 ], [ 76.777920768335022, 29.63182189176548 ], [ 76.777922353005565, 29.631912099291533 ], [ 76.778335369447277, 29.63190656087377 ], [ 76.778333784409071, 29.631816353367903 ], [ 76.778437038409578, 29.631814968567706 ], [ 76.778440208676997, 29.631995383568054 ], [ 76.778336954492687, 29.631996768378343 ], [ 76.778338539545302, 29.632086975881617 ], [ 76.777615759409812, 29.632096667340008 ] ] ] } },
{ "type": "Feature", "properties": { "pit_id": 583, "latitude": 29.834052, "longitude": 76.949416, "category": "pit", "area_ha": 0.09, "area_m2": 900.0, "prob_max": 0.9, "prob_mean": 0.773, "new_pit": 0, "setting": "outside riverbed", "water_share": 0.889, "buildings_near": -0.0, "compactness": 1.0, "size_class": "tiny (<0.1 ha)", "google_maps": "https://www.google.com/maps?q=29.834052,76.949416" }, "geometry": { "type": "Polygon", "coordinates": [ [ [ 76.949344935195896, 29.834218917163646 ], [ 76.949343183506002, 29.834128721210146 ], [ 76.949239732190094, 29.834130248409675 ], [ 76.949236229019817, 29.833949856487614 ], [ 76.949443131272417, 29.833946802029775 ], [ 76.949441379513573, 29.833856606077831 ], [ 76.949544830535132, 29.833855078733038 ], [ 76.949551837989503, 29.83421586251065 ], [ 76.949344935195896, 29.834218917163646 ] ] ] } },
{ "type": "Feature", "properties": { "pit_id": 584, "latitude": 29.698615, "longitude": 76.972676, "category": "pit", "area_ha": 0.03, "area_m2": 300.0, "prob_max": 0.9, "prob_mean": 0.597, "new_pit": 0, "setting": "outside riverbed", "water_share": 1.0, "buildings_near": 0.014, "compactness": 1.0, "size_class": "tiny (<0.1 ha)", "google_maps": "https://www.google.com/maps?q=29.698615,76.972676" }, "geometry": { "type": "Polygon", "coordinates": [ [ [ 76.972661077886343, 29.698720100228698 ], [ 76.972659314941268, 29.69862990368863 ], [ 76.972556004194004, 29.698631442802792 ], [ 76.972554241349116, 29.698541246255811 ], [ 76.972760862651256, 29.698538167958183 ], [ 76.972764388717778, 29.698718561028425 ], [ 76.972661077886343, 29.698720100228698 ] ] ] } },
{ "type": "Feature", "properties": { "pit_id": 585, "latitude": 29.847786, "longitude": 76.810795, "category": "pit", "area_ha": 0.11, "area_m2": 1100.0, "prob_max": 0.9, "prob_mean": 0.634, "new_pit": 0, "setting": "outside riverbed", "water_share": 1.0, "buildings_near": 0.0, "compactness": 1.0, "size_class": "small (0.1-0.5 ha)", "google_maps": "https://www.google.com/maps?q=29.847786,76.810795" }, "geometry": { "type": "Polygon", "coordinates": [ [ [ 76.810719370319973, 29.848012177016191 ], [ 76.810717742250375, 29.84792197406032 ], [ 76.810614268470303, 29.84792339328142 ], [ 76.810611012539127, 29.847742987355421 ], [ 76.810714486133378, 29.847741568144631 ], [ 76.810711230045939, 29.847561162223695 ], [ 76.810918176840616, 29.847558323579666 ], [ 76.810919805066462, 29.847648526530492 ], [ 76.8108163315799, 29.847649945898169 ], [ 76.810817959720225, 29.847740148852829 ], [ 76.811024906871751, 29.847737310026169 ], [ 76.811026535205301, 29.847827512969218 ], [ 76.810923061540322, 29.847828932428218 ], [ 76.810924689788337, 29.847919135375097 ], [ 76.810821216023058, 29.847920554758222 ], [ 76.810822844185552, 29.848010757708938 ], [ 76.810719370319973, 29.848012177016191 ] ] ] } },
{ "type": "Feature", "properties": { "pit_id": 586, "latitude": 29.595956, "longitude": 76.7605, "category": "pit", "area_ha": 0.07, "area_m2": 700.0, "prob_max": 0.9, "prob_mean": 0.591, "new_pit": 0, "setting": "outside riverbed", "water_share": 1.0, "buildings_near": 0.0, "compactness": 1.0, "size_class": "tiny (<0.1 ha)", "google_maps": "https://www.google.com/maps?q=29.595956,76.760500" }, "geometry": { "type": "Polygon", "coordinates": [ [ [ 76.760466096297151, 29.59614346357986 ], [ 76.760464529456272, 29.596053254715169 ], [ 76.760361310891668, 29.596054624027765 ], [ 76.760359744149667, 29.595964415156782 ], [ 76.760462962622526, 29.595963045849174 ], [ 76.760461395795915, 29.595872836981879 ], [ 76.760358177414787, 29.595874206284499 ], [ 76.760356610687055, 29.595783997410908 ], [ 76.760563047258643, 29.595781258735464 ], [ 76.760566181088265, 29.595961676461354 ], [ 76.760669399546856, 29.595960306993341 ], [ 76.760670966564106, 29.596050515849338 ], [ 76.760567748013756, 29.596051885322357 ], [ 76.76056931494638, 29.596142094182053 ], [ 76.760466096297151, 29.59614346357986 ] ] ] } },
{ "type": "Feature", "properties": { "pit_id": 587, "latitude": 29.572524, "longitude": 76.957386, "category": "pit", "area_ha": 0.28, "area_m2": 2800.0, "prob_max": 0.9, "prob_mean": 0.613, "new_pit": 0, "setting": "outside riverbed", "water_share": 0.857, "buildings_near": 0.003, "compactness": 1.0, "size_class": "small (0.1-0.5 ha)", "google_maps": "https://www.google.com/maps?q=29.572524,76.957386" }, "geometry": { "type": "Polygon", "coordinates": [ [ [ 76.957203252072446, 29.572816357907222 ], [ 76.957201511845483, 29.572726158816465 ], [ 76.957098328558232, 29.572727680016381 ], [ 76.957091368095973, 29.572366883617931 ], [ 76.957194551016826, 29.572365362440234 ], [ 76.957192810829454, 29.572275163342876 ], [ 76.957708724856872, 29.57226755628065 ], [ 76.957713946816725, 29.572538153485461 ], [ 76.957610763752285, 29.572539675074761 ], [ 76.957614244915263, 29.57272007321582 ], [ 76.957511061659716, 29.572721594736127 ], [ 76.957512802161474, 29.572811793810232 ], [ 76.957203252072446, 29.572816357907222 ] ], [ [ 76.957302954814153, 29.572634438449928 ], [ 76.957406137993971, 29.572632917095365 ], [ 76.957404397599632, 29.572542718013068 ], [ 76.957301214511446, 29.572544239362077 ], [ 76.957302954814153, 29.572634438449928 ] ], [ [ 76.957505840201918, 29.572450997505893 ], [ 76.95760902318267, 29.572449476002252 ], [ 76.957607282620998, 29.572359276928424 ], [ 76.957504099731835, 29.572360798426523 ], [ 76.957505840201918, 29.572450997505893 ] ] ] } },
{ "type": "Feature", "properties": { "pit_id": 588, "latitude": 29.844485, "longitude": 76.845513, "category": "pit", "area_ha": 0.2, "area_m2": 2000.0, "prob_max": 0.9, "prob_mean": 0.695, "new_pit": 0, "setting": "outside riverbed", "water_share": 1.0, "buildings_near": 0.029, "compactness": 1.0, "size_class": "small (0.1-0.5 ha)", "google_maps": "https://www.google.com/maps?q=29.844485,76.845513" }, "geometry": { "type": "Polygon", "coordinates": [ [ [ 76.84522614016025, 29.844647183437541 ], [ 76.845221163603782, 29.844376579649214 ], [ 76.84532463172502, 29.844375133467288 ], [ 76.845322972795032, 29.844284932207124 ], [ 76.845633376834812, 29.844280593191073 ], [ 76.845635036043447, 29.844370794435484 ], [ 76.84573850413453, 29.844369347929554 ], [ 76.84574016344358, 29.844459549167393 ], [ 76.845843631620014, 29.844458102575224 ], [ 76.845846950446514, 29.844638505036489 ], [ 76.84522614016025, 29.844647183437541 ] ] ] } },
{ "type": "Feature", "properties": { "pit_id": 589, "latitude": 29.647971, "longitude": 76.914138, "category": "pit", "area_ha": 0.32, "area_m2": 3200.0, "prob_max": 0.9, "prob_mean": 0.581, "new_pit": 0, "setting": "outside riverbed", "water_share": 0.094, "buildings_near": 0.055, "compactness": 0.534, "size_class": "small (0.1-0.5 ha)", "google_maps": "https://www.google.com/maps?q=29.647971,76.914138" }, "geometry": { "type": "Polygon", "coordinates": [ [ [ 76.914149898981151, 29.648601930956264 ], [ 76.91414819177831, 29.648511730596379 ], [ 76.914251454892309, 29.648510239317464 ], [ 76.914246333054507, 29.64823963824621 ], [ 76.914143070216383, 29.648241129508826 ], [ 76.914141363044607, 29.648150929143664 ], [ 76.914244625790758, 29.648149437886488 ], [ 76.914242918534782, 29.648059237525455 ], [ 76.914036393218637, 29.648062219948589 ], [ 76.914038100290682, 29.6481524203205 ], [ 76.913934837529013, 29.648153911416976 ], [ 76.913929716612017, 29.647883310281017 ], [ 76.914032979097826, 29.647881819200826 ], [ 76.914024443931709, 29.647430817308376 ], [ 76.914127705949952, 29.647429326175011 ], [ 76.914131120177018, 29.647609726925083 ], [ 76.914234382371419, 29.64760823570051 ], [ 76.914239504046137, 29.647878836799432 ], [ 76.914342766508639, 29.6478773454782 ], [ 76.91435130324831, 29.648328347256214 ], [ 76.914557829069622, 29.648325364318371 ], [ 76.914552706450763, 29.64805476328813 ], [ 76.914655969073891, 29.648053271714982 ], [ 76.914661091968625, 29.648323872728923 ], [ 76.914557829069622, 29.648325364318371 ], [ 76.914559536624779, 29.64841556465915 ], [ 76.91445627362603, 29.648417056173692 ], [ 76.914459688575718, 29.64859745686217 ], [ 76.914149898981151, 29.648601930956264 ] ] ] } },
{ "type": "Feature", "properties": { "pit_id": 590, "latitude": 29.608814, "longitude": 77.004687, "category": "pit", "area_ha": 0.03, "area_m2": 300.0, "prob_max": 0.9, "prob_mean": 0.78, "new_pit": 0, "setting": "outside riverbed", "water_share": 0.0, "buildings_near": 0.0, "compactness": 1.0, "size_class": "tiny (<0.1 ha)", "google_maps": "https://www.google.com/maps?q=29.608814,77.004687" }, "geometry": { "type": "Polygon", "coordinates": [ [ [ 77.004672120229131, 29.608919095831641 ], [ 77.004670335198284, 29.608828899826118 ], [ 77.004567118139477, 29.608830459627924 ], [ 77.004565333208518, 29.608740263615399 ], [ 77.004771767134486, 29.608737143942964 ], [ 77.004775337371584, 29.608917535943949 ], [ 77.004672120229131, 29.608919095831641 ] ] ] } },
{ "type": "Feature", "properties": { "pit_id": 591, "latitude": 29.699588, "longitude": 77.009429, "category": "pit", "area_ha": 0.16, "area_m2": 1600.0, "prob_max": 0.9, "prob_mean": 0.747, "new_pit": 0, "setting": "outside riverbed", "water_share": 0.0, "buildings_near": 0.069, "compactness": 1.0, "size_class": "small (0.1-0.5 ha)", "google_maps": "https://www.google.com/maps?q=29.699588,77.009429" }, "geometry": { "type": "Polygon", "coordinates": [ [ [ 77.009370035493163, 29.699882321691835 ], [ 77.009366443855669, 29.6997019326753 ], [ 77.009263134321131, 29.699703500469635 ], [ 77.009255951512813, 29.699342722397784 ], [ 77.009565878985825, 29.699338018841754 ], [ 77.009576654906482, 29.699879185838839 ], [ 77.009370035493163, 29.699882321691835 ] ] ] } },
{ "type": "Feature", "properties": { "pit_id": 592, "latitude": 29.722062, "longitude": 77.095654, "category": "pit", "area_ha": 0.06, "area_m2": 600.0, "prob_max": 0.9, "prob_mean": 0.69, "new_pit": 0, "setting": "outside riverbed", "water_share": 0.333, "buildings_near": 0.183, "compactness": 1.0, "size_class": "tiny (<0.1 ha)", "google_maps": "https://www.google.com/maps?q=29.722062,77.095654" }, "geometry": { "type": "Polygon", "coordinates": [ [ [ 77.095605087891428, 29.722182930535777 ], [ 77.095603213339459, 29.722092741215512 ], [ 77.095499886475167, 29.722094377382749 ], [ 77.095496137581321, 29.72191399872629 ], [ 77.095599464261085, 29.721912362570961 ], [ 77.095601338796016, 29.722002551893905 ], [ 77.095807992314491, 29.721999279329665 ], [ 77.095811741778959, 29.722179657947727 ], [ 77.095605087891428, 29.722182930535777 ] ] ] } },
{ "type": "Feature", "properties": { "pit_id": 593, "latitude": 29.898265, "longitude": 77.09465, "category": "pit", "area_ha": 0.13, "area_m2": 1300.0, "prob_max": 0.89, "prob_mean": 0.675, "new_pit": 0, "setting": "outside riverbed", "water_share": 1.0, "buildings_near": 0.0, "compactness": 1.0, "size_class": "small (0.1-0.5 ha)", "google_maps": "https://www.google.com/maps?q=29.898265,77.094650" }, "geometry": { "type": "Polygon", "coordinates": [ [ [ 77.094729915279345, 29.898482732197898 ], [ 77.094728028112399, 29.898392545233399 ], [ 77.094417503114215, 29.898397477731891 ], [ 77.094413729364504, 29.89821710376313 ], [ 77.094517237519625, 29.898215459690029 ], [ 77.094515350564549, 29.898125272709603 ], [ 77.09461885861802, 29.898123628561311 ], [ 77.094616971578418, 29.898033441585497 ], [ 77.094720479530238, 29.89803179736203 ], [ 77.094722366662921, 29.89812198433189 ], [ 77.094825874699268, 29.89812034002134 ], [ 77.094833423688044, 29.898481087863519 ], [ 77.094729915279345, 29.898482732197898 ] ] ] } },
{ "type": "Feature", "properties": { "pit_id": 594, "latitude": 29.622391, "longitude": 76.677635, "category": "pit", "area_ha": 0.11, "area_m2": 1100.0, "prob_max": 0.89, "prob_mean": 0.687, "new_pit": 0, "setting": "outside riverbed", "water_share": 1.0, "buildings_near": 0.005, "compactness": 1.0, "size_class": "small (0.1-0.5 ha)", "google_maps": "https://www.google.com/maps?q=29.622391,76.677635" }, "geometry": { "type": "Polygon", "coordinates": [ [ [ 76.67748135641537, 29.622483255944843 ], [ 76.677478367219607, 29.622302831058107 ], [ 76.677684866820783, 29.622300219159644 ], [ 76.677683372049316, 29.622210006723847 ], [ 76.677270373187326, 29.622215230180533 ], [ 76.677268878790215, 29.622125017724393 ], [ 76.67768187728467, 29.62211979428676 ], [ 76.677683372049316, 29.622210006723847 ], [ 76.677786621747813, 29.622208700658923 ], [ 76.677791106358271, 29.622479337948121 ], [ 76.67748135641537, 29.622483255944843 ] ] ] } },
{ "type": "Feature", "properties": { "pit_id": 595, "latitude": 29.489096, "longitude": 76.778995, "category": "pit", "area_ha": 0.07, "area_m2": 700.0, "prob_max": 0.89, "prob_mean": 0.68, "new_pit": 0, "setting": "outside riverbed", "water_share": 0.0, "buildings_near": 0.0, "compactness": 1.0, "size_class": "tiny (<0.1 ha)", "google_maps": "https://www.google.com/maps?q=29.489096,76.778995" }, "geometry": { "type": "Polygon", "coordinates": [ [ [ 76.778830156899943, 29.489337114696141 ], [ 76.77882858057643, 29.489246905277849 ], [ 76.778931689667843, 29.489245526126755 ], [ 76.778925384080623, 29.488884688460704 ], [ 76.779028492799839, 29.488883309249925 ], [ 76.779030069277127, 29.488973518663347 ], [ 76.779133178080428, 29.488972139367686 ], [ 76.779136331239044, 29.489152558180539 ], [ 76.779033222253247, 29.489153937486286 ], [ 76.779034798752079, 29.48924414689581 ], [ 76.778931689667843, 29.489245526126755 ], [ 76.778933266082603, 29.489335735540013 ], [ 76.778830156899943, 29.489337114696141 ] ] ] } },
{ "type": "Feature", "properties": { "pit_id": 596, "latitude": 29.867494, "longitude": 76.774203, "category": "pit", "area_ha": 0.14, "area_m2": 1400.0, "prob_max": 0.89, "prob_mean": 0.594, "new_pit": 0, "setting": "outside riverbed", "water_share": 0.0, "buildings_near": 0.137, "compactness": 1.0, "size_class": "small (0.1-0.5 ha)", "google_maps": "https://www.google.com/maps?q=29.867494,76.774203" }, "geometry": { "type": "Polygon", "coordinates": [ [ [ 76.774223702270362, 29.867816092739876 ], [ 76.774220509194137, 29.86763568375822 ], [ 76.774117013006816, 29.867637075211086 ], [ 76.774115416572585, 29.867546870713252 ], [ 76.774011920471025, 29.867548262079968 ], [ 76.774007131490862, 29.867277648563466 ], [ 76.774317618936692, 29.86727347426547 ], [ 76.77432240875396, 29.867544087736558 ], [ 76.774425904833777, 29.867542696126584 ], [ 76.774427501547038, 29.867632900609273 ], [ 76.774324005374211, 29.867634292224295 ], [ 76.77432719863647, 29.867814701195837 ], [ 76.774223702270362, 29.867816092739876 ] ] ] } },
{ "type": "Feature", "properties": { "pit_id": 597, "latitude": 29.576329, "longitude": 77.102183, "category": "pit", "area_ha": 0.04, "area_m2": 400.0, "prob_max": 0.89, "prob_mean": 0.71, "new_pit": 0, "setting": "Yamuna riverbed", "water_share": 0.0, "buildings_near": -0.0, "compactness": 1.0, "size_class": "tiny (<0.1 ha)", "google_maps": "https://www.google.com/maps?q=29.576329,77.102183" }, "geometry": { "type": "Polygon", "coordinates": [ [ [ 77.102081154562143, 29.576375450083425 ], [ 77.102077416053362, 29.57619506822444 ], [ 77.102180593577955, 29.576193434214016 ], [ 77.102182462919686, 29.576283625138217 ], [ 77.102285640527356, 29.57628199104175 ], [ 77.102283771094051, 29.57619180012351 ], [ 77.10238694860162, 29.576190165952912 ], [ 77.102388818126528, 29.576280356865183 ], [ 77.102285640527356, 29.57628199104175 ], [ 77.102287509969173, 29.576372181958639 ], [ 77.102081154562143, 29.576375450083425 ] ] ] } },
{ "type": "Feature", "properties": { "pit_id": 598, "latitude": 29.81269, "longitude": 76.78312, "category": "pit", "area_ha": 0.21, "area_m2": 2100.0, "prob_max": 0.89, "prob_mean": 0.623, "new_pit": 0, "setting": "outside riverbed", "water_share": 0.0, "buildings_near": 0.058, "compactness": 1.0, "size_class": "small (0.1-0.5 ha)", "google_maps": "https://www.google.com/maps?q=29.812690,76.783120" }, "geometry": { "type": "Polygon", "coordinates": [ [ [ 76.782982462386187, 29.813111264818296 ], [ 76.782976058909725, 29.812750445579407 ], [ 76.782872619784641, 29.812751841575427 ], [ 76.782871019026473, 29.812661636757362 ], [ 76.782974458058803, 29.812660240766423 ], [ 76.782971256378758, 29.812479831136489 ], [ 76.783074695218318, 29.812478435074784 ], [ 76.783073094296441, 29.812388230262915 ], [ 76.783176533035984, 29.812386834125366 ], [ 76.783174932028643, 29.81229662931727 ], [ 76.783278370668157, 29.812295233103882 ], [ 76.78328957852159, 29.812926666697575 ], [ 76.783082699936756, 29.812929459114425 ], [ 76.783085901875026, 29.813109868721089 ], [ 76.782982462386187, 29.813111264818296 ] ] ] } },
{ "type": "Feature", "properties": { "pit_id": 599, "latitude": 29.820624, "longitude": 77.087044, "category": "pit", "area_ha": 0.14, "area_m2": 1400.0, "prob_max": 0.89, "prob_mean": 0.717, "new_pit": 0, "setting": "outside riverbed", "water_share": 1.0, "buildings_near": 0.038, "compactness": 1.0, "size_class": "small (0.1-0.5 ha)", "google_maps": "https://www.google.com/maps?q=29.820624,77.087044" }, "geometry": { "type": "Polygon", "coordinates": [ [ [ 77.086900637201325, 29.820839275057573 ], [ 77.086891266123999, 29.820388332659306 ], [ 77.087098122861747, 29.820385063941373 ], [ 77.08709999724563, 29.820475252411839 ], [ 77.087203425694469, 29.820473617925622 ], [ 77.087210923686058, 29.820834371770353 ], [ 77.086900637201325, 29.820839275057573 ] ] ] } },
{ "type": "Feature", "properties": { "pit_id": 600, "latitude": 29.776303, "longitude": 76.722532, "category": "pit", "area_ha": 0.03, "area_m2": 300.0, "prob_max": 0.89, "prob_mean": 0.6, "new_pit": 0, "setting": "outside riverbed", "water_share": 0.0, "buildings_near": 0.0, "compactness": 1.0, "size_class": "tiny (<0.1 ha)", "google_maps": "https://www.google.com/maps?q=29.776303,76.722532" }, "geometry": { "type": "Polygon", "coordinates": [ [ [ 76.72244677437412, 29.776379506008151 ], [ 76.722443685883476, 29.776199089533371 ], [ 76.722547090771172, 29.776197742332162 ], [ 76.722548635105568, 29.776287950565315 ], [ 76.722652040078827, 29.776286603278407 ], [ 76.722653584512841, 29.776376811505354 ], [ 76.72244677437412, 29.776379506008151 ] ] ] } },
{ "type": "Feature", "properties": { "pit_id": 601, "latitude": 29.895035, "longitude": 77.123243, "category": "pit", "area_ha": 0.12, "area_m2": 1200.0, "prob_max": 0.89, "prob_mean": 0.662, "new_pit": 0, "setting": "outside riverbed", "water_share": 1.0, "buildings_near": 0.0, "compactness": 1.0, "size_class": "small (0.1-0.5 ha)", "google_maps": "https://www.google.com/maps?q=29.895035,77.123243" }, "geometry": { "type": "Polygon", "coordinates": [ [ [ 77.123031608700998, 29.895233404631526 ], [ 77.123029696298872, 29.895143219269261 ], [ 77.123133199366592, 29.895141552898558 ], [ 77.123131286880067, 29.895051367541008 ], [ 77.1230277839054, 29.895053033905665 ], [ 77.123025871520639, 29.894962848540732 ], [ 77.123129374402225, 29.894961182182112 ], [ 77.123127461933066, 29.894870996821865 ], [ 77.123437970246584, 29.894865997277428 ], [ 77.123443708517669, 29.89513655329975 ], [ 77.123236702425629, 29.895139886446742 ], [ 77.123238615013889, 29.895230071796917 ], [ 77.123031608700998, 29.895233404631526 ] ] ] } },
{ "type": "Feature", "properties": { "pit_id": 602, "latitude": 29.682665, "longitude": 76.81652, "category": "pit", "area_ha": 0.05, "area_m2": 500.0, "prob_max": 0.89, "prob_mean": 0.698, "new_pit": 0, "setting": "outside riverbed", "water_share": 0.4, "buildings_near": 0.0, "compactness": 1.0, "size_class": "tiny (<0.1 ha)", "google_maps": "https://www.google.com/maps?q=29.682665,76.816520" }, "geometry": { "type": "Polygon", "coordinates": [ [ [ 76.816429903610398, 29.682819859712001 ], [ 76.816425036654778, 29.682549244937366 ], [ 76.816631643937768, 29.682546411572964 ], [ 76.816634888936036, 29.682726821403392 ], [ 76.81653158511395, 29.682728238136146 ], [ 76.816533207532004, 29.682818443054572 ], [ 76.816429903610398, 29.682819859712001 ] ] ] } },
{ "type": "Feature", "properties": { "pit_id": 603, "latitude": 29.734361, "longitude": 76.878948, "category": "pit", "area_ha": 0.12, "area_m2": 1200.0, "prob_max": 0.88, "prob_mean": 0.612, "new_pit": 0, "setting": "outside riverbed", "water_share": 0.833, "buildings_near": 0.005, "compactness": 1.0, "size_class": "small (0.1-0.5 ha)", "google_maps": "https://www.google.com/maps?q=29.734361,76.878948" }, "geometry": { "type": "Polygon", "coordinates": [ [ [ 76.878875174935786, 29.73464035552497 ], [ 76.878870130146538, 29.734369752419077 ], [ 76.878766777086312, 29.734371219976456 ], [ 76.878763414116435, 29.734190817888592 ], [ 76.878866766991933, 29.734189350341897 ], [ 76.878865085426085, 29.734099149301333 ], [ 76.879071790969405, 29.734096213976709 ], [ 76.879076836244053, 29.734366817062426 ], [ 76.878973483199118, 29.734368284781073 ], [ 76.878975164880273, 29.734458485812358 ], [ 76.879078518017565, 29.734457018088371 ], [ 76.87908188158751, 29.734637420136291 ], [ 76.878875174935786, 29.73464035552497 ] ], [ [ 76.878868448565413, 29.734279551381139 ], [ 76.878971801525623, 29.734278083748475 ], [ 76.878970119859773, 29.734187882714568 ], [ 76.878866766991933, 29.734189350341897 ], [ 76.878868448565413, 29.734279551381139 ] ] ] } },
{ "type": "Feature", "properties": { "pit_id": 604, "latitude": 29.851139, "longitude": 76.775818, "category": "pit", "area_ha": 0.29, "area_m2": 2900.0, "prob_max": 0.88, "prob_mean": 0.599, "new_pit": 0, "setting": "outside riverbed", "water_share": 0.414, "buildings_near": 0.147, "compactness": 0.67, "size_class": "small (0.1-0.5 ha)", "google_maps": "https://www.google.com/maps?q=29.851139,76.775818" }, "geometry": { "type": "Polygon", "coordinates": [ [ [ 76.776004435656162, 29.851461230654483 ], [ 76.776002838567379, 29.851371026028001 ], [ 76.77558892129565, 29.85137659420236 ], [ 76.775585727883296, 29.851196184905042 ], [ 76.775482248733113, 29.851197576735959 ], [ 76.775479055535641, 29.851017167423294 ], [ 76.775582534499975, 29.851015775602484 ], [ 76.77557934114563, 29.850835366294675 ], [ 76.775993256186936, 29.850829798241534 ], [ 76.775994853232206, 29.850920002875881 ], [ 76.775891374389829, 29.850921395015774 ], [ 76.775892971349421, 29.851011599653869 ], [ 76.775996450284737, 29.851010207508942 ], [ 76.775998047344515, 29.851100412140671 ], [ 76.776101526365508, 29.851099019909643 ], [ 76.776106317867175, 29.851369633781822 ], [ 76.776209797159723, 29.851368241454615 ], [ 76.776211394434384, 29.851458446070989 ], [ 76.776004435656162, 29.851461230654483 ] ], [ [ 76.775690803821732, 29.851284997637375 ], [ 76.775794283050345, 29.851283605639342 ], [ 76.775792686161935, 29.851193401000135 ], [ 76.775689207026247, 29.851194792993109 ], [ 76.775690803821732, 29.851284997637375 ] ] ] } },
{ "type": "Feature", "properties": { "pit_id": 605, "latitude": 29.636615, "longitude": 76.941189, "category": "pit", "area_ha": 0.09, "area_m2": 900.0, "prob_max": 0.88, "prob_mean": 0.686, "new_pit": 0, "setting": "outside riverbed", "water_share": 1.0, "buildings_near": -0.0, "compactness": 1.0, "size_class": "tiny (<0.1 ha)", "google_maps": "https://www.google.com/maps?q=29.636615,76.941189" }, "geometry": { "type": "Polygon", "coordinates": [ [ [ 76.941088030074937, 29.636751681411003 ], [ 76.941084569307179, 29.636571283233025 ], [ 76.941291067880059, 29.636568259742457 ], [ 76.941292798443811, 29.636658458821092 ], [ 76.941396047810329, 29.636656946949838 ], [ 76.941392586506922, 29.636476548802285 ], [ 76.941599084848761, 29.636473524840902 ], [ 76.941604277367091, 29.636744122027178 ], [ 76.941501027924403, 29.63674563406456 ], [ 76.941499297168988, 29.636655434998275 ], [ 76.941396047810329, 29.636656946949838 ], [ 76.941397778473842, 29.636747146021634 ], [ 76.941294529015423, 29.636748657898391 ], [ 76.941292798443811, 29.636658458821092 ], [ 76.941189549069406, 29.63665997061203 ], [ 76.941191279549116, 29.636750169694849 ], [ 76.941088030074937, 29.636751681411003 ] ] ] } },
{ "type": "Feature", "properties": { "pit_id": 606, "latitude": 29.604824, "longitude": 76.837652, "category": "pit", "area_ha": 0.2, "area_m2": 2000.0, "prob_max": 0.88, "prob_mean": 0.652, "new_pit": 0, "setting": "outside riverbed", "water_share": 1.0, "buildings_near": 0.0, "compactness": 0.862, "size_class": "small (0.1-0.5 ha)", "google_maps": "https://www.google.com/maps?q=29.604824,76.837652" }, "geometry": { "type": "Polygon", "coordinates": [ [ [ 76.837543536909422, 29.605113789296492 ], [ 76.837540264889427, 29.6049333794621 ], [ 76.837437041660479, 29.60493480909517 ], [ 76.837433769853817, 29.604754399245117 ], [ 76.837330546800985, 29.604755828787528 ], [ 76.837328911000583, 29.604665623855318 ], [ 76.837535356915282, 29.604662764700688 ], [ 76.837533720938794, 29.604572559777601 ], [ 76.8376369437932, 29.604571130085176 ], [ 76.837638579861462, 29.604661335003048 ], [ 76.837741802800196, 29.604659905225173 ], [ 76.83774016664016, 29.604569700312517 ], [ 76.837843389479673, 29.604568270459652 ], [ 76.837846661990753, 29.604748680273225 ], [ 76.837949885006367, 29.604747250329698 ], [ 76.837951521364843, 29.604837455229308 ], [ 76.837848298257455, 29.604838885178047 ], [ 76.837851570813214, 29.605019294983769 ], [ 76.837748347514818, 29.605020724862719 ], [ 76.837749983712087, 29.605110929768834 ], [ 76.837543536909422, 29.605113789296492 ] ], [ [ 76.837643488110928, 29.60493194974881 ], [ 76.837746711324996, 29.604930519955293 ], [ 76.837745075142621, 29.604840315046555 ], [ 76.83764185202034, 29.604841744834864 ], [ 76.837643488110928, 29.60493194974881 ] ] ] } },
{ "type": "Feature", "properties": { "pit_id": 607, "latitude": 29.56383, "longitude": 77.022538, "category": "pit", "area_ha": 0.04, "area_m2": 400.0, "prob_max": 0.88, "prob_mean": 0.57, "new_pit": 0, "setting": "outside riverbed", "water_share": 0.0, "buildings_near": 0.0, "compactness": 1.0, "size_class": "tiny (<0.1 ha)", "google_maps": "https://www.google.com/maps?q=29.563830,77.022538" }, "geometry": { "type": "Polygon", "coordinates": [ [ [ 77.022358513087084, 29.563900152572113 ], [ 77.022356715602427, 29.563809956937497 ], [ 77.022563055842141, 29.563806813912205 ], [ 77.022561258182577, 29.563716618287742 ], [ 77.02266442819861, 29.563715046660743 ], [ 77.022668023709016, 29.563895437896868 ], [ 77.022358513087084, 29.563900152572113 ] ] ] } },
{ "type": "Feature", "properties": { "pit_id": 608, "latitude": 29.890516, "longitude": 77.033063, "category": "likely village pond", "area_ha": 0.04, "area_m2": 400.0, "prob_max": 0.88, "prob_mean": 0.845, "new_pit": 0, "setting": "outside riverbed", "water_share": 1.0, "buildings_near": 0.235, "compactness": 1.0, "size_class": "tiny (<0.1 ha)", "google_maps": "https://www.google.com/maps?q=29.890516,77.033063" }, "geometry": { "type": "Polygon", "coordinates": [ [ [ 77.032961433793488, 29.890608053311997 ], [ 77.032957771880433, 29.890427672132041 ], [ 77.033164780115968, 29.890424481096002 ], [ 77.033168442401276, 29.890604862252822 ], [ 77.032961433793488, 29.890608053311997 ] ] ] } },
{ "type": "Feature", "properties": { "pit_id": 609, "latitude": 29.473866, "longitude": 76.559518, "category": "pit", "area_ha": 0.11, "area_m2": 1100.0, "prob_max": 0.88, "prob_mean": 0.673, "new_pit": 0, "setting": "outside riverbed", "water_share": 0.0, "buildings_near": -0.0, "compactness": 1.0, "size_class": "small (0.1-0.5 ha)", "google_maps": "https://www.google.com/maps?q=29.473866,76.559518" }, "geometry": { "type": "Polygon", "coordinates": [ [ [ 76.559431241286418, 29.474043484806675 ], [ 76.559429860193774, 29.473953265075441 ], [ 76.559326755026433, 29.473954473525165 ], [ 76.559323993042497, 29.473774034050017 ], [ 76.559427098027399, 29.473772825609139 ], [ 76.559425716953641, 29.473682605874057 ], [ 76.559631926722119, 29.473680188761609 ], [ 76.559634689240823, 29.473860628212805 ], [ 76.559737794298044, 29.473859419527997 ], [ 76.559739175658066, 29.473949639247241 ], [ 76.559636070509598, 29.473950847936475 ], [ 76.559637451784681, 29.474041067658874 ], [ 76.559431241286418, 29.474043484806675 ] ] ] } },
{ "type": "Feature", "properties": { "pit_id": 610, "latitude": 29.897001, "longitude": 77.105622, "category": "pit", "area_ha": 0.39, "area_m2": 3900.0, "prob_max": 0.88, "prob_mean": 0.598, "new_pit": 0, "setting": "outside riverbed", "water_share": 0.0, "buildings_near": 0.002, "compactness": 0.972, "size_class": "small (0.1-0.5 ha)", "google_maps": "https://www.google.com/maps?q=29.897001,77.105622" }, "geometry": { "type": "Polygon", "coordinates": [ [ [ 77.105577385470156, 29.897317584322064 ], [ 77.105575488624083, 29.897227397970166 ], [ 77.105678995014131, 29.897225745188802 ], [ 77.105677098083589, 29.897135558841565 ], [ 77.105573591786623, 29.897137211616926 ], [ 77.105571694957774, 29.897047025262346 ], [ 77.105468188745263, 29.897048677950597 ], [ 77.105466292018079, 29.896958491588681 ], [ 77.105362785890037, 29.896960144189816 ], [ 77.105357096039413, 29.896689585078036 ], [ 77.105460601888225, 29.896687932494878 ], [ 77.105458705195488, 29.89659774612759 ], [ 77.105976233845041, 29.896589482024826 ], [ 77.10598382252914, 29.896950227366116 ], [ 77.106087328605525, 29.896948574278216 ], [ 77.106091123185408, 29.89712894692882 ], [ 77.106194629439315, 29.897127293747818 ], [ 77.106196526835248, 29.897217480065109 ], [ 77.106093020488245, 29.897219133252101 ], [ 77.106094917799709, 29.897309319574042 ], [ 77.105577385470156, 29.897317584322064 ] ], [ [ 77.105677098083589, 29.897135558841565 ], [ 77.105884110651729, 29.897132253047442 ], [ 77.105880316444157, 29.896951880372882 ], [ 77.105776810350548, 29.896953533298518 ], [ 77.105778707356947, 29.897043719642458 ], [ 77.10567520116166, 29.897045372492968 ], [ 77.105677098083589, 29.897135558841565 ] ], [ [ 77.105673304248342, 29.896955186143035 ], [ 77.105776810350548, 29.896953533298518 ], [ 77.105774913352761, 29.896863346953229 ], [ 77.105671407343635, 29.896864999791756 ], [ 77.105673304248342, 29.896955186143035 ] ], [ [ 77.105462498589574, 29.896778118860812 ], [ 77.105566004522856, 29.896776466190538 ], [ 77.105564107728426, 29.896686279830579 ], [ 77.105460601888225, 29.896687932494878 ], [ 77.105462498589574, 29.896778118860812 ] ] ] } },
{ "type": "Feature", "properties": { "pit_id": 611, "latitude": 29.530442, "longitude": 76.569792, "category": "pit", "area_ha": 0.15, "area_m2": 1500.0, "prob_max": 0.88, "prob_mean": 0.637, "new_pit": 0, "setting": "outside riverbed", "water_share": 0.0, "buildings_near": 0.078, "compactness": 1.0, "size_class": "small (0.1-0.5 ha)", "google_maps": "https://www.google.com/maps?q=29.530442,76.569792" }, "geometry": { "type": "Polygon", "coordinates": [ [ [ 76.569584422194623, 29.530591883959328 ], [ 76.569583028911453, 29.530501665433849 ], [ 76.569479866943098, 29.530502883862948 ], [ 76.569478473757755, 29.530412665331745 ], [ 76.56958163563462, 29.530411446907085 ], [ 76.56958024236414, 29.530321228379034 ], [ 76.569786565915848, 29.530318791298576 ], [ 76.569785172468755, 29.530228572778146 ], [ 76.569888334143613, 29.530227354122349 ], [ 76.569889727682195, 29.530317572638321 ], [ 76.56999288944219, 29.530316353898051 ], [ 76.5699942830786, 29.530406572408303 ], [ 76.570097444923732, 29.530405353583561 ], [ 76.570098838657955, 29.530495572088057 ], [ 76.569995676721348, 29.530496790917258 ], [ 76.569997070370462, 29.53058700942492 ], [ 76.569584422194623, 29.530591883959328 ] ] ] } },
{ "type": "Feature", "properties": { "pit_id": 612, "latitude": 29.531221, "longitude": 76.764695, "category": "likely village pond", "area_ha": 0.15, "area_m2": 1500.0, "prob_max": 0.88, "prob_mean": 0.56, "new_pit": 0, "setting": "outside riverbed", "water_share": 0.933, "buildings_near": 0.176, "compactness": 1.0, "size_class": "small (0.1-0.5 ha)", "google_maps": "https://www.google.com/maps?q=29.531221,76.764695" }, "geometry": { "type": "Polygon", "coordinates": [ [ [ 76.764398987487084, 29.531396354273156 ], [ 76.76439742127144, 29.531306144720116 ], [ 76.764294268733593, 29.531307514373001 ], [ 76.76429270261653, 29.531217304813666 ], [ 76.764499007502195, 29.531214565437892 ], [ 76.764497441209357, 29.53112435588725 ], [ 76.764806898210011, 29.531120246238654 ], [ 76.764805331649967, 29.531030036701722 ], [ 76.765011636098492, 29.531027296546036 ], [ 76.765016336348722, 29.531297925122892 ], [ 76.764913183853679, 29.531299295255749 ], [ 76.76491161718792, 29.531209085726424 ], [ 76.76480846477719, 29.531210455774282 ], [ 76.764810031351502, 29.53130066530861 ], [ 76.76470687884219, 29.531302035281477 ], [ 76.764708445332175, 29.531392244819504 ], [ 76.764398987487084, 29.531396354273156 ] ], [ [ 76.764500573802152, 29.531304774987227 ], [ 76.764603726325731, 29.531303405174356 ], [ 76.764602159934313, 29.531213195630023 ], [ 76.764499007502195, 29.531214565437892 ], [ 76.764500573802152, 29.531304774987227 ] ] ] } },
{ "type": "Feature", "properties": { "pit_id": 613, "latitude": 29.73457, "longitude": 76.878406, "category": "pit", "area_ha": 0.42, "area_m2": 4200.0, "prob_max": 0.87, "prob_mean": 0.59, "new_pit": 0, "setting": "outside riverbed", "water_share": 0.976, "buildings_near": 0.001, "compactness": 0.678, "size_class": "small (0.1-0.5 ha)", "google_maps": "https://www.google.com/maps?q=29.734570,76.878406" }, "geometry": { "type": "Polygon", "coordinates": [ [ [ 76.878158425320265, 29.73501143111751 ], [ 76.87815674433223, 29.734921230051423 ], [ 76.878260097992523, 29.734919762945854 ], [ 76.878258416919763, 29.734829561883792 ], [ 76.878155063351841, 29.734831028984026 ], [ 76.878143296703001, 29.734199621475433 ], [ 76.878350002538042, 29.734196687269023 ], [ 76.878348321434046, 29.734106486201775 ], [ 76.878451674247742, 29.734105018982955 ], [ 76.878453355444108, 29.734195220044867 ], [ 76.878660061233305, 29.734192285354652 ], [ 76.878673512557299, 29.734913893717184 ], [ 76.878466805290202, 29.734916828492793 ], [ 76.878468486555349, 29.735007029542867 ], [ 76.878158425320265, 29.73501143111751 ] ], [ [ 76.878356727030479, 29.734557491524868 ], [ 76.878460080306027, 29.734556024279371 ], [ 76.878458399079079, 29.734465823222717 ], [ 76.878355045895916, 29.734467290462891 ], [ 76.878356727030479, 29.734557491524868 ] ] ] } },
{ "type": "Feature", "properties": { "pit_id": 614, "latitude": 29.738726, "longitude": 77.050328, "category": "pit", "area_ha": 0.1, "area_m2": 1000.0, "prob_max": 0.87, "prob_mean": 0.647, "new_pit": 0, "setting": "outside riverbed", "water_share": 0.8, "buildings_near": 0.024, "compactness": 1.0, "size_class": "small (0.1-0.5 ha)", "google_maps": "https://www.google.com/maps?q=29.738726,77.050328" }, "geometry": { "type": "Polygon", "coordinates": [ [ [ 77.05015511007997, 29.738863818260111 ], [ 77.050149604648141, 29.738593243179025 ], [ 77.050459644855721, 29.738588438205976 ], [ 77.050461480268368, 29.738678629883534 ], [ 77.050564827079896, 29.738677028058788 ], [ 77.050566662593226, 29.738767219729183 ], [ 77.050463315689356, 29.738768821559763 ], [ 77.050465151118701, 29.738859013234649 ], [ 77.05015511007997, 29.738863818260111 ] ] ] } },
{ "type": "Feature", "properties": { "pit_id": 615, "latitude": 29.488785, "longitude": 76.839779, "category": "pit", "area_ha": 0.07, "area_m2": 700.0, "prob_max": 0.87, "prob_mean": 0.63, "new_pit": 0, "setting": "outside riverbed", "water_share": 1.0, "buildings_near": 0.0, "compactness": 1.0, "size_class": "tiny (<0.1 ha)", "google_maps": "https://www.google.com/maps?q=29.488785,76.839779" }, "geometry": { "type": "Polygon", "coordinates": [ [ [ 76.839671463554552, 29.488960569813543 ], [ 76.839664942817109, 29.488599744262135 ], [ 76.839768047781561, 29.488598317989219 ], [ 76.839769678046025, 29.488688524373813 ], [ 76.839872783094279, 29.488687098015838 ], [ 76.839874413457423, 29.488777304393921 ], [ 76.839977518589492, 29.488775877950889 ], [ 76.839979149051288, 29.488866084322439 ], [ 76.839772938597221, 29.488868937139095 ], [ 76.839774568883954, 29.488959143519772 ], [ 76.839671463554552, 29.488960569813543 ] ] ] } },
{ "type": "Feature", "properties": { "pit_id": 616, "latitude": 29.70021, "longitude": 76.934389, "category": "pit", "area_ha": 0.08, "area_m2": 800.0, "prob_max": 0.87, "prob_mean": 0.72, "new_pit": 0, "setting": "outside riverbed", "water_share": 0.0, "buildings_near": 0.237, "compactness": 1.0, "size_class": "tiny (<0.1 ha)", "google_maps": "https://www.google.com/maps?q=29.700210,76.934389" }, "geometry": { "type": "Polygon", "coordinates": [ [ [ 76.93435295540219, 29.700367971141787 ], [ 76.934351226564289, 29.700277772559332 ], [ 76.934247911765794, 29.700279281870909 ], [ 76.934242725575785, 29.700008686099132 ], [ 76.934346040097694, 29.700007176804014 ], [ 76.934347768912019, 29.700097375390435 ], [ 76.934451083518269, 29.700095866009313 ], [ 76.934452812432653, 29.70018606458892 ], [ 76.934556127123216, 29.700184555121794 ], [ 76.934559585159988, 29.700364952266067 ], [ 76.93435295540219, 29.700367971141787 ] ] ] } },
{ "type": "Feature", "properties": { "pit_id": 617, "latitude": 29.573419, "longitude": 76.617523, "category": "pit", "area_ha": 0.11, "area_m2": 1100.0, "prob_max": 0.87, "prob_mean": 0.591, "new_pit": 0, "setting": "outside riverbed", "water_share": 0.0, "buildings_near": 0.115, "compactness": 1.0, "size_class": "small (0.1-0.5 ha)", "google_maps": "https://www.google.com/maps?q=29.573419,76.617523" }, "geometry": { "type": "Polygon", "coordinates": [ [ [ 76.617525928252931, 29.573599828232577 ], [ 76.617524489913137, 29.573509612399519 ], [ 76.617421286665319, 29.573510869691322 ], [ 76.617418410188719, 29.57333043801216 ], [ 76.617521613253174, 29.573329180729537 ], [ 76.61752017493302, 29.573238964892617 ], [ 76.617313768980893, 29.573241479368523 ], [ 76.617310892726906, 29.573061047672439 ], [ 76.61762050109526, 29.573057275865899 ], [ 76.617621939494001, 29.573147491700809 ], [ 76.617518736619417, 29.573148749054404 ], [ 76.61752017493302, 29.573238964892617 ], [ 76.617623377899264, 29.573237707534432 ], [ 76.617629131585858, 29.573598570856031 ], [ 76.617525928252931, 29.573599828232577 ] ] ] } },
{ "type": "Feature", "properties": { "pit_id": 618, "latitude": 29.764308, "longitude": 76.748456, "category": "pit", "area_ha": 0.06, "area_m2": 600.0, "prob_max": 0.87, "prob_mean": 0.75, "new_pit": 0, "setting": "outside riverbed", "water_share": 0.5, "buildings_near": 0.0, "compactness": 1.0, "size_class": "tiny (<0.1 ha)", "google_maps": "https://www.google.com/maps?q=29.764308,76.748456" }, "geometry": { "type": "Polygon", "coordinates": [ [ [ 76.748302470400446, 29.764400740653887 ], [ 76.748299337080908, 29.764220326328338 ], [ 76.748609510556093, 29.764216225325779 ], [ 76.748612644430821, 29.76439663962152 ], [ 76.748302470400446, 29.764400740653887 ] ] ] } },
{ "type": "Feature", "properties": { "pit_id": 619, "latitude": 29.655306, "longitude": 77.120746, "category": "pit", "area_ha": 0.03, "area_m2": 300.0, "prob_max": 0.86, "prob_mean": 0.663, "new_pit": 0, "setting": "Yamuna riverbed", "water_share": 1.0, "buildings_near": -0.0, "compactness": 1.0, "size_class": "tiny (<0.1 ha)", "google_maps": "https://www.google.com/maps?q=29.655306,77.120746" }, "geometry": { "type": "Polygon", "coordinates": [ [ [ 77.120661785589903, 29.655382846785091 ], [ 77.120658001940939, 29.655202469239125 ], [ 77.120761258723931, 29.655200816808257 ], [ 77.120763150636051, 29.655291005575879 ], [ 77.120866407502405, 29.655289353058659 ], [ 77.120868299515081, 29.655379541818938 ], [ 77.120661785589903, 29.655382846785091 ] ] ] } },
{ "type": "Feature", "properties": { "pit_id": 620, "latitude": 29.517904, "longitude": 76.661878, "category": "pit", "area_ha": 0.28, "area_m2": 2800.0, "prob_max": 0.86, "prob_mean": 0.67, "new_pit": 0, "setting": "outside riverbed", "water_share": 0.929, "buildings_near": 0.0, "compactness": 1.0, "size_class": "small (0.1-0.5 ha)", "google_maps": "https://www.google.com/maps?q=29.517904,76.661878" }, "geometry": { "type": "Polygon", "coordinates": [ [ [ 76.661727529798497, 29.518192490344216 ], [ 76.661726055487421, 29.518102275758515 ], [ 76.661622910794478, 29.518103565208669 ], [ 76.661615539796898, 29.517652492237247 ], [ 76.662131260909234, 29.517646044304598 ], [ 76.662138634192019, 29.518097117158216 ], [ 76.662035489525948, 29.518098406928239 ], [ 76.662036964111252, 29.518188621499807 ], [ 76.661727529798497, 29.518192490344216 ] ] ] } },
{ "type": "Feature", "properties": { "pit_id": 621, "latitude": 29.842657, "longitude": 77.048761, "category": "pit", "area_ha": 0.07, "area_m2": 700.0, "prob_max": 0.86, "prob_mean": 0.573, "new_pit": 0, "setting": "outside riverbed", "water_share": 0.286, "buildings_near": 0.0, "compactness": 1.0, "size_class": "tiny (<0.1 ha)", "google_maps": "https://www.google.com/maps?q=29.842657,77.048761" }, "geometry": { "type": "Polygon", "coordinates": [ [ [ 77.04865386837939, 29.842820001646167 ], [ 77.048648343807699, 29.842549430565761 ], [ 77.048751797510462, 29.842547825105999 ], [ 77.048749955910452, 29.842457634749014 ], [ 77.04885340951202, 29.842456029214127 ], [ 77.048860776333569, 29.84281679061073 ], [ 77.04865386837939, 29.842820001646167 ] ] ] } },
{ "type": "Feature", "properties": { "pit_id": 622, "latitude": 29.503155, "longitude": 76.719607, "category": "pit", "area_ha": 0.81, "area_m2": 8100.0, "prob_max": 0.86, "prob_mean": 0.582, "new_pit": 0, "setting": "outside riverbed", "water_share": 0.407, "buildings_near": 0.21, "compactness": 0.317, "size_class": "medium (0.5-2 ha)", "google_maps": "https://www.google.com/maps?q=29.503155,76.719607" }, "geometry": { "type": "Polygon", "coordinates": [ [ [ 76.720491745102521, 29.5036393909647 ], [ 76.720488694050786, 29.503458966881574 ], [ 76.72038556733672, 29.503460301318174 ], [ 76.720382516495434, 29.503279877220088 ], [ 76.720485643026848, 29.50327854279324 ], [ 76.720484117525302, 29.503188330747136 ], [ 76.720587243958434, 29.503186996245244 ], [ 76.720585718372504, 29.503096784202722 ], [ 76.720379465681944, 29.503099453116818 ], [ 76.720376414896251, 29.502919029008371 ], [ 76.720273288723206, 29.5029203633358 ], [ 76.720270238147961, 29.502739939212397 ], [ 76.720063986146329, 29.502742607608027 ], [ 76.720065511247824, 29.50283281968013 ], [ 76.719962385145266, 29.502834153762958 ], [ 76.719963910162363, 29.502924365838634 ], [ 76.719860783961536, 29.502925699846433 ], [ 76.719857734116914, 29.502745275684017 ], [ 76.719754608091776, 29.502746609602156 ], [ 76.719759182595155, 29.503017245858459 ], [ 76.719656056289082, 29.503018579711316 ], [ 76.719657581046107, 29.503108791799022 ], [ 76.719863833833941, 29.503106124003658 ], [ 76.719866883734142, 29.503286548155693 ], [ 76.719763757161033, 29.503287882103088 ], [ 76.719765282030224, 29.503378094182032 ], [ 76.719455901995261, 29.50338209555937 ], [ 76.719454377400055, 29.503291883465792 ], [ 76.719351250799178, 29.503293217093546 ], [ 76.719348201812267, 29.503112792892747 ], [ 76.719245075387107, 29.503114126430841 ], [ 76.71924202661063, 29.502933702215113 ], [ 76.719138900361173, 29.50293503566354 ], [ 76.719135851795144, 29.502754611432881 ], [ 76.719238977861949, 29.502753277994206 ], [ 76.71923745349801, 29.502663065881805 ], [ 76.719546831382772, 29.502659065100925 ], [ 76.719545306751797, 29.502568853001851 ], [ 76.720473439209044, 29.502556846388075 ], [ 76.720474964661946, 29.502647058443259 ], [ 76.720578090547122, 29.502645723970641 ], [ 76.720582667221507, 29.502916360113776 ], [ 76.720685793373704, 29.502915025546621 ], [ 76.720687319037054, 29.503005237586859 ], [ 76.720584192793524, 29.503006572158895 ], [ 76.720585718372504, 29.503096784202722 ], [ 76.720688844707368, 29.5030954496258 ], [ 76.720693421759975, 29.503366085734861 ], [ 76.72059029515114, 29.503367420326409 ], [ 76.720591820757903, 29.503457632365048 ], [ 76.720694947458085, 29.503456297768622 ], [ 76.720696473163144, 29.50354650980109 ], [ 76.720593346371629, 29.503547844402398 ], [ 76.720594871992319, 29.503638056438426 ], [ 76.720491745102521, 29.5036393909647 ] ] ] } },
{ "type": "Feature", "properties": { "pit_id": 623, "latitude": 29.595201, "longitude": 76.988933, "category": "likely village pond", "area_ha": 0.06, "area_m2": 600.0, "prob_max": 0.86, "prob_mean": 0.773, "new_pit": 0, "setting": "outside riverbed", "water_share": 1.0, "buildings_near": 0.155, "compactness": 1.0, "size_class": "tiny (<0.1 ha)", "google_maps": "https://www.google.com/maps?q=29.595201,76.988933" }, "geometry": { "type": "Polygon", "coordinates": [ [ [ 76.988815342664779, 29.595353583269436 ], [ 76.988810032862062, 29.595082992074847 ], [ 76.98901644096253, 29.595079898203085 ], [ 76.989018211072107, 29.595170095257995 ], [ 76.989121415201964, 29.595168548196227 ], [ 76.989123185411302, 29.595258745244159 ], [ 76.988916776960139, 29.595261839298814 ], [ 76.988918546994142, 29.595352036356708 ], [ 76.988815342664779, 29.595353583269436 ] ] ] } },
{ "type": "Feature", "properties": { "pit_id": 624, "latitude": 29.610242, "longitude": 76.76576, "category": "pit", "area_ha": 0.15, "area_m2": 1500.0, "prob_max": 0.86, "prob_mean": 0.729, "new_pit": 0, "setting": "outside riverbed", "water_share": 0.0, "buildings_near": 0.004, "compactness": 0.957, "size_class": "small (0.1-0.5 ha)", "google_maps": "https://www.google.com/maps?q=29.610242,76.765760" }, "geometry": { "type": "Polygon", "coordinates": [ [ [ 76.765878540692299, 29.610508256983071 ], [ 76.765875395553323, 29.610327840169674 ], [ 76.765668929944383, 29.61033058832847 ], [ 76.765667357569271, 29.610240379909801 ], [ 76.765460892115328, 29.610243127737569 ], [ 76.765456175583779, 29.609972502443647 ], [ 76.765559408038868, 29.609971128584924 ], [ 76.76556098030072, 29.610061337012525 ], [ 76.765767445373086, 29.610058589044296 ], [ 76.765769017825704, 29.610148797460567 ], [ 76.765872250442982, 29.610147423351062 ], [ 76.765873822994578, 29.610237631761017 ], [ 76.765977055696496, 29.61023625756626 ], [ 76.765978628347057, 29.610326465969905 ], [ 76.766081861133642, 29.610325091689887 ], [ 76.766085006639884, 29.610505508483236 ], [ 76.765878540692299, 29.610508256983071 ] ] ] } },
{ "type": "Feature", "properties": { "pit_id": 625, "latitude": 29.804291, "longitude": 77.054209, "category": "pit", "area_ha": 0.05, "area_m2": 500.0, "prob_max": 0.86, "prob_mean": 0.614, "new_pit": 0, "setting": "outside riverbed", "water_share": 1.0, "buildings_near": 0.011, "compactness": 1.0, "size_class": "tiny (<0.1 ha)", "google_maps": "https://www.google.com/maps?q=29.804291,77.054209" }, "geometry": { "type": "Polygon", "coordinates": [ [ [ 77.054076829233352, 29.804392655605909 ], [ 77.054073142160561, 29.804212274451469 ], [ 77.054383383766009, 29.804207450687095 ], [ 77.054385227576191, 29.804297641247473 ], [ 77.054281813623433, 29.804299249255603 ], [ 77.05428365734933, 29.804389439820465 ], [ 77.054076829233352, 29.804392655605909 ] ] ] } },
{ "type": "Feature", "properties": { "pit_id": 626, "latitude": 29.575319, "longitude": 76.978901, "category": "pit", "area_ha": 0.2, "area_m2": 2000.0, "prob_max": 0.85, "prob_mean": 0.582, "new_pit": 0, "setting": "outside riverbed", "water_share": 0.7, "buildings_near": 0.0, "compactness": 0.791, "size_class": "small (0.1-0.5 ha)", "google_maps": "https://www.google.com/maps?q=29.575319,76.978901" }, "geometry": { "type": "Polygon", "coordinates": [ [ [ 76.978516913288544, 29.575477813150084 ], [ 76.978511635230987, 29.575207219454235 ], [ 76.978614819709321, 29.57520568150057 ], [ 76.978616579145438, 29.575295879394897 ], [ 76.97871976370736, 29.575294341355509 ], [ 76.978718004179626, 29.575204143466806 ], [ 76.978924373096234, 29.575201067158957 ], [ 76.97892261339328, 29.575110869280149 ], [ 76.979128982094636, 29.575107792663132 ], [ 76.979130741980782, 29.575197990530704 ], [ 76.979337110833299, 29.575194913582045 ], [ 76.979340630996077, 29.575375309290781 ], [ 76.979134261777119, 29.575378386261903 ], [ 76.979136021687296, 29.575468584125513 ], [ 76.978516913288544, 29.575477813150084 ] ], [ [ 76.97892789252613, 29.575381462912606 ], [ 76.979134261777119, 29.575378386261903 ], [ 76.979130741980782, 29.575197990530704 ], [ 76.979027557542508, 29.575199528884887 ], [ 76.979029317345052, 29.575289726756754 ], [ 76.978926132807175, 29.575291265036441 ], [ 76.97892789252613, 29.575381462912606 ] ] ] } },
{ "type": "Feature", "properties": { "pit_id": 627, "latitude": 29.590301, "longitude": 76.902033, "category": "pit", "area_ha": 0.05, "area_m2": 500.0, "prob_max": 0.85, "prob_mean": 0.688, "new_pit": 0, "setting": "outside riverbed", "water_share": 0.0, "buildings_near": 0.0, "compactness": 1.0, "size_class": "tiny (<0.1 ha)", "google_maps": "https://www.google.com/maps?q=29.590301,76.902033" }, "geometry": { "type": "Polygon", "coordinates": [ [ [ 76.901900905103929, 29.590402230287989 ], [ 76.901897520548602, 29.590221826694243 ], [ 76.902207133859875, 29.590217389147078 ], [ 76.902208826408767, 29.590307590928411 ], [ 76.902105621887685, 29.590309070196366 ], [ 76.902107314352591, 29.590399271981791 ], [ 76.901900905103929, 29.590402230287989 ] ] ] } },
{ "type": "Feature", "properties": { "pit_id": 628, "latitude": 29.559215, "longitude": 77.039654, "category": "pit", "area_ha": 0.06, "area_m2": 600.0, "prob_max": 0.85, "prob_mean": 0.738, "new_pit": 0, "setting": "outside riverbed", "water_share": 0.167, "buildings_near": 0.133, "compactness": 1.0, "size_class": "tiny (<0.1 ha)", "google_maps": "https://www.google.com/maps?q=29.559215,77.039654" }, "geometry": { "type": "Polygon", "coordinates": [ [ [ 77.039500821569234, 29.559307260234679 ], [ 77.039497196824769, 29.559126870760636 ], [ 77.039806689600084, 29.559122116844978 ], [ 77.039810314893657, 29.559302506284308 ], [ 77.039500821569234, 29.559307260234679 ] ] ] } },
{ "type": "Feature", "properties": { "pit_id": 629, "latitude": 29.48476, "longitude": 76.883029, "category": "pit", "area_ha": 0.03, "area_m2": 300.0, "prob_max": 0.85, "prob_mean": 0.577, "new_pit": 0, "setting": "outside riverbed", "water_share": 1.0, "buildings_near": 0.02, "compactness": 1.0, "size_class": "tiny (<0.1 ha)", "google_maps": "https://www.google.com/maps?q=29.484760,76.883029" }, "geometry": { "type": "Polygon", "coordinates": [ [ [ 76.882909976912558, 29.484836537481819 ], [ 76.88290830869532, 29.484746333260762 ], [ 76.883011407220067, 29.48474487364723 ], [ 76.883009738919228, 29.484654669430189 ], [ 76.883112837345152, 29.484653209742156 ], [ 76.883116174136845, 29.484833618164235 ], [ 76.882909976912558, 29.484836537481819 ] ] ] } },
{ "type": "Feature", "properties": { "pit_id": 630, "latitude": 29.896979, "longitude": 77.136926, "category": "pit", "area_ha": 0.03, "area_m2": 300.0, "prob_max": 0.85, "prob_mean": 0.687, "new_pit": 0, "setting": "outside riverbed", "water_share": 1.0, "buildings_near": -0.0, "compactness": 1.0, "size_class": "tiny (<0.1 ha)", "google_maps": "https://www.google.com/maps?q=29.896979,77.136926" }, "geometry": { "type": "Polygon", "coordinates": [ [ [ 77.136841725065679, 29.897085308909897 ], [ 77.136837875113912, 29.896904939857752 ], [ 77.137044883019144, 29.896901585191014 ], [ 77.137046808176791, 29.8969917697056 ], [ 77.136943304135471, 29.896993447085606 ], [ 77.136945229208791, 29.897083631604925 ], [ 77.136841725065679, 29.897085308909897 ] ] ] } },
{ "type": "Feature", "properties": { "pit_id": 631, "latitude": 29.654483, "longitude": 76.62574, "category": "pit", "area_ha": 0.08, "area_m2": 800.0, "prob_max": 0.85, "prob_mean": 0.546, "new_pit": 0, "setting": "outside riverbed", "water_share": 0.0, "buildings_near": 0.0, "compactness": 1.0, "size_class": "tiny (<0.1 ha)", "google_maps": "https://www.google.com/maps?q=29.654483,76.625740" }, "geometry": { "type": "Polygon", "coordinates": [ [ [ 76.625328647681471, 29.654623707940996 ], [ 76.625324297594275, 29.654353064791454 ], [ 76.62542758281937, 29.654351798233385 ], [ 76.625430483054984, 29.654532226991797 ], [ 76.625637053853566, 29.654529693615938 ], [ 76.625635603548361, 29.654439479246612 ], [ 76.625738888845703, 29.654438212442681 ], [ 76.625737438455062, 29.654347998076673 ], [ 76.625840723653766, 29.654346731196942 ], [ 76.625843624625759, 29.65452715991843 ], [ 76.625637053853566, 29.654529693615938 ], [ 76.625638504165366, 29.654619907983982 ], [ 76.625328647681471, 29.654623707940996 ] ] ] } },
{ "type": "Feature", "properties": { "pit_id": 632, "latitude": 29.50039, "longitude": 76.882414, "category": "pit", "area_ha": 0.3, "area_m2": 3000.0, "prob_max": 0.85, "prob_mean": 0.584, "new_pit": 0, "setting": "outside riverbed", "water_share": 0.267, "buildings_near": 0.099, "compactness": 0.62, "size_class": "small (0.1-0.5 ha)", "google_maps": "https://www.google.com/maps?q=29.500390,76.882414" }, "geometry": { "type": "Polygon", "coordinates": [ [ [ 76.88217255437111, 29.500727061172189 ], [ 76.882169217093917, 29.500546653083216 ], [ 76.8820661025172, 29.500548112752242 ], [ 76.882062765452986, 29.50036770464736 ], [ 76.881959651051247, 29.500369164225834 ], [ 76.881957982621813, 29.500278960166085 ], [ 76.881854868303762, 29.500280419659362 ], [ 76.881853199973222, 29.500190215592969 ], [ 76.882162542630738, 29.500185836889528 ], [ 76.882164211235121, 29.500276040939916 ], [ 76.882267325530393, 29.500274581207016 ], [ 76.882265656834704, 29.500184377161954 ], [ 76.882471885219857, 29.500181457467207 ], [ 76.882475222983942, 29.500361865534664 ], [ 76.882578337347681, 29.500360405556805 ], [ 76.882576668370547, 29.500270201529069 ], [ 76.88288601114229, 29.500265821132238 ], [ 76.882887680393267, 29.500356025143962 ], [ 76.882990794726595, 29.500354564846607 ], [ 76.882989125384341, 29.500264360840212 ], [ 76.883092239618762, 29.500262900468314 ], [ 76.883095578493453, 29.500443308469091 ], [ 76.88237377741477, 29.500453529469738 ], [ 76.882378783866869, 29.500724141573158 ], [ 76.88217255437111, 29.500727061172189 ] ], [ [ 76.882167548466711, 29.500456449036754 ], [ 76.882270662944549, 29.500454989293186 ], [ 76.882268994233655, 29.500364785250763 ], [ 76.882165879847122, 29.500366244988985 ], [ 76.882167548466711, 29.500456449036754 ] ] ] } },
{ "type": "Feature", "properties": { "pit_id": 633, "latitude": 29.597274, "longitude": 76.913967, "category": "pit", "area_ha": 0.39, "area_m2": 3900.0, "prob_max": 0.85, "prob_mean": 0.578, "new_pit": 0, "setting": "outside riverbed", "water_share": 0.641, "buildings_near": -0.0, "compactness": 0.611, "size_class": "small (0.1-0.5 ha)", "google_maps": "https://www.google.com/maps?q=29.597274,76.913967" }, "geometry": { "type": "Polygon", "coordinates": [ [ [ 76.913700919058087, 29.597540874825707 ], [ 76.91369921578746, 29.597450673747684 ], [ 76.913389582465427, 29.597455139084001 ], [ 76.913387879477725, 29.597364937988367 ], [ 76.913491090501097, 29.597363449628549 ], [ 76.913489387429422, 29.597273248537043 ], [ 76.913592598353318, 29.597271760102458 ], [ 76.913590895197672, 29.597181559015063 ], [ 76.913694106022092, 29.59718007050574 ], [ 76.9136906995506, 29.596999668337858 ], [ 76.913587488909627, 29.59700115683632 ], [ 76.913585785777215, 29.596910955744988 ], [ 76.913792206867967, 29.596907978678718 ], [ 76.913795613507418, 29.597088380838368 ], [ 76.914002034934043, 29.597085403429638 ], [ 76.914003738448827, 29.597175604496627 ], [ 76.914313370805814, 29.597171137765866 ], [ 76.914311667015852, 29.597080936715177 ], [ 76.914518088364957, 29.597077958504617 ], [ 76.914523200308452, 29.597348561620151 ], [ 76.914419989362599, 29.59735005078182 ], [ 76.91442169326757, 29.597440251823148 ], [ 76.913905637963396, 29.597447696455884 ], [ 76.913907341417485, 29.597537897523043 ], [ 76.913700919058087, 29.597540874825707 ] ] ] } },
{ "type": "Feature", "properties": { "pit_id": 634, "latitude": 29.841424, "longitude": 76.738724, "category": "pit", "area_ha": 0.04, "area_m2": 400.0, "prob_max": 0.85, "prob_mean": 0.563, "new_pit": 0, "setting": "outside riverbed", "water_share": 0.75, "buildings_near": 0.002, "compactness": 1.0, "size_class": "tiny (<0.1 ha)", "google_maps": "https://www.google.com/maps?q=29.841424,76.738724" }, "geometry": { "type": "Polygon", "coordinates": [ [ [ 76.738570052517105, 29.841493221252978 ], [ 76.738568489710403, 29.841403014675208 ], [ 76.738671960815154, 29.841401652175886 ], [ 76.738670397922647, 29.841311445601754 ], [ 76.738773868927396, 29.841310083026372 ], [ 76.738775431912771, 29.841400289595555 ], [ 76.738878903003311, 29.841398926934222 ], [ 76.738880466088702, 29.841489133497141 ], [ 76.738570052517105, 29.841493221252978 ] ] ] } },
{ "type": "Feature", "properties": { "pit_id": 635, "latitude": 29.487498, "longitude": 77.030094, "category": "pit", "area_ha": 0.04, "area_m2": 400.0, "prob_max": 0.84, "prob_mean": 0.708, "new_pit": 1, "setting": "outside riverbed", "water_share": 0.0, "buildings_near": -0.0, "compactness": 1.0, "size_class": "tiny (<0.1 ha)", "google_maps": "https://www.google.com/maps?q=29.487498,77.030094" }, "geometry": { "type": "Polygon", "coordinates": [ [ [ 77.030019597575205, 29.487634822210484 ], [ 77.030014201481904, 29.487364233482758 ], [ 77.030117293579409, 29.487362659756094 ], [ 77.030119092360167, 29.487452855994238 ], [ 77.030222184540676, 29.487451282182018 ], [ 77.030223983420825, 29.487541478413089 ], [ 77.030120891149124, 29.487543052231064 ], [ 77.030122689946282, 29.487633248466555 ], [ 77.030019597575205, 29.487634822210484 ] ] ] } },
{ "type": "Feature", "properties": { "pit_id": 636, "latitude": 29.492839, "longitude": 76.991289, "category": "likely village pond", "area_ha": 0.16, "area_m2": 1600.0, "prob_max": 0.84, "prob_mean": 0.569, "new_pit": 0, "setting": "outside riverbed", "water_share": 0.75, "buildings_near": 0.167, "compactness": 0.846, "size_class": "small (0.1-0.5 ha)", "google_maps": "https://www.google.com/maps?q=29.492839,76.991289" }, "geometry": { "type": "Polygon", "coordinates": [ [ [ 76.991452914785228, 29.492999861550285 ], [ 76.991451149852509, 29.492909663241996 ], [ 76.990832548737558, 29.492918926208517 ], [ 76.990830784360242, 29.492828727865042 ], [ 76.990933884474927, 29.492827184242515 ], [ 76.990932120014421, 29.492736985903367 ], [ 76.991653819953655, 29.492726178349866 ], [ 76.991659115275027, 29.492996773244826 ], [ 76.991452914785228, 29.492999861550285 ] ], [ [ 76.991451149852509, 29.492909663241996 ], [ 76.991554250010211, 29.492908119134821 ], [ 76.991552484994315, 29.492817920830863 ], [ 76.991449384927833, 29.492819464932396 ], [ 76.991451149852509, 29.492909663241996 ] ] ] } },
{ "type": "Feature", "properties": { "pit_id": 637, "latitude": 29.618279, "longitude": 76.860758, "category": "pit", "area_ha": 0.95, "area_m2": 9500.0, "prob_max": 0.84, "prob_mean": 0.54, "new_pit": 0, "setting": "outside riverbed", "water_share": 0.0, "buildings_near": 0.023, "compactness": 0.286, "size_class": "medium (0.5-2 ha)", "google_maps": "https://www.google.com/maps?q=29.618279,76.860758" }, "geometry": { "type": "Polygon", "coordinates": [ [ [ 76.860720753343415, 29.619046599035926 ], [ 76.860719095764679, 29.618956395491416 ], [ 76.860512623432086, 29.618959291973713 ], [ 76.860510966044558, 29.618869088417338 ], [ 76.860407729958794, 29.618870536532807 ], [ 76.860391157416572, 29.617968500844093 ], [ 76.860494392584016, 29.61796705278141 ], [ 76.860491077982402, 29.617786645638493 ], [ 76.86038784299862, 29.617788093690606 ], [ 76.860384528610837, 29.617607686531869 ], [ 76.860487763410958, 29.617606238490321 ], [ 76.86048444886967, 29.617425831336899 ], [ 76.861000621838798, 29.617418589978048 ], [ 76.861002279564815, 29.617508793529019 ], [ 76.860899044894239, 29.617510241966585 ], [ 76.860900702535972, 29.617600445521507 ], [ 76.861107172053224, 29.617597548555555 ], [ 76.861120434927912, 29.618319176863281 ], [ 76.860913963941371, 29.618322073913738 ], [ 76.860915621650989, 29.618412277456859 ], [ 76.861018857239856, 29.618410828966486 ], [ 76.86102217286539, 29.618591236038242 ], [ 76.860918937092833, 29.618592684539177 ], [ 76.860917279368138, 29.618502480998682 ], [ 76.860814043679881, 29.618503929414075 ], [ 76.860819016601113, 29.6187745400475 ], [ 76.861025488521094, 29.618771643104736 ], [ 76.861023830689476, 29.61868143957215 ], [ 76.861127066546317, 29.618679990985665 ], [ 76.861133698285414, 29.61904080508705 ], [ 76.860720753343415, 29.619046599035926 ] ], [ [ 76.860717438193461, 29.618866191945607 ], [ 76.860820674256615, 29.618864743589342 ], [ 76.860819016601113, 29.6187745400475 ], [ 76.860715780629818, 29.618775988398472 ], [ 76.860717438193461, 29.618866191945607 ] ], [ [ 76.860602599978378, 29.618236215327197 ], [ 76.860912306239285, 29.618231870369307 ], [ 76.86091064854476, 29.618141666823561 ], [ 76.860807413223839, 29.61814311521784 ], [ 76.860804098041058, 29.617962708111833 ], [ 76.860700862896252, 29.61796415641529 ], [ 76.860704177895357, 29.618144563531853 ], [ 76.860600942559344, 29.618146011765617 ], [ 76.860602599978378, 29.618236215327197 ] ], [ [ 76.860804098041058, 29.617962708111833 ], [ 76.861010568308046, 29.61795981126415 ], [ 76.861008910544314, 29.617869607719751 ], [ 76.86090567550643, 29.617871056178444 ], [ 76.860902360185236, 29.61769064907514 ], [ 76.860799125323481, 29.617692097443008 ], [ 76.860804098041058, 29.617962708111833 ] ] ] } },
{ "type": "Feature", "properties": { "pit_id": 638, "latitude": 29.815961, "longitude": 76.997434, "category": "pit", "area_ha": 0.11, "area_m2": 1100.0, "prob_max": 0.84, "prob_mean": 0.695, "new_pit": 0, "setting": "outside riverbed", "water_share": 0.0, "buildings_near": 0.0, "compactness": 1.0, "size_class": "small (0.1-0.5 ha)", "google_maps": "https://www.google.com/maps?q=29.815961,76.997434" }, "geometry": { "type": "Polygon", "coordinates": [ [ [ 76.997309576271277, 29.816089528930469 ], [ 76.997307782811248, 29.815999335340869 ], [ 76.99720435315956, 29.816000899244969 ], [ 76.997200766449367, 29.815820512050404 ], [ 76.997511054823661, 29.815815820129536 ], [ 76.997512848452843, 29.815906013710453 ], [ 76.997616277987376, 29.815904449569395 ], [ 76.99761807171744, 29.815994643143291 ], [ 76.997721501336542, 29.815993078915668 ], [ 76.997723295167461, 29.816083272482558 ], [ 76.997309576271277, 29.816089528930469 ] ] ] } },
{ "type": "Feature", "properties": { "pit_id": 639, "latitude": 29.834038, "longitude": 76.949014, "category": "pit", "area_ha": 0.09, "area_m2": 900.0, "prob_max": 0.84, "prob_mean": 0.638, "new_pit": 0, "setting": "outside riverbed", "water_share": 0.667, "buildings_near": -0.0, "compactness": 1.0, "size_class": "tiny (<0.1 ha)", "google_maps": "https://www.google.com/maps?q=29.834038,76.949014" }, "geometry": { "type": "Polygon", "coordinates": [ [ [ 76.948931129513241, 29.834225025498256 ], [ 76.948927626883957, 29.834044633545592 ], [ 76.948824175629042, 29.834046160415781 ], [ 76.948822424419149, 29.833955964431915 ], [ 76.948925875581239, 29.833954437567265 ], [ 76.948924124286492, 29.833864241587619 ], [ 76.949131026401176, 29.833861187626546 ], [ 76.94913803237047, 29.834221971492845 ], [ 76.948931129513241, 29.834225025498256 ] ] ] } },
{ "type": "Feature", "properties": { "pit_id": 640, "latitude": 29.668191, "longitude": 76.89545, "category": "pit", "area_ha": 0.11, "area_m2": 1100.0, "prob_max": 0.84, "prob_mean": 0.641, "new_pit": 0, "setting": "outside riverbed", "water_share": 0.0, "buildings_near": 0.047, "compactness": 1.0, "size_class": "small (0.1-0.5 ha)", "google_maps": "https://www.google.com/maps?q=29.668191,76.895450" }, "geometry": { "type": "Polygon", "coordinates": [ [ [ 76.895411333855577, 29.668359899037569 ], [ 76.895409642004779, 29.668269697961737 ], [ 76.895203073145311, 29.668272652872211 ], [ 76.895201381486302, 29.6681824517843 ], [ 76.895304665827837, 29.668180974374653 ], [ 76.895301282348825, 29.668000572205639 ], [ 76.89550785064057, 29.667997617166616 ], [ 76.895511234487799, 29.668178019314098 ], [ 76.895717803116995, 29.66817506393188 ], [ 76.895719495236278, 29.668265264992883 ], [ 76.895616210833467, 29.668266742729593 ], [ 76.895617902868395, 29.668356943794659 ], [ 76.895411333855577, 29.668359899037569 ] ] ] } },
{ "type": "Feature", "properties": { "pit_id": 641, "latitude": 29.560756, "longitude": 76.788445, "category": "pit", "area_ha": 0.11, "area_m2": 1100.0, "prob_max": 0.84, "prob_mean": 0.759, "new_pit": 0, "setting": "outside riverbed", "water_share": 0.727, "buildings_near": 0.0, "compactness": 1.0, "size_class": "small (0.1-0.5 ha)", "google_maps": "https://www.google.com/maps?q=29.560756,76.788445" }, "geometry": { "type": "Polygon", "coordinates": [ [ [ 76.788340134669511, 29.560942283871199 ], [ 76.788338545301656, 29.560852075892932 ], [ 76.788235364102803, 29.560853465382586 ], [ 76.78823377483377, 29.560763257397948 ], [ 76.788336955941062, 29.560761867913367 ], [ 76.788332187902625, 29.560491243966815 ], [ 76.788435368727946, 29.560489854417369 ], [ 76.788438547596144, 29.560670270372896 ], [ 76.788644909591355, 29.560667491013451 ], [ 76.788648088854828, 29.560847906943451 ], [ 76.788544907677675, 29.560849296673368 ], [ 76.788546497228694, 29.560939504641492 ], [ 76.788340134669511, 29.560942283871199 ] ] ] } },
{ "type": "Feature", "properties": { "pit_id": 642, "latitude": 29.810725, "longitude": 77.051999, "category": "pit", "area_ha": 0.06, "area_m2": 600.0, "prob_max": 0.83, "prob_mean": 0.538, "new_pit": 0, "setting": "outside riverbed", "water_share": 1.0, "buildings_near": 0.01, "compactness": 1.0, "size_class": "tiny (<0.1 ha)", "google_maps": "https://www.google.com/maps?q=29.810725,77.051999" }, "geometry": { "type": "Polygon", "coordinates": [ [ [ 77.051829064948905, 29.810833150950106 ], [ 77.051827222945448, 29.810742960334135 ], [ 77.051930643687101, 29.810741353932737 ], [ 77.051926959519932, 29.810560972708476 ], [ 77.052030380067833, 29.810559366237889 ], [ 77.052032222239902, 29.810649556844858 ], [ 77.052135642872116, 29.810647950287581 ], [ 77.052139327426772, 29.810828331485844 ], [ 77.051829064948905, 29.810833150950106 ] ] ] } },
{ "type": "Feature", "properties": { "pit_id": 643, "latitude": 29.742582, "longitude": 76.976285, "category": "pit", "area_ha": 0.04, "area_m2": 400.0, "prob_max": 0.83, "prob_mean": 0.64, "new_pit": 0, "setting": "outside riverbed", "water_share": 1.0, "buildings_near": 0.05, "compactness": 1.0, "size_class": "tiny (<0.1 ha)", "google_maps": "https://www.google.com/maps?q=29.742582,76.976285" }, "geometry": { "type": "Polygon", "coordinates": [ [ [ 76.976209601972712, 29.742695737166137 ], [ 76.976204294209836, 29.742425149919608 ], [ 76.97630764958987, 29.742423605904268 ], [ 76.976311188275176, 29.742603997392045 ], [ 76.976414543831908, 29.742602453284825 ], [ 76.976416313279003, 29.742692649021116 ], [ 76.976209601972712, 29.742695737166137 ] ] ] } },
{ "type": "Feature", "properties": { "pit_id": 644, "latitude": 29.878921, "longitude": 76.800321, "category": "pit", "area_ha": 0.12, "area_m2": 1200.0, "prob_max": 0.83, "prob_mean": 0.631, "new_pit": 0, "setting": "outside riverbed", "water_share": 0.333, "buildings_near": 0.003, "compactness": 1.0, "size_class": "small (0.1-0.5 ha)", "google_maps": "https://www.google.com/maps?q=29.878921,76.800321" }, "geometry": { "type": "Polygon", "coordinates": [ [ [ 76.800203075619166, 29.879103299602033 ], [ 76.800199834326648, 29.878922893491183 ], [ 76.800096327956254, 29.878924305794499 ], [ 76.80009470741409, 29.878834102731986 ], [ 76.799991201129387, 29.878835514949071 ], [ 76.799989580687651, 29.878745311880113 ], [ 76.800196593063561, 29.878742487375099 ], [ 76.800198213691431, 29.878832690433804 ], [ 76.800405226224029, 29.878829865594071 ], [ 76.800406847045366, 29.8789200686412 ], [ 76.800510353393676, 29.878918656094541 ], [ 76.800508732479287, 29.87882845305251 ], [ 76.800612238727183, 29.878827040429847 ], [ 76.800615480749457, 29.879007446502325 ], [ 76.800511974315455, 29.879008859135237 ], [ 76.800513595244567, 29.879099062174646 ], [ 76.800410088710123, 29.879100474731558 ], [ 76.800408467874064, 29.879010271687036 ], [ 76.800304961425326, 29.8790116841577 ], [ 76.800306582168332, 29.879101887207351 ], [ 76.800203075619166, 29.879103299602033 ] ] ] } },
{ "type": "Feature", "properties": { "pit_id": 645, "latitude": 29.48821, "longitude": 76.963313, "category": "pit", "area_ha": 0.13, "area_m2": 1300.0, "prob_max": 0.83, "prob_mean": 0.599, "new_pit": 0, "setting": "outside riverbed", "water_share": 0.0, "buildings_near": 0.1, "compactness": 1.0, "size_class": "small (0.1-0.5 ha)", "google_maps": "https://www.google.com/maps?q=29.488210,76.963313" }, "geometry": { "type": "Polygon", "coordinates": [ [ [ 76.963105720923863, 29.488368747358482 ], [ 76.963103981431914, 29.488278547440757 ], [ 76.96300088418748, 29.488280069281288 ], [ 76.962999144794665, 29.488189869356692 ], [ 76.963102241947894, 29.488188347521724 ], [ 76.963100502471789, 29.48809814760137 ], [ 76.963719084677521, 29.488089014948688 ], [ 76.963720824700886, 29.48817921483564 ], [ 76.963411533360045, 29.488183781537888 ], [ 76.963415012883274, 29.488364181341257 ], [ 76.963105720923863, 29.488368747358482 ] ] ] } },
{ "type": "Feature", "properties": { "pit_id": 646, "latitude": 29.874247, "longitude": 76.802342, "category": "pit", "area_ha": 0.25, "area_m2": 2500.0, "prob_max": 0.82, "prob_mean": 0.604, "new_pit": 0, "setting": "outside riverbed", "water_share": 0.4, "buildings_near": 0.002, "compactness": 0.58, "size_class": "small (0.1-0.5 ha)", "google_maps": "https://www.google.com/maps?q=29.874247,76.802342" }, "geometry": { "type": "Polygon", "coordinates": [ [ [ 76.802193710820475, 29.874655090089533 ], [ 76.802190466527421, 29.874474684054917 ], [ 76.801983463192485, 29.874477511322713 ], [ 76.801981841243077, 29.87438730829318 ], [ 76.802085342821186, 29.874385894704957 ], [ 76.802083720786086, 29.874295691679237 ], [ 76.802290723734146, 29.874292864269741 ], [ 76.802289101520344, 29.874202661252973 ], [ 76.802082098758376, 29.874205488652201 ], [ 76.802080476738027, 29.874115285623859 ], [ 76.801976975439032, 29.874116699196701 ], [ 76.801975353519083, 29.874026496161914 ], [ 76.801871852305752, 29.874027909648525 ], [ 76.801868608674013, 29.87384750356475 ], [ 76.802179111733665, 29.873843262892372 ], [ 76.802180733824969, 29.873933465919535 ], [ 76.80228423492315, 29.873932052194746 ], [ 76.802285857114853, 29.874022255215468 ], [ 76.802389358298726, 29.874020841404448 ], [ 76.802394225197105, 29.874291450443341 ], [ 76.802290723734146, 29.874292864269741 ], [ 76.802293968183818, 29.874473270299358 ], [ 76.802500971474558, 29.87447044254494 ], [ 76.80250259389652, 29.874560645547522 ], [ 76.802399092161806, 29.874562059470417 ], [ 76.802400714498091, 29.874652262476804 ], [ 76.802193710820475, 29.874655090089533 ] ] ] } },
{ "type": "Feature", "properties": { "pit_id": 647, "latitude": 29.660953, "longitude": 76.955952, "category": "pit", "area_ha": 0.19, "area_m2": 1900.0, "prob_max": 0.82, "prob_mean": 0.621, "new_pit": 0, "setting": "outside riverbed", "water_share": 0.789, "buildings_near": 0.061, "compactness": 1.0, "size_class": "small (0.1-0.5 ha)", "google_maps": "https://www.google.com/maps?q=29.660953,76.955952" }, "geometry": { "type": "Polygon", "coordinates": [ [ [ 76.955604245623093, 29.661079249224084 ], [ 76.955602500579246, 29.660989051247164 ], [ 76.955499227252119, 29.660990575308865 ], [ 76.955497482308218, 29.660900377325074 ], [ 76.955807301989751, 29.660895804915462 ], [ 76.955805556777776, 29.66080560694699 ], [ 76.956218649207315, 29.660799509297679 ], [ 76.956220394787351, 29.660889707243935 ], [ 76.956323667966899, 29.660888182625101 ], [ 76.956327159334805, 29.66106857850253 ], [ 76.955604245623093, 29.661079249224084 ] ] ] } },
{ "type": "Feature", "properties": { "pit_id": 648, "latitude": 29.642707, "longitude": 77.01663, "category": "pit", "area_ha": 0.1, "area_m2": 1000.0, "prob_max": 0.82, "prob_mean": 0.633, "new_pit": 0, "setting": "outside riverbed", "water_share": 0.0, "buildings_near": 0.174, "compactness": 1.0, "size_class": "small (0.1-0.5 ha)", "google_maps": "https://www.google.com/maps?q=29.642707,77.016630" }, "geometry": { "type": "Polygon", "coordinates": [ [ [ 77.016395346453095, 29.64284549738505 ], [ 77.016391750585072, 29.642665107596116 ], [ 77.016598252177587, 29.642661966273849 ], [ 77.016596454072015, 29.642571771388827 ], [ 77.016906206123693, 29.642567058820248 ], [ 77.016908004504998, 29.642657253688089 ], [ 77.016804753737361, 29.64265882463032 ], [ 77.016806552034936, 29.642749019502556 ], [ 77.016703301167212, 29.642750590370198 ], [ 77.016705099381056, 29.642840785246829 ], [ 77.016395346453095, 29.64284549738505 ] ] ] } },
{ "type": "Feature", "properties": { "pit_id": 649, "latitude": 29.713133, "longitude": 77.083733, "category": "pit", "area_ha": 0.09, "area_m2": 900.0, "prob_max": 0.82, "prob_mean": 0.508, "new_pit": 0, "setting": "outside riverbed", "water_share": 0.222, "buildings_near": 0.024, "compactness": 1.0, "size_class": "tiny (<0.1 ha)", "google_maps": "https://www.google.com/maps?q=29.713133,77.083733" }, "geometry": { "type": "Polygon", "coordinates": [ [ [ 77.083534216825569, 29.713261365351624 ], [ 77.083530490662056, 29.713080985074818 ], [ 77.083633809085995, 29.713079358695051 ], [ 77.083631945924708, 29.712989168560558 ], [ 77.083838582562706, 29.712985915571277 ], [ 77.083840445908436, 29.713076105693943 ], [ 77.083943764306952, 29.713074479072596 ], [ 77.083947491208249, 29.713254859302062 ], [ 77.083844172625291, 29.713256485935247 ], [ 77.083842309262621, 29.71316629581526 ], [ 77.083738990763422, 29.713167922362004 ], [ 77.083740854033849, 29.71325811248791 ], [ 77.083534216825569, 29.713261365351624 ] ] ] } },
{ "type": "Feature", "properties": { "pit_id": 650, "latitude": 29.787317, "longitude": 76.859706, "category": "pit", "area_ha": 0.03, "area_m2": 300.0, "prob_max": 0.82, "prob_mean": 0.607, "new_pit": 0, "setting": "outside riverbed", "water_share": 0.0, "buildings_near": -0.0, "compactness": 1.0, "size_class": "tiny (<0.1 ha)", "google_maps": "https://www.google.com/maps?q=29.787317,76.859706" }, "geometry": { "type": "Polygon", "coordinates": [ [ [ 76.859690624213968, 29.787422388237601 ], [ 76.85968895621653, 29.787332186934051 ], [ 76.859585547655954, 29.787333641852562 ], [ 76.859583879758731, 29.787243440542408 ], [ 76.859790696687057, 29.787240530635142 ], [ 76.859794032859568, 29.787420933232987 ], [ 76.859690624213968, 29.787422388237601 ] ] ] } },
{ "type": "Feature", "properties": { "pit_id": 651, "latitude": 29.627355, "longitude": 76.800235, "category": "pit", "area_ha": 0.06, "area_m2": 600.0, "prob_max": 0.82, "prob_mean": 0.683, "new_pit": 0, "setting": "outside riverbed", "water_share": 0.0, "buildings_near": 0.054, "compactness": 1.0, "size_class": "tiny (<0.1 ha)", "google_maps": "https://www.google.com/maps?q=29.627355,76.800235" }, "geometry": { "type": "Polygon", "coordinates": [ [ [ 76.800048026233611, 29.627463090216061 ], [ 76.800046422138237, 29.627372883721677 ], [ 76.800149670380435, 29.627371482209842 ], [ 76.800148066200464, 29.627281275719284 ], [ 76.800251314343456, 29.627279874132256 ], [ 76.800249710078901, 29.627189667645489 ], [ 76.80035295812273, 29.627188265983282 ], [ 76.800357771213939, 29.627458885424346 ], [ 76.800048026233611, 29.627463090216061 ] ] ] } },
{ "type": "Feature", "properties": { "pit_id": 652, "latitude": 29.703141, "longitude": 77.142251, "category": "pit", "area_ha": 0.45, "area_m2": 4500.0, "prob_max": 0.81, "prob_mean": 0.562, "new_pit": 0, "setting": "Yamuna riverbed", "water_share": 1.0, "buildings_near": 0.0, "compactness": 0.415, "size_class": "small (0.1-0.5 ha)", "google_maps": "https://www.google.com/maps?q=29.703141,77.142251" }, "geometry": { "type": "Polygon", "coordinates": [ [ [ 77.141410307342085, 29.703496329378375 ], [ 77.141408393284138, 29.703406142480947 ], [ 77.141718307226128, 29.703401129105139 ], [ 77.141716392900378, 29.703310942224604 ], [ 77.141613088353935, 29.703312613424277 ], [ 77.141611174129068, 29.703222426536328 ], [ 77.141714478583367, 29.703220755342738 ], [ 77.141712564275025, 29.703130568459521 ], [ 77.14181586862847, 29.703128897191519 ], [ 77.14181203985359, 29.702948523433228 ], [ 77.141915344013981, 29.702946852096893 ], [ 77.141917258489229, 29.703037038970631 ], [ 77.142020562733094, 29.703035367547731 ], [ 77.142018648165688, 29.702945180680079 ], [ 77.142328560568558, 29.702940165946693 ], [ 77.142326645733363, 29.702849979095951 ], [ 77.142429949758096, 29.702848307363269 ], [ 77.142431864685449, 29.702938494207917 ], [ 77.142638472893083, 29.702935150488923 ], [ 77.142636557781401, 29.702844963656432 ], [ 77.142843165769904, 29.702841619627652 ], [ 77.142852742336999, 29.703292553715841 ], [ 77.142439524481929, 29.703299241573148 ], [ 77.142437609519746, 29.703209054733851 ], [ 77.142231000724308, 29.703212398167402 ], [ 77.142232915502149, 29.703302585018864 ], [ 77.141819697438152, 29.703309270944441 ], [ 77.14182352628265, 29.703489644691981 ], [ 77.141410307342085, 29.703496329378375 ] ], [ [ 77.141921087465846, 29.703217412714068 ], [ 77.142127696313523, 29.703214069763447 ], [ 77.142125781636537, 29.703123882904574 ], [ 77.141919172973189, 29.703127225843023 ], [ 77.141921087465846, 29.703217412714068 ] ], [ [ 77.142540913904412, 29.703207382896341 ], [ 77.142644218280367, 29.703205710978356 ], [ 77.142642303142566, 29.703115524149883 ], [ 77.142538998858782, 29.7031171960618 ], [ 77.142540913904412, 29.703207382896341 ] ] ] } },
{ "type": "Feature", "properties": { "pit_id": 653, "latitude": 29.650379, "longitude": 77.015213, "category": "pit", "area_ha": 0.05, "area_m2": 500.0, "prob_max": 0.81, "prob_mean": 0.68, "new_pit": 0, "setting": "outside riverbed", "water_share": 0.2, "buildings_near": 0.023, "compactness": 1.0, "size_class": "tiny (<0.1 ha)", "google_maps": "https://www.google.com/maps?q=29.650379,77.015213" }, "geometry": { "type": "Polygon", "coordinates": [ [ [ 77.015205835965446, 29.650532475743017 ], [ 77.015202241097498, 29.650352086030932 ], [ 77.014995723631586, 29.650355225916069 ], [ 77.014993926393771, 29.650265031046583 ], [ 77.015200443675795, 29.650261891172889 ], [ 77.015202241097498, 29.650352086030932 ], [ 77.015408758530725, 29.650348945824437 ], [ 77.015410556144488, 29.650439140669707 ], [ 77.015307297340016, 29.650440710818842 ], [ 77.01530909487002, 29.650530905668504 ], [ 77.015205835965446, 29.650532475743017 ] ] ] } },
{ "type": "Feature", "properties": { "pit_id": 654, "latitude": 29.463205, "longitude": 77.013799, "category": "pit", "area_ha": 0.09, "area_m2": 900.0, "prob_max": 0.81, "prob_mean": 0.58, "new_pit": 0, "setting": "outside riverbed", "water_share": 1.0, "buildings_near": 0.0, "compactness": 1.0, "size_class": "tiny (<0.1 ha)", "google_maps": "https://www.google.com/maps?q=29.463205,77.013799" }, "geometry": { "type": "Polygon", "coordinates": [ [ [ 77.013761215197491, 29.463340999930313 ], [ 77.013759432654567, 29.463250802452656 ], [ 77.013553295153287, 29.463253922162657 ], [ 77.01354973045612, 29.463073527180565 ], [ 77.013652799028648, 29.46307196737683 ], [ 77.013654581464252, 29.463162164862847 ], [ 77.013757650119757, 29.463160604973684 ], [ 77.013755867593062, 29.463070407493387 ], [ 77.013858936149362, 29.463068847530206 ], [ 77.013860718767134, 29.463159045004794 ], [ 77.014066856037516, 29.463155924827806 ], [ 77.014068638845572, 29.463246122289654 ], [ 77.013965570123361, 29.463247682423727 ], [ 77.013967352848468, 29.463337879889963 ], [ 77.013761215197491, 29.463340999930313 ] ] ] } },
{ "type": "Feature", "properties": { "pit_id": 655, "latitude": 29.86488, "longitude": 77.101114, "category": "pit", "area_ha": 0.25, "area_m2": 2500.0, "prob_max": 0.81, "prob_mean": 0.571, "new_pit": 0, "setting": "outside riverbed", "water_share": 0.52, "buildings_near": -0.0, "compactness": 0.81, "size_class": "small (0.1-0.5 ha)", "google_maps": "https://www.google.com/maps?q=29.864880,77.101114" }, "geometry": { "type": "Polygon", "coordinates": [ [ [ 77.100870964076393, 29.865455844668659 ], [ 77.100869073900085, 29.865365657608152 ], [ 77.100972547702142, 29.865364010106653 ], [ 77.100968767189428, 29.865183635993546 ], [ 77.101072240797052, 29.865181988422986 ], [ 77.101068460132808, 29.865001614316476 ], [ 77.100964986711048, 29.865003261875096 ], [ 77.100963096484719, 29.864913074813835 ], [ 77.100859623147301, 29.864914722285462 ], [ 77.100853952798587, 29.864644161075734 ], [ 77.101060898907292, 29.864640866087331 ], [ 77.101059008622357, 29.864550679026696 ], [ 77.101265954510879, 29.864547383726144 ], [ 77.101267844981649, 29.864637570774832 ], [ 77.101474791021687, 29.864634275138251 ], [ 77.10147668168689, 29.864724462173648 ], [ 77.101373208578238, 29.864726110038429 ], [ 77.101375099159114, 29.864816297078448 ], [ 77.101271625948954, 29.864817944868182 ], [ 77.101277297464279, 29.865088505998138 ], [ 77.101173823966747, 29.86509015372479 ], [ 77.101175714396078, 29.865180340771389 ], [ 77.101072240797052, 29.865181988422986 ], [ 77.101076021495615, 29.865362362524138 ], [ 77.100972547702142, 29.865364010106653 ], [ 77.100974437971388, 29.865454197161192 ], [ 77.100870964076393, 29.865455844668659 ] ], [ [ 77.101062789200796, 29.864731053146627 ], [ 77.101166262335198, 29.864729405524916 ], [ 77.101164371948755, 29.864639218471591 ], [ 77.101060898907292, 29.864640866087331 ], [ 77.101062789200796, 29.864731053146627 ] ] ] } },
{ "type": "Feature", "properties": { "pit_id": 656, "latitude": 29.848549, "longitude": 76.752536, "category": "pit", "area_ha": 0.04, "area_m2": 400.0, "prob_max": 0.81, "prob_mean": 0.68, "new_pit": 0, "setting": "outside riverbed", "water_share": 0.25, "buildings_near": 0.151, "compactness": 1.0, "size_class": "tiny (<0.1 ha)", "google_maps": "https://www.google.com/maps?q=29.848549,76.752536" }, "geometry": { "type": "Polygon", "coordinates": [ [ [ 76.752460846937055, 29.848708177898875 ], [ 76.752456119713372, 29.848437560464451 ], [ 76.752663074885675, 29.848434813039983 ], [ 76.752664650805599, 29.848525018842789 ], [ 76.75256117313009, 29.848526392600519 ], [ 76.752564324805562, 29.848706804212199 ], [ 76.752460846937055, 29.848708177898875 ] ] ] } },
{ "type": "Feature", "properties": { "pit_id": 657, "latitude": 29.884256, "longitude": 77.052814, "category": "likely village pond", "area_ha": 0.08, "area_m2": 800.0, "prob_max": 0.81, "prob_mean": 0.565, "new_pit": 0, "setting": "outside riverbed", "water_share": 1.0, "buildings_near": 0.188, "compactness": 1.0, "size_class": "tiny (<0.1 ha)", "google_maps": "https://www.google.com/maps?q=29.884256,77.052814" }, "geometry": { "type": "Polygon", "coordinates": [ [ [ 77.052713951670881, 29.884437913500786 ], [ 77.052706558589819, 29.884077155251244 ], [ 77.05291355115061, 29.884073933849336 ], [ 77.052920944975924, 29.884434692052167 ], [ 77.052713951670881, 29.884437913500786 ] ] ] } },
{ "type": "Feature", "properties": { "pit_id": 658, "latitude": 29.52908, "longitude": 76.71738, "category": "pit", "area_ha": 0.06, "area_m2": 600.0, "prob_max": 0.81, "prob_mean": 0.642, "new_pit": 0, "setting": "outside riverbed", "water_share": 0.0, "buildings_near": -0.0, "compactness": 1.0, "size_class": "tiny (<0.1 ha)", "google_maps": "https://www.google.com/maps?q=29.529080,76.717380" }, "geometry": { "type": "Polygon", "coordinates": [ [ [ 76.717313398530933, 29.529216052787099 ], [ 76.717310349945237, 29.529035629096736 ], [ 76.717207197124836, 29.529036962114329 ], [ 76.717205672933844, 29.528946750262325 ], [ 76.717411978384803, 29.528944084156873 ], [ 76.717413502758689, 29.529034295999136 ], [ 76.717516655565191, 29.52903296282155 ], [ 76.71751970451669, 29.529213386492437 ], [ 76.717313398530933, 29.529216052787099 ] ] ] } },
{ "type": "Feature", "properties": { "pit_id": 659, "latitude": 29.60937, "longitude": 76.765781, "category": "pit", "area_ha": 0.08, "area_m2": 800.0, "prob_max": 0.81, "prob_mean": 0.614, "new_pit": 0, "setting": "outside riverbed", "water_share": 0.0, "buildings_near": 0.018, "compactness": 1.0, "size_class": "tiny (<0.1 ha)", "google_maps": "https://www.google.com/maps?q=29.609370,76.765781" }, "geometry": { "type": "Polygon", "coordinates": [ [ [ 76.765758010807602, 29.609517338519272 ], [ 76.765756438405063, 29.609427130093888 ], [ 76.765653206515154, 29.609428504083052 ], [ 76.765651634211579, 29.609338295651341 ], [ 76.765548402406324, 29.609339669555244 ], [ 76.765546830201714, 29.609249461117216 ], [ 76.765856525320601, 29.609245339179797 ], [ 76.765858097800631, 29.609335547602779 ], [ 76.765961329584428, 29.609334173458148 ], [ 76.76596447474958, 29.609514590290196 ], [ 76.765758010807602, 29.609517338519272 ] ] ] } },
{ "type": "Feature", "properties": { "pit_id": 660, "latitude": 29.628777, "longitude": 76.800717, "category": "pit", "area_ha": 0.12, "area_m2": 1200.0, "prob_max": 0.81, "prob_mean": 0.606, "new_pit": 0, "setting": "outside riverbed", "water_share": 0.167, "buildings_near": 0.111, "compactness": 1.0, "size_class": "small (0.1-0.5 ha)", "google_maps": "https://www.google.com/maps?q=29.628777,76.800717" }, "geometry": { "type": "Polygon", "coordinates": [ [ [ 76.800799650962105, 29.629076993942562 ], [ 76.800798046092083, 29.62898678750749 ], [ 76.800694796239654, 29.628988189593112 ], [ 76.800693191468824, 29.628897983151631 ], [ 76.800589941700991, 29.628899385151833 ], [ 76.800585127708004, 29.628628765804169 ], [ 76.800481878208544, 29.628630167708746 ], [ 76.800480273650706, 29.628539961251796 ], [ 76.800686772458519, 29.628537157372552 ], [ 76.800688377200146, 29.628627363819284 ], [ 76.800791626684997, 29.628625961754093 ], [ 76.800793231525816, 29.628716168194405 ], [ 76.800896481095265, 29.628714766043796 ], [ 76.80089969098259, 29.62889517891027 ], [ 76.800796441229352, 29.628896581071093 ], [ 76.800798046092083, 29.62898678750749 ], [ 76.800901295937209, 29.628985385341547 ], [ 76.800902900899118, 29.629075591771514 ], [ 76.800799650962105, 29.629076993942562 ] ] ] } },
{ "type": "Feature", "properties": { "pit_id": 661, "latitude": 29.618747, "longitude": 76.861431, "category": "pit", "area_ha": 0.07, "area_m2": 700.0, "prob_max": 0.81, "prob_mean": 0.584, "new_pit": 0, "setting": "outside riverbed", "water_share": 0.0, "buildings_near": 0.093, "compactness": 1.0, "size_class": "tiny (<0.1 ha)", "google_maps": "https://www.google.com/maps?q=29.618747,76.861431" }, "geometry": { "type": "Polygon", "coordinates": [ [ [ 76.861338512581383, 29.618947704118206 ], [ 76.861330222045751, 29.618496686534456 ], [ 76.861433457696293, 29.618495237717742 ], [ 76.861438432270546, 29.618765848256089 ], [ 76.861644904100004, 29.618762950350177 ], [ 76.861646562490179, 29.618853153849763 ], [ 76.86144009047706, 29.61885605176624 ], [ 76.861441748691107, 29.618946255275088 ], [ 76.861338512581383, 29.618947704118206 ] ] ] } },
{ "type": "Feature", "properties": { "pit_id": 662, "latitude": 29.48818, "longitude": 76.937501, "category": "pit", "area_ha": 0.04, "area_m2": 400.0, "prob_max": 0.8, "prob_mean": 0.633, "new_pit": 0, "setting": "outside riverbed", "water_share": 1.0, "buildings_near": -0.0, "compactness": 1.0, "size_class": "tiny (<0.1 ha)", "google_maps": "https://www.google.com/maps?q=29.488180,76.937501" }, "geometry": { "type": "Polygon", "coordinates": [ [ [ 76.937528755764745, 29.488292713841687 ], [ 76.937527038933055, 29.488202512546483 ], [ 76.937320841443864, 29.488205516499097 ], [ 76.937319124802428, 29.488115315191596 ], [ 76.937628420750841, 29.488110809159394 ], [ 76.93763185458883, 29.488291211740144 ], [ 76.937528755764745, 29.488292713841687 ] ] ] } },
{ "type": "Feature", "properties": { "pit_id": 663, "latitude": 29.565349, "longitude": 76.714767, "category": "pit", "area_ha": 0.45, "area_m2": 4500.0, "prob_max": 0.8, "prob_mean": 0.603, "new_pit": 0, "setting": "outside riverbed", "water_share": 1.0, "buildings_near": 0.0, "compactness": 0.647, "size_class": "small (0.1-0.5 ha)", "google_maps": "https://www.google.com/maps?q=29.565349,76.714767" }, "geometry": { "type": "Polygon", "coordinates": [ [ [ 76.714629223738243, 29.565794423439637 ], [ 76.714627699560054, 29.5657042119648 ], [ 76.714524509354845, 29.565705544396703 ], [ 76.714519937136771, 29.56543490994979 ], [ 76.714623127067114, 29.565433577532477 ], [ 76.71462007877318, 29.565253154571103 ], [ 76.714516889026072, 29.565254486978681 ], [ 76.714515364981139, 29.565164275491199 ], [ 76.714412175318685, 29.565165607813807 ], [ 76.714407603500348, 29.56489497332894 ], [ 76.714613982268602, 29.5648923086328 ], [ 76.714615506384334, 29.564982520119322 ], [ 76.714925074759492, 29.564978522459676 ], [ 76.71492659915701, 29.56506873393031 ], [ 76.71502978869313, 29.565067401212008 ], [ 76.715031313189215, 29.565157612676479 ], [ 76.715134502810017, 29.565156279873193 ], [ 76.715136027404654, 29.565246491331507 ], [ 76.714929647972895, 29.565249156867683 ], [ 76.714931172391232, 29.565339368334424 ], [ 76.715034362202204, 29.565338035601538 ], [ 76.715037411242946, 29.565518458521375 ], [ 76.715140601230217, 29.565517125698648 ], [ 76.715142125852623, 29.565607337151761 ], [ 76.715038935773734, 29.565608669979369 ], [ 76.715041984856114, 29.565789092891443 ], [ 76.71493879458707, 29.56579042564865 ], [ 76.714937270134016, 29.5657002141884 ], [ 76.71483407994964, 29.565701546860652 ], [ 76.714835604311062, 29.565791758325769 ], [ 76.714629223738243, 29.565794423439637 ] ] ] } },
{ "type": "Feature", "properties": { "pit_id": 664, "latitude": 29.490923, "longitude": 76.691244, "category": "pit", "area_ha": 0.12, "area_m2": 1200.0, "prob_max": 0.8, "prob_mean": 0.501, "new_pit": 0, "setting": "outside riverbed", "water_share": 0.75, "buildings_near": -0.0, "compactness": 1.0, "size_class": "small (0.1-0.5 ha)", "google_maps": "https://www.google.com/maps?q=29.490923,76.691244" }, "geometry": { "type": "Polygon", "coordinates": [ [ [ 76.691195288249119, 29.491112008565928 ], [ 76.691192290663338, 29.490931581384736 ], [ 76.690986059456179, 29.490934203735616 ], [ 76.690983062262816, 29.490753776530081 ], [ 76.69118929310487, 29.490751154198382 ], [ 76.6911907918807, 29.490841367792203 ], [ 76.691293907382757, 29.490840056501749 ], [ 76.69129240851565, 29.490749842912717 ], [ 76.69139552391961, 29.490748531547169 ], [ 76.691400020815237, 29.491019172296017 ], [ 76.69150313648619, 29.491017860836219 ], [ 76.691504635556328, 29.491108074411777 ], [ 76.691195288249119, 29.491112008565928 ] ] ] } },
{ "type": "Feature", "properties": { "pit_id": 665, "latitude": 29.749821, "longitude": 76.850052, "category": "pit", "area_ha": 0.04, "area_m2": 400.0, "prob_max": 0.8, "prob_mean": 0.657, "new_pit": 0, "setting": "outside riverbed", "water_share": 0.25, "buildings_near": 0.0, "compactness": 1.0, "size_class": "tiny (<0.1 ha)", "google_maps": "https://www.google.com/maps?q=29.749821,76.850052" }, "geometry": { "type": "Polygon", "coordinates": [ [ [ 76.850002502148598, 29.749934415302302 ], [ 76.850000845351687, 29.749844212991519 ], [ 76.849897474720009, 29.749845658686532 ], [ 76.849895818023072, 29.749755456369183 ], [ 76.850205929618213, 29.749751119057859 ], [ 76.850207586592475, 29.74984132135943 ], [ 76.850104215975847, 29.749842767215824 ], [ 76.850105872865214, 29.749932969521346 ], [ 76.850002502148598, 29.749934415302302 ] ] ] } },
{ "type": "Feature", "properties": { "pit_id": 666, "latitude": 29.738934, "longitude": 76.888897, "category": "pit", "area_ha": 0.03, "area_m2": 300.0, "prob_max": 0.8, "prob_mean": 0.753, "new_pit": 0, "setting": "outside riverbed", "water_share": 1.0, "buildings_near": 0.0, "compactness": 1.0, "size_class": "tiny (<0.1 ha)", "google_maps": "https://www.google.com/maps?q=29.738934,76.888897" }, "geometry": { "type": "Polygon", "coordinates": [ [ [ 76.888778235813845, 29.73901059295115 ], [ 76.888776545050618, 29.738920392491483 ], [ 76.888879902178701, 29.738918916914148 ], [ 76.888878211330777, 29.738828716458531 ], [ 76.888981568358787, 29.738827240805914 ], [ 76.888984950247092, 29.739007641705086 ], [ 76.888778235813845, 29.73901059295115 ] ] ] } },
{ "type": "Feature", "properties": { "pit_id": 667, "latitude": 29.690189, "longitude": 77.059985, "category": "pit", "area_ha": 0.25, "area_m2": 2500.0, "prob_max": 0.8, "prob_mean": 0.569, "new_pit": 0, "setting": "outside riverbed", "water_share": 0.0, "buildings_near": 0.067, "compactness": 1.0, "size_class": "small (0.1-0.5 ha)", "google_maps": "https://www.google.com/maps?q=29.690189,77.059985" }, "geometry": { "type": "Polygon", "coordinates": [ [ [ 77.059605677131103, 29.690359027846188 ], [ 77.059601997157841, 29.690178644210171 ], [ 77.059705293711986, 29.690177037620895 ], [ 77.059701613587933, 29.689996653991248 ], [ 77.060114798983861, 29.689990226876297 ], [ 77.060116639410211, 29.690080418668401 ], [ 77.060426528645664, 29.6900755974698 ], [ 77.060428369356728, 29.690165789243018 ], [ 77.060325072861161, 29.690167396395516 ], [ 77.060328754124143, 29.690347779949647 ], [ 77.059605677131103, 29.690359027846188 ] ] ] } },
{ "type": "Feature", "properties": { "pit_id": 668, "latitude": 29.721111, "longitude": 76.686493, "category": "pit", "area_ha": 0.06, "area_m2": 600.0, "prob_max": 0.79, "prob_mean": 0.618, "new_pit": 0, "setting": "outside riverbed", "water_share": 0.0, "buildings_near": 0.085, "compactness": 1.0, "size_class": "tiny (<0.1 ha)", "google_maps": "https://www.google.com/maps?q=29.721111,76.686493" }, "geometry": { "type": "Polygon", "coordinates": [ [ [ 76.686461434031983, 29.721262021810901 ], [ 76.686459925404591, 29.721171811130031 ], [ 76.686356575026991, 29.721173127911218 ], [ 76.686353557977469, 29.720992706536023 ], [ 76.686560258356437, 29.720990072912166 ], [ 76.686561767062457, 29.721080283590837 ], [ 76.686665117333987, 29.721078966653188 ], [ 76.686666626139214, 29.721169177325763 ], [ 76.686563275775342, 29.721170494268208 ], [ 76.686564784495076, 29.721260704944282 ], [ 76.686461434031983, 29.721262021810901 ] ] ] } },
{ "type": "Feature", "properties": { "pit_id": 669, "latitude": 29.487868, "longitude": 76.96338, "category": "pit", "area_ha": 0.04, "area_m2": 400.0, "prob_max": 0.79, "prob_mean": 0.658, "new_pit": 0, "setting": "outside riverbed", "water_share": 0.0, "buildings_near": 0.1, "compactness": 1.0, "size_class": "tiny (<0.1 ha)", "google_maps": "https://www.google.com/maps?q=29.487868,76.963380" }, "geometry": { "type": "Polygon", "coordinates": [ [ [ 76.96330495692149, 29.48800490379255 ], [ 76.963299738017255, 29.487734304053031 ], [ 76.963402834690669, 29.487732782006422 ], [ 76.963404574408699, 29.487822981915343 ], [ 76.963507671165402, 29.487821459783351 ], [ 76.963509410982553, 29.487911659685391 ], [ 76.963406314134645, 29.48791318182295 ], [ 76.96340805386852, 29.488003381729246 ], [ 76.96330495692149, 29.48800490379255 ] ] ] } },
{ "type": "Feature", "properties": { "pit_id": 670, "latitude": 29.564579, "longitude": 77.102069, "category": "pit", "area_ha": 0.04, "area_m2": 400.0, "prob_max": 0.79, "prob_mean": 0.612, "new_pit": 0, "setting": "Yamuna riverbed", "water_share": 1.0, "buildings_near": 0.0, "compactness": 1.0, "size_class": "tiny (<0.1 ha)", "google_maps": "https://www.google.com/maps?q=29.564579,77.102069" }, "geometry": { "type": "Polygon", "coordinates": [ [ [ 77.101941388068056, 29.564648984908267 ], [ 77.101937651587647, 29.564468602714534 ], [ 77.102040817201257, 29.564466969399078 ], [ 77.102042685528744, 29.564557160490654 ], [ 77.102249016913518, 29.564553893607684 ], [ 77.102250885432568, 29.564644084685995 ], [ 77.101941388068056, 29.564648984908267 ] ] ] } },
{ "type": "Feature", "properties": { "pit_id": 671, "latitude": 29.505372, "longitude": 76.68652, "category": "pit", "area_ha": 0.08, "area_m2": 800.0, "prob_max": 0.79, "prob_mean": 0.686, "new_pit": 0, "setting": "outside riverbed", "water_share": 1.0, "buildings_near": -0.0, "compactness": 1.0, "size_class": "tiny (<0.1 ha)", "google_maps": "https://www.google.com/maps?q=29.505372,76.686520" }, "geometry": { "type": "Polygon", "coordinates": [ [ [ 76.686380290945138, 29.505520146301933 ], [ 76.686375804746305, 29.505249505441519 ], [ 76.686685195790105, 29.505245580791414 ], [ 76.686688187130585, 29.505426008004299 ], [ 76.686585056606788, 29.505427316310474 ], [ 76.686586552195891, 29.505517529919754 ], [ 76.686380290945138, 29.505520146301933 ] ] ] } },
{ "type": "Feature", "properties": { "pit_id": 672, "latitude": 29.663611, "longitude": 77.028741, "category": "pit", "area_ha": 0.04, "area_m2": 400.0, "prob_max": 0.79, "prob_mean": 0.693, "new_pit": 0, "setting": "outside riverbed", "water_share": 0.5, "buildings_near": 0.002, "compactness": 1.0, "size_class": "tiny (<0.1 ha)", "google_maps": "https://www.google.com/maps?q=29.663611,77.028741" }, "geometry": { "type": "Polygon", "coordinates": [ [ [ 77.028587491100183, 29.663681149566298 ], [ 77.028585680766724, 29.663590955636376 ], [ 77.028688952150006, 29.663589374512362 ], [ 77.028687141732746, 29.663499180586864 ], [ 77.028790413015798, 29.663497599388229 ], [ 77.028792223525045, 29.663587793307965 ], [ 77.02889549489187, 29.663586212023187 ], [ 77.02889730550136, 29.663676405935828 ], [ 77.028587491100183, 29.663681149566298 ] ] ] } },
{ "type": "Feature", "properties": { "pit_id": 673, "latitude": 29.891022, "longitude": 76.839885, "category": "pit", "area_ha": 0.03, "area_m2": 300.0, "prob_max": 0.78, "prob_mean": 0.6, "new_pit": 0, "setting": "outside riverbed", "water_share": 1.0, "buildings_near": 0.092, "compactness": 1.0, "size_class": "tiny (<0.1 ha)", "google_maps": "https://www.google.com/maps?q=29.891022,76.839885" }, "geometry": { "type": "Polygon", "coordinates": [ [ [ 76.839765289254174, 29.891098686697966 ], [ 76.8397636321981, 29.891008485793854 ], [ 76.839867148765549, 29.891007041852891 ], [ 76.839865491623897, 29.890916840952709 ], [ 76.839969008090719, 29.890915396935828 ], [ 76.83997232256776, 29.891095798724418 ], [ 76.839765289254174, 29.891098686697966 ] ] ] } },
{ "type": "Feature", "properties": { "pit_id": 674, "latitude": 29.64227, "longitude": 76.912171, "category": "pit", "area_ha": 0.15, "area_m2": 1500.0, "prob_max": 0.78, "prob_mean": 0.541, "new_pit": 0, "setting": "outside riverbed", "water_share": 0.467, "buildings_near": 0.005, "compactness": 0.952, "size_class": "small (0.1-0.5 ha)", "google_maps": "https://www.google.com/maps?q=29.642270,76.912171" }, "geometry": { "type": "Polygon", "coordinates": [ [ [ 76.912073648221806, 29.642586816153877 ], [ 76.912071943285966, 29.642496615602557 ], [ 76.911968686177261, 29.642498104910793 ], [ 76.911966981341095, 29.642407904352712 ], [ 76.91207023835787, 29.642406415049905 ], [ 76.912066828524971, 29.642226013940668 ], [ 76.912170085350112, 29.642224524568377 ], [ 76.912168380353364, 29.642134324017217 ], [ 76.912065123620138, 29.642135813384069 ], [ 76.912063418723079, 29.642045612826163 ], [ 76.912166675364361, 29.642044123464736 ], [ 76.912164970383117, 29.641953922910922 ], [ 76.911958457276668, 29.641956901542606 ], [ 76.911956752487043, 29.641866700976632 ], [ 76.912369778301198, 29.641860743413663 ], [ 76.912371483458543, 29.641950943957927 ], [ 76.912268226924709, 29.641952433474597 ], [ 76.912275047263932, 29.642313235660176 ], [ 76.91217179035462, 29.642314725118229 ], [ 76.912173495366886, 29.642404925666753 ], [ 76.912276752368143, 29.642403436203285 ], [ 76.912278457480099, 29.64249363674508 ], [ 76.912175200386898, 29.642495126213984 ], [ 76.912176905414668, 29.642585326759882 ], [ 76.912073648221806, 29.642586816153877 ] ] ] } },
{ "type": "Feature", "properties": { "pit_id": 675, "latitude": 29.766419, "longitude": 76.96549, "category": "pit", "area_ha": 0.03, "area_m2": 300.0, "prob_max": 0.78, "prob_mean": 0.56, "new_pit": 0, "setting": "outside riverbed", "water_share": 0.0, "buildings_near": 0.006, "compactness": 1.0, "size_class": "tiny (<0.1 ha)", "google_maps": "https://www.google.com/maps?q=29.766419,76.965490" }, "geometry": { "type": "Polygon", "coordinates": [ [ [ 76.965404971122155, 29.766494953268971 ], [ 76.965401448554189, 29.766314561246599 ], [ 76.965504829120704, 29.766313024553188 ], [ 76.965506590493177, 29.76640322055944 ], [ 76.965609971144204, 29.766401683779709 ], [ 76.965611732617177, 29.766491879779061 ], [ 76.965404971122155, 29.766494953268971 ] ] ] } },
{ "type": "Feature", "properties": { "pit_id": 676, "latitude": 29.870504, "longitude": 76.794545, "category": "pit", "area_ha": 0.03, "area_m2": 300.0, "prob_max": 0.78, "prob_mean": 0.627, "new_pit": 0, "setting": "outside riverbed", "water_share": 0.0, "buildings_near": 0.014, "compactness": 1.0, "size_class": "tiny (<0.1 ha)", "google_maps": "https://www.google.com/maps?q=29.870504,76.794545" }, "geometry": { "type": "Polygon", "coordinates": [ [ [ 76.794460259454524, 29.870610126150858 ], [ 76.794457029605965, 29.870429719238203 ], [ 76.794664025440383, 29.870426904119235 ], [ 76.794665640547038, 29.870517107566005 ], [ 76.794562142540471, 29.870518515171138 ], [ 76.794563757561448, 29.87060871862171 ], [ 76.794460259454524, 29.870610126150858 ] ] ] } },
{ "type": "Feature", "properties": { "pit_id": 677, "latitude": 29.553927, "longitude": 76.774577, "category": "pit", "area_ha": 0.27, "area_m2": 2700.0, "prob_max": 0.78, "prob_mean": 0.499, "new_pit": 0, "setting": "outside riverbed", "water_share": 0.963, "buildings_near": -0.0, "compactness": 1.0, "size_class": "small (0.1-0.5 ha)", "google_maps": "https://www.google.com/maps?q=29.553927,76.774577" }, "geometry": { "type": "Polygon", "coordinates": [ [ [ 76.774705041312259, 29.554357974096991 ], [ 76.774701887655795, 29.554177556619685 ], [ 76.774495537280828, 29.554180313770754 ], [ 76.774493960646481, 29.554090105020091 ], [ 76.774390785539779, 29.554091483470501 ], [ 76.774389209004156, 29.554001274713496 ], [ 76.774286033981838, 29.5540026530788 ], [ 76.774282881115212, 29.553822235550811 ], [ 76.774386055954437, 29.553820857195571 ], [ 76.774384479440343, 29.553730648434655 ], [ 76.774281304692678, 29.553732026784861 ], [ 76.774279728277307, 29.553641818017603 ], [ 76.774692426858692, 29.553636304156527 ], [ 76.774694003640249, 29.553726512903648 ], [ 76.774797178359208, 29.553725134233169 ], [ 76.774808216672085, 29.554356595391287 ], [ 76.774705041312259, 29.554357974096991 ] ] ] } },
{ "type": "Feature", "properties": { "pit_id": 678, "latitude": 29.869876, "longitude": 76.802004, "category": "pit", "area_ha": 0.04, "area_m2": 400.0, "prob_max": 0.78, "prob_mean": 0.56, "new_pit": 0, "setting": "outside riverbed", "water_share": 1.0, "buildings_near": 0.0, "compactness": 1.0, "size_class": "tiny (<0.1 ha)", "google_maps": "https://www.google.com/maps?q=29.869876,76.802004" }, "geometry": { "type": "Polygon", "coordinates": [ [ [ 76.801902374742426, 29.869967358236625 ], [ 76.801899131587305, 29.869786952044866 ], [ 76.802106125247391, 29.869784125310247 ], [ 76.80210936877458, 29.869964531481497 ], [ 76.801902374742426, 29.869967358236625 ] ] ] } },
{ "type": "Feature", "properties": { "pit_id": 679, "latitude": 29.526245, "longitude": 76.505586, "category": "pit", "area_ha": 0.08, "area_m2": 800.0, "prob_max": 0.78, "prob_mean": 0.531, "new_pit": 0, "setting": "outside riverbed", "water_share": 1.0, "buildings_near": 0.0, "compactness": 1.0, "size_class": "tiny (<0.1 ha)", "google_maps": "https://www.google.com/maps?q=29.526245,76.505586" }, "geometry": { "type": "Polygon", "coordinates": [ [ [ 76.50544608134399, 29.526370956142788 ], [ 76.505440736848371, 29.526010070918812 ], [ 76.505543897364802, 29.526008902352821 ], [ 76.505546569783377, 29.526189344958816 ], [ 76.505649730476662, 29.526188176304256 ], [ 76.505651066786569, 29.526278397601075 ], [ 76.505857388337816, 29.526276060043379 ], [ 76.505858724836756, 29.526366281330361 ], [ 76.50544608134399, 29.526370956142788 ] ] ] } },
{ "type": "Feature", "properties": { "pit_id": 680, "latitude": 29.804429, "longitude": 76.785135, "category": "pit", "area_ha": 0.05, "area_m2": 500.0, "prob_max": 0.78, "prob_mean": 0.58, "new_pit": 0, "setting": "outside riverbed", "water_share": 0.4, "buildings_near": -0.0, "compactness": 1.0, "size_class": "tiny (<0.1 ha)", "google_maps": "https://www.google.com/maps?q=29.804429,76.785135" }, "geometry": { "type": "Polygon", "coordinates": [ [ [ 76.785002453982997, 29.804512477318195 ], [ 76.784999249717714, 29.804332067665424 ], [ 76.785206110392068, 29.80432927297672 ], [ 76.785207712706494, 29.804419477793612 ], [ 76.785311143125455, 29.804418080322872 ], [ 76.785312745539883, 29.80450828513338 ], [ 76.785002453982997, 29.804512477318195 ] ] ] } },
{ "type": "Feature", "properties": { "pit_id": 681, "latitude": 29.854585, "longitude": 76.91191, "category": "pit", "area_ha": 0.06, "area_m2": 600.0, "prob_max": 0.78, "prob_mean": 0.602, "new_pit": 0, "setting": "outside riverbed", "water_share": 0.0, "buildings_near": 0.153, "compactness": 1.0, "size_class": "tiny (<0.1 ha)", "google_maps": "https://www.google.com/maps?q=29.854585,76.911910" }, "geometry": { "type": "Polygon", "coordinates": [ [ [ 76.911860998411171, 29.854706184334393 ], [ 76.911859278970041, 29.854615986664133 ], [ 76.911755804245317, 29.854617485436389 ], [ 76.911752365572326, 29.854437090081007 ], [ 76.91185584011123, 29.854435591319628 ], [ 76.911857559536728, 29.85452578899254 ], [ 76.912064508776936, 29.854522791215842 ], [ 76.912067948023065, 29.854703186535939 ], [ 76.911860998411171, 29.854706184334393 ] ] ] } },
{ "type": "Feature", "properties": { "pit_id": 682, "latitude": 29.854806, "longitude": 76.940233, "category": "pit", "area_ha": 0.05, "area_m2": 500.0, "prob_max": 0.78, "prob_mean": 0.626, "new_pit": 0, "setting": "outside riverbed", "water_share": 1.0, "buildings_near": 0.0, "compactness": 1.0, "size_class": "tiny (<0.1 ha)", "google_maps": "https://www.google.com/maps?q=29.854806,76.940233" }, "geometry": { "type": "Polygon", "coordinates": [ [ [ 76.940121544068106, 29.854925360976011 ], [ 76.940118054349455, 29.854744968643647 ], [ 76.940221527476652, 29.854743447639123 ], [ 76.940219782536289, 29.854653251476474 ], [ 76.940323255562646, 29.854651730396437 ], [ 76.940328490686241, 29.854922318863867 ], [ 76.940121544068106, 29.854925360976011 ] ] ] } },
{ "type": "Feature", "properties": { "pit_id": 683, "latitude": 29.874178, "longitude": 76.80271, "category": "pit", "area_ha": 0.07, "area_m2": 700.0, "prob_max": 0.78, "prob_mean": 0.474, "new_pit": 0, "setting": "outside riverbed", "water_share": 0.0, "buildings_near": 0.016, "compactness": 1.0, "size_class": "tiny (<0.1 ha)", "google_maps": "https://www.google.com/maps?q=29.874178,76.802710" }, "geometry": { "type": "Polygon", "coordinates": [ [ [ 76.802497726652717, 29.874290036535829 ], [ 76.802496104252853, 29.874199833529307 ], [ 76.802599605608066, 29.874198419545824 ], [ 76.80259798312251, 29.874108216543121 ], [ 76.802701484377323, 29.874106802483666 ], [ 76.802699861806104, 29.874016599484776 ], [ 76.802803362960503, 29.874015185349336 ], [ 76.802804985624746, 29.874105388343111 ], [ 76.802908486864808, 29.874103974121443 ], [ 76.802910109629465, 29.874194177108766 ], [ 76.802806608296351, 29.874195591335553 ], [ 76.802808230975344, 29.874285794326692 ], [ 76.802497726652717, 29.874290036535829 ] ] ] } },
{ "type": "Feature", "properties": { "pit_id": 684, "latitude": 29.892505, "longitude": 77.182429, "category": "pit", "area_ha": 0.04, "area_m2": 400.0, "prob_max": 0.77, "prob_mean": 0.537, "new_pit": 0, "setting": "outside riverbed", "water_share": 1.0, "buildings_near": -0.0, "compactness": 1.0, "size_class": "tiny (<0.1 ha)", "google_maps": "https://www.google.com/maps?q=29.892505,77.182429" }, "geometry": { "type": "Polygon", "coordinates": [ [ [ 77.182405599008945, 29.892640291852327 ], [ 77.182403633354284, 29.892550109980952 ], [ 77.182300137004077, 29.892551822715991 ], [ 77.182298171451379, 29.892461640837059 ], [ 77.182401667708533, 29.892459928108217 ], [ 77.182399702071706, 29.892369746234127 ], [ 77.182503198226911, 29.892368033430394 ], [ 77.182509095443265, 29.892638579029978 ], [ 77.182405599008945, 29.892640291852327 ] ] ] } },
{ "type": "Feature", "properties": { "pit_id": 685, "latitude": 29.844914, "longitude": 76.971372, "category": "pit", "area_ha": 0.03, "area_m2": 300.0, "prob_max": 0.77, "prob_mean": 0.597, "new_pit": 0, "setting": "outside riverbed", "water_share": 1.0, "buildings_near": 0.016, "compactness": 1.0, "size_class": "tiny (<0.1 ha)", "google_maps": "https://www.google.com/maps?q=29.844914,76.971372" }, "geometry": { "type": "Polygon", "coordinates": [ [ [ 76.971287470755783, 29.844990358879244 ], [ 76.971283926422458, 29.844809969638781 ], [ 76.971387387376666, 29.844808424675662 ], [ 76.971389159632167, 29.844898619290952 ], [ 76.971492620671199, 29.844897074241246 ], [ 76.971494393027612, 29.844987268849611 ], [ 76.971287470755783, 29.844990358879244 ] ] ] } },
{ "type": "Feature", "properties": { "pit_id": 686, "latitude": 29.842694, "longitude": 77.047726, "category": "pit", "area_ha": 0.18, "area_m2": 1800.0, "prob_max": 0.77, "prob_mean": 0.564, "new_pit": 0, "setting": "outside riverbed", "water_share": 0.0, "buildings_near": 0.0, "compactness": 0.923, "size_class": "small (0.1-0.5 ha)", "google_maps": "https://www.google.com/maps?q=29.842694,77.047726" }, "geometry": { "type": "Polygon", "coordinates": [ [ [ 77.047519555080797, 29.843018037394121 ], [ 77.047514033522546, 29.842747466129534 ], [ 77.047617487502933, 29.842745861548693 ], [ 77.047613806320214, 29.842565480710597 ], [ 77.047510352525507, 29.842567085279804 ], [ 77.047508512039514, 29.842476894852936 ], [ 77.048025780465366, 29.842468871226416 ], [ 77.048027621415528, 29.842559061624176 ], [ 77.047924167654244, 29.842560666517219 ], [ 77.047927849393972, 29.84274104732037 ], [ 77.047824395438653, 29.842742652144103 ], [ 77.047828077026139, 29.84292303295355 ], [ 77.04762116871909, 29.84292624238142 ], [ 77.047623009339702, 29.84301643279581 ], [ 77.047519555080797, 29.843018037394121 ] ] ] } },
{ "type": "Feature", "properties": { "pit_id": 687, "latitude": 29.625043, "longitude": 77.045611, "category": "pit", "area_ha": 0.07, "area_m2": 700.0, "prob_max": 0.77, "prob_mean": 0.603, "new_pit": 0, "setting": "outside riverbed", "water_share": 1.0, "buildings_near": 0.099, "compactness": 1.0, "size_class": "tiny (<0.1 ha)", "google_maps": "https://www.google.com/maps?q=29.625043,77.045611" }, "geometry": { "type": "Polygon", "coordinates": [ [ [ 77.045370054565524, 29.625169274173572 ], [ 77.045368232109666, 29.625079080662978 ], [ 77.045574694114705, 29.625075895929985 ], [ 77.045571048860566, 29.624895508928034 ], [ 77.045777510465157, 29.624892323897239 ], [ 77.045781156086576, 29.625072710875969 ], [ 77.045677925104783, 29.6250743034431 ], [ 77.045679747836118, 29.625164496936279 ], [ 77.045370054565524, 29.625169274173572 ] ] ] } },
{ "type": "Feature", "properties": { "pit_id": 688, "latitude": 29.716167, "longitude": 77.09208, "category": "pit", "area_ha": 0.05, "area_m2": 500.0, "prob_max": 0.76, "prob_mean": 0.698, "new_pit": 0, "setting": "outside riverbed", "water_share": 0.6, "buildings_near": 0.089, "compactness": 1.0, "size_class": "tiny (<0.1 ha)", "google_maps": "https://www.google.com/maps?q=29.716167,77.092080" }, "geometry": { "type": "Polygon", "coordinates": [ [ [ 77.091968471444858, 29.716286003880086 ], [ 77.091964729746024, 29.716105624657359 ], [ 77.092068050710552, 29.716103991546682 ], [ 77.092066179781654, 29.716013801939258 ], [ 77.092169500645426, 29.716012168753974 ], [ 77.092175113734328, 29.716282737554419 ], [ 77.091968471444858, 29.716286003880086 ] ] ] } },
{ "type": "Feature", "properties": { "pit_id": 689, "latitude": 29.58198, "longitude": 76.620691, "category": "pit", "area_ha": 0.15, "area_m2": 1500.0, "prob_max": 0.76, "prob_mean": 0.595, "new_pit": 0, "setting": "outside riverbed", "water_share": 0.0, "buildings_near": 0.098, "compactness": 1.0, "size_class": "small (0.1-0.5 ha)", "google_maps": "https://www.google.com/maps?q=29.581980,76.620691" }, "geometry": { "type": "Polygon", "coordinates": [ [ [ 76.620760400579798, 29.582222772804279 ], [ 76.620758958859867, 29.582132557232931 ], [ 76.620552535146018, 29.582135077428369 ], [ 76.620549652092691, 29.581954646263426 ], [ 76.620446440409353, 29.581955906231681 ], [ 76.620443557565707, 29.58177547505236 ], [ 76.620753192045754, 29.581771694934677 ], [ 76.620754633739438, 29.581861910511169 ], [ 76.620857845311377, 29.581860650306986 ], [ 76.620862170706943, 29.58213129701495 ], [ 76.620965382547439, 29.582130036716787 ], [ 76.620966824450804, 29.58222025227893 ], [ 76.620760400579798, 29.582222772804279 ] ] ] } },
{ "type": "Feature", "properties": { "pit_id": 690, "latitude": 29.647824, "longitude": 76.914884, "category": "pit", "area_ha": 0.08, "area_m2": 800.0, "prob_max": 0.76, "prob_mean": 0.552, "new_pit": 0, "setting": "outside riverbed", "water_share": 0.0, "buildings_near": 0.01, "compactness": 1.0, "size_class": "tiny (<0.1 ha)", "google_maps": "https://www.google.com/maps?q=29.647824,76.914884" }, "geometry": { "type": "Polygon", "coordinates": [ [ [ 76.914654261457841, 29.64796307137437 ], [ 76.91465084624906, 29.647782670689178 ], [ 76.914754108588539, 29.647781179051989 ], [ 76.914755816281016, 29.647871379389812 ], [ 76.914859078704666, 29.647869887666847 ], [ 76.914857370920245, 29.647779687334459 ], [ 76.914960633244192, 29.647778195536581 ], [ 76.914957217514726, 29.647597794878752 ], [ 76.915060479646996, 29.647596303011387 ], [ 76.915065603528717, 29.647866903979864 ], [ 76.914962341120571, 29.647868395863526 ], [ 76.914964049004723, 29.647958596189159 ], [ 76.914654261457841, 29.64796307137437 ] ] ] } },
{ "type": "Feature", "properties": { "pit_id": 691, "latitude": 29.858382, "longitude": 76.946202, "category": "pit", "area_ha": 0.1, "area_m2": 1000.0, "prob_max": 0.76, "prob_mean": 0.637, "new_pit": 0, "setting": "outside riverbed", "water_share": 0.7, "buildings_near": -0.0, "compactness": 1.0, "size_class": "small (0.1-0.5 ha)", "google_maps": "https://www.google.com/maps?q=29.858382,76.946202" }, "geometry": { "type": "Polygon", "coordinates": [ [ [ 76.945987796957183, 29.858538088292942 ], [ 76.945986046564755, 29.858447892491288 ], [ 76.946089523150391, 29.858446366717338 ], [ 76.946087772672968, 29.858356170919887 ], [ 76.945984296180271, 29.858357696688294 ], [ 76.94598254580373, 29.858267500883979 ], [ 76.946189498595331, 29.858264449277215 ], [ 76.946191249157735, 29.858354645070456 ], [ 76.946294725634559, 29.858353119139998 ], [ 76.946291224331844, 29.85817272756325 ], [ 76.946394700614832, 29.858171201562833 ], [ 76.946399952859636, 29.858441788909349 ], [ 76.946296476297832, 29.858443314926376 ], [ 76.946298226969063, 29.858533510711432 ], [ 76.945987796957183, 29.858538088292942 ] ] ] } },
{ "type": "Feature", "properties": { "pit_id": 692, "latitude": 29.77271, "longitude": 76.960045, "category": "pit", "area_ha": 0.04, "area_m2": 400.0, "prob_max": 0.76, "prob_mean": 0.602, "new_pit": 0, "setting": "outside riverbed", "water_share": 0.5, "buildings_near": 0.023, "compactness": 1.0, "size_class": "tiny (<0.1 ha)", "google_maps": "https://www.google.com/maps?q=29.772710,76.960045" }, "geometry": { "type": "Polygon", "coordinates": [ [ [ 76.959943602158845, 29.772801357744903 ], [ 76.959940088479328, 29.772620965303076 ], [ 76.960146863234513, 29.772617899785246 ], [ 76.960150377284137, 29.772798292204786 ], [ 76.959943602158845, 29.772801357744903 ] ] ] } },
{ "type": "Feature", "properties": { "pit_id": 693, "latitude": 29.772525, "longitude": 76.714543, "category": "pit", "area_ha": 0.14, "area_m2": 1400.0, "prob_max": 0.76, "prob_mean": 0.535, "new_pit": 0, "setting": "outside riverbed", "water_share": 0.643, "buildings_near": 0.0, "compactness": 1.0, "size_class": "small (0.1-0.5 ha)", "google_maps": "https://www.google.com/maps?q=29.772525,76.714543" }, "geometry": { "type": "Polygon", "coordinates": [ [ [ 76.714316608011117, 29.772695576462656 ], [ 76.714313534552176, 29.77251515911637 ], [ 76.714416936097265, 29.772513818421984 ], [ 76.714413862481095, 29.772333401080218 ], [ 76.714724066518968, 29.772329378541595 ], [ 76.71473021489021, 29.772690213161418 ], [ 76.714316608011117, 29.772695576462656 ] ] ] } },
{ "type": "Feature", "properties": { "pit_id": 694, "latitude": 29.731119, "longitude": 76.959465, "category": "pit", "area_ha": 0.07, "area_m2": 700.0, "prob_max": 0.76, "prob_mean": 0.611, "new_pit": 0, "setting": "outside riverbed", "water_share": 0.857, "buildings_near": 0.0, "compactness": 1.0, "size_class": "tiny (<0.1 ha)", "google_maps": "https://www.google.com/maps?q=29.731119,76.959465" }, "geometry": { "type": "Polygon", "coordinates": [ [ [ 76.959341233019288, 29.731217699319103 ], [ 76.959339479667747, 29.73112750249927 ], [ 76.959236134812926, 29.73112903273719 ], [ 76.959234381561686, 29.731038835910478 ], [ 76.959647760563783, 29.731032714497392 ], [ 76.95965126781293, 29.731213108104956 ], [ 76.959341233019288, 29.731217699319103 ] ] ] } },
{ "type": "Feature", "properties": { "pit_id": 695, "latitude": 29.830231, "longitude": 76.859379, "category": "pit", "area_ha": 0.12, "area_m2": 1200.0, "prob_max": 0.75, "prob_mean": 0.502, "new_pit": 0, "setting": "outside riverbed", "water_share": 0.0, "buildings_near": 0.0, "compactness": 1.0, "size_class": "small (0.1-0.5 ha)", "google_maps": "https://www.google.com/maps?q=29.830231,76.859379" }, "geometry": { "type": "Polygon", "coordinates": [ [ [ 76.859140565037805, 29.830376999635824 ], [ 76.859135553856333, 29.83010639739592 ], [ 76.859652816781974, 29.83009911431764 ], [ 76.859654487632312, 29.830189315039156 ], [ 76.859447582299168, 29.830192228523895 ], [ 76.859449252971459, 29.830282429254666 ], [ 76.859656158490225, 29.830279515759351 ], [ 76.85965782935574, 29.830369716478234 ], [ 76.859347470787725, 29.830374086615645 ], [ 76.859345800200686, 29.830283885880903 ], [ 76.859242347422338, 29.830285342426183 ], [ 76.859244017916566, 29.830375543166213 ], [ 76.859140565037805, 29.830376999635824 ] ] ] } },
{ "type": "Feature", "properties": { "pit_id": 696, "latitude": 29.830213, "longitude": 76.861207, "category": "pit", "area_ha": 0.14, "area_m2": 1400.0, "prob_max": 0.75, "prob_mean": 0.606, "new_pit": 0, "setting": "outside riverbed", "water_share": 0.929, "buildings_near": 0.0, "compactness": 1.0, "size_class": "small (0.1-0.5 ha)", "google_maps": "https://www.google.com/maps?q=29.830213,76.861207" }, "geometry": { "type": "Polygon", "coordinates": [ [ [ 76.860692357422394, 29.830355144091691 ], [ 76.860690685628683, 29.830264943425707 ], [ 76.86089759096528, 29.830262027987565 ], [ 76.860895918993535, 29.830171827330851 ], [ 76.860792466421842, 29.830173285085099 ], [ 76.860790794550525, 29.830083084421773 ], [ 76.861308056868879, 29.830075794867458 ], [ 76.861313073897946, 29.830346396774104 ], [ 76.860692357422394, 29.830355144091691 ] ], [ [ 76.861001043622181, 29.830260570147072 ], [ 76.861104496271494, 29.830259112225619 ], [ 76.861102824114099, 29.830168911579495 ], [ 76.860999371557625, 29.830170369495647 ], [ 76.861001043622181, 29.830260570147072 ] ] ] } },
{ "type": "Feature", "properties": { "pit_id": 697, "latitude": 29.569891, "longitude": 77.104186, "category": "pit", "area_ha": 0.05, "area_m2": 500.0, "prob_max": 0.75, "prob_mean": 0.562, "new_pit": 1, "setting": "Yamuna riverbed", "water_share": 0.0, "buildings_near": 0.0, "compactness": 1.0, "size_class": "tiny (<0.1 ha)", "google_maps": "https://www.google.com/maps?q=29.569891,77.104186" }, "geometry": { "type": "Polygon", "coordinates": [ [ [ 77.104116922468208, 29.570027759326788 ], [ 77.104115051882346, 29.569937568429875 ], [ 77.104011880846301, 29.569939203630192 ], [ 77.104010010360497, 29.569849012725971 ], [ 77.104216352240996, 29.569845742257215 ], [ 77.104214481580598, 29.569755551363603 ], [ 77.104317652416512, 29.569753916015106 ], [ 77.104321393928927, 29.56993429778905 ], [ 77.104218222909893, 29.569935933149491 ], [ 77.104220093587301, 29.570026124040435 ], [ 77.104116922468208, 29.570027759326788 ] ] ] } },
{ "type": "Feature", "properties": { "pit_id": 698, "latitude": 29.850724, "longitude": 76.914183, "category": "pit", "area_ha": 0.15, "area_m2": 1500.0, "prob_max": 0.75, "prob_mean": 0.553, "new_pit": 0, "setting": "outside riverbed", "water_share": 0.0, "buildings_near": 0.099, "compactness": 0.929, "size_class": "small (0.1-0.5 ha)", "google_maps": "https://www.google.com/maps?q=29.850724,76.914183" }, "geometry": { "type": "Polygon", "coordinates": [ [ [ 76.913858205271637, 29.850887893045556 ], [ 76.913854763336829, 29.850707497810173 ], [ 76.914061704459911, 29.850704497249897 ], [ 76.914058262184724, 29.850524102030985 ], [ 76.914265202904943, 29.850521101168443 ], [ 76.914266924224435, 29.850611298767674 ], [ 76.914473865099183, 29.850608297570215 ], [ 76.914479029661962, 29.850878890327284 ], [ 76.914272088229794, 29.850881891557414 ], [ 76.914270366886853, 29.850791693962151 ], [ 76.914063425609214, 29.850794694857363 ], [ 76.914065146766347, 29.850884892463494 ], [ 76.913858205271637, 29.850887893045556 ] ], [ [ 76.914270366886853, 29.850791693962151 ], [ 76.914373837513949, 29.850790193393042 ], [ 76.914372116085929, 29.850699995801911 ], [ 76.914268645551729, 29.850701496365581 ], [ 76.914270366886853, 29.850791693962151 ] ] ] } },
{ "type": "Feature", "properties": { "pit_id": 699, "latitude": 29.801288, "longitude": 76.732369, "category": "pit", "area_ha": 0.07, "area_m2": 700.0, "prob_max": 0.75, "prob_mean": 0.593, "new_pit": 0, "setting": "outside riverbed", "water_share": 0.429, "buildings_near": 0.0, "compactness": 1.0, "size_class": "tiny (<0.1 ha)", "google_maps": "https://www.google.com/maps?q=29.801288,76.732369" }, "geometry": { "type": "Polygon", "coordinates": [ [ [ 76.732290079208227, 29.801424501362551 ], [ 76.732288524563728, 29.801334293936819 ], [ 76.732185094366983, 29.801335649788271 ], [ 76.732183539822259, 29.801245442356301 ], [ 76.732286969926292, 29.801244086509769 ], [ 76.732285415295934, 29.801153879081422 ], [ 76.732492275297403, 29.801151167155599 ], [ 76.732496939765952, 29.801421789407176 ], [ 76.732290079208227, 29.801424501362551 ] ] ] } },
{ "type": "Feature", "properties": { "pit_id": 700, "latitude": 29.844518, "longitude": 76.803429, "category": "pit", "area_ha": 0.03, "area_m2": 300.0, "prob_max": 0.75, "prob_mean": 0.5, "new_pit": 0, "setting": "outside riverbed", "water_share": 1.0, "buildings_near": 0.003, "compactness": 1.0, "size_class": "tiny (<0.1 ha)", "google_maps": "https://www.google.com/maps?q=29.844518,76.803429" }, "geometry": { "type": "Polygon", "coordinates": [ [ [ 76.803309475009542, 29.844594810267619 ], [ 76.803307853823952, 29.844504606895601 ], [ 76.803411324497191, 29.844503193545748 ], [ 76.80340970322608, 29.84441299017756 ], [ 76.803513173799061, 29.844411576751824 ], [ 76.80351641653445, 29.844591983476647 ], [ 76.803309475009542, 29.844594810267619 ] ] ] } },
{ "type": "Feature", "properties": { "pit_id": 701, "latitude": 29.693543, "longitude": 77.05965, "category": "pit", "area_ha": 0.1, "area_m2": 1000.0, "prob_max": 0.75, "prob_mean": 0.536, "new_pit": 0, "setting": "outside riverbed", "water_share": 0.8, "buildings_near": -0.0, "compactness": 1.0, "size_class": "small (0.1-0.5 ha)", "google_maps": "https://www.google.com/maps?q=29.693543,77.059650" }, "geometry": { "type": "Polygon", "coordinates": [ [ [ 77.059467162353442, 29.693699337544267 ], [ 77.059461642030229, 29.693428762201084 ], [ 77.059874841530274, 29.693422335162715 ], [ 77.059878522474492, 29.693602718679372 ], [ 77.059671922372644, 29.693605932382898 ], [ 77.059673762673043, 29.693696124150936 ], [ 77.059467162353442, 29.693699337544267 ] ] ] } },
{ "type": "Feature", "properties": { "pit_id": 702, "latitude": 29.563581, "longitude": 76.54618, "category": "pit", "area_ha": 0.21, "area_m2": 2100.0, "prob_max": 0.74, "prob_mean": 0.568, "new_pit": 0, "setting": "outside riverbed", "water_share": 0.0, "buildings_near": 0.264, "compactness": 1.0, "size_class": "small (0.1-0.5 ha)", "google_maps": "https://www.google.com/maps?q=29.563581,76.546180" }, "geometry": { "type": "Polygon", "coordinates": [ [ [ 76.546048677156563, 29.563803667905884 ], [ 76.546047302907184, 29.563713448819776 ], [ 76.545944106050698, 29.563714650204346 ], [ 76.545938609482334, 29.563353773829554 ], [ 76.546351395404528, 29.563348967880703 ], [ 76.546355518921075, 29.563619625111087 ], [ 76.546458715660904, 29.563618423410393 ], [ 76.546461464886505, 29.563798861548779 ], [ 76.546048677156563, 29.563803667905884 ] ] ] } },
{ "type": "Feature", "properties": { "pit_id": 703, "latitude": 29.488002, "longitude": 76.611592, "category": "pit", "area_ha": 0.12, "area_m2": 1200.0, "prob_max": 0.74, "prob_mean": 0.603, "new_pit": 0, "setting": "outside riverbed", "water_share": 0.083, "buildings_near": 0.005, "compactness": 1.0, "size_class": "small (0.1-0.5 ha)", "google_maps": "https://www.google.com/maps?q=29.488002,76.611592" }, "geometry": { "type": "Polygon", "coordinates": [ [ [ 76.611526491719587, 29.488221160604088 ], [ 76.611525063677661, 29.488130943344455 ], [ 76.611421946764125, 29.488132192699378 ], [ 76.611417662951183, 29.487861540899036 ], [ 76.611520779590876, 29.487860291557819 ], [ 76.611519351574955, 29.487770074293021 ], [ 76.611622468116877, 29.487768824876508 ], [ 76.611623896224074, 29.487859042136719 ], [ 76.61172701285075, 29.487857792635754 ], [ 76.611729869267222, 29.4880382271432 ], [ 76.611832986069956, 29.488036977553207 ], [ 76.611834414379231, 29.488127194800427 ], [ 76.611628180584688, 29.488129693909659 ], [ 76.611629608717905, 29.488219911164723 ], [ 76.611526491719587, 29.488221160604088 ] ] ] } },
{ "type": "Feature", "properties": { "pit_id": 704, "latitude": 29.877429, "longitude": 76.787283, "category": "pit", "area_ha": 0.22, "area_m2": 2200.0, "prob_max": 0.74, "prob_mean": 0.476, "new_pit": 0, "setting": "outside riverbed", "water_share": 1.0, "buildings_near": 0.0, "compactness": 0.863, "size_class": "small (0.1-0.5 ha)", "google_maps": "https://www.google.com/maps?q=29.877429,76.787283" }, "geometry": { "type": "Polygon", "coordinates": [ [ [ 76.787649761094443, 29.877649934304504 ], [ 76.787648151836493, 29.877559730608528 ], [ 76.787441140478037, 29.87756253533 ], [ 76.787439531413511, 29.877472331622535 ], [ 76.787336025816373, 29.877473733856508 ], [ 76.787337634787846, 29.877563937569061 ], [ 76.787130623385565, 29.877566741803829 ], [ 76.787125797051388, 29.877296130631731 ], [ 76.787539818710087, 29.877290521898747 ], [ 76.787538209574407, 29.877200318192425 ], [ 76.787641714877779, 29.87719891581148 ], [ 76.787643324106483, 29.87728911951271 ], [ 76.787746829495589, 29.877287717045562 ], [ 76.787748438824678, 29.877377920740393 ], [ 76.787851944299533, 29.877376518187035 ], [ 76.787853553728979, 29.877466721875464 ], [ 76.787957059289582, 29.87746531923592 ], [ 76.787958668819371, 29.877555522917948 ], [ 76.78785516316573, 29.877556925562594 ], [ 76.787856772609786, 29.877647129248398 ], [ 76.787649761094443, 29.877649934304504 ] ], [ [ 76.787439531413511, 29.877472331622535 ], [ 76.787543037003331, 29.877470929307439 ], [ 76.787541427853057, 29.87738072560375 ], [ 76.78743792235629, 29.877382127913759 ], [ 76.787439531413511, 29.877472331622535 ] ] ] } },
{ "type": "Feature", "properties": { "pit_id": 705, "latitude": 29.859666, "longitude": 77.093077, "category": "pit", "area_ha": 0.19, "area_m2": 1900.0, "prob_max": 0.73, "prob_mean": 0.567, "new_pit": 0, "setting": "outside riverbed", "water_share": 1.0, "buildings_near": 0.044, "compactness": 0.974, "size_class": "small (0.1-0.5 ha)", "google_maps": "https://www.google.com/maps?q=29.859666,77.093077" }, "geometry": { "type": "Polygon", "coordinates": [ [ [ 77.092888303520894, 29.859899002170565 ], [ 77.092884538379366, 29.859718626972718 ], [ 77.092781069864571, 29.859720267854335 ], [ 77.092775422495123, 29.85944970502964 ], [ 77.0928788907312, 29.859448064165878 ], [ 77.092880773272043, 29.859538251769496 ], [ 77.092984241592475, 29.859536610818768 ], [ 77.092982358958722, 29.859446423221112 ], [ 77.093085827177703, 29.859444782195329 ], [ 77.093087709904353, 29.859534969787045 ], [ 77.093398114788712, 29.859530046205812 ], [ 77.093401880825098, 29.859710421349501 ], [ 77.093298412353036, 29.859712062636159 ], [ 77.093302178237792, 29.859892437786385 ], [ 77.093198709571396, 29.859894079003947 ], [ 77.093196826717644, 29.859803891423542 ], [ 77.092989889544995, 29.859807173603727 ], [ 77.09299177221294, 29.85989736119603 ], [ 77.092888303520894, 29.859899002170565 ] ], [ [ 77.09298612423477, 29.859626798415096 ], [ 77.093089592639544, 29.859625157377419 ], [ 77.093087709904353, 29.859534969787045 ], [ 77.092984241592475, 29.859536610818768 ], [ 77.09298612423477, 29.859626798415096 ] ] ] } },
{ "type": "Feature", "properties": { "pit_id": 706, "latitude": 29.470357, "longitude": 77.018127, "category": "pit", "area_ha": 0.18, "area_m2": 1800.0, "prob_max": 0.73, "prob_mean": 0.502, "new_pit": 0, "setting": "outside riverbed", "water_share": 0.0, "buildings_near": -0.0, "compactness": 0.764, "size_class": "small (0.1-0.5 ha)", "google_maps": "https://www.google.com/maps?q=29.470357,77.018127" }, "geometry": { "type": "Polygon", "coordinates": [ [ [ 77.018131746041973, 29.470582947686118 ], [ 77.018129959105266, 29.470492750549734 ], [ 77.018026883312956, 29.470494314176843 ], [ 77.018021522825052, 29.47022372274262 ], [ 77.018124598344031, 29.470222159132664 ], [ 77.018122811439895, 29.470131961991004 ], [ 77.018328962271184, 29.470128834543271 ], [ 77.018330749357546, 29.470219031673501 ], [ 77.018227673854867, 29.470220595442964 ], [ 77.018233034889448, 29.470491186842874 ], [ 77.018645337944733, 29.470484931217854 ], [ 77.018638188457047, 29.470124142773507 ], [ 77.018741263836063, 29.470122578690745 ], [ 77.018750201171613, 29.470573564214263 ], [ 77.018131746041973, 29.470582947686118 ] ] ] } },
{ "type": "Feature", "properties": { "pit_id": 707, "latitude": 29.54887, "longitude": 76.536301, "category": "pit", "area_ha": 0.16, "area_m2": 1600.0, "prob_max": 0.72, "prob_mean": 0.468, "new_pit": 0, "setting": "outside riverbed", "water_share": 0.0, "buildings_near": 0.0, "compactness": 1.0, "size_class": "small (0.1-0.5 ha)", "google_maps": "https://www.google.com/maps?q=29.548870,76.536301" }, "geometry": { "type": "Polygon", "coordinates": [ [ [ 76.536228802900368, 29.549209260006709 ], [ 76.536224708778818, 29.54893860089684 ], [ 76.536121526457535, 29.548939794110069 ], [ 76.536117432666643, 29.548669134975583 ], [ 76.536220614713187, 29.548667941775424 ], [ 76.536219250037078, 29.548577722065723 ], [ 76.536425613928387, 29.548575335433867 ], [ 76.536426978787631, 29.548665555134857 ], [ 76.536323796753521, 29.548666748495187 ], [ 76.536325161527415, 29.548756968199246 ], [ 76.536428343653114, 29.548755774834571 ], [ 76.536429708524793, 29.548845994532986 ], [ 76.536532890735856, 29.548844801083863 ], [ 76.536534255705334, 29.54893502077665 ], [ 76.53643107340271, 29.548936214230125 ], [ 76.536433803177161, 29.549116653620555 ], [ 76.536330620685177, 29.549117847002673 ], [ 76.536331985490136, 29.549208066700306 ], [ 76.536228802900368, 29.549209260006709 ] ] ] } },
{ "type": "Feature", "properties": { "pit_id": 708, "latitude": 29.593084, "longitude": 77.051948, "category": "pit", "area_ha": 0.1, "area_m2": 1000.0, "prob_max": 0.72, "prob_mean": 0.549, "new_pit": 0, "setting": "outside riverbed", "water_share": 0.0, "buildings_near": 0.15, "compactness": 1.0, "size_class": "small (0.1-0.5 ha)", "google_maps": "https://www.google.com/maps?q=29.593084,77.051948" }, "geometry": { "type": "Polygon", "coordinates": [ [ [ 77.05195295820981, 29.593309562511134 ], [ 77.05194930630492, 29.593129175366666 ], [ 77.051846108258445, 29.593130771174959 ], [ 77.051842456570142, 29.592950384013534 ], [ 77.051739258698717, 29.592951979730032 ], [ 77.051737432958703, 29.592861786141505 ], [ 77.051943828509906, 29.592858594640003 ], [ 77.051942002594842, 29.59276840106179 ], [ 77.052045200266306, 29.592766805196639 ], [ 77.052048852288067, 29.592947192340091 ], [ 77.051945654433268, 29.592948788216887 ], [ 77.051947480364944, 29.59303898179245 ], [ 77.052050678311417, 29.593037385909831 ], [ 77.052052504343081, 29.593127579478232 ], [ 77.052155702372914, 29.593125983509648 ], [ 77.052157528504566, 29.593216177070897 ], [ 77.052054330383044, 29.593217773045307 ], [ 77.05205615643132, 29.593307966611057 ], [ 77.05195295820981, 29.593309562511134 ] ] ] } },
{ "type": "Feature", "properties": { "pit_id": 709, "latitude": 29.582078, "longitude": 76.940918, "category": "pit", "area_ha": 0.1, "area_m2": 1000.0, "prob_max": 0.72, "prob_mean": 0.47, "new_pit": 0, "setting": "outside riverbed", "water_share": 1.0, "buildings_near": -0.0, "compactness": 1.0, "size_class": "small (0.1-0.5 ha)", "google_maps": "https://www.google.com/maps?q=29.582078,76.940918" }, "geometry": { "type": "Polygon", "coordinates": [ [ [ 76.940974780870818, 29.582347813279629 ], [ 76.940973054399663, 29.582257613445584 ], [ 76.940869860420591, 29.582259122476742 ], [ 76.940862954981114, 29.581898323105353 ], [ 76.941069342198219, 29.581895305006949 ], [ 76.941071068729613, 29.581985504840759 ], [ 76.941174262418016, 29.581983995665851 ], [ 76.941179442334231, 29.58225459514286 ], [ 76.941076248370877, 29.582256104334288 ], [ 76.941077974933691, 29.582346304162826 ], [ 76.940974780870818, 29.582347813279629 ] ], [ [ 76.940971327936353, 29.582167413610218 ], [ 76.941074521815935, 29.582165904504432 ], [ 76.941071068729613, 29.581985504840759 ], [ 76.940967875033337, 29.581987013935528 ], [ 76.940971327936353, 29.582167413610218 ] ] ] } },
{ "type": "Feature", "properties": { "pit_id": 710, "latitude": 29.799769, "longitude": 76.711819, "category": "pit", "area_ha": 0.1, "area_m2": 1000.0, "prob_max": 0.72, "prob_mean": 0.515, "new_pit": 0, "setting": "outside riverbed", "water_share": 0.0, "buildings_near": 0.0, "compactness": 1.0, "size_class": "small (0.1-0.5 ha)", "google_maps": "https://www.google.com/maps?q=29.799769,76.711819" }, "geometry": { "type": "Polygon", "coordinates": [ [ [ 76.711676590440106, 29.799888555154155 ], [ 76.711675054385069, 29.799798346728029 ], [ 76.711571624645359, 29.799799686387335 ], [ 76.711570088690024, 29.799709477955034 ], [ 76.711673518337037, 29.799708138300595 ], [ 76.711671982295982, 29.799617929871861 ], [ 76.711878841383665, 29.799615250330081 ], [ 76.711880377610143, 29.799705458749074 ], [ 76.711983807236209, 29.799704118852002 ], [ 76.711985343562375, 29.799794327264838 ], [ 76.712088773274175, 29.799792987282029 ], [ 76.712090309700017, 29.79988319568869 ], [ 76.711676590440106, 29.799888555154155 ] ] ] } },
{ "type": "Feature", "properties": { "pit_id": 711, "latitude": 29.837031, "longitude": 77.137283, "category": "pit", "area_ha": 0.22, "area_m2": 2200.0, "prob_max": 0.72, "prob_mean": 0.547, "new_pit": 0, "setting": "outside riverbed", "water_share": 1.0, "buildings_near": -0.0, "compactness": 0.883, "size_class": "small (0.1-0.5 ha)", "google_maps": "https://www.google.com/maps?q=29.837031,77.137283" }, "geometry": { "type": "Polygon", "coordinates": [ [ [ 77.137120936460207, 29.837357750878411 ], [ 77.137119015864442, 29.837267565553322 ], [ 77.137015573455642, 29.83726923996311 ], [ 77.1370136529614, 29.837179054630603 ], [ 77.137117095277432, 29.837177380226898 ], [ 77.137109413016532, 29.836816638907752 ], [ 77.137212854952679, 29.83681496444742 ], [ 77.137210934316485, 29.836724779120345 ], [ 77.137417817977052, 29.83672142996906 ], [ 77.13741973879884, 29.836811615283988 ], [ 77.137523180708826, 29.836809940580885 ], [ 77.137528943504876, 29.837080496499343 ], [ 77.137322059119441, 29.837083845861088 ], [ 77.13732397988332, 29.837174031176705 ], [ 77.137427422173189, 29.837172356530207 ], [ 77.137429343038576, 29.837262541838413 ], [ 77.137325900655938, 29.837264216490979 ], [ 77.137327821437253, 29.837354401803911 ], [ 77.137120936460207, 29.837357750878411 ] ] ] } },
{ "type": "Feature", "properties": { "pit_id": 712, "latitude": 29.642107, "longitude": 77.055966, "category": "pit", "area_ha": 0.18, "area_m2": 1800.0, "prob_max": 0.7, "prob_mean": 0.517, "new_pit": 0, "setting": "outside riverbed", "water_share": 0.0, "buildings_near": 0.145, "compactness": 0.952, "size_class": "small (0.1-0.5 ha)", "google_maps": "https://www.google.com/maps?q=29.642107,77.055966" }, "geometry": { "type": "Polygon", "coordinates": [ [ [ 77.055941704338736, 29.642328262763371 ], [ 77.05593987119201, 29.642238070084314 ], [ 77.056043119013083, 29.642236468692861 ], [ 77.056041285782797, 29.642146276018305 ], [ 77.055628294816117, 29.642152681078933 ], [ 77.055626461961779, 29.642062488379711 ], [ 77.055523214291156, 29.642064089438275 ], [ 77.055521381537048, 29.641973896731887 ], [ 77.056244114412962, 29.641962687676408 ], [ 77.056251448052606, 29.642323458330591 ], [ 77.055941704338736, 29.642328262763371 ] ] ] } },
{ "type": "Feature", "properties": { "pit_id": 713, "latitude": 29.846161, "longitude": 76.878631, "category": "pit", "area_ha": 0.18, "area_m2": 1800.0, "prob_max": 0.7, "prob_mean": 0.503, "new_pit": 0, "setting": "outside riverbed", "water_share": 0.0, "buildings_near": 0.004, "compactness": 0.978, "size_class": "small (0.1-0.5 ha)", "google_maps": "https://www.google.com/maps?q=29.846161,76.878631" }, "geometry": { "type": "Polygon", "coordinates": [ [ [ 76.878586483918255, 29.846522509736108 ], [ 76.878569594583112, 29.845620514456257 ], [ 76.878673062021448, 29.845619042092153 ], [ 76.87868488512575, 29.846250438764496 ], [ 76.87878835320663, 29.846248966281991 ], [ 76.878783285837244, 29.845978367732076 ], [ 76.87899022141869, 29.845975422556123 ], [ 76.878991910719932, 29.846065622063396 ], [ 76.878888442840164, 29.846067094697208 ], [ 76.878893510511233, 29.846337693227127 ], [ 76.878790042345102, 29.846339165795982 ], [ 76.878793420645067, 29.846519564820021 ], [ 76.878586483918255, 29.846522509736108 ] ] ] } },
{ "type": "Feature", "properties": { "pit_id": 714, "latitude": 29.61809, "longitude": 76.861374, "category": "pit", "area_ha": 0.14, "area_m2": 1400.0, "prob_max": 0.69, "prob_mean": 0.474, "new_pit": 0, "setting": "outside riverbed", "water_share": 0.0, "buildings_near": 0.001, "compactness": 1.0, "size_class": "small (0.1-0.5 ha)", "google_maps": "https://www.google.com/maps?q=29.618090,76.861374" }, "geometry": { "type": "Polygon", "coordinates": [ [ [ 76.861326905884297, 29.618316279491776 ], [ 76.861315299556907, 29.617684854801059 ], [ 76.861418534380959, 29.61768340603189 ], [ 76.861415218171658, 29.61750299897616 ], [ 76.861518452804518, 29.617501550137291 ], [ 76.861521769197466, 29.617681957182459 ], [ 76.861625004006427, 29.617680508252775 ], [ 76.861623345714349, 29.617590304736133 ], [ 76.861726580423934, 29.617588855731476 ], [ 76.861731555598311, 29.617859466261617 ], [ 76.861628320613235, 29.617860915282126 ], [ 76.861626662306065, 29.617770711768117 ], [ 76.861420192496936, 29.617773609557791 ], [ 76.861430141351178, 29.618314830685627 ], [ 76.861326905884297, 29.618316279491776 ] ] ] } },
{ "type": "Feature", "properties": { "pit_id": 715, "latitude": 29.685924, "longitude": 76.862513, "category": "pit", "area_ha": 0.15, "area_m2": 1500.0, "prob_max": 0.65, "prob_mean": 0.497, "new_pit": 0, "setting": "outside riverbed", "water_share": 1.0, "buildings_near": 0.005, "compactness": 0.957, "size_class": "small (0.1-0.5 ha)", "google_maps": "https://www.google.com/maps?q=29.685924,76.862513" }, "geometry": { "type": "Polygon", "coordinates": [ [ [ 76.862369302878321, 29.686151862720624 ], [ 76.862367639311643, 29.68606166017404 ], [ 76.862470943877995, 29.686060207559034 ], [ 76.862469280226719, 29.685970005016419 ], [ 76.862262671270756, 29.685972910155371 ], [ 76.862261007811341, 29.685882707600868 ], [ 76.862364312200953, 29.685881255076918 ], [ 76.862362648656969, 29.68579105252638 ], [ 76.862259344359487, 29.685792505045043 ], [ 76.862257680915206, 29.685702302487908 ], [ 76.862464289318311, 29.685699397380692 ], [ 76.862465952946863, 29.685789599927247 ], [ 76.862672561503999, 29.685786694487518 ], [ 76.862674225324426, 29.685876897022194 ], [ 76.862777529683797, 29.685875444176322 ], [ 76.862780857531646, 29.686055849231131 ], [ 76.862574248436786, 29.686058754863545 ], [ 76.862575912187765, 29.68614895739956 ], [ 76.862369302878321, 29.686151862720624 ] ] ] } },
{ "type": "Feature", "properties": { "pit_id": 716, "latitude": 29.631484, "longitude": 76.777732, "category": "pit", "area_ha": 0.11, "area_m2": 1100.0, "prob_max": 0.64, "prob_mean": 0.507, "new_pit": 0, "setting": "outside riverbed", "water_share": 0.0, "buildings_near": 0.012, "compactness": 1.0, "size_class": "small (0.1-0.5 ha)", "google_maps": "https://www.google.com/maps?q=29.631484,76.777732" }, "geometry": { "type": "Polygon", "coordinates": [ [ [ 76.777609421816166, 29.631735837177803 ], [ 76.777601499986332, 29.631284799445677 ], [ 76.777808006978105, 29.631282030949986 ], [ 76.777809591513474, 29.631372238488932 ], [ 76.777912845090455, 29.631370854115566 ], [ 76.777916014366653, 29.631551269179447 ], [ 76.77781276060584, 29.631552653562906 ], [ 76.777814345162852, 29.631642861097923 ], [ 76.777711091302933, 29.631644245406111 ], [ 76.77771267577522, 29.631734452944887 ], [ 76.777609421816166, 29.631735837177803 ] ] ] } },
{ "type": "Feature", "properties": { "pit_id": 717, "latitude": 29.729745, "longitude": 76.959461, "category": "pit", "area_ha": 0.15, "area_m2": 1500.0, "prob_max": 0.63, "prob_mean": 0.519, "new_pit": 0, "setting": "outside riverbed", "water_share": 0.0, "buildings_near": 0.0, "compactness": 1.0, "size_class": "small (0.1-0.5 ha)", "google_maps": "https://www.google.com/maps?q=29.729745,76.959461" }, "geometry": { "type": "Polygon", "coordinates": [ [ [ 76.959318440070845, 29.730045140558101 ], [ 76.959307920702756, 29.729503959516009 ], [ 76.959411263887631, 29.729502429297668 ], [ 76.959409510595165, 29.729412232458255 ], [ 76.95951285367974, 29.72941070216487 ], [ 76.959516360457272, 29.729591095831253 ], [ 76.959619703718545, 29.72958956544613 ], [ 76.959621457211597, 29.729679762271765 ], [ 76.959724800557197, 29.72967823180046 ], [ 76.959726554150549, 29.729768428619209 ], [ 76.959623210712607, 29.729769959096071 ], [ 76.959624964221604, 29.729860155919063 ], [ 76.959521620683347, 29.729861686320877 ], [ 76.959525127540573, 29.730042079974012 ], [ 76.959318440070845, 29.730045140558101 ] ], [ [ 76.959418277137118, 29.729863216642091 ], [ 76.959521620683347, 29.729861686320877 ], [ 76.959519867266678, 29.729771489492322 ], [ 76.959416523812791, 29.729773019807968 ], [ 76.959418277137118, 29.729863216642091 ] ], [ [ 76.959414770496437, 29.729682822972524 ], [ 76.959518113857996, 29.729681292662448 ], [ 76.959516360457272, 29.729591095831253 ], [ 76.959413017188055, 29.729592626135766 ], [ 76.959414770496437, 29.729682822972524 ] ] ] } },
{ "type": "Feature", "properties": { "pit_id": 718, "latitude": 29.815829, "longitude": 77.106497, "category": "pit", "area_ha": 0.12, "area_m2": 1200.0, "prob_max": 0.63, "prob_mean": 0.46, "new_pit": 0, "setting": "outside riverbed", "water_share": 0.0, "buildings_near": 0.062, "compactness": 1.0, "size_class": "small (0.1-0.5 ha)", "google_maps": "https://www.google.com/maps?q=29.815829,77.106497" }, "geometry": { "type": "Polygon", "coordinates": [ [ [ 77.106250535738894, 29.816021226424986 ], [ 77.10624675327827, 29.81584085157672 ], [ 77.106453598086134, 29.815837553011608 ], [ 77.106451706683316, 29.815747365597449 ], [ 77.106348284376381, 29.815749014914442 ], [ 77.106346393074844, 29.81565882749295 ], [ 77.106656659691822, 29.815653879317324 ], [ 77.106658551271437, 29.81574406672086 ], [ 77.106761973552608, 29.815742417161278 ], [ 77.106763865233518, 29.815832604557471 ], [ 77.106660442859663, 29.815834254123043 ], [ 77.106662334456445, 29.815924441523894 ], [ 77.106558911981296, 29.8159260910146 ], [ 77.106560803493991, 29.816016278420097 ], [ 77.106457380917547, 29.816017927835919 ], [ 77.106455489497563, 29.815927740424431 ], [ 77.106352067005218, 29.815929389753407 ], [ 77.106353958332519, 29.816019577170874 ], [ 77.106250535738894, 29.816021226424986 ] ] ] } },
{ "type": "Feature", "properties": { "pit_id": 719, "latitude": 29.860686, "longitude": 76.741201, "category": "pit", "area_ha": 0.1, "area_m2": 1000.0, "prob_max": 0.62, "prob_mean": 0.515, "new_pit": 0, "setting": "outside riverbed", "water_share": 0.0, "buildings_near": 0.005, "compactness": 1.0, "size_class": "small (0.1-0.5 ha)", "google_maps": "https://www.google.com/maps?q=29.860686,76.741201" }, "geometry": { "type": "Polygon", "coordinates": [ [ [ 76.740977609264917, 29.860950524546478 ], [ 76.74097604306472, 29.860860318350195 ], [ 76.741079534102724, 29.860858953161156 ], [ 76.741077967816651, 29.860768746968503 ], [ 76.741181458754539, 29.86076738170334 ], [ 76.741173626965974, 29.860316350745308 ], [ 76.741277117431835, 29.860314985423834 ], [ 76.741283383220392, 29.860675810173067 ], [ 76.741386874051074, 29.860674444750714 ], [ 76.741388440608986, 29.860764650929795 ], [ 76.741284949685323, 29.860766016357097 ], [ 76.741286516157359, 29.860856222539837 ], [ 76.741183025133608, 29.860857587891037 ], [ 76.741184591519755, 29.860947794077401 ], [ 76.740977609264917, 29.860950524546478 ] ] ] } }
]
}
