pit_id,category,area_ha,area_m2,prob_max,prob_mean,new_pit,setting,water_share,buildings_near,compactness,size_class,lon,lat
1,pit,1.18,11800.0,1.0,0.7661016962285769,0,outside riverbed,0.9915254237288136,0.03816441866229841,0.21503053478148923,medium (0.5-2 ha),76.95748805283907,29.690442122415934
2,pit,0.23,2300.0,1.0,0.9134782682294431,0,outside riverbed,1.0,1.8848505928613995e-17,1.0,small (0.1-0.5 ha),76.74158208185176,29.528043013164485
3,pit,0.2,2000.0,1.0,0.9669999986886978,0,outside riverbed,1.0,7.295751589466068e-17,1.0,small (0.1-0.5 ha),77.00237947346857,29.810915306480904
4,pit,1.11,11100.0,1.0,0.8600900946436701,1,outside riverbed,0.990990990990991,7.501508570052097e-18,0.5137446853463485,medium (0.5-2 ha),77.00333683699044,29.81076017747899
5,pit,0.04,400.0,1.0,0.8299999982118607,0,outside riverbed,0.75,0.009637188399210572,1.0,tiny (<0.1 ha),76.85631762049319,29.532241828421764
6,pit,0.16,1600.0,1.0,0.9712500050663948,1,outside riverbed,0.5,0.1210317462682724,1.0,small (0.1-0.5 ha),76.57833659868726,29.53357312260786
7,pit,0.79,7900.0,1.0,0.8929113941856578,0,outside riverbed,0.9493670886075949,1.104534712546617e-16,0.34611070050887954,medium (0.5-2 ha),77.10681347370371,29.810673993307596
8,pit,0.11,1100.0,1.0,0.9100000045516274,0,outside riverbed,0.5454545454545454,0.0014430014628239618,1.0,small (0.1-0.5 ha),76.85683893946981,29.527278156742526
9,pit,0.29,2900.0,1.0,0.9644827575519167,0,outside riverbed,0.034482758620689655,0.1302682009750399,1.0,small (0.1-0.5 ha),76.77797923129918,29.700859794807204
10,pit,0.17,1700.0,1.0,0.834117657998029,0,outside riverbed,1.0,0.005602240904836929,1.0,small (0.1-0.5 ha),77.00331340758095,29.82402557945625
11,pit,0.17,1700.0,1.0,0.894117649863748,0,outside riverbed,1.0,-1.8659210942772037e-16,1.0,small (0.1-0.5 ha),76.96442273764559,29.81913279947162
12,pit,0.45,4500.0,1.0,0.9666666732894049,0,outside riverbed,0.4888888888888889,0.12547241060270203,0.7815092562802715,small (0.1-0.5 ha),77.04879599343883,29.523248588706487
13,pit,0.05,500.0,1.0,0.8020000100135803,0,outside riverbed,0.8,-3.7483244376768254e-16,1.0,tiny (<0.1 ha),76.88274730349505,29.589078336620062
14,pit,0.35,3500.0,1.0,0.8745714255741665,0,outside riverbed,1.0,-1.131596721253228e-15,0.688313821065126,small (0.1-0.5 ha),77.06148569784592,29.693872857149934
15,pit,1.3,13000.0,1.0,0.9361538495008762,0,outside riverbed,0.5384615384615384,0.03200767510928787,0.4792410103109078,medium (0.5-2 ha),76.61739765036297,29.52866503831399
16,pit,0.59,5900.0,1.0,0.8796610210911703,0,outside riverbed,1.0,0.0052269495534316675,0.4755447608333187,medium (0.5-2 ha),77.00323954505195,29.822344983336386
17,pit,0.39,3900.0,1.0,0.8317948709695767,0,outside riverbed,0.9230769230769231,-1.5860329420130883e-17,0.8757103500536356,small (0.1-0.5 ha),77.00237069013274,29.809742571358182
18,pit,0.57,5700.0,1.0,0.9366666705984819,0,outside riverbed,0.9824561403508771,2.2445611355966442e-17,0.6890068072616167,medium (0.5-2 ha),77.00334352839306,29.80988293833382
19,pit,0.13,1300.0,1.0,0.7915384654815381,0,outside riverbed,0.8461538461538461,0.04343275754497601,1.0,small (0.1-0.5 ha),76.95776321050234,29.69970117248917
20,pit,0.52,5200.0,1.0,0.7055769247504381,0,outside riverbed,0.2692307692307692,0.13919413992418692,0.4908827917962214,medium (0.5-2 ha),76.66710023177914,29.587102724113578
21,likely village pond,0.52,5200.0,1.0,0.702115386724472,0,outside riverbed,1.0,0.16448630765080452,0.4908827917962214,medium (0.5-2 ha),76.95871299055409,29.700306542401076
22,pit,1.29,12900.0,1.0,0.9248837237210237,0,Yamuna riverbed,0.9147286821705426,6.78490103954208e-16,0.2606005076529362,medium (0.5-2 ha),77.13658384532766,29.700303733910065
23,pit,0.08,800.0,1.0,0.858750008046627,0,Yamuna riverbed,1.0,3.145631963764522e-16,1.0,tiny (<0.1 ha),77.14155878236197,29.70136253055105
24,pit,0.18,1800.0,1.0,0.8188888927300771,0,outside riverbed,0.9444444444444444,0.0,1.0,small (0.1-0.5 ha),76.68048962686821,29.707868623258978
25,likely village pond,0.89,8900.0,1.0,0.9382022525487321,0,outside riverbed,0.7752808988764045,0.18245050880346406,0.685747933112401,medium (0.5-2 ha),76.6273162254678,29.541970002944023
26,pit,0.35,3500.0,1.0,0.8602857189519065,0,Yamuna riverbed,0.5714285714285714,3.222667744670513e-16,0.6078405326624335,small (0.1-0.5 ha),77.13656522031388,29.702176233447016
27,pit,0.59,5900.0,1.0,0.8908474586777768,0,Yamuna riverbed,0.3220338983050847,-8.51708616230379e-16,0.45700643515924777,medium (0.5-2 ha),77.09575569733848,29.580913872250935
28,pit,0.69,6900.0,1.0,0.8788405842539193,0,outside riverbed,0.9710144927536232,0.1236649253608092,0.718954420696433,medium (0.5-2 ha),76.96057182102402,29.802376382484336
29,pit,0.4,4000.0,1.0,0.9747500047087669,0,outside riverbed,1.0,-1.4961576588517032e-16,0.8244107852512923,small (0.1-0.5 ha),76.9579147722762,29.706734255703513
30,pit,0.07,700.0,1.0,0.9214285782405308,0,Yamuna riverbed,1.0,-6.989873413745087e-16,1.0,tiny (<0.1 ha),77.13539082350303,29.704721286315614
31,pit,0.21,2100.0,1.0,0.9876190480731782,0,outside riverbed,1.0,0.00043191880519842095,0.8464523100575925,small (0.1-0.5 ha),76.66801673991813,29.585416380810212
32,pit,1.03,10300.0,1.0,0.8943689401867321,0,outside riverbed,0.3300970873786408,0.08130242435252565,0.6811391269910755,medium (0.5-2 ha),76.86988214249983,29.79947072408981
33,pit,0.55,5500.0,1.0,0.7647272733124819,0,Yamuna riverbed,0.0,-1.4553053080828968e-16,0.4741914562980885,medium (0.5-2 ha),77.12966370062713,29.70551724529945
34,pit,3.32,33200.0,1.0,0.9480120501065828,1,Yamuna riverbed,0.3132530120481928,9.511419972159742e-17,0.200849132331906,large (>2 ha),77.09385415153933,29.584420177539492
35,pit,1.54,15400.0,1.0,0.89512987183286,0,outside riverbed,1.0,2.82430577186763e-16,0.31856439849152074,medium (0.5-2 ha),77.13991671675024,29.823577895166522
36,pit,1.83,18300.0,1.0,0.8495628438034996,0,outside riverbed,0.9672131147540983,0.08121135522219569,0.6157409448220841,medium (0.5-2 ha),76.98018829848439,29.795283097822722
37,pit,2.16,21600.0,1.0,0.8143518533971574,0,outside riverbed,0.9398148148148148,-4.775721198132841e-16,0.33941579806758376,large (>2 ha),76.89180922959982,29.841095306780606
38,pit,0.72,7200.0,1.0,0.8790277805593278,0,outside riverbed,0.6111111111111112,0.11189846351367629,0.8871718128412077,medium (0.5-2 ha),76.79845038248962,29.841037027545624
39,likely village pond,0.52,5200.0,1.0,0.8792307726465739,0,outside riverbed,0.9423076923076923,0.18066457329461208,1.0,medium (0.5-2 ha),76.59983830879871,29.5242999306456
40,likely village pond,0.08,800.0,1.0,0.9612500071525574,0,outside riverbed,1.0,0.22477324306964874,1.0,tiny (<0.1 ha),76.599061262261,29.52440906045838
41,pit,0.69,6900.0,1.0,0.8272463787293088,0,outside riverbed,0.782608695652174,0.048079134926766805,0.5474126834843194,medium (0.5-2 ha),76.6723745111217,29.685074614226828
42,pit,1.18,11800.0,1.0,0.9436440745652732,0,outside riverbed,0.940677966101695,0.1031746038362005,0.5563282030332726,medium (0.5-2 ha),77.11269722991008,29.837643043643293
43,pit,0.45,4500.0,1.0,0.790666667620341,0,outside riverbed,1.0,0.0,0.641404672403057,small (0.1-0.5 ha),76.70144916972862,29.844105172839576
44,pit,0.55,5500.0,1.0,0.969090916893699,0,outside riverbed,0.8909090909090909,0.14813440611416642,0.6001725222707375,medium (0.5-2 ha),76.84667506486582,29.842550942226243
45,pit,0.35,3500.0,1.0,0.980285713502339,0,outside riverbed,1.0,-8.694481147552271e-16,0.9906148152434087,small (0.1-0.5 ha),77.06171223761226,29.693255831863244
46,pit,0.06,600.0,1.0,0.796666661898295,0,outside riverbed,0.0,2.7491237339878846e-16,1.0,tiny (<0.1 ha),76.90245020118401,29.590334206247416
47,pit,0.64,6400.0,1.0,0.868437506724149,1,outside riverbed,0.25,4.684166369533857e-16,0.3799785341197384,medium (0.5-2 ha),77.09024429417511,29.733917251939776
48,pit,0.12,1200.0,1.0,0.8233333379030228,0,outside riverbed,0.16666666666666666,1.1102230246251565e-16,1.0,small (0.1-0.5 ha),76.90732338043368,29.59054997225855
49,pit,1.42,14200.0,1.0,0.8131690155452406,0,outside riverbed,0.035211267605633804,0.11388968749293192,0.3063541039382242,medium (0.5-2 ha),76.79913869870624,29.844211386849313
50,likely village pond,0.87,8700.0,1.0,0.9359770177424639,0,outside riverbed,0.8850574712643678,0.22454192463693948,0.8647584042464432,medium (0.5-2 ha),77.11840254531838,29.83960738447326
51,pit,5.75,57500.0,1.0,0.8843826139491537,0,outside riverbed,0.9234782608695652,0.05424036303575591,0.3505276181853156,large (>2 ha),76.97682136960276,29.84073273125867
52,pit,0.21,2100.0,1.0,0.9228571454683939,0,outside riverbed,0.7619047619047619,-1.7823988940003022e-16,0.947092088495708,small (0.1-0.5 ha),77.09290747770525,29.836134954188942
53,pit,0.11,1100.0,1.0,0.9645454558459196,0,outside riverbed,0.0,0.019789733839305965,1.0,small (0.1-0.5 ha),76.61790735524855,29.525398107747126
54,pit,0.52,5200.0,1.0,0.8326923050559484,0,outside riverbed,0.11538461538461539,0.1017791734999404,0.6491274093906346,medium (0.5-2 ha),76.71243608442671,29.59249293913874
55,pit,0.28,2800.0,1.0,0.9828571443046842,0,outside riverbed,0.9285714285714286,0.027696792635002306,0.6959391080751439,small (0.1-0.5 ha),76.61689084947419,29.525387334135377
56,pit,0.08,800.0,1.0,0.8350000008940697,0,outside riverbed,1.0,0.003968254022765905,1.0,tiny (<0.1 ha),76.83632220839348,29.52338403579025
57,pit,0.07,700.0,1.0,0.9557143024035862,0,outside riverbed,0.2857142857142857,-2.4205882501695084e-16,1.0,tiny (<0.1 ha),76.84678523464173,29.590594192283703
58,pit,0.85,8500.0,1.0,0.8141176476198084,0,outside riverbed,0.9647058823529412,0.002480992365299411,0.20309696528694887,medium (0.5-2 ha),76.8373172034549,29.523840002873055
59,pit,0.23,2300.0,1.0,0.7982608675956726,0,outside riverbed,1.0,-3.2134405656118617e-16,0.927066815777363,small (0.1-0.5 ha),77.01536407701292,29.83315520561429
60,likely village pond,0.93,9300.0,1.0,0.8458064538176342,0,outside riverbed,0.8494623655913979,0.1626069771416325,0.3253354400625044,medium (0.5-2 ha),76.95673388317746,29.6851401352664
61,pit,0.53,5300.0,1.0,0.9315094340522334,0,outside riverbed,0.37735849056603776,-5.341140247758488e-16,0.5783480669154379,medium (0.5-2 ha),76.88884593869207,29.58967365284248
62,pit,0.26,2600.0,1.0,0.7100000014671912,0,outside riverbed,1.0,0.03000174448467218,0.9181580173477668,small (0.1-0.5 ha),76.95720992352796,29.691665600834963
63,pit,0.38,3800.0,1.0,0.7357894762566215,0,outside riverbed,1.0,0.13814297690987587,0.5416306122514705,small (0.1-0.5 ha),76.95774135461085,29.692523816128773
64,pit,0.11,1100.0,1.0,0.8718181848526001,0,outside riverbed,1.0,2.4631571138719673e-16,1.0,small (0.1-0.5 ha),76.58178176273302,29.528088850626823
65,pit,0.08,800.0,1.0,0.7900000028312206,0,outside riverbed,1.0,-7.83764612043806e-16,1.0,tiny (<0.1 ha),76.88323367987898,29.589281212446497
66,likely village pond,0.48,4800.0,1.0,0.7589583353449901,0,outside riverbed,1.0,0.1925548001502951,0.6303039820311602,small (0.1-0.5 ha),76.75110319149708,29.69657597068191
67,pit,0.52,5200.0,1.0,0.9938461562761893,1,outside riverbed,1.0,0.35653235763311386,1.0,medium (0.5-2 ha),76.67837126514465,29.527346735484095
68,pit,0.03,300.0,1.0,0.6899999876817068,0,outside riverbed,1.0,-1.4802973220505761e-16,1.0,tiny (<0.1 ha),77.13668011023152,29.825561561002775
69,pit,0.13,1300.0,1.0,0.766153851380715,0,outside riverbed,0.8461538461538461,7.462488058352098e-17,1.0,small (0.1-0.5 ha),76.9310893338571,29.540006156609582
70,pit,0.03,300.0,1.0,0.8266666730244955,0,outside riverbed,1.0,0.0,1.0,tiny (<0.1 ha),76.70878066742803,29.79891848326223
71,pit,1.33,13300.0,1.0,0.8400751881133345,0,outside riverbed,0.9924812030075187,1.6643408201768446e-16,0.7139109279216943,medium (0.5-2 ha),77.05602078592614,29.84127791468504
72,likely village pond,0.49,4900.0,1.0,0.9073469413786518,0,outside riverbed,0.9591836734693877,0.22953399057899201,0.8754517249215356,small (0.1-0.5 ha),76.77646014268281,29.57756127190492
73,pit,0.07,700.0,1.0,0.9085714263575417,0,outside riverbed,0.7142857142857143,-6.004267351064847e-17,1.0,tiny (<0.1 ha),76.85162200340764,29.75486770795421
74,pit,0.34,3400.0,1.0,0.9529411880409017,0,outside riverbed,0.6176470588235294,0.13538748858606114,1.0,small (0.1-0.5 ha),76.88527854467237,29.560408168091662
75,pit,0.26,2600.0,1.0,0.8484615408457242,0,Yamuna riverbed,0.07692307692307693,5.280676192258986e-16,0.7077846190767609,small (0.1-0.5 ha),77.12849102736472,29.729593797608494
76,pit,0.16,1600.0,1.0,0.8656249977648258,0,outside riverbed,0.9375,0.09112811819068156,1.0,small (0.1-0.5 ha),76.78252030888491,29.576641501955
77,pit,2.19,21900.0,1.0,0.9534703265858567,0,outside riverbed,0.9452054794520548,0.07938578787374578,0.769602168961219,large (>2 ha),76.79627622634973,29.576189154853168
78,pit,0.32,3200.0,1.0,0.9662500005215406,1,outside riverbed,0.875,0.12528344639576972,1.0,small (0.1-0.5 ha),76.88562512021555,29.559661363540226
79,pit,0.31,3100.0,1.0,0.9664516199019647,0,outside riverbed,0.967741935483871,3.658108086018678e-17,1.0,small (0.1-0.5 ha),76.79863371241802,29.560077063075486
80,pit,0.03,300.0,1.0,0.9900000095367432,1,Yamuna riverbed,0.6666666666666666,-1.2864489020749787e-16,1.0,tiny (<0.1 ha),77.13238676885985,29.72067815330169
81,pit,4.68,46800.0,1.0,0.9370512857269018,1,Yamuna riverbed,0.9743589743589743,4.603675080166653e-16,0.2815280233332403,large (>2 ha),77.10603447816224,29.551990054567753
82,pit,0.35,3500.0,1.0,0.8811428606510162,0,outside riverbed,1.0,-2.714381972681725e-16,0.6173096201662378,small (0.1-0.5 ha),76.81920837431636,29.760519698297706
83,pit,0.18,1800.0,1.0,0.8172222276528677,0,outside riverbed,1.0,0.001889644759810829,1.0,small (0.1-0.5 ha),77.07000048164028,29.757420677546996
84,pit,1.41,14100.0,1.0,0.8123404294886487,0,outside riverbed,0.8865248226950354,0.07066467254924594,0.22892543194917805,medium (0.5-2 ha),76.84636939119814,29.7603787090917
85,pit,0.27,2700.0,1.0,0.8996296348395171,0,outside riverbed,0.8888888888888888,0.0685311167811354,0.5253155758121266,small (0.1-0.5 ha),76.7821099179618,29.57761321768038
86,pit,0.07,700.0,1.0,0.8957142915044513,0,Yamuna riverbed,0.42857142857142855,5.732376165557292e-16,1.0,tiny (<0.1 ha),77.09594844036498,29.573926916230892
87,pit,0.17,1700.0,1.0,0.9541176540010116,0,outside riverbed,1.0,-1.0977835699479703e-16,1.0,small (0.1-0.5 ha),76.85069734200599,29.73494990691407
88,pit,0.17,1700.0,1.0,0.9711764700272504,0,outside riverbed,0.8823529411764706,-1.243947370234038e-17,1.0,small (0.1-0.5 ha),76.85164261439037,29.754287399088856
89,pit,0.99,9900.0,1.0,0.8895959646412821,0,outside riverbed,0.9191919191919192,0.042511280593133,0.672643586007699,medium (0.5-2 ha),77.08915255188849,29.74772991046365
90,pit,0.17,1700.0,1.0,0.8688235300428727,1,outside riverbed,0.7058823529411765,0.0216086437131333,1.0,small (0.1-0.5 ha),77.08583993098217,29.747861259965337
91,pit,1.06,10600.0,1.0,0.9545283053281173,1,outside riverbed,0.7169811320754716,2.3940119575302896e-18,0.5416197971757631,medium (0.5-2 ha),76.85876882891559,29.74956467642909
92,pit,0.42,4200.0,1.0,0.7547619030589149,0,outside riverbed,0.9523809523809523,0.10646798302020345,0.5120006037675474,small (0.1-0.5 ha),76.92996306953438,29.56019261055781
93,pit,0.13,1300.0,1.0,0.9723076957922715,1,outside riverbed,0.0,5.0834388521276186e-18,1.0,small (0.1-0.5 ha),76.85928479359148,29.747586808474058
94,likely village pond,0.43,4300.0,1.0,0.9404651210751644,0,outside riverbed,0.8837209302325582,0.3571692244258038,1.0,small (0.1-0.5 ha),76.98975302939421,29.570283560488324
95,pit,0.18,1800.0,1.0,0.9655555552906461,1,outside riverbed,0.3888888888888889,-1.483234492891876e-17,1.0,small (0.1-0.5 ha),76.85713774563881,29.745929678057458
96,pit,1.18,11800.0,1.0,0.8911864449412136,0,Yamuna riverbed,0.9830508474576272,1.5100914863234168e-16,0.2889743951127693,medium (0.5-2 ha),77.10418927276878,29.55706772045488
97,pit,0.4,4000.0,1.0,0.9810000002384186,1,outside riverbed,0.8,1.1630907773135504e-17,0.8154013749087224,small (0.1-0.5 ha),76.85181107846788,29.74440309898037
98,pit,0.07,700.0,1.0,0.8971428615706307,0,outside riverbed,1.0,0.05215419429753508,1.0,tiny (<0.1 ha),76.93184957421322,29.56119418016446
99,pit,0.27,2700.0,1.0,0.7659259250870457,0,outside riverbed,0.9259259259259259,0.10372050106525421,0.7794353568194125,small (0.1-0.5 ha),76.97383573768316,29.742021095640936
100,likely village pond,0.16,1600.0,1.0,0.8956250064074993,0,outside riverbed,0.9375,0.16496598441153765,1.0,small (0.1-0.5 ha),76.97294114930128,29.741103605315278
101,pit,0.25,2500.0,1.0,0.7540000009536744,0,outside riverbed,1.0,4.0285238490087635e-17,0.721699404462419,small (0.1-0.5 ha),77.08729852839106,29.7390318147387
102,pit,0.84,8400.0,1.0,0.8894047637780508,0,Yamuna riverbed,0.9642857142857143,-2.7189132750689364e-17,0.3806087505162834,medium (0.5-2 ha),77.10249360690821,29.56106041360594
103,pit,0.1,1000.0,1.0,0.7360000044107438,0,outside riverbed,0.0,0.00045351474545943774,1.0,small (0.1-0.5 ha),77.02117666188484,29.738813503451983
104,pit,0.11,1100.0,1.0,0.6672727275978435,0,outside riverbed,0.9090909090909091,0.055658626962791787,1.0,small (0.1-0.5 ha),76.97978890383644,29.575987889708465
105,pit,0.07,700.0,1.0,0.9214285782405308,0,outside riverbed,0.8571428571428571,1.0294109085058828e-15,1.0,tiny (<0.1 ha),77.0112388606931,29.55368692149444
106,likely village pond,0.35,3500.0,1.0,0.8268571453435081,0,outside riverbed,0.9428571428571428,0.22565597678933824,0.8861733841430673,small (0.1-0.5 ha),76.91045015881124,29.7089834408614
107,pit,1.6,16000.0,1.0,0.9766250010579824,0,Yamuna riverbed,0.78125,0.002735260785265994,0.6240109183441367,medium (0.5-2 ha),77.13200186160361,29.706463550999644
108,pit,0.21,2100.0,1.0,0.9014285746074858,0,outside riverbed,0.9523809523809523,1.46015727344969e-17,1.0,small (0.1-0.5 ha),76.80497677530441,29.77982207329248
109,pit,0.15,1500.0,1.0,0.7726666649182637,0,outside riverbed,0.8,5.762586306208652e-17,1.0,small (0.1-0.5 ha),76.61117461705494,29.553900852289463
110,pit,0.25,2500.0,1.0,0.8484000039100646,0,outside riverbed,1.0,-3.7113169486530064e-17,1.0,small (0.1-0.5 ha),76.83683100722548,29.780496946921343
111,pit,0.1,1000.0,1.0,0.8970000088214874,0,outside riverbed,1.0,0.01882086172699923,1.0,small (0.1-0.5 ha),76.894878481869,29.780246040727835
112,pit,0.29,2900.0,1.0,0.9544827650333273,0,outside riverbed,0.8620689655172413,-7.747861454068778e-18,0.7894520751240797,small (0.1-0.5 ha),76.84189915632474,29.78106484966343
113,pit,0.2,2000.0,1.0,0.9455000072717666,0,outside riverbed,1.0,0.062358275800943365,1.0,small (0.1-0.5 ha),76.89482680641349,29.780797147432242
114,pit,2.09,20900.0,1.0,0.8302392382085608,0,outside riverbed,0.9665071770334929,0.01780425102793071,0.4106101025473941,large (>2 ha),76.65930603932732,29.551415700080533
115,pit,0.14,1400.0,1.0,0.8100000002554485,0,outside riverbed,0.0,0.012957563756832055,1.0,small (0.1-0.5 ha),76.96733519473334,29.763592028038357
116,pit,0.2,2000.0,1.0,0.9695000022649765,0,outside riverbed,1.0,0.004648526175878633,1.0,small (0.1-0.5 ha),77.0641931439508,29.78344851245356
117,pit,1.09,10900.0,1.0,0.8294495453528308,0,outside riverbed,0.981651376146789,0.04073311326546819,0.20980918618051922,medium (0.5-2 ha),76.54067686740754,29.622616010006983
118,pit,0.22,2200.0,1.0,0.7790909084406766,0,outside riverbed,1.0,-1.8263409057368423e-16,0.6862645863604819,small (0.1-0.5 ha),76.81545929155828,29.549377733739767
119,pit,0.22,2200.0,1.0,0.8854545476761732,0,Yamuna riverbed,0.7272727272727273,0.023397238671102306,1.0,small (0.1-0.5 ha),77.12922832684973,29.706522389911562
120,pit,3.75,37500.0,1.0,0.9723466692765553,1,outside riverbed,0.936,0.05237188212449352,0.4662552903235517,large (>2 ha),76.81225687613066,29.544301656818337
121,pit,0.16,1600.0,1.0,0.8918749988079071,0,Yamuna riverbed,1.0,-1.1171619152203413e-15,0.8852008021443687,small (0.1-0.5 ha),77.13584129196258,29.70616878458841
122,pit,0.31,3100.0,1.0,0.9222580675155886,0,outside riverbed,1.0,1.5092892673082e-17,1.0,small (0.1-0.5 ha),76.80421483932227,29.777441269372474
123,pit,0.16,1600.0,1.0,0.9243750050663948,0,outside riverbed,0.0625,0.11975623690523207,1.0,small (0.1-0.5 ha),76.8145075223675,29.5514685657571
124,pit,0.92,9200.0,1.0,0.9691304360394892,0,outside riverbed,0.5543478260869565,0.11532584073669884,0.9233466595615627,medium (0.5-2 ha),76.74371246640777,29.55226361145516
125,pit,0.1,1000.0,1.0,0.9420000076293945,0,outside riverbed,0.0,0.0,1.0,small (0.1-0.5 ha),76.72245772662214,29.775810924665358
126,pit,0.38,3800.0,1.0,0.9507894814014435,0,outside riverbed,0.9210526315789473,0.03986155893653631,0.9652076785787953,small (0.1-0.5 ha),76.83585091084473,29.772930193410275
127,pit,0.62,6200.0,1.0,0.8930645190900371,0,outside riverbed,0.1935483870967742,0.09410430923584968,0.7823985687810419,medium (0.5-2 ha),76.95695275593958,29.770996103973896
128,pit,2.83,28300.0,1.0,0.8288339240601543,0,outside riverbed,0.911660777385159,0.13002892554648773,0.521263660357222,large (>2 ha),76.81016146740353,29.5520632435444
129,pit,0.26,2600.0,1.0,0.8646153830564939,0,Yamuna riverbed,0.11538461538461539,5.42606253841903e-16,0.918158017347767,small (0.1-0.5 ha),77.10098796995324,29.574768787577383
130,pit,0.23,2300.0,1.0,0.9108695621075837,0,outside riverbed,0.4782608695652174,0.045154293675137604,0.9681485151413707,small (0.1-0.5 ha),77.08479283110296,29.765523526319868
131,pit,0.77,7700.0,1.0,0.9089610456646263,0,outside riverbed,0.7792207792207793,0.004711841662450645,0.3837644413150522,medium (0.5-2 ha),77.08556940580635,29.76494067483853
132,pit,0.43,4300.0,1.0,0.8718604653380638,0,Yamuna riverbed,0.18604651162790697,4.488227189723783e-16,0.5814306260734047,small (0.1-0.5 ha),77.10151399970864,29.57373551296466
133,pit,0.23,2300.0,1.0,0.808695657097775,0,outside riverbed,0.0,1.149277550206285e-19,0.6383648474464201,small (0.1-0.5 ha),77.04778482177299,29.7194305929081
134,pit,0.18,1800.0,1.0,0.8450000037749609,0,outside riverbed,0.0,0.0002519526363662353,0.6219168854293738,small (0.1-0.5 ha),77.04670858891356,29.720171401643412
135,pit,0.15,1500.0,1.0,0.6960000018278758,0,Yamuna riverbed,1.0,-6.959159844355482e-16,0.8817144096693863,small (0.1-0.5 ha),77.137962132287,29.719096599537558
136,pit,0.48,4800.0,1.0,0.918750007947286,0,outside riverbed,0.8541666666666666,0.023951247256870156,0.6858054558323018,small (0.1-0.5 ha),76.97905442434194,29.57591528216103
137,pit,0.12,1200.0,1.0,0.9441666702429453,0,outside riverbed,0.75,7.498411046336713e-16,1.0,small (0.1-0.5 ha),77.10473309875925,29.763313031042216
138,pit,0.16,1600.0,1.0,0.8950000032782555,0,outside riverbed,0.9375,1.0210086053033981e-16,1.0,small (0.1-0.5 ha),77.10471661977847,29.76283400888606
139,pit,0.44,4400.0,1.0,0.8834090930494395,0,outside riverbed,0.7272727272727273,0.0241187384553169,0.38350274167137044,small (0.1-0.5 ha),76.67861672582869,29.52177414236564
140,pit,0.49,4900.0,1.0,0.9083673552590974,0,outside riverbed,0.8163265306122449,0.006201119988928644,0.8050083443238815,small (0.1-0.5 ha),76.8047611154263,29.843511602434248
141,pit,0.46,4600.0,1.0,0.866956520339717,0,outside riverbed,1.0,0.07157645674179429,0.5607625660311233,small (0.1-0.5 ha),77.0228487161179,29.842443220422506
142,pit,0.41,4100.0,1.0,0.9336585431564145,0,outside riverbed,1.0,0.1270947397300383,0.9020202229615728,small (0.1-0.5 ha),76.92226138690617,29.87686970802572
143,pit,0.08,800.0,1.0,0.9975000023841858,0,outside riverbed,1.0,-1.0970060846436005e-16,1.0,tiny (<0.1 ha),76.9419965009998,29.635655684522728
144,pit,0.27,2700.0,1.0,0.9503703735492848,0,outside riverbed,0.9629629629629629,0.12832787398386886,0.9929365491729245,small (0.1-0.5 ha),76.5758009746817,29.48970698306403
145,pit,0.19,1900.0,1.0,0.9347368478775024,0,outside riverbed,1.0,0.0072801050141846815,1.0,small (0.1-0.5 ha),77.14677824038803,29.885620863799158
146,pit,0.19,1900.0,1.0,0.9673684208016646,0,outside riverbed,1.0,0.06671440498413224,1.0,small (0.1-0.5 ha),77.0496715823085,29.886610105252682
147,pit,0.04,400.0,1.0,0.9224999994039536,0,outside riverbed,1.0,5.022437523863541e-17,1.0,tiny (<0.1 ha),76.94262464916196,29.636097604169173
148,pit,0.41,4100.0,1.0,0.8731707341787291,0,outside riverbed,1.0,-7.188726344330377e-17,0.5336805351466308,small (0.1-0.5 ha),76.9413024624326,29.635783580533083
149,pit,0.1,1000.0,1.0,0.8160000026226044,0,outside riverbed,0.8,-8.987519456291807e-18,1.0,small (0.1-0.5 ha),76.93480420090758,29.488188018145525
150,pit,0.55,5500.0,1.0,0.8460000005635349,0,outside riverbed,0.4,0.2937538653612137,0.6319403958617094,medium (0.5-2 ha),76.57147459890942,29.60609825294244
151,pit,0.53,5300.0,1.0,0.8498113177857309,0,outside riverbed,0.11320754716981132,0.1357977162554579,0.8556438850455145,medium (0.5-2 ha),76.86766231461054,29.60238221553295
152,pit,0.39,3900.0,1.0,0.8866666708237085,0,outside riverbed,0.9230769230769231,1.543331998760037e-16,0.7904845666200275,small (0.1-0.5 ha),76.80317370096402,29.883605216812146
153,pit,0.53,5300.0,1.0,0.8683018892441156,0,outside riverbed,0.8867924528301887,0.016258075534594497,0.9228808535248437,medium (0.5-2 ha),76.75295485332278,29.883053231918137
154,pit,0.08,800.0,1.0,0.8512500040233135,0,outside riverbed,0.75,5.14138986789226e-16,1.0,tiny (<0.1 ha),77.17853613929883,29.874796668945763
155,pit,0.1,1000.0,1.0,0.9199999988079071,0,outside riverbed,1.0,1.5305217127299162e-16,1.0,small (0.1-0.5 ha),76.57799280101953,29.60620792112018
156,pit,0.57,5700.0,1.0,0.8328070201371846,0,outside riverbed,0.7368421052631579,-1.2071472845340307e-16,0.28024205571937266,medium (0.5-2 ha),77.18115663601037,29.87319756126734
157,pit,0.09,900.0,1.0,0.8077777889039781,0,outside riverbed,1.0,2.1440815677945676e-17,1.0,tiny (<0.1 ha),76.78235192209402,29.878267977063
158,pit,0.15,1500.0,1.0,0.9299999992052714,0,outside riverbed,0.3333333333333333,6.490398944826251e-16,1.0,small (0.1-0.5 ha),77.09176846368293,29.493104691144087
159,pit,0.15,1500.0,1.0,0.9839999993642171,0,outside riverbed,0.8,0.004686318896710878,1.0,small (0.1-0.5 ha),76.77839284999554,29.87816300624998
160,pit,0.18,1800.0,1.0,0.9355555640326606,0,outside riverbed,0.0,4.589215655553066e-16,1.0,small (0.1-0.5 ha),77.0590847297559,29.487994959685697
161,pit,0.76,7600.0,1.0,0.7972368405837762,0,outside riverbed,0.7368421052631579,0.04708199073732092,0.25661201054400923,medium (0.5-2 ha),76.57698352001242,29.6020826969702
162,pit,0.37,3700.0,1.0,0.9105405420870394,0,outside riverbed,0.6216216216216216,-1.959679380357915e-16,1.0,small (0.1-0.5 ha),76.85016639715693,29.8761333206057
163,pit,0.1,1000.0,1.0,0.8400000035762787,0,outside riverbed,0.4,1.110223053576478e-17,1.0,small (0.1-0.5 ha),76.78151170934898,29.876560025203908
164,pit,0.16,1600.0,1.0,0.8812500052154064,0,outside riverbed,0.0625,0.0028344671591185033,1.0,small (0.1-0.5 ha),76.96587142532066,29.59668795937717
165,likely village pond,0.34,3400.0,1.0,0.8294117669848835,0,outside riverbed,0.7352941176470589,0.2753768179784803,0.499638165479319,small (0.1-0.5 ha),76.57374014215843,29.60114588021992
166,pit,0.5,5000.0,1.0,0.8766000044345855,0,outside riverbed,0.98,0.0421315190149471,0.8795276071345476,medium (0.5-2 ha),77.01402497247439,29.871474336819652
167,pit,0.19,1900.0,1.0,0.8210526312652388,0,outside riverbed,0.0,0.02613677079544256,0.9784260071885752,small (0.1-0.5 ha),76.97905414540708,29.595349947675665
168,pit,0.28,2800.0,1.0,0.876785716840199,0,outside riverbed,0.8571428571428571,-8.373875849003035e-17,0.8586843796745431,small (0.1-0.5 ha),76.6355267569507,29.519551928372195
169,pit,0.21,2100.0,1.0,0.7476190456322261,0,outside riverbed,0.0,-2.0215625462232988e-16,0.755265378894019,small (0.1-0.5 ha),77.17688040574758,29.868551923558076
170,pit,0.19,1900.0,1.0,0.8715789490624478,0,outside riverbed,0.10526315789473684,0.002625611671981843,1.0,small (0.1-0.5 ha),77.03681322317165,29.64760237116833
171,pit,0.72,7200.0,1.0,0.9113888947500123,0,outside riverbed,0.8055555555555556,0.0454774502173273,0.5336037004976335,medium (0.5-2 ha),77.14570191477445,29.868507223187695
172,likely village pond,0.49,4900.0,1.0,0.8955102112828469,0,outside riverbed,1.0,0.18668147685880565,0.7268134200026442,small (0.1-0.5 ha),76.84862581976373,29.872387752580938
173,pit,0.43,4300.0,1.0,0.8562790709872579,0,outside riverbed,1.0,-3.9773771993970975e-17,0.5633523705097833,small (0.1-0.5 ha),76.89967900533448,29.88995876766405
174,pit,0.59,5900.0,1.0,0.8571186429363186,0,outside riverbed,0.7966101694915254,1.8369307852095056e-18,0.6147581278418778,medium (0.5-2 ha),76.68100761254591,29.638723805103943
175,pit,0.72,7200.0,1.0,0.9713888934089078,0,outside riverbed,0.7361111111111112,1.0279843012080296e-18,0.9604637905033844,medium (0.5-2 ha),76.68001098410961,29.63843970267688
176,pit,0.3,3000.0,1.0,0.9350000023841858,0,outside riverbed,1.0,0.08148148252318303,0.8011547000684208,small (0.1-0.5 ha),76.88365215077035,29.48444707152611
177,pit,0.63,6300.0,1.0,0.9533333390478104,0,outside riverbed,1.0,3.8471787493959313e-16,0.29039540150135473,medium (0.5-2 ha),77.17764099121126,29.900819029196466
178,pit,0.03,300.0,1.0,0.9900000095367432,0,Yamuna riverbed,1.0,-1.1542795022594183e-16,1.0,tiny (<0.1 ha),77.12408328441386,29.452979331139275
179,pit,2.32,23200.0,1.0,0.842758624718107,0,outside riverbed,0.8577586206896551,0.055360075192734726,0.22881971456145647,large (>2 ha),76.78115980148937,29.903693486324045
180,pit,0.23,2300.0,1.0,0.9213043542011924,0,outside riverbed,0.0,-1.3216940808736655e-17,0.9917822353928708,small (0.1-0.5 ha),77.05092152699912,29.461884886415444
181,likely village pond,0.7,7000.0,1.0,0.8605714304106576,0,outside riverbed,0.8857142857142857,0.2115646254271269,0.6798505284813331,medium (0.5-2 ha),76.90105994466944,29.620410521221707
182,likely village pond,0.1,1000.0,1.0,0.9180000007152558,0,outside riverbed,0.8,0.2675736993551254,1.0,small (0.1-0.5 ha),76.62959200081644,29.62813331679215
183,pit,0.29,2900.0,1.0,0.884482758826223,1,outside riverbed,0.8620689655172413,0.0,1.0,small (0.1-0.5 ha),76.58175615888894,29.628630035538148
184,pit,0.23,2300.0,1.0,0.9982608712237814,0,outside riverbed,1.0,-9.700085251534795e-17,1.0,small (0.1-0.5 ha),77.14194041554815,29.896686832540123
185,pit,0.55,5500.0,1.0,0.8925454584035006,0,outside riverbed,1.0,0.0,0.7949906125296103,medium (0.5-2 ha),76.52746953652198,29.479059811271963
186,pit,0.45,4500.0,1.0,0.949111114607917,1,outside riverbed,1.0,0.005291005337817801,1.0,small (0.1-0.5 ha),76.89593569810847,29.475288881283
187,likely village pond,0.42,4200.0,1.0,0.9173809602147057,0,outside riverbed,0.9047619047619048,0.2195767199709302,0.9055403018804473,small (0.1-0.5 ha),76.78174489603714,29.901282961892985
188,pit,0.97,9700.0,1.0,0.7993814438274226,0,outside riverbed,0.7835051546391752,0.07695724367711347,0.2643446492556064,medium (0.5-2 ha),76.79947522606814,29.626414634990258
189,pit,0.1,1000.0,1.0,0.8639999985694885,0,outside riverbed,0.4,0.013605441898107529,1.0,small (0.1-0.5 ha),77.04778842397594,29.897217222842876
190,pit,3.25,32500.0,1.0,0.939230775466332,0,outside riverbed,0.9569230769230769,0.025494505413449726,0.3629104727034427,large (>2 ha),76.83569373869177,29.606443810502604
191,pit,1.7,17000.0,1.0,0.7920588275965522,0,outside riverbed,0.6941176470588235,0.0,0.28151131301040166,medium (0.5-2 ha),76.52916138787094,29.479667832422557
192,likely village pond,0.94,9400.0,1.0,0.8912765979766846,0,outside riverbed,0.9680851063829787,0.20415400182630153,0.841973726406494,medium (0.5-2 ha),76.78607792990852,29.899199580140266
193,pit,0.37,3700.0,1.0,0.9618918911830799,1,outside riverbed,1.0,0.10473739043683619,0.9694901259935803,small (0.1-0.5 ha),76.89585027352014,29.47619936534356
194,pit,0.31,3100.0,1.0,0.9329032282675466,0,outside riverbed,0.7096774193548387,0.0210664912517513,1.0,small (0.1-0.5 ha),76.5720251916878,29.608570703580675
195,pit,2.58,25800.0,1.0,0.7982558148313862,0,outside riverbed,0.25193798449612403,0.07684262368337129,0.20172414485623552,large (>2 ha),76.57165710626356,29.60763775043402
196,pit,1.29,12900.0,1.0,0.8683720944925796,0,outside riverbed,0.8992248062015504,2.374951173359575e-17,0.484646685104845,medium (0.5-2 ha),76.95555177422722,29.894440765413094
197,pit,0.75,7500.0,1.0,0.9340000017484029,0,outside riverbed,0.3466666666666667,0.0011186696899436696,0.4500217448684389,medium (0.5-2 ha),77.1738003997887,29.8905986235504
198,pit,0.41,4100.0,1.0,0.8280487809239364,0,outside riverbed,0.8048780487804879,1.198550870051494e-16,0.41888590060651826,small (0.1-0.5 ha),76.95399244166,29.893140671356097
199,pit,0.64,6400.0,1.0,0.7954687532037497,0,outside riverbed,1.0,5.551115381619724e-17,0.3940417049000498,medium (0.5-2 ha),77.06977735570023,29.89080086264875
200,pit,0.24,2400.0,1.0,0.9495833404362202,0,outside riverbed,0.7916666666666666,2.744718032181992e-16,1.0,small (0.1-0.5 ha),76.95381744420095,29.892266635084333
201,pit,0.09,900.0,1.0,0.817777779367235,0,outside riverbed,0.3333333333333333,-3.2543044655853633e-16,1.0,tiny (<0.1 ha),76.99062823350178,29.628944617321306
202,pit,0.69,6900.0,1.0,0.8104347828505696,0,outside riverbed,0.855072463768116,0.0005586775849856725,0.20281761441998064,medium (0.5-2 ha),76.57806788753796,29.607416161447095
203,pit,0.07,700.0,1.0,0.870000000510897,0,outside riverbed,0.8571428571428571,-5.89097975493785e-17,1.0,tiny (<0.1 ha),76.99097875469023,29.629264444320402
204,pit,1.11,11100.0,1.0,0.932522525926968,1,outside riverbed,0.0,-3.4468827993612223e-16,0.4468632124415852,medium (0.5-2 ha),77.06960692158387,29.47847827279954
205,pit,0.47,4700.0,1.0,0.8827659633565457,0,outside riverbed,0.8936170212765957,0.11709364555142027,0.5957891148563902,small (0.1-0.5 ha),76.62826135641882,29.487217714106556
206,pit,0.31,3100.0,1.0,0.9032258122198044,0,outside riverbed,1.0,0.01982298313129333,0.475545666896056,small (0.1-0.5 ha),76.84354054767986,29.872365232339526
207,pit,0.55,5500.0,1.0,0.7461818180300973,0,outside riverbed,0.8545454545454545,0.08014842319217595,0.39625950615837596,medium (0.5-2 ha),76.57388251679036,29.59891497720938
208,pit,0.48,4800.0,1.0,0.958333340783914,0,outside riverbed,0.6875,0.004109977322514171,0.9596335836515362,small (0.1-0.5 ha),76.72184889123099,29.652562840860014
209,pit,0.26,2600.0,1.0,0.7634615416710193,0,outside riverbed,1.0,-1.8300379390439843e-18,0.8983243900646511,small (0.1-0.5 ha),76.60177498810772,29.508315520717755
210,pit,0.3,3000.0,1.0,0.9096666673819224,0,outside riverbed,1.0,-5.089403361926685e-16,1.0,small (0.1-0.5 ha),76.82324922544846,29.500266881540092
211,pit,0.15,1500.0,1.0,0.82199999888738,0,outside riverbed,0.0,-3.982704536992588e-17,1.0,small (0.1-0.5 ha),76.79585811799426,29.501845737585473
212,pit,0.05,500.0,1.0,0.6060000002384186,1,Yamuna riverbed,0.0,-1.5543121285961008e-16,1.0,tiny (<0.1 ha),77.12347765890294,29.660110336576953
213,pit,0.12,1200.0,1.0,0.7991666669646899,0,Yamuna riverbed,0.0,1.1234409737670599e-17,0.9784816498904669,small (0.1-0.5 ha),77.11802467799208,29.66016152428642
214,pit,0.45,4500.0,1.0,0.9266666736867692,0,outside riverbed,0.9333333333333333,0.09700176459219721,1.0,small (0.1-0.5 ha),76.97344796542248,29.854801186717303
215,pit,0.65,6500.0,1.0,0.9353846196944897,0,outside riverbed,1.0,0.03164137451408001,0.8789067603435187,medium (0.5-2 ha),76.81501059530204,29.856503119736352
216,pit,0.32,3200.0,1.0,0.8053125003352761,0,outside riverbed,0.3125,0.23107993276789784,1.0,small (0.1-0.5 ha),76.78316951534852,29.503944247455735
217,pit,0.06,600.0,1.0,0.9833333392937978,0,outside riverbed,0.6666666666666666,2.564086554945219e-16,1.0,tiny (<0.1 ha),76.92416358101171,29.591254236707847
218,pit,0.26,2600.0,1.0,0.9719230796282108,0,outside riverbed,0.9615384615384616,0.0019187162307878333,0.8983243900646511,small (0.1-0.5 ha),76.79304365421564,29.50537724173643
219,pit,0.14,1400.0,1.0,0.9157142894608634,0,outside riverbed,0.7857142857142857,0.05377389118075371,1.0,small (0.1-0.5 ha),77.0517432563918,29.501956226297217
220,pit,0.51,5100.0,1.0,0.7752941198208753,0,outside riverbed,1.0,-3.6644614799040295e-17,0.3863630041322001,medium (0.5-2 ha),77.03330192291943,29.844905073783117
221,pit,0.57,5700.0,1.0,0.9982456157082006,1,outside riverbed,0.9824561403508771,-7.883789486525194e-19,0.8597513385607778,medium (0.5-2 ha),76.69552817894639,29.669008279769503
222,likely village pond,0.56,5600.0,1.0,0.8885714284011296,0,outside riverbed,0.9464285714285714,0.2857142849160092,1.0,medium (0.5-2 ha),76.80366705015956,29.667845695707523
223,likely village pond,0.12,1200.0,1.0,0.9925000071525574,0,outside riverbed,1.0,0.3390022690097491,1.0,small (0.1-0.5 ha),76.78317088228184,29.50653552756997
224,pit,0.91,9100.0,1.0,0.9196703348840986,1,outside riverbed,0.0,-5.722499697763029e-18,0.46364567615728935,medium (0.5-2 ha),76.90393320910046,29.860422025640126
225,pit,0.08,800.0,1.0,0.6662499979138374,0,outside riverbed,0.0,2.1444486319486567e-16,1.0,tiny (<0.1 ha),76.91941127140342,29.591063659682607
226,pit,0.45,4500.0,1.0,0.919555558098687,0,outside riverbed,0.9333333333333333,0.0006046863117565343,1.0,small (0.1-0.5 ha),76.94689074924308,29.845630090704894
227,likely village pond,0.46,4600.0,1.0,0.8776086983473405,0,outside riverbed,0.7608695652173914,0.15005422513122144,1.0,small (0.1-0.5 ha),76.79284038342583,29.506380962033248
228,pit,0.16,1600.0,1.0,0.970625001937151,0,outside riverbed,0.0,-1.3216940808736655e-17,1.0,small (0.1-0.5 ha),76.5731872314674,29.509620393513913
229,pit,0.28,2800.0,1.0,0.9292857242482049,0,outside riverbed,0.03571428571428571,0.08649173884519509,0.7745507018763228,small (0.1-0.5 ha),76.66109049830946,29.51099791979114
230,pit,0.11,1100.0,1.0,0.8045454567128961,0,outside riverbed,1.0,0.0032982890790497713,1.0,small (0.1-0.5 ha),76.94770178977478,29.845287131948183
231,pit,0.7,7000.0,1.0,0.8511428611619132,0,outside riverbed,0.1,0.22685455083847045,0.3309356782834249,medium (0.5-2 ha),76.80754253661988,29.671130659290345
232,pit,0.86,8600.0,1.0,0.9397674459357594,0,outside riverbed,0.20930232558139536,5.939631629042217e-16,0.24095748338666798,medium (0.5-2 ha),77.05040198182269,29.67052738246327
233,pit,0.2,2000.0,1.0,0.7745000004768372,0,outside riverbed,0.85,0.05204081715783104,1.0,small (0.1-0.5 ha),77.11277744364517,29.842264927965285
234,pit,0.75,7500.0,1.0,0.7593333359559377,0,outside riverbed,0.5066666666666667,3.0234316363763846e-05,0.3991569247594631,medium (0.5-2 ha),77.05892603304328,29.842689666134625
235,pit,1.07,10700.0,1.0,0.8843925277763438,0,outside riverbed,0.9532710280373832,2.787662838985597e-16,0.3532892940098532,medium (0.5-2 ha),76.94256282926675,29.844100358099915
236,pit,1.19,11900.0,1.0,0.9222689128222585,0,outside riverbed,0.8487394957983193,0.08428133160713278,0.6387624091930949,medium (0.5-2 ha),76.71048956276438,29.593089640265223
237,pit,1.56,15600.0,1.0,0.9829487204551697,0,outside riverbed,0.9358974358974359,0.06091923963947174,0.6923021078130666,medium (0.5-2 ha),76.54618768263896,29.519606968187514
238,pit,0.16,1600.0,1.0,0.8162500020116568,0,Yamuna riverbed,0.9375,-1.5926414249418195e-16,0.7430386015080369,small (0.1-0.5 ha),77.12209370777225,29.659013793033292
239,pit,0.11,1100.0,1.0,0.9381818229501898,0,outside riverbed,0.8181818181818182,1.3649495151734355e-16,1.0,small (0.1-0.5 ha),77.10660049693533,29.85174582059952
240,pit,0.15,1500.0,1.0,0.9460000038146973,0,outside riverbed,1.0,-8.8870709178485e-16,0.9756702971954304,small (0.1-0.5 ha),77.1181225977527,29.862693070823866
241,pit,0.06,600.0,1.0,0.9099999964237213,0,outside riverbed,1.0,0.037792894368370376,1.0,tiny (<0.1 ha),77.0371847830216,29.86323664521557
242,pit,0.35,3500.0,1.0,0.9151428622858865,0,outside riverbed,1.0,-4.176553506846345e-17,0.6644594547538861,small (0.1-0.5 ha),77.10269483838366,29.866755562023286
243,pit,1.31,13100.0,1.0,0.8775572576595627,0,outside riverbed,0.9007633587786259,0.10936282892562164,0.7194460795557974,medium (0.5-2 ha),76.87395934892406,29.869765046874523
244,pit,0.17,1700.0,1.0,0.9847058899262372,0,outside riverbed,0.7058823529411765,0.02480992428301012,0.9715577290957609,small (0.1-0.5 ha),76.86097464301947,29.65250913991466
245,pit,0.55,5500.0,1.0,0.8567272728139704,0,outside riverbed,0.9454545454545454,0.03739435207098722,0.43337569251908464,medium (0.5-2 ha),76.50651769544433,29.50126402195431
246,pit,0.7,7000.0,1.0,0.9531428588288171,0,Yamuna riverbed,0.9428571428571428,5.121375759824228e-16,0.38386631391288,medium (0.5-2 ha),77.11547557148864,29.49309137196314
247,pit,0.64,6400.0,1.0,0.8639062545262277,0,outside riverbed,0.0,0.009920634980517167,0.2658080826568564,medium (0.5-2 ha),77.03842163498672,29.650042117427123
248,likely village pond,0.32,3200.0,1.0,0.8546875044703484,0,outside riverbed,1.0,0.2923752861097455,1.0,small (0.1-0.5 ha),76.74599502821404,29.65708739564595
249,pit,0.12,1200.0,1.0,0.8083333273728689,0,outside riverbed,1.0,3.172065540428076e-17,1.0,small (0.1-0.5 ha),76.73426546211267,29.500302341043184
250,pit,0.33,3300.0,1.0,0.7875757596709512,0,outside riverbed,1.0,0.0003435717768621091,0.8202139488028483,small (0.1-0.5 ha),77.09919676808687,29.863020653370572
251,pit,0.06,600.0,1.0,0.875,0,outside riverbed,0.8333333333333334,-1.0573553536208482e-17,1.0,tiny (<0.1 ha),76.90300669135252,29.860818917988894
252,pit,0.58,5800.0,1.0,0.9593103476639452,0,outside riverbed,1.0,0.0004300570862110311,0.5464581776847736,medium (0.5-2 ha),76.84698768932755,29.659871774108474
253,pit,0.49,4900.0,1.0,0.9059183719206829,0,outside riverbed,1.0,0.07154426419613313,0.9609358470288317,small (0.1-0.5 ha),76.9836538067427,29.86438207415708
254,pit,0.1,1000.0,1.0,0.8680000066757202,0,Yamuna riverbed,0.9,-6.034855136376902e-16,1.0,small (0.1-0.5 ha),77.1000167883604,29.56739508408637
255,pit,0.08,800.0,1.0,0.8037500083446503,1,Yamuna riverbed,1.0,-2.973811475170594e-17,1.0,tiny (<0.1 ha),77.12132782576653,29.656973574142857
256,pit,0.22,2200.0,1.0,0.7818181880495765,0,outside riverbed,1.0,0.13842506672848354,0.7281471965520475,small (0.1-0.5 ha),76.95111998655257,29.86260840113896
257,pit,0.14,1400.0,1.0,0.9292857157332557,1,Yamuna riverbed,1.0,-2.88506932162102e-16,1.0,small (0.1-0.5 ha),77.12197554550526,29.656811764600796
258,pit,0.25,2500.0,1.0,0.9400000071525574,0,outside riverbed,0.96,0.13950113266706465,0.6961981522036915,small (0.1-0.5 ha),76.95238077883045,29.86228168939516
259,pit,0.11,1100.0,1.0,0.8927272774956443,0,Yamuna riverbed,1.0,7.211643614371546e-16,1.0,small (0.1-0.5 ha),77.12873493760073,29.658169114825128
260,pit,0.06,600.0,1.0,0.8249999980131785,0,outside riverbed,0.0,3.066330318360648e-16,1.0,tiny (<0.1 ha),76.92347583839756,29.591279244492615
261,pit,0.03,300.0,1.0,0.9300000071525574,0,Yamuna riverbed,1.0,8.044711342531778e-16,1.0,tiny (<0.1 ha),77.12208286343258,29.658292214980733
262,pit,0.31,3100.0,0.99,0.8948387061395953,0,outside riverbed,0.0,0.20174091309309006,0.5917860776113248,small (0.1-0.5 ha),76.67098242091005,29.618174511035047
263,likely village pond,0.19,1900.0,0.99,0.7515789521367926,0,outside riverbed,0.7368421052631579,0.19202768861463196,1.0,small (0.1-0.5 ha),76.95882076418712,29.68102099937183
264,likely village pond,0.67,6700.0,0.99,0.6765671621507673,0,outside riverbed,0.8507462686567164,0.15270585731478103,0.38104501838773497,medium (0.5-2 ha),76.72521964364888,29.736628656197432
265,likely village pond,0.1,1000.0,0.99,0.7300000071525574,0,outside riverbed,1.0,0.1891156479716301,1.0,small (0.1-0.5 ha),76.95687768605752,29.687360610560876
266,pit,0.19,1900.0,0.99,0.9378947458769146,1,outside riverbed,1.0,1.103405848519882e-15,0.8030746342447851,small (0.1-0.5 ha),77.07675167827956,29.591406617727365
267,pit,0.04,400.0,0.99,0.9100000113248825,0,outside riverbed,0.25,0.0045351473381742904,1.0,tiny (<0.1 ha),76.7225327761145,29.652787048951556
268,pit,0.55,5500.0,0.99,0.7025454586202448,0,outside riverbed,0.6909090909090909,0.0391671821729025,0.38163115879949044,medium (0.5-2 ha),76.90194357004115,29.620024411774917
269,pit,0.12,1200.0,0.99,0.9058333386977514,0,Yamuna riverbed,0.75,-9.531617242106612e-16,1.0,small (0.1-0.5 ha),77.09988488746183,29.56833546568195
270,pit,0.74,7400.0,0.99,0.9066216281136951,0,outside riverbed,1.0,1.5174476887222005e-16,0.7560379669483501,medium (0.5-2 ha),77.02207405200737,29.614325574253854
271,pit,0.31,3100.0,0.99,0.7732258064131583,0,outside riverbed,0.9354838709677419,2.0209130679958305e-17,0.8122755109675942,small (0.1-0.5 ha),76.9338595083779,29.678175712807146
272,pit,0.15,1500.0,0.99,0.7186666607856751,0,outside riverbed,0.9333333333333333,0.1215419498582681,1.0,small (0.1-0.5 ha),76.93996188633679,29.71563895808658
273,pit,0.03,300.0,0.99,0.9433333277702332,0,outside riverbed,0.6666666666666666,0.06727135181427002,1.0,tiny (<0.1 ha),77.02846880880952,29.65004444832615
274,likely village pond,0.46,4600.0,0.99,0.767173914157826,0,outside riverbed,0.9130434782608695,0.1842157147095903,0.9641786209295969,small (0.1-0.5 ha),76.95887408544257,29.681703905961196
275,pit,0.04,400.0,0.99,0.7750000059604645,0,outside riverbed,0.0,0.004535147454589605,1.0,tiny (<0.1 ha),77.00683776926698,29.61269826762634
276,pit,0.65,6500.0,0.99,0.8601538511422965,0,outside riverbed,0.6307692307692307,0.12353043736746679,0.7513988066494822,medium (0.5-2 ha),76.5771351764395,29.60458835571416
277,pit,0.36,3600.0,0.99,0.742500000529819,0,outside riverbed,0.8055555555555556,0.07514487284546097,0.527745297581971,small (0.1-0.5 ha),76.97328325321597,29.698535396187193
278,pit,1.12,11200.0,0.99,0.7046428564935923,0,outside riverbed,0.5714285714285714,0.0021865888868758936,0.22745077362507032,medium (0.5-2 ha),76.94347403123382,29.72441589898802
279,pit,0.08,800.0,0.99,0.8687500134110451,1,outside riverbed,0.0,-3.429796007931854e-16,1.0,tiny (<0.1 ha),76.96212586198155,29.57785265879617
280,likely village pond,0.42,4200.0,0.99,0.8904761941660018,0,outside riverbed,0.7619047619047619,0.34299751477582113,1.0,small (0.1-0.5 ha),76.57159170199853,29.604869800776115
281,pit,0.03,300.0,0.99,0.9333333373069763,1,outside riverbed,0.0,-1.7428739093396037e-15,1.0,tiny (<0.1 ha),76.87061782671552,29.68611081038107
282,pit,0.24,2400.0,0.99,0.7729166721304258,0,outside riverbed,0.041666666666666664,0.452569916844368,1.0,small (0.1-0.5 ha),76.62929805511305,29.633558389919603
283,pit,1.35,13500.0,0.99,0.7679259264910663,0,outside riverbed,0.9777777777777777,0.06332409514148754,0.4860761899213337,medium (0.5-2 ha),76.82989742141018,29.603000869535034
284,pit,0.08,800.0,0.99,0.6800000034272671,0,Yamuna riverbed,0.0,3.218325125391274e-16,1.0,tiny (<0.1 ha),77.10105449227314,29.57414746814244
285,pit,0.04,400.0,0.99,0.75,0,outside riverbed,0.75,3.3174522000683626e-16,1.0,tiny (<0.1 ha),76.92529925452914,29.591260321388294
286,pit,0.03,300.0,0.99,0.7066666583220164,0,Yamuna riverbed,0.0,-1.1807132829608568e-16,1.0,tiny (<0.1 ha),77.11682058335235,29.660210838671286
287,pit,0.25,2500.0,0.99,0.8504000067710876,0,outside riverbed,0.76,0.003718820875510666,1.0,small (0.1-0.5 ha),76.98582661754752,29.625841556976834
288,pit,0.26,2600.0,0.99,0.8996153886501606,0,outside riverbed,0.6153846153846154,0.08049886573392612,1.0,small (0.1-0.5 ha),76.66682845531999,29.5860285585617
289,pit,0.27,2700.0,0.99,0.8896296311307836,0,outside riverbed,0.0,2.2204460823375376e-16,0.8812866100771637,small (0.1-0.5 ha),76.90119313579238,29.590277032664645
290,pit,0.31,3100.0,0.99,0.913548388788777,0,outside riverbed,0.0967741935483871,0.10204081669930488,0.9282985898906704,small (0.1-0.5 ha),76.74091529387897,29.657185690001647
291,pit,0.65,6500.0,0.99,0.8115384679574232,0,outside riverbed,0.8461538461538461,-1.2159586513747917e-17,0.35442996371846575,medium (0.5-2 ha),76.94029286077026,29.63592700986331
292,pit,0.07,700.0,0.99,0.9228571483067104,0,outside riverbed,1.0,0.00550696466650282,1.0,tiny (<0.1 ha),76.71643259285604,29.788902799769318
293,pit,1.17,11700.0,0.99,0.8162393164940369,0,outside riverbed,0.008547008547008548,0.0701591174942083,0.4722185591996472,medium (0.5-2 ha),76.69474782282998,29.567875500368736
294,pit,0.17,1700.0,0.99,0.8576470613479614,0,outside riverbed,0.17647058823529413,-1.3698970199635386e-16,1.0,small (0.1-0.5 ha),77.07839476160622,29.819633397004598
295,pit,0.16,1600.0,0.99,0.908125001937151,0,outside riverbed,0.0625,0.2003968246281147,1.0,small (0.1-0.5 ha),76.71811067351342,29.500455671296567
296,pit,0.1,1000.0,0.99,0.9210000097751617,0,outside riverbed,1.0,3.420544351776834e-16,1.0,small (0.1-0.5 ha),77.10147223091518,29.863524644926375
297,pit,0.09,900.0,0.99,0.7333333260483212,0,outside riverbed,0.8888888888888888,2.0559688092112123e-18,1.0,tiny (<0.1 ha),76.8193736947057,29.864529670198856
298,pit,0.21,2100.0,0.99,0.7419047611100333,0,outside riverbed,1.0,1.2713438569586124e-17,1.0,small (0.1-0.5 ha),76.87100011645163,29.86347843993734
299,pit,0.61,6100.0,0.99,0.8909836074367898,0,outside riverbed,0.4262295081967213,0.07408646549113461,0.6948933695678946,medium (0.5-2 ha),76.48972541362134,29.50365972840982
300,pit,0.11,1100.0,0.99,0.7190909114750949,0,outside riverbed,1.0,0.02432488150555979,1.0,small (0.1-0.5 ha),77.09238959486316,29.85922207773298
301,pit,0.04,400.0,0.99,0.9000000059604645,0,outside riverbed,0.75,0.046485260128974915,1.0,tiny (<0.1 ha),76.9732251204316,29.49967758930425
302,pit,0.04,400.0,0.99,0.6650000065565109,0,outside riverbed,0.0,3.965083648828038e-18,1.0,tiny (<0.1 ha),76.92699566247704,29.857260424260048
303,pit,0.49,4900.0,0.99,0.8753061276309344,0,outside riverbed,0.5714285714285714,0.22361053207090922,0.9740956737488669,small (0.1-0.5 ha),76.88016694840059,29.502969699465122
304,pit,1.18,11800.0,0.99,0.8566949193255377,0,outside riverbed,0.9067796610169492,0.12513932178854562,0.5116466324815844,medium (0.5-2 ha),77.05058735650921,29.50757891206084
305,likely village pond,0.1,1000.0,0.99,0.9570000112056732,0,outside riverbed,0.8,0.15034013539552687,1.0,small (0.1-0.5 ha),76.54623376238975,29.51493905013417
306,pit,0.14,1400.0,0.99,0.846428571002824,0,outside riverbed,0.21428571428571427,0.03709102688091142,1.0,small (0.1-0.5 ha),76.54737829957917,29.515093312869123
307,likely village pond,0.64,6400.0,0.99,0.6842187494039536,0,outside riverbed,0.859375,0.20046768693282502,0.4939910360685175,medium (0.5-2 ha),76.84527029445518,29.52036714483947
308,pit,0.66,6600.0,0.99,0.8069696977283015,0,outside riverbed,0.2727272727272727,0.1566343724332524,0.6336838296432192,medium (0.5-2 ha),76.7048273367137,29.844532056600123
309,pit,0.13,1300.0,0.99,0.9430769315132728,0,outside riverbed,0.9230769230769231,0.13117041610754454,1.0,small (0.1-0.5 ha),76.60060571974434,29.52401998766427
310,pit,0.32,3200.0,0.99,0.8306250032037497,0,outside riverbed,0.9375,0.01608560113527345,0.9582437056935953,small (0.1-0.5 ha),77.05033878181828,29.739475596378377
311,pit,0.24,2400.0,0.99,0.932916671037674,0,outside riverbed,1.0,0.004535147454588832,1.0,small (0.1-0.5 ha),77.14077673134094,29.835922723969
312,pit,0.42,4200.0,0.99,0.7266666683412734,0,outside riverbed,0.9523809523809523,0.011337868370381868,0.5012293708449246,small (0.1-0.5 ha),76.74061583459117,29.839676762941398
313,pit,1.79,17900.0,0.99,0.8007821240904611,0,outside riverbed,0.3687150837988827,5.793302589729464e-17,0.7577125821077182,medium (0.5-2 ha),76.89695755722515,29.83554366691439
314,pit,0.1,1000.0,0.99,0.696000000834465,0,outside riverbed,0.5,-5.318496966215506e-16,1.0,small (0.1-0.5 ha),76.83629002936019,29.524458200747983
315,pit,0.22,2200.0,0.99,0.9204545590010557,0,outside riverbed,0.7272727272727273,0.12574726885015314,1.0,small (0.1-0.5 ha),76.56922015757607,29.52795886275448
316,pit,0.16,1600.0,0.99,0.8299999982118607,0,outside riverbed,1.0,9.582282098741784e-16,1.0,small (0.1-0.5 ha),76.9741832662773,29.8320680264343
317,pit,0.29,2900.0,0.99,0.7437931021739697,0,outside riverbed,1.0,2.1794280047194623e-16,0.8343269650927273,small (0.1-0.5 ha),76.88106015036001,29.833316199874126
318,pit,0.38,3800.0,0.99,0.8097368470932308,0,outside riverbed,1.0,0.0005967299159814152,0.7352153993791442,small (0.1-0.5 ha),76.97381409158673,29.83152153416208
319,pit,0.26,2600.0,0.99,0.8534615360773526,0,outside riverbed,1.0,0.0005232862268502992,0.9561611214257788,small (0.1-0.5 ha),76.89327216012501,29.828653240618344
320,pit,0.33,3300.0,0.99,0.8912121256192526,0,outside riverbed,1.0,0.07895279472524469,1.0,small (0.1-0.5 ha),77.11671520557196,29.869004030352993
321,pit,0.04,400.0,0.99,0.947500005364418,0,outside riverbed,1.0,0.11054421961307526,1.0,tiny (<0.1 ha),76.9903152836662,29.492836444780174
322,pit,0.36,3600.0,0.99,0.9402777883741591,0,outside riverbed,1.0,0.0051650290261022564,0.8152604943534598,small (0.1-0.5 ha),77.12417692233109,29.869768961613016
323,pit,0.34,3400.0,0.99,0.7644117641098359,0,outside riverbed,1.0,0.12211551320026903,0.7746352316494564,small (0.1-0.5 ha),77.05160441657742,29.890030137294623
324,pit,0.03,300.0,0.99,0.8233333230018616,0,outside riverbed,0.6666666666666666,-3.172065926445695e-17,1.0,tiny (<0.1 ha),77.05461837709932,29.460566033287073
325,pit,0.59,5900.0,0.99,0.7337288139230114,0,outside riverbed,0.8813559322033898,0.003420577317444702,0.36051372497137474,medium (0.5-2 ha),76.77794612052068,29.902820185461493
326,likely village pond,0.43,4300.0,0.99,0.8906976802404537,0,outside riverbed,0.7906976744186046,0.20592733143373979,1.0,small (0.1-0.5 ha),76.55211360120019,29.47219107595214
327,pit,0.32,3200.0,0.99,0.6293749958276749,0,outside riverbed,0.0,0.0,0.6802325837841979,small (0.1-0.5 ha),76.53051185083761,29.476649317777543
328,pit,0.24,2400.0,0.99,0.9166666741172472,0,outside riverbed,1.0,0.016156462836079456,0.811501426222066,small (0.1-0.5 ha),77.00268295025043,29.898033246129437
329,pit,0.16,1600.0,0.99,0.8193750027567148,0,outside riverbed,1.0,0.019274376711109684,1.0,small (0.1-0.5 ha),77.0017179996891,29.897999028189037
330,pit,0.65,6500.0,0.99,0.7560000011554131,0,Yamuna riverbed,1.0,-6.344130643935111e-18,0.3906252268193416,medium (0.5-2 ha),77.18469746285598,29.89412696550312
331,pit,0.16,1600.0,0.99,0.8024999983608723,1,outside riverbed,0.0,-2.6169543148714433e-16,1.0,small (0.1-0.5 ha),77.07334557090121,29.475677301694926
332,pit,0.28,2800.0,0.99,0.7628571486898831,0,outside riverbed,1.0,-1.1121110620099355e-16,0.9073422211864899,small (0.1-0.5 ha),77.18139803156215,29.892048014988692
333,pit,1.64,16400.0,0.99,0.8309756144881248,0,outside riverbed,1.0,2.447712951469481e-16,0.3731166137645638,medium (0.5-2 ha),77.18102609987082,29.890606884767404
334,pit,0.06,600.0,0.99,0.9133333365122477,0,outside riverbed,0.5,6.520357360867206e-17,1.0,tiny (<0.1 ha),76.76749455162691,29.481938935636418
335,pit,0.97,9700.0,0.99,0.7462886578028964,0,outside riverbed,1.0,1.1230311772351228e-16,0.3542042660488594,medium (0.5-2 ha),76.89906487845509,29.891619454909932
336,pit,0.06,600.0,0.99,0.7433333198229471,0,outside riverbed,0.3333333333333333,0.034013605676591396,1.0,tiny (<0.1 ha),77.05827403357279,29.871194441612104
337,likely village pond,0.38,3800.0,0.99,0.8781578948623255,0,outside riverbed,0.7631578947368421,0.19900942868308016,0.8360187432326773,small (0.1-0.5 ha),76.57589570848639,29.488949677774492
338,pit,0.14,1400.0,0.99,0.8742857234818595,0,outside riverbed,1.0,7.55253807766701e-18,1.0,small (0.1-0.5 ha),76.82791634520217,29.891469656777282
339,likely village pond,0.15,1500.0,0.99,0.8193333427111308,0,outside riverbed,1.0,0.16507936517397562,1.0,small (0.1-0.5 ha),76.9757675433096,29.8876489011501
340,pit,0.07,700.0,0.99,0.6599999921662467,0,outside riverbed,0.8571428571428571,8.949756927203692e-17,1.0,tiny (<0.1 ha),76.58199180626534,29.49007750482499
341,pit,0.67,6700.0,0.99,0.7447761186023256,0,outside riverbed,0.0,0.00900260600914706,0.3179913104893598,medium (0.5-2 ha),76.74599705008536,29.887144863084647
342,pit,0.23,2300.0,0.99,0.8082608710164609,0,outside riverbed,0.7391304347826086,0.10657596418067165,0.8490961033183105,small (0.1-0.5 ha),76.98072588489657,29.883963629609827
343,likely village pond,0.13,1300.0,0.99,0.953076931146475,0,outside riverbed,1.0,0.22518750910575575,1.0,small (0.1-0.5 ha),76.94516770569786,29.877618148386954
344,pit,0.1,1000.0,0.99,0.903000009059906,0,outside riverbed,1.0,0.04104308430105448,1.0,small (0.1-0.5 ha),76.93775985829964,29.489056270194418
345,pit,0.16,1600.0,0.99,0.823124997317791,0,outside riverbed,1.0,-6.608483432462975e-19,1.0,small (0.1-0.5 ha),76.95905378691599,29.875667247640294
346,pit,0.03,300.0,0.99,0.8800000150998434,0,outside riverbed,1.0,-4.625929092806288e-16,1.0,tiny (<0.1 ha),76.9426035118635,29.875293978353525
347,pit,0.71,7100.0,0.99,0.7163380275309925,0,outside riverbed,0.9154929577464789,0.04637347933390295,0.4197029146470881,medium (0.5-2 ha),76.95824024216988,29.489784335742325
348,pit,0.06,600.0,0.99,0.871666669845581,0,outside riverbed,1.0,-6.687771928452378e-16,1.0,tiny (<0.1 ha),76.87416210011979,29.825743698115545
349,pit,0.19,1900.0,0.99,0.863157896619094,1,outside riverbed,0.05263157894736842,4.773402460661146e-16,1.0,small (0.1-0.5 ha),76.66747873645333,29.52338958893829
350,pit,0.5,5000.0,0.99,0.8830000042915345,1,outside riverbed,0.86,0.002358276699669737,0.5732587073405916,medium (0.5-2 ha),76.74298235122527,29.620712882791594
351,pit,0.26,2600.0,0.99,0.8819230840756342,0,outside riverbed,1.0,-6.303463887125033e-17,1.0,small (0.1-0.5 ha),76.77521855210784,29.55421576669805
352,pit,0.25,2500.0,0.99,0.7852000057697296,0,outside riverbed,0.96,0.09142857134342193,0.9844515505586453,small (0.1-0.5 ha),76.84809168047099,29.76762185058785
353,pit,0.11,1100.0,0.99,0.6545454588803378,0,outside riverbed,1.0,0.04947433586825024,1.0,small (0.1-0.5 ha),76.8471813836976,29.767547297775437
354,pit,0.14,1400.0,0.99,0.8707142876727241,0,outside riverbed,1.0,-2.8888457130825845e-16,1.0,small (0.1-0.5 ha),77.07573474682883,29.790469799375387
355,pit,0.58,5800.0,0.99,0.7418965532861906,0,Yamuna riverbed,1.0,2.3535269704398557e-16,0.46580640247955624,medium (0.5-2 ha),77.10307890998557,29.552482285798916
356,pit,0.31,3100.0,0.99,0.8090322613716125,0,outside riverbed,1.0,0.06232170254412679,0.8979633421237251,small (0.1-0.5 ha),76.8074495981732,29.763240282786906
357,pit,0.25,2500.0,0.99,0.8660000002384186,0,outside riverbed,1.0,0.012789115849882364,0.9440053688388867,small (0.1-0.5 ha),76.80797498123916,29.7623514434302
358,pit,0.17,1700.0,0.99,0.8111764700973735,0,outside riverbed,0.6470588235294118,0.00040016006952246075,1.0,small (0.1-0.5 ha),77.08533843315111,29.766226058741964
359,pit,0.56,5600.0,0.99,0.731964286416769,0,outside riverbed,0.7857142857142857,0.13508260446334525,0.48371313311173536,medium (0.5-2 ha),76.71465669949116,29.794057587064216
360,pit,0.34,3400.0,0.99,0.8152941211181528,0,outside riverbed,1.0,-9.244084127878709e-17,1.0,small (0.1-0.5 ha),76.73243338766413,29.542135148509388
361,pit,0.17,1700.0,0.99,0.8511764757773456,0,Yamuna riverbed,1.0,1.6900579926338867e-15,1.0,small (0.1-0.5 ha),77.11407167305477,29.800307232578554
362,pit,0.36,3600.0,0.99,0.9177777783738242,0,outside riverbed,0.9722222222222222,-1.079383484674727e-17,1.0,small (0.1-0.5 ha),76.86517494417471,29.773287597918568
363,pit,0.23,2300.0,0.99,0.786521737990172,0,outside riverbed,0.8260869565217391,4.925896258938542e-16,0.642650505935547,small (0.1-0.5 ha),76.78839885470711,29.805417850538326
364,pit,0.9,9000.0,0.99,0.6771111090977987,0,outside riverbed,0.5888888888888889,0.08115394371561706,0.28150262529333997,medium (0.5-2 ha),76.5431737016144,29.55362849725066
365,pit,0.29,2900.0,0.99,0.8472413811190375,0,outside riverbed,1.0,-3.512971720552317e-16,0.8684083582848204,small (0.1-0.5 ha),76.8198510383213,29.759781313513418
366,pit,0.12,1200.0,0.99,0.7891666640837988,0,outside riverbed,1.0,-5.286776213203913e-16,1.0,small (0.1-0.5 ha),77.0499948486126,29.80501992734876
367,pit,0.1,1000.0,0.99,0.83299999833107,1,outside riverbed,0.0,3.59500808857355e-17,1.0,small (0.1-0.5 ha),77.01741843706552,29.558354400942758
368,pit,0.11,1100.0,0.99,0.8363636434078217,0,outside riverbed,1.0,-7.593733511306188e-17,1.0,small (0.1-0.5 ha),77.04935519496341,29.805511704465758
369,pit,0.07,700.0,0.99,0.9057143075125558,0,outside riverbed,1.0,-4.2294211722376423e-17,1.0,tiny (<0.1 ha),77.05013210401601,29.805530114512138
370,pit,0.88,8800.0,0.99,0.8572727299549363,0,outside riverbed,0.4090909090909091,0.12280973042255607,0.6780429001560818,medium (0.5-2 ha),76.51551257336129,29.53845278333087
371,pit,0.08,800.0,0.99,0.7137500010430813,0,outside riverbed,0.5,0.01360544259659946,1.0,tiny (<0.1 ha),76.85668966519242,29.528604953802088
372,likely village pond,0.08,800.0,0.99,0.7400000020861626,0,outside riverbed,1.0,0.18225623667240143,1.0,tiny (<0.1 ha),76.92907996327502,29.560043788320908
373,pit,0.1,1000.0,0.99,0.8230000019073487,0,outside riverbed,0.0,-1.400995741442517e-17,1.0,small (0.1-0.5 ha),76.85786727048927,29.746927952964715
374,pit,0.06,600.0,0.99,0.8533333490292231,0,outside riverbed,1.0,-3.885780696478796e-16,1.0,tiny (<0.1 ha),77.00106220407142,29.74471300744263
375,pit,0.22,2200.0,0.99,0.8790909133174203,0,outside riverbed,0.6818181818181818,0.07153164375234734,1.0,small (0.1-0.5 ha),76.73842697580396,29.55608460322059
376,pit,0.26,2600.0,0.98,0.8400000012837924,0,Yamuna riverbed,0.8461538461538461,8.572710955718698e-16,0.8425320625303118,small (0.1-0.5 ha),77.14041062395128,29.711829886791953
377,pit,0.58,5800.0,0.98,0.8075862095273775,0,outside riverbed,0.034482758620689655,0.18003753225865035,0.6472744249996292,medium (0.5-2 ha),76.74124326237454,29.65152437896833
378,pit,0.06,600.0,0.98,0.7183333337306976,1,Yamuna riverbed,0.0,-2.6830389320611623e-16,1.0,tiny (<0.1 ha),77.13289093191062,29.711121960423252
379,pit,0.44,4400.0,0.98,0.7349999980493025,0,outside riverbed,0.18181818181818182,0.09972170701737264,0.6100129656537616,small (0.1-0.5 ha),76.7033773492143,29.873096929305124
380,pit,1.02,10200.0,0.98,0.7442156859472686,0,outside riverbed,0.6568627450980392,0.0009337068402993626,0.8810489210249463,medium (0.5-2 ha),76.62395453341847,29.653946116730847
381,likely village pond,0.15,1500.0,0.98,0.6806666711966197,0,outside riverbed,1.0,0.2022675742705663,0.929223291202501,small (0.1-0.5 ha),77.03152396842779,29.867206345336296
382,pit,0.18,1800.0,0.98,0.6850000040398704,0,outside riverbed,0.9444444444444444,0.060720584355294704,1.0,small (0.1-0.5 ha),76.98052140562034,29.575939141684255
383,pit,0.66,6600.0,0.98,0.8922727333776879,0,outside riverbed,0.015151515151515152,0.14206692745739763,0.9494065464848278,medium (0.5-2 ha),76.76109684637993,29.48523793246075
384,pit,0.16,1600.0,0.98,0.5675000045448542,0,outside riverbed,1.0,0.017857143335277215,1.0,small (0.1-0.5 ha),76.84657513590155,29.767779278273334
385,pit,0.22,2200.0,0.98,0.6363636377182874,0,outside riverbed,0.0,0.1015254594385624,0.6862645863604819,small (0.1-0.5 ha),76.8349895062895,29.489283636006224
386,pit,1.38,13800.0,0.98,0.7100000007860903,0,outside riverbed,0.7028985507246377,0.044727069681739784,0.34492762709478003,medium (0.5-2 ha),76.6942517392536,29.765501150459805
387,pit,0.11,1100.0,0.98,0.8318181904879484,1,outside riverbed,1.0,8.725583861862398e-16,1.0,small (0.1-0.5 ha),77.07718921099344,29.591764538892768
388,pit,0.55,5500.0,0.98,0.7385454540902918,0,outside riverbed,1.0,0.013316841952672161,0.3038606158507512,medium (0.5-2 ha),77.07090345165463,29.758160099354175
389,pit,1.98,19800.0,0.98,0.7212626250705334,0,outside riverbed,0.31313131313131315,0.0038480039267339778,0.22428729941138129,medium (0.5-2 ha),76.88017682452063,29.7288461042619
390,pit,0.17,1700.0,0.98,0.8623529462253346,0,outside riverbed,0.0,0.03348005894461975,1.0,small (0.1-0.5 ha),76.62226912614652,29.58030679311864
391,pit,0.28,2800.0,0.98,0.8189285695552826,0,outside riverbed,0.0,0.16472303188805068,0.5885984846992058,small (0.1-0.5 ha),76.7970369952539,29.75925546188494
392,pit,0.44,4400.0,0.98,0.8272727267308668,0,outside riverbed,0.4318181818181818,0.10807050125334751,1.0,small (0.1-0.5 ha),76.61233093378019,29.61292882731067
393,pit,0.11,1100.0,0.98,0.7336363629861311,0,outside riverbed,1.0,0.011337868869304657,0.9820715413787474,small (0.1-0.5 ha),76.91417990408354,29.75593157935734
394,pit,0.45,4500.0,0.98,0.7577777769830492,0,outside riverbed,0.1111111111111111,0.10718065011832449,0.707163171232008,small (0.1-0.5 ha),76.74915694619916,29.736127015376173
395,pit,0.3,3000.0,0.98,0.7583333323399226,0,outside riverbed,0.4,0.11489040069282055,0.8490984130657788,small (0.1-0.5 ha),76.67486370341692,29.626766235519547
396,pit,0.04,400.0,0.98,0.8100000023841858,0,outside riverbed,0.0,0.0,1.0,tiny (<0.1 ha),76.57395981639972,29.619781878667908
397,pit,0.1,1000.0,0.98,0.7960000067949295,0,outside riverbed,0.0,0.03514739274978638,1.0,small (0.1-0.5 ha),76.50743974536016,29.50147014048291
398,pit,0.2,2000.0,0.98,0.7179999977350235,0,outside riverbed,0.0,0.15782312974333762,0.8453417202576686,small (0.1-0.5 ha),76.82971161711592,29.822189577289187
399,pit,0.04,400.0,0.98,0.9125000089406967,0,outside riverbed,0.0,-1.605858265661702e-16,1.0,tiny (<0.1 ha),76.56825983295172,29.50157434904011
400,pit,0.12,1200.0,0.98,0.9383333424727122,0,Yamuna riverbed,1.0,0.06179138210912546,1.0,small (0.1-0.5 ha),77.08493565713434,29.533068983567034
401,likely village pond,0.64,6400.0,0.98,0.8317187512293458,0,outside riverbed,0.984375,0.15423044242197648,0.9911715106160013,medium (0.5-2 ha),76.74010754589276,29.838393966188413
402,pit,0.25,2500.0,0.98,0.7972000002861023,0,outside riverbed,0.0,0.08988662108778954,0.5314317060814047,small (0.1-0.5 ha),76.97851858265743,29.904822893035654
403,pit,0.34,3400.0,0.98,0.7532352936618468,0,outside riverbed,1.0,-6.0346996933747135e-16,0.6705315392105667,small (0.1-0.5 ha),76.85885893410088,29.840971693480494
404,pit,0.24,2400.0,0.98,0.9083333338300387,0,outside riverbed,0.20833333333333334,0.1435185189669331,0.8894361041233418,small (0.1-0.5 ha),76.56985570569132,29.54397728145668
405,pit,0.04,400.0,0.98,0.9100000113248825,0,Yamuna riverbed,0.75,-6.8992429681572745e-16,1.0,tiny (<0.1 ha),77.1373278172207,29.704690027583965
406,pit,0.64,6400.0,0.98,0.8042187476530671,0,outside riverbed,0.0,0.15649801600375213,0.7903550346032083,medium (0.5-2 ha),76.93487230945682,29.677588700469297
407,likely village pond,0.24,2400.0,0.98,0.7766666697959105,0,outside riverbed,0.625,0.22647392439345518,0.9271779594977481,small (0.1-0.5 ha),76.71103063821965,29.592113125301026
408,pit,0.22,2200.0,0.98,0.783636370843107,0,outside riverbed,0.13636363636363635,-6.250411447268872e-16,1.0,small (0.1-0.5 ha),77.04905294899451,29.84347404642751
409,pit,0.03,300.0,0.98,0.776666671037674,0,outside riverbed,0.0,-2.616954259726069e-16,1.0,tiny (<0.1 ha),76.78775829675249,29.59137239998537
410,pit,0.08,800.0,0.98,0.9287500083446503,0,Yamuna riverbed,1.0,-9.595498790569156e-16,1.0,tiny (<0.1 ha),77.13689521226826,29.705001496991123
411,pit,1.02,10200.0,0.98,0.7219607856343774,0,outside riverbed,0.5196078431372549,-1.3032940497185785e-16,0.47144648920381493,medium (0.5-2 ha),76.94600535109079,29.845060300937973
412,likely village pond,0.11,1100.0,0.98,0.8663636500185187,0,outside riverbed,1.0,0.45537002791057934,1.0,small (0.1-0.5 ha),76.72133222645625,29.507036811168092
413,pit,0.59,5900.0,0.98,0.7667796601683406,0,outside riverbed,1.0,0.005880318317657049,0.6373602524946224,medium (0.5-2 ha),76.60293397645574,29.508100906832045
414,pit,0.03,300.0,0.98,0.6966666777928671,0,outside riverbed,1.0,-1.365750586080614e-16,1.0,tiny (<0.1 ha),77.0343314633885,29.845041346675057
415,pit,0.07,700.0,0.98,0.7285714319774083,0,outside riverbed,0.0,-1.7748463442633273e-17,1.0,tiny (<0.1 ha),76.5662433993514,29.507473083858287
416,pit,0.3,3000.0,0.98,0.8020000000794728,0,outside riverbed,0.06666666666666667,0.15986394335826237,0.952022058233599,small (0.1-0.5 ha),76.81893713021333,29.800783517266606
417,pit,0.41,4100.0,0.98,0.7190243885284517,0,outside riverbed,0.0,0.10098998966376956,0.8593765969155103,small (0.1-0.5 ha),76.55948449613318,29.59026908195488
418,pit,0.16,1600.0,0.98,0.560624998062849,0,outside riverbed,0.75,-9.598802829626137e-17,1.0,small (0.1-0.5 ha),76.71381357956622,29.71463975579214
419,pit,0.55,5500.0,0.98,0.7132727292450991,0,outside riverbed,0.4909090909090909,0.05879200172017922,0.8879323335377983,medium (0.5-2 ha),76.84653828655887,29.524458922331988
420,pit,0.29,2900.0,0.98,0.7979310339894788,0,outside riverbed,1.0,1.4246950888021157e-16,0.9078331181707278,small (0.1-0.5 ha),77.13639882245336,29.82631480579683
421,pit,0.05,500.0,0.98,0.7799999952316284,0,outside riverbed,0.0,0.19863945841789246,1.0,tiny (<0.1 ha),76.71536058430353,29.500917523944896
422,pit,0.38,3800.0,0.98,0.7365789491879312,0,outside riverbed,0.05263157894736842,0.1133786853598921,0.9444887895305527,small (0.1-0.5 ha),76.81480623312572,29.5414570925347
423,pit,0.53,5300.0,0.98,0.8573584899587451,0,outside riverbed,1.0,2.454859703001957e-16,1.0,medium (0.5-2 ha),76.8762045090208,29.660408249444185
424,pit,0.32,3200.0,0.98,0.7159374980255961,0,outside riverbed,0.09375,0.007582199570606463,0.78090721451381,small (0.1-0.5 ha),76.70684528212506,29.866189693929304
425,pit,0.05,500.0,0.98,0.878000009059906,0,Yamuna riverbed,1.0,1.929673323333966e-16,1.0,tiny (<0.1 ha),77.13718674070238,29.70754319255385
426,pit,0.58,5800.0,0.98,0.7439655152888134,0,outside riverbed,0.7931034482758621,0.008992102631399858,0.4270212581499431,medium (0.5-2 ha),76.70535191643052,29.548704573020974
427,pit,0.07,700.0,0.98,0.8000000034059797,0,outside riverbed,1.0,-1.6577819903519243e-16,1.0,tiny (<0.1 ha),76.70509738293805,29.50170436004918
428,pit,0.28,2800.0,0.98,0.8642857159887042,0,outside riverbed,0.07142857142857142,0.1337058637291193,1.0,small (0.1-0.5 ha),76.6877324108045,29.666124827615427
429,pit,0.12,1200.0,0.98,0.8808333327372869,0,outside riverbed,0.0,0.16099773285289606,1.0,small (0.1-0.5 ha),76.83925486654272,29.68742975793916
430,pit,0.21,2100.0,0.97,0.7985714262440091,0,outside riverbed,0.0,0.0,1.0,small (0.1-0.5 ha),76.53259321394586,29.47575830814638
431,pit,0.53,5300.0,0.97,0.7192452814219132,0,outside riverbed,0.8867924528301887,0.13990501876709596,0.39347040347494766,medium (0.5-2 ha),76.55237901672842,29.477879265752343
432,pit,0.26,2600.0,0.97,0.764230768267925,0,outside riverbed,0.4230769230769231,0.022937380180407602,0.7917804601937769,small (0.1-0.5 ha),76.90144572740557,29.575021723409275
433,pit,0.13,1300.0,0.97,0.7892307662046872,0,outside riverbed,0.0,0.07517878911816157,1.0,small (0.1-0.5 ha),76.55990756449508,29.59067380516814
434,pit,0.15,1500.0,0.97,0.6940000017484029,0,outside riverbed,1.0,0.021012849872931824,1.0,small (0.1-0.5 ha),76.9202965321642,29.49669614471376
435,pit,0.43,4300.0,0.97,0.684418608975965,0,outside riverbed,0.0,0.007066392610499319,0.7682535545229803,small (0.1-0.5 ha),76.63379241840086,29.54089047784831
436,pit,0.11,1100.0,0.97,0.753636360168457,0,outside riverbed,0.7272727272727273,-1.581226740063035e-16,1.0,small (0.1-0.5 ha),76.79814391021128,29.55957539650234
437,pit,0.04,400.0,0.97,0.8375000059604645,0,outside riverbed,0.75,-2.035408856421304e-16,1.0,tiny (<0.1 ha),77.03465403581639,29.477007832435824
438,pit,0.95,9500.0,0.97,0.7143157899379731,0,outside riverbed,0.8,-1.1630906702698487e-17,0.3594803547192655,medium (0.5-2 ha),76.9301002768519,29.539120682151367
439,pit,0.13,1300.0,0.97,0.755384624004364,0,outside riverbed,1.0,2.4400504708592786e-17,1.0,small (0.1-0.5 ha),76.74217004310368,29.528021424579745
440,pit,0.08,800.0,0.97,0.7349999994039536,0,outside riverbed,1.0,-2.048625862577309e-17,1.0,tiny (<0.1 ha),76.61114226004405,29.553487673424144
441,pit,0.26,2600.0,0.97,0.697692307142111,0,outside riverbed,1.0,-1.626700305422282e-17,0.6176288014618876,small (0.1-0.5 ha),76.68096223542544,29.497200581761376
442,pit,0.04,400.0,0.97,0.7475000023841858,0,outside riverbed,0.0,5.313210236544998e-16,1.0,tiny (<0.1 ha),76.92829474364167,29.591352166506173
443,pit,0.39,3900.0,0.97,0.7582051242009188,0,outside riverbed,1.0,0.06267806230327831,0.80380051562001,small (0.1-0.5 ha),76.74185755844809,29.596468849090133
444,pit,0.55,5500.0,0.97,0.8374545433304527,0,outside riverbed,0.2545454545454545,0.13168418922207573,0.5291087346070005,medium (0.5-2 ha),76.53771516988782,29.584465013454714
445,pit,0.17,1700.0,0.97,0.7882352962213404,0,outside riverbed,0.0,0.11044417694211006,1.0,small (0.1-0.5 ha),76.76000427925771,29.487000077474843
446,pit,0.79,7900.0,0.97,0.7936708813981165,0,outside riverbed,0.5443037974683544,0.0683716522128899,0.7746319583191605,medium (0.5-2 ha),77.01018360698463,29.45415507046931
447,pit,0.04,400.0,0.97,0.7400000095367432,0,outside riverbed,1.0,6.806724338655545e-17,1.0,tiny (<0.1 ha),77.10549213782768,29.810687923060232
448,likely village pond,0.23,2300.0,0.97,0.6347826097322546,0,outside riverbed,1.0,0.1724341919888621,0.9415189774602578,small (0.1-0.5 ha),76.94118777173108,29.840840956372165
449,pit,0.92,9200.0,0.97,0.6697826093953588,0,outside riverbed,0.532608695652174,0.16797298690526868,0.367642406657406,medium (0.5-2 ha),76.70816082029673,29.870845381039103
450,pit,0.03,300.0,0.97,0.7400000095367432,0,outside riverbed,0.0,1.7560909408624809e-15,1.0,tiny (<0.1 ha),77.0480293414973,29.66556241026284
451,pit,0.11,1100.0,0.97,0.7718181826851584,0,outside riverbed,1.0,-4.34476889111494e-16,1.0,small (0.1-0.5 ha),76.81917636164786,29.759848012424758
452,pit,0.06,600.0,0.97,0.7316666692495346,0,outside riverbed,0.0,0.057445200781027474,1.0,tiny (<0.1 ha),77.05908459450384,29.6901415800252
453,pit,0.44,4400.0,0.97,0.7036363611167128,0,outside riverbed,1.0,-1.149873857353525e-16,0.9380597029209681,small (0.1-0.5 ha),77.14089991681878,29.89648639205496
454,pit,0.17,1700.0,0.97,0.7194117623216966,0,outside riverbed,0.9411764705882353,0.00040016006952220623,1.0,small (0.1-0.5 ha),76.84611520800411,29.75934829716762
455,likely village pond,0.93,9300.0,0.97,0.7644086021889922,0,outside riverbed,1.0,0.28427571731228984,0.5234948317664826,medium (0.5-2 ha),76.82155066079808,29.64370004619525
456,pit,0.2,2000.0,0.97,0.8040000036358833,0,outside riverbed,1.0,-7.441137523944684e-17,1.0,small (0.1-0.5 ha),76.94548803489388,29.858653722166345
457,pit,0.66,6600.0,0.97,0.8634848468231432,0,outside riverbed,0.8787878787878788,0.0024737167934124663,0.9068059900938494,medium (0.5-2 ha),76.87803816338122,29.846047751902184
458,pit,0.05,500.0,0.97,0.7120000004768372,0,outside riverbed,1.0,0.007709750952199101,1.0,tiny (<0.1 ha),76.8474702942688,29.768023916413252
459,pit,0.04,400.0,0.97,0.6575000062584877,0,outside riverbed,1.0,2.5442611201574667e-16,1.0,tiny (<0.1 ha),77.17543840544559,29.88289945660373
460,pit,0.28,2800.0,0.97,0.7835714274219104,0,outside riverbed,0.8928571428571429,0.10730482677796058,1.0,small (0.1-0.5 ha),76.92928061204977,29.88973914253165
461,pit,1.7,17000.0,0.97,0.6815294116735459,0,outside riverbed,0.08823529411764706,-4.050603750347986e-17,0.5598992343806654,medium (0.5-2 ha),76.94623179659662,29.722226446961162
462,pit,0.08,800.0,0.97,0.8862500116229057,0,outside riverbed,1.0,0.07001133821904659,1.0,tiny (<0.1 ha),76.94770994103341,29.845949321127968
463,pit,0.16,1600.0,0.96,0.749374995008111,0,outside riverbed,0.6875,-5.947623436309798e-17,1.0,small (0.1-0.5 ha),77.0674455809873,29.732893984893867
464,pit,0.04,400.0,0.96,0.6524999886751175,0,outside riverbed,0.5,-5.233908563568438e-16,1.0,tiny (<0.1 ha),76.9543294511739,29.866985855544286
465,pit,0.69,6900.0,0.96,0.6913043472214021,0,outside riverbed,0.37681159420289856,0.12652403873431942,0.8521015216815837,medium (0.5-2 ha),76.92531136173733,29.55919115743423
466,pit,0.2,2000.0,0.96,0.659999993443489,0,outside riverbed,0.95,3.3002701036460846e-16,0.6762511885183883,small (0.1-0.5 ha),76.90120370546624,29.890637911107003
467,pit,0.09,900.0,0.96,0.801111102104187,0,outside riverbed,0.0,-2.6433882031063616e-18,1.0,tiny (<0.1 ha),76.67356662049565,29.626187083007345
468,pit,0.19,1900.0,0.96,0.6331578885254107,0,outside riverbed,1.0,0.003819071675503671,0.7174440803175539,small (0.1-0.5 ha),76.99014122537893,29.620945278177842
469,pit,0.18,1800.0,0.96,0.7450000014570024,0,outside riverbed,1.0,0.03993449256651931,0.9690349295560665,small (0.1-0.5 ha),76.77121715037902,29.787068650432875
470,pit,0.16,1600.0,0.96,0.7081250008195639,1,outside riverbed,0.0,0.09651360660791397,1.0,small (0.1-0.5 ha),76.9471264781083,29.576144969964403
471,pit,0.06,600.0,0.96,0.8449999988079071,0,outside riverbed,0.8333333333333334,0.13605442022283873,1.0,tiny (<0.1 ha),76.9725988451939,29.6981796905216
472,pit,0.06,600.0,0.96,0.6883333375056585,0,outside riverbed,1.0,0.02305366626630227,1.0,tiny (<0.1 ha),76.81689117975114,29.68740007916885
473,pit,0.19,1900.0,0.96,0.6794736902964743,0,outside riverbed,1.0,1.9185433410562627e-16,0.8823583392907941,small (0.1-0.5 ha),76.90111263194326,29.891309006614012
474,pit,0.18,1800.0,0.96,0.7333333277040057,0,outside riverbed,1.0,1.8503717628539684e-17,1.0,small (0.1-0.5 ha),76.87694185628084,29.67611156226022
475,pit,0.18,1800.0,0.96,0.765000002251731,0,outside riverbed,0.9444444444444444,-4.0208870176028383e-16,1.0,small (0.1-0.5 ha),76.81984734450236,29.760563324169066
476,pit,0.1,1000.0,0.96,0.6769999921321869,0,outside riverbed,0.7,2.3867151016096012e-15,1.0,small (0.1-0.5 ha),77.0226334576991,29.80205388278756
477,pit,0.73,7300.0,0.96,0.6847945186373305,0,outside riverbed,0.3287671232876712,-8.40090404509405e-18,0.4263652399894908,medium (0.5-2 ha),77.02173182800834,29.72198435727864
478,pit,0.23,2300.0,0.96,0.6534782622171484,0,outside riverbed,1.0,0.13842058635276297,0.7976411947615121,small (0.1-0.5 ha),76.98087250956755,29.885459869975787
479,pit,0.1,1000.0,0.96,0.7199999958276748,0,outside riverbed,0.8,0.0,1.0,small (0.1-0.5 ha),76.70727630828456,29.822818347792484
480,pit,0.05,500.0,0.96,0.8099999904632569,1,outside riverbed,0.0,3.3888235767070917e-16,1.0,tiny (<0.1 ha),76.66684606708216,29.523948420339792
481,pit,0.85,8500.0,0.96,0.6804705865242902,0,outside riverbed,0.6941176470588235,0.00021341870374537312,0.33393816419289274,medium (0.5-2 ha),77.10512782704423,29.897343335926553
482,likely village pond,0.06,600.0,0.96,0.725000003973643,0,outside riverbed,0.6666666666666666,0.18027210732301077,1.0,tiny (<0.1 ha),76.63241567287982,29.56556731341851
483,pit,0.11,1100.0,0.96,0.8763636296445673,0,outside riverbed,0.7272727272727273,-2.612148133822644e-16,1.0,small (0.1-0.5 ha),77.06972285802028,29.527996052670893
484,pit,0.09,900.0,0.96,0.8277777632077535,0,outside riverbed,1.0,0.004535147454589605,1.0,tiny (<0.1 ha),76.80337846057465,29.839155272495052
485,likely village pond,0.06,600.0,0.96,0.8699999948342642,0,outside riverbed,0.8333333333333334,0.1776266060769558,1.0,tiny (<0.1 ha),76.99214328093602,29.600972701917208
486,pit,0.1,1000.0,0.96,0.6109999924898147,0,outside riverbed,0.7,2.767627480292019e-16,1.0,small (0.1-0.5 ha),77.10868397801416,29.827458058096376
487,pit,0.41,4100.0,0.96,0.7626829220027458,0,outside riverbed,0.3902439024390244,0.0010508268492342395,1.0,small (0.1-0.5 ha),77.10630346390448,29.897678957309278
488,pit,0.45,4500.0,0.96,0.7077777796321445,0,outside riverbed,0.5111111111111111,0.08470647533734638,0.6770829412101683,small (0.1-0.5 ha),76.88283455998534,29.501015439228194
489,pit,0.48,4800.0,0.96,0.7012499986837307,0,outside riverbed,0.4583333333333333,0.024848828460865963,0.8992252874089107,small (0.1-0.5 ha),76.72544165989267,29.735126689674612
490,pit,0.04,400.0,0.95,0.6299999952316284,0,outside riverbed,0.0,-4.0179499198291593e-16,1.0,tiny (<0.1 ha),77.0609783246235,29.4810685918323
491,pit,0.09,900.0,0.95,0.7733333309491476,0,outside riverbed,0.0,0.03754094160265393,1.0,tiny (<0.1 ha),76.89775845604375,29.692170782652337
492,pit,0.05,500.0,0.95,0.7039999961853027,0,outside riverbed,0.4,0.1405895695090294,1.0,tiny (<0.1 ha),76.6319239663452,29.565798939990277
493,pit,0.13,1300.0,0.95,0.8100000023841858,0,outside riverbed,0.0,0.22204779317745796,1.0,small (0.1-0.5 ha),76.84069994446646,29.76512146298138
494,likely village pond,0.08,800.0,0.95,0.736250001937151,0,outside riverbed,1.0,0.15532879997044802,1.0,tiny (<0.1 ha),76.82348400666316,29.757238776657697
495,pit,0.4,4000.0,0.95,0.6502499930560589,0,outside riverbed,0.025,0.1057256244122982,0.7054967087614149,small (0.1-0.5 ha),76.70329530458821,29.59077645087766
496,pit,0.27,2700.0,0.95,0.7929629617267184,0,outside riverbed,0.0,0.18308557983901766,0.671084139929603,small (0.1-0.5 ha),76.65997070220912,29.508761687761652
497,likely village pond,0.63,6300.0,0.95,0.7088888878860171,0,outside riverbed,0.6349206349206349,0.2115682258255898,0.5912632605831728,medium (0.5-2 ha),76.88437696560112,29.55266174391174
498,pit,0.09,900.0,0.95,0.8455555505222745,0,outside riverbed,1.0,-6.661338147750939e-16,1.0,tiny (<0.1 ha),77.0410973821406,29.804548703759423
499,pit,0.23,2300.0,0.95,0.8339130489722543,0,Yamuna riverbed,1.0,-9.986260701526479e-16,0.8458348381843427,small (0.1-0.5 ha),77.1053133869469,29.504475078284997
500,pit,0.4,4000.0,0.95,0.7425000011920929,0,outside riverbed,0.0,0.14382086228579283,0.7259483738410308,small (0.1-0.5 ha),76.6272532722015,29.628166545846028
501,pit,0.22,2200.0,0.95,0.6445454494519667,0,outside riverbed,0.0,0.12853020006282764,0.849913129539602,small (0.1-0.5 ha),76.6094720672825,29.61571359939533
502,pit,0.11,1100.0,0.95,0.7709090980616483,0,outside riverbed,1.0,4.904686625083367e-16,1.0,small (0.1-0.5 ha),76.99315567876526,29.84350143663588
503,pit,0.39,3900.0,0.95,0.6499999998471676,0,outside riverbed,1.0,-1.7351472024270514e-17,0.4693543694100732,small (0.1-0.5 ha),76.80966656600253,29.84901099450553
504,pit,0.05,500.0,0.95,0.6720000028610229,0,outside riverbed,0.8,0.0,1.0,tiny (<0.1 ha),76.52981969070484,29.46824215252812
505,pit,0.04,400.0,0.95,0.8025000020861626,0,outside riverbed,0.0,0.4920634925365448,1.0,tiny (<0.1 ha),76.63087372636431,29.63493010133113
506,likely village pond,0.18,1800.0,0.95,0.7549999952316284,0,outside riverbed,0.8888888888888888,0.16087175657351813,1.0,small (0.1-0.5 ha),77.07468849103101,29.782809033937273
507,pit,1.45,14500.0,0.95,0.6376551700049433,0,outside riverbed,0.06896551724137931,0.10953162896189968,0.2594401033194389,medium (0.5-2 ha),76.50077723509288,29.502465918972955
508,pit,0.33,3300.0,0.95,0.6312121189001835,0,outside riverbed,1.0,0.003367003413255933,0.6896901006357885,small (0.1-0.5 ha),76.76481837768623,29.790269355613805
509,pit,0.12,1200.0,0.95,0.8674999997019768,0,outside riverbed,0.5833333333333334,5.4630019693339126e-17,1.0,small (0.1-0.5 ha),76.79220434316683,29.804204460551066
510,pit,0.15,1500.0,0.94,0.6426666696866353,0,outside riverbed,1.0,-7.45435460399549e-16,1.0,small (0.1-0.5 ha),77.10036432147143,29.864823368313125
511,pit,0.09,900.0,0.94,0.7988888820012411,0,outside riverbed,1.0,1.1160972550979184e-17,1.0,tiny (<0.1 ha),76.74167113031835,29.7281112173143
512,pit,0.15,1500.0,0.94,0.7366666714350383,0,outside riverbed,0.8666666666666667,0.14708994776010514,1.0,small (0.1-0.5 ha),76.94846923974906,29.845434378397645
513,pit,0.12,1200.0,0.94,0.6883333325386047,0,outside riverbed,1.0,6.035736254059545e-17,0.9784816498904669,small (0.1-0.5 ha),76.8477639516496,29.779604734976523
514,pit,0.38,3800.0,0.94,0.6205263169188249,0,outside riverbed,0.0,1.6653345369377348e-16,0.7372699041074326,small (0.1-0.5 ha),76.87700516446539,29.84527000078323
515,pit,0.32,3200.0,0.94,0.7643749937415123,0,outside riverbed,0.625,0.01381802737887483,1.0,small (0.1-0.5 ha),76.77438881254847,29.576299290398264
516,pit,0.24,2400.0,0.94,0.7366666682064533,0,outside riverbed,1.0,0.014077853489046284,1.0,small (0.1-0.5 ha),77.05288493662452,29.80639224555892
517,pit,0.33,3300.0,0.94,0.6160606055548696,0,outside riverbed,1.0,-2.5416577591803364e-16,0.5503602979796721,small (0.1-0.5 ha),77.0784608430143,29.87072761422806
518,pit,0.06,600.0,0.94,0.721666673819224,0,outside riverbed,0.6666666666666666,3.3482914619941973e-17,1.0,tiny (<0.1 ha),76.70528741277377,29.50117342023089
519,pit,0.19,1900.0,0.94,0.626315785081763,0,outside riverbed,0.05263157894736842,0.17913832358623805,0.9010565759281008,small (0.1-0.5 ha),76.84991881833882,29.57051528336427
520,pit,0.13,1300.0,0.94,0.8315384708918058,0,outside riverbed,0.5384615384615384,2.1187772547097093e-16,1.0,small (0.1-0.5 ha),76.79444889859768,29.86975313913659
521,pit,0.2,2000.0,0.94,0.761000007390976,0,outside riverbed,1.0,1.130048466030354e-16,0.8287663842830911,small (0.1-0.5 ha),76.94350776757442,29.86008584536502
522,pit,0.44,4400.0,0.94,0.5597727224230766,0,outside riverbed,0.0,0.001649144528941683,0.4091003764168576,small (0.1-0.5 ha),76.54160548312679,29.5031883114501
523,pit,0.19,1900.0,0.94,0.6668421077100855,0,outside riverbed,0.9473684210526315,0.01849862754246907,0.7841247687413184,small (0.1-0.5 ha),76.97700976217169,29.74340318438926
524,pit,0.25,2500.0,0.94,0.6400000023841858,0,outside riverbed,0.96,5.4136590399618286e-17,0.9366930077176155,small (0.1-0.5 ha),76.81420137881575,29.847684673093127
525,pit,0.04,400.0,0.94,0.6849999874830246,1,outside riverbed,0.25,-2.0882766494347527e-16,1.0,tiny (<0.1 ha),77.08952353309373,29.734210571467507
526,pit,0.15,1500.0,0.94,0.7186666707197825,0,outside riverbed,1.0,2.715640665512349e-16,1.0,small (0.1-0.5 ha),77.15519073676506,29.900855393101878
527,pit,0.18,1800.0,0.94,0.6683333317438761,0,outside riverbed,0.3888888888888889,0.004535147609810018,1.0,small (0.1-0.5 ha),76.8620911052285,29.618069960687603
528,pit,0.16,1600.0,0.94,0.6393749974668026,0,outside riverbed,0.75,0.09268707467708737,0.8893897868599286,small (0.1-0.5 ha),76.9405213319445,29.715818723106512
529,pit,0.35,3500.0,0.94,0.6831428544861929,0,outside riverbed,0.0,0.1579527050256729,0.6883138210651256,small (0.1-0.5 ha),76.71414719493642,29.643748357312894
530,likely village pond,0.23,2300.0,0.94,0.673043473907139,0,outside riverbed,0.8260869565217391,0.19846199258514072,1.0,small (0.1-0.5 ha),76.8879555136648,29.683657557386933
531,pit,0.11,1100.0,0.94,0.7290909046476538,0,outside riverbed,1.0,0.14244485544887456,1.0,small (0.1-0.5 ha),76.9587914551335,29.679917599045574
532,pit,1.42,14200.0,0.94,0.6112676059276285,0,outside riverbed,0.0,0.057503752771135244,0.28387302850658436,medium (0.5-2 ha),76.66051349947803,29.58534454971743
533,likely village pond,0.3,3000.0,0.94,0.5693333297967911,0,outside riverbed,0.9333333333333333,0.17951625138521193,0.5620158046305692,small (0.1-0.5 ha),77.00084785463277,29.895282337700916
534,pit,0.11,1100.0,0.93,0.8381818207827482,1,outside riverbed,0.0,0.11873840405182405,1.0,small (0.1-0.5 ha),76.62812306232661,29.478605963716394
535,pit,0.12,1200.0,0.93,0.7891666690508524,0,outside riverbed,0.08333333333333333,0.08956916071474552,1.0,small (0.1-0.5 ha),76.90504053341071,29.64207153350816
536,pit,0.2,2000.0,0.93,0.655000002682209,0,outside riverbed,0.0,0.11383219957351684,1.0,small (0.1-0.5 ha),76.78808844331452,29.499729290204673
537,pit,0.03,300.0,0.93,0.6333333253860474,0,outside riverbed,0.0,6.908054228391087e-16,1.0,tiny (<0.1 ha),77.12088476651293,29.86800756892352
538,pit,0.55,5500.0,0.93,0.7567272755232725,0,outside riverbed,0.7272727272727273,-8.43000522380615e-17,0.9264270201529875,medium (0.5-2 ha),76.98236467514376,29.789273704464645
539,likely village pond,0.22,2200.0,0.93,0.6386363628235731,0,outside riverbed,0.8636363636363636,0.2400535995310003,0.5764535884286152,small (0.1-0.5 ha),76.74803819696976,29.655879793338887
540,pit,0.16,1600.0,0.93,0.7281250078231096,0,outside riverbed,1.0,-7.18671159059995e-17,1.0,small (0.1-0.5 ha),76.76212391304068,29.69654068696997
541,pit,0.32,3200.0,0.93,0.6459374986588955,0,outside riverbed,0.0,0.2535430840216577,0.8852008021443688,small (0.1-0.5 ha),76.80270638149524,29.76159790803277
542,pit,0.25,2500.0,0.93,0.6127999997138978,0,outside riverbed,1.0,0.012335601300001144,0.8130585809961922,small (0.1-0.5 ha),76.89760979219793,29.81645691519991
543,pit,0.04,400.0,0.93,0.6249999925494194,0,outside riverbed,1.0,0.0022675737272948027,1.0,tiny (<0.1 ha),76.97829270797399,29.8341718289098
544,pit,0.03,300.0,0.93,0.6966666579246521,0,outside riverbed,0.0,0.01587301678955555,1.0,tiny (<0.1 ha),76.71466542155765,29.493533481571642
545,pit,0.92,9200.0,0.93,0.6356521728246108,0,outside riverbed,0.0,1.6394752558292702e-16,0.4025313006728684,medium (0.5-2 ha),76.9604068854988,29.730836120910613
546,pit,0.41,4100.0,0.93,0.642195124451707,0,outside riverbed,0.0,0.03290747200343304,0.8333992165187475,small (0.1-0.5 ha),76.85811116365058,29.707778963621063
547,pit,0.06,600.0,0.93,0.7833333363135656,1,outside riverbed,0.8333333333333334,0.1984127014875412,1.0,tiny (<0.1 ha),76.78118044421103,29.90295545975034
548,pit,0.1,1000.0,0.93,0.6889999955892563,0,outside riverbed,0.0,0.16984127089381218,1.0,small (0.1-0.5 ha),76.94515605535932,29.839666937886587
549,pit,0.12,1200.0,0.93,0.6441666682561239,0,outside riverbed,0.0,0.29913076634208363,1.0,small (0.1-0.5 ha),76.79058650997482,29.510781933279464
550,pit,0.11,1100.0,0.93,0.7881818196990273,0,outside riverbed,1.0,-7.579314868898116e-16,1.0,small (0.1-0.5 ha),77.13664488426213,29.836869265657533
551,pit,0.17,1700.0,0.93,0.6617647076354307,0,outside riverbed,0.9411764705882353,-7.867966887066027e-17,1.0,small (0.1-0.5 ha),76.9007085065131,29.891871807896116
552,pit,0.13,1300.0,0.93,0.7884615361690521,0,outside riverbed,0.8461538461538461,-1.5433320140310637e-16,1.0,small (0.1-0.5 ha),76.66254615956396,29.517540210972136
553,pit,0.08,800.0,0.93,0.5887500010430813,0,outside riverbed,1.0,-1.850371597417846e-17,1.0,tiny (<0.1 ha),76.94276091191865,29.891640529469292
554,pit,0.36,3600.0,0.92,0.5702777769830492,0,outside riverbed,0.0,0.1618795661876599,0.4802318952516922,small (0.1-0.5 ha),76.61277396089324,29.61680915537103
555,pit,0.67,6700.0,0.92,0.6125373124186673,0,outside riverbed,0.0,0.16451754691357265,0.30883320477128196,medium (0.5-2 ha),76.87884775675012,29.55576365891271
556,pit,0.04,400.0,0.92,0.7474999874830246,1,outside riverbed,0.5,0.2409297078847885,1.0,tiny (<0.1 ha),76.88542041091858,29.559058058420277
557,pit,0.45,4500.0,0.92,0.7253333323531681,0,outside riverbed,1.0,2.1969492891190297e-17,0.5439527425749606,small (0.1-0.5 ha),76.56069465814078,29.47222094443171
558,pit,0.34,3400.0,0.92,0.6791176454109304,0,outside riverbed,1.0,-1.6863261367919864e-16,0.9109573275738239,small (0.1-0.5 ha),77.07296849007655,29.60677082253374
559,pit,0.03,300.0,0.92,0.7300000091393789,0,outside riverbed,0.0,1.145468197909306e-16,1.0,tiny (<0.1 ha),76.94485436788283,29.595358595166665
560,pit,0.04,400.0,0.92,0.619999997317791,0,outside riverbed,1.0,0.07766439858824015,1.0,tiny (<0.1 ha),76.94896124436615,29.646042043525064
561,pit,0.1,1000.0,0.92,0.7230000019073486,0,outside riverbed,0.0,0.025623582862317563,1.0,small (0.1-0.5 ha),76.68034053949216,29.522055048750822
562,pit,0.13,1300.0,0.92,0.6346153823228983,0,outside riverbed,0.0,0.11547183073483981,1.0,small (0.1-0.5 ha),76.62184380704926,29.580699870211348
563,pit,0.63,6300.0,0.92,0.597460319125463,0,outside riverbed,0.0,0.037396969495429824,0.28215077001919747,medium (0.5-2 ha),76.87269863561541,29.90617863355689
564,pit,0.09,900.0,0.92,0.6377777788374159,0,outside riverbed,1.0,0.008314436922470728,1.0,tiny (<0.1 ha),76.84527401734728,29.75928868208917
565,likely village pond,0.1,1000.0,0.92,0.7560000002384186,0,outside riverbed,0.8,0.1569160997867584,1.0,small (0.1-0.5 ha),77.03106581002095,29.479597959377465
566,pit,0.05,500.0,0.92,0.7760000050067901,0,outside riverbed,1.0,0.09614512473344802,1.0,tiny (<0.1 ha),76.9511337049209,29.708268919712893
567,pit,0.03,300.0,0.92,0.7833333412806193,0,outside riverbed,1.0,-3.260178859656069e-17,1.0,tiny (<0.1 ha),76.78177118467373,29.755457644731614
568,pit,0.26,2600.0,0.92,0.6630769188587482,0,outside riverbed,0.5384615384615384,0.1366649238535991,0.8636848033284436,small (0.1-0.5 ha),76.88989382752737,29.731495608507892
569,likely village pond,0.03,300.0,0.91,0.8566666642824808,0,outside riverbed,1.0,0.3492063581943512,1.0,tiny (<0.1 ha),76.94331682893639,29.574388775103603
570,pit,0.06,600.0,0.91,0.676666667064031,0,outside riverbed,0.5,-5.0224376341542896e-17,1.0,tiny (<0.1 ha),76.80143480428157,29.818951185786492
571,pit,0.22,2200.0,0.91,0.7359090921553698,0,outside riverbed,1.0,3.662294119428553e-16,0.8307247245782207,small (0.1-0.5 ha),77.06969690764333,29.892152700278775
572,likely village pond,0.05,500.0,0.91,0.7000000059604645,0,outside riverbed,0.8,0.21678004860877992,1.0,tiny (<0.1 ha),76.73939900013515,29.839758964936276
573,pit,0.17,1700.0,0.91,0.657058819251902,0,outside riverbed,1.0,-4.00551049167041e-16,1.0,small (0.1-0.5 ha),77.08748053405311,29.709916794125245
574,pit,0.03,300.0,0.91,0.6833333373069763,0,Yamuna riverbed,0.0,-5.727341210128027e-17,1.0,tiny (<0.1 ha),77.09863647379058,29.580324480344377
575,pit,0.31,3100.0,0.91,0.6880645117452068,0,outside riverbed,0.0,0.10079730701662841,0.9473573783918606,small (0.1-0.5 ha),76.61327099860058,29.613082053879246
576,pit,0.04,400.0,0.91,0.6549999937415123,0,outside riverbed,1.0,-1.374561857343502e-16,1.0,tiny (<0.1 ha),76.82725788927362,29.544261578485525
577,pit,0.03,300.0,0.91,0.8333333532015482,0,outside riverbed,0.6666666666666666,0.002267573649683887,1.0,tiny (<0.1 ha),76.97468611026585,29.49967093580733
578,pit,0.07,700.0,0.91,0.7085714255060468,0,outside riverbed,1.0,0.08746355559144701,1.0,tiny (<0.1 ha),76.87461049973201,29.906274627462114
579,pit,0.1,1000.0,0.91,0.6800000041723251,0,outside riverbed,1.0,-2.8019914349085584e-16,1.0,small (0.1-0.5 ha),76.65358427704875,29.513538754533894
580,pit,0.1,1000.0,0.9,0.6879999965429306,0,outside riverbed,0.0,0.20498866438865662,1.0,small (0.1-0.5 ha),76.92319305508225,29.782219027953666
581,pit,0.08,800.0,0.9,0.5637499950826168,0,outside riverbed,0.5,-1.586032930135623e-16,1.0,tiny (<0.1 ha),76.90047534554178,29.89222278949914
582,pit,0.16,1600.0,0.9,0.5824999939650297,0,outside riverbed,0.0,0.08049886673688889,0.8653851178766951,small (0.1-0.5 ha),76.7780398015256,29.631983835350777
583,pit,0.09,900.0,0.9,0.7733333309491476,0,outside riverbed,0.8888888888888888,-1.6359635518482272e-16,1.0,tiny (<0.1 ha),76.94941643854897,29.8340524548901
584,pit,0.03,300.0,0.9,0.5966666539510092,0,outside riverbed,1.0,0.013605442363768816,1.0,tiny (<0.1 ha),76.9726762395724,29.698614614405127
585,pit,0.11,1100.0,0.9,0.6336363608186896,0,outside riverbed,1.0,2.1147106527229742e-17,1.0,small (0.1-0.5 ha),76.81079525705896,29.847785572903685
586,pit,0.07,700.0,0.9,0.591428565127509,0,outside riverbed,1.0,8.798706222371309e-16,1.0,tiny (<0.1 ha),76.76049971444233,29.595956113300957
587,pit,0.28,2800.0,0.9,0.6128571363432067,0,outside riverbed,0.8571428571428571,0.002753482416405273,1.0,small (0.1-0.5 ha),76.95738559911165,29.572523661313245
588,pit,0.2,2000.0,0.9,0.6949999958276749,0,outside riverbed,1.0,0.028911564499139786,1.0,small (0.1-0.5 ha),76.84551294820626,29.84448528169723
589,pit,0.32,3200.0,0.9,0.5812499970197678,0,outside riverbed,0.09375,0.0550595237291418,0.5336827131924095,small (0.1-0.5 ha),76.91424323864469,29.648076150093253
590,pit,0.03,300.0,0.9,0.7799999912579855,0,outside riverbed,0.0,2.396672003903659e-16,1.0,tiny (<0.1 ha),77.00468724053373,29.6088136071838
591,pit,0.16,1600.0,0.9,0.7468749992549419,0,outside riverbed,0.0,0.06944444356486201,1.0,small (0.1-0.5 ha),77.00942876748175,29.699588209629376
592,pit,0.06,600.0,0.9,0.689999982714653,0,outside riverbed,0.3333333333333333,0.18253968407710394,1.0,tiny (<0.1 ha),77.09565425190426,29.722061859995627
593,pit,0.13,1300.0,0.89,0.674615380855707,0,outside riverbed,1.0,5.4901134289933574e-17,1.0,small (0.1-0.5 ha),77.09464970194264,29.898265403810285
594,pit,0.11,1100.0,0.89,0.6872727220708673,0,outside riverbed,1.0,0.004947433417493661,1.0,small (0.1-0.5 ha),76.67758624225603,29.622297365222174
595,pit,0.07,700.0,0.89,0.6799999986376081,0,outside riverbed,0.0,0.00032393910389919483,1.0,tiny (<0.1 ha),76.77899538417493,29.48909643831103
596,pit,0.14,1400.0,0.89,0.5942857073886054,0,outside riverbed,0.0,0.13735017659408705,1.0,small (0.1-0.5 ha),76.77420321522058,29.86749413262322
597,pit,0.04,400.0,0.89,0.7099999934434891,0,Yamuna riverbed,0.0,-3.674309414134253e-16,1.0,tiny (<0.1 ha),77.1022082573224,29.5762832166216
598,pit,0.21,2100.0,0.89,0.6228571392240978,0,outside riverbed,0.0,0.058417017793371565,1.0,small (0.1-0.5 ha),76.78312033703679,29.812690495597106
599,pit,0.14,1400.0,0.89,0.7171428586755481,0,outside riverbed,1.0,0.03757693552012954,1.0,small (0.1-0.5 ha),77.08704397454746,29.820624353143227
600,pit,0.03,300.0,0.89,0.5999999940395355,0,outside riverbed,0.0,0.0,1.0,tiny (<0.1 ha),76.72253165832986,29.776303209810802
601,pit,0.12,1200.0,0.89,0.6616666714350382,0,outside riverbed,1.0,1.0859919721282069e-16,1.0,small (0.1-0.5 ha),77.12324309632912,29.89503453132912
602,pit,0.05,500.0,0.89,0.6979999959468841,0,outside riverbed,0.4,2.891866659870364e-16,1.0,tiny (<0.1 ha),76.81652011904953,29.682665236360975
603,pit,0.12,1200.0,0.88,0.6116666595141093,0,outside riverbed,0.8333333333333334,0.0047241119512665694,1.0,small (0.1-0.5 ha),76.87894750479887,29.734361134945356
604,pit,0.29,2900.0,0.88,0.599310342607827,0,outside riverbed,0.41379310344827586,0.14668855944584155,0.6704789351641532,small (0.1-0.5 ha),76.77581848435563,29.85113860715491
605,pit,0.09,900.0,0.88,0.685555550787184,0,outside riverbed,1.0,-1.732887870288595e-17,1.0,tiny (<0.1 ha),76.9413781665554,29.636622121516428
606,pit,0.2,2000.0,0.88,0.6519999951124191,0,outside riverbed,1.0,3.2460806844632905e-16,0.8624193351242355,small (0.1-0.5 ha),76.83765184711383,29.604823560876795
607,pit,0.04,400.0,0.88,0.5699999928474426,0,outside riverbed,0.0,4.163336011472092e-17,1.0,tiny (<0.1 ha),77.02253771272441,29.563829755714142
608,likely village pond,0.04,400.0,0.88,0.8449999988079071,0,outside riverbed,1.0,0.2352607697248459,1.0,tiny (<0.1 ha),77.0330631070478,29.890516267239438
609,pit,0.11,1100.0,0.88,0.672727265141227,0,outside riverbed,0.0,-2.2492830904241683e-16,1.0,small (0.1-0.5 ha),76.55951758717549,29.47386610251816
610,pit,0.39,3900.0,0.88,0.598205125484711,0,outside riverbed,0.0,0.0022675737272948027,0.9724147792744349,small (0.1-0.5 ha),77.10576199445337,29.8969433602801
611,pit,0.15,1500.0,0.88,0.6373333315054576,0,outside riverbed,0.0,0.07815570781628291,1.0,small (0.1-0.5 ha),76.56979190903364,29.530442049320175
612,likely village pond,0.15,1500.0,0.88,0.5600000003973643,0,outside riverbed,0.9333333333333333,0.17566137512524924,1.0,small (0.1-0.5 ha),76.7646951537642,29.53122098368857
613,pit,0.42,4200.0,0.87,0.5900000021571205,0,outside riverbed,0.9761904761904762,0.000809847743117228,0.6780574183379549,small (0.1-0.5 ha),76.87840618304593,29.73456967871212
614,pit,0.1,1000.0,0.87,0.647000002861023,0,outside riverbed,0.8,0.024489795044064542,1.0,small (0.1-0.5 ha),77.05032804705034,29.738725807977243
615,pit,0.07,700.0,0.87,0.6300000037465777,0,outside riverbed,1.0,8.987519376527963e-17,1.0,tiny (<0.1 ha),76.83977878941973,29.48878507218969
616,pit,0.08,800.0,0.87,0.7200000062584877,0,outside riverbed,0.0,0.23667800426483154,1.0,tiny (<0.1 ha),76.93438867296248,29.70020955761055
617,pit,0.11,1100.0,0.87,0.590909096327695,0,outside riverbed,0.0,0.11482168666341087,1.0,small (0.1-0.5 ha),76.61749756961586,29.57329256000361
618,pit,0.06,600.0,0.87,0.75,0,outside riverbed,0.5,8.591011484319795e-17,1.0,tiny (<0.1 ha),76.74845599062152,29.764308483073883
619,pit,0.03,300.0,0.86,0.6633333464463552,0,Yamuna riverbed,1.0,-1.356939281730502e-16,1.0,tiny (<0.1 ha),77.12074625647448,29.655306312448914
620,pit,0.28,2800.0,0.86,0.6700000039168766,0,outside riverbed,0.9285714285714286,3.4241318225129483e-16,1.0,small (0.1-0.5 ha),76.66187756034681,29.517903802525424
621,pit,0.07,700.0,0.86,0.572857141494751,0,outside riverbed,0.2857142857142857,3.678085838683042e-16,1.0,tiny (<0.1 ha),77.0487614233082,29.842657227286953
622,pit,0.81,8100.0,0.86,0.5820987651377548,0,outside riverbed,0.4074074074074074,0.20996052808599708,0.3170271867212953,medium (0.5-2 ha),76.7199204661278,29.502953334135196
623,likely village pond,0.06,600.0,0.86,0.773333340883255,0,outside riverbed,1.0,0.15495086709658304,1.0,tiny (<0.1 ha),76.98893279763726,29.595201450101136
624,pit,0.15,1500.0,0.86,0.7286666671435038,0,outside riverbed,0.0,0.0042328043530384055,0.9568486483986863,small (0.1-0.5 ha),76.76576031942933,29.610242150229734
625,pit,0.05,500.0,0.86,0.614000004529953,0,outside riverbed,1.0,0.011337868869304657,1.0,tiny (<0.1 ha),77.05420923948586,29.804291355756224
626,pit,0.2,2000.0,0.85,0.5815000012516975,0,outside riverbed,0.7,4.702587467122044e-16,0.790703751614041,small (0.1-0.5 ha),76.97890086457943,29.57531870895726
627,pit,0.05,500.0,0.85,0.6880000054836273,0,outside riverbed,0.0,3.8487731873269155e-16,1.0,tiny (<0.1 ha),76.9020332094787,29.590301085457234
628,pit,0.06,600.0,0.85,0.7383333444595337,0,outside riverbed,0.16666666666666666,0.13265306254227957,1.0,tiny (<0.1 ha),77.03965375572709,29.559214688621854
629,pit,0.03,300.0,0.85,0.5766666730244955,0,outside riverbed,1.0,0.02040816346804301,1.0,tiny (<0.1 ha),76.8830288683602,29.48475966440643
630,pit,0.03,300.0,0.85,0.6866666674613953,0,outside riverbed,1.0,-1.1454682420256054e-17,1.0,tiny (<0.1 ha),77.13692573261895,29.89697869588754
631,pit,0.08,800.0,0.85,0.546250008046627,0,outside riverbed,0.0,0.0,1.0,tiny (<0.1 ha),76.62555904596786,29.65449681327994
632,pit,0.3,3000.0,0.85,0.5843333343664805,0,outside riverbed,0.26666666666666666,0.09916855629223088,0.6200915064650735,small (0.1-0.5 ha),76.88241385501286,29.50038980269366
633,pit,0.39,3900.0,0.85,0.5779487154422662,0,outside riverbed,0.6410256410256411,-3.6560092299796474e-16,0.6113373893517777,small (0.1-0.5 ha),76.91396722156914,29.597274454050808
634,pit,0.04,400.0,0.85,0.5625000149011612,0,outside riverbed,0.75,0.0017006802954708244,1.0,tiny (<0.1 ha),76.73872408710069,29.84142352253855
635,pit,0.04,400.0,0.84,0.7075000032782555,1,outside riverbed,0.0,-2.484784782706985e-16,1.0,tiny (<0.1 ha),77.03009421869581,29.487498347554116
636,likely village pond,0.16,1600.0,0.84,0.5687499940395355,0,outside riverbed,0.75,0.16737528517842293,0.84622743865209,small (0.1-0.5 ha),76.99128862195393,29.492838789616005
637,pit,0.95,9500.0,0.84,0.5404210517280981,0,outside riverbed,0.0,0.022842821393063917,0.28645443150052097,medium (0.5-2 ha),76.86074321275383,29.61822806930675
638,pit,0.11,1100.0,0.84,0.6954545459964059,0,outside riverbed,0.0,6.798313818853184e-16,1.0,small (0.1-0.5 ha),76.99743398545843,29.81596051851838
639,pit,0.09,900.0,0.84,0.6377777689033084,0,outside riverbed,0.6666666666666666,-5.551115123125783e-17,1.0,tiny (<0.1 ha),76.94901373895787,29.834038350204537
640,pit,0.11,1100.0,0.84,0.6409090974114158,0,outside riverbed,0.0,0.047206761823459106,1.0,small (0.1-0.5 ha),76.89545043355203,29.668191192580313
641,pit,0.11,1100.0,0.84,0.7590909112583507,0,outside riverbed,0.7272727272727273,3.748805057962454e-17,1.0,small (0.1-0.5 ha),76.78844475484308,29.56075631482226
642,pit,0.06,600.0,0.83,0.5383333365122477,0,outside riverbed,1.0,0.009826152701862195,1.0,tiny (<0.1 ha),77.05199928381802,29.81072525118572
643,pit,0.04,400.0,0.83,0.6400000005960464,0,outside riverbed,1.0,0.049886622466146946,1.0,tiny (<0.1 ha),76.97628490705307,29.742581834470215
644,pit,0.12,1200.0,0.83,0.63083333025376,0,outside riverbed,0.3333333333333333,0.0026455026818439364,1.0,small (0.1-0.5 ha),76.80032059174947,29.878921245701463
645,pit,0.13,1300.0,0.83,0.5992307617114141,0,outside riverbed,0.0,0.10047095842086352,1.0,small (0.1-0.5 ha),76.96331286987684,29.48820952966314
646,pit,0.25,2500.0,0.82,0.6040000033378601,0,outside riverbed,0.4,0.0018140589445829324,0.579765048771196,small (0.1-0.5 ha),76.80218369232699,29.874213123569376
647,pit,0.19,1900.0,0.82,0.6210526322063646,0,outside riverbed,0.7894736842105263,0.061105144161142814,1.0,small (0.1-0.5 ha),76.95595248919473,29.660953019662635
648,pit,0.1,1000.0,0.82,0.6329999953508377,0,outside riverbed,0.0,0.17392290234565735,1.0,small (0.1-0.5 ha),77.01663012648326,29.64270659248895
649,pit,0.09,900.0,0.82,0.5077777703603109,0,outside riverbed,0.2222222222222222,0.02443940554642015,1.0,tiny (<0.1 ha),77.08373252624564,29.71313293878501
650,pit,0.03,300.0,0.82,0.6066666543483734,0,outside riverbed,0.0,-2.017786242206542e-16,1.0,tiny (<0.1 ha),76.85970591297449,29.787316910889196
651,pit,0.06,600.0,0.82,0.6833333323399226,0,outside riverbed,0.0,0.054421769455075264,1.0,tiny (<0.1 ha),76.80023544320008,29.627355279807695
652,pit,0.45,4500.0,0.81,0.5624444438351526,0,Yamuna riverbed,1.0,4.4032970822966824e-16,0.4153187461883041,small (0.1-0.5 ha),77.14225129887595,29.70314089785964
653,pit,0.05,500.0,0.81,0.6799999952316285,0,outside riverbed,0.2,0.022675737738609314,1.0,tiny (<0.1 ha),77.0152131062008,29.650378987485215
654,pit,0.09,900.0,0.81,0.5800000064902835,0,outside riverbed,1.0,2.2615654787417324e-17,1.0,tiny (<0.1 ha),77.01379862365657,29.46320509706713
655,pit,0.25,2500.0,0.81,0.5708000016212463,0,outside riverbed,0.52,-6.342016851988511e-16,0.8101269832022228,small (0.1-0.5 ha),77.1011135248208,29.864880005761616
656,pit,0.04,400.0,0.81,0.6800000071525574,0,outside riverbed,0.25,0.1507936492562294,1.0,tiny (<0.1 ha),76.75253569766217,29.848549287479358
657,likely village pond,0.08,800.0,0.81,0.5649999976158142,0,outside riverbed,1.0,0.18820861540734768,1.0,tiny (<0.1 ha),77.05281375158422,29.884255923706604
658,pit,0.06,600.0,0.81,0.6416666607062022,0,outside riverbed,0.0,-3.700743194835692e-17,1.0,tiny (<0.1 ha),76.7173798806626,29.529079846295335
659,pit,0.08,800.0,0.81,0.6137499995529652,0,outside riverbed,0.0,0.018140590051189065,1.0,tiny (<0.1 ha),76.76578126361413,29.609370406318302
660,pit,0.12,1200.0,0.81,0.6058333367109299,0,outside riverbed,0.16666666666666666,0.11130007542669773,1.0,small (0.1-0.5 ha),76.80071686419593,29.62877735738336
661,pit,0.07,700.0,0.81,0.5842857105391366,0,outside riverbed,0.0,0.09297052238668714,1.0,tiny (<0.1 ha),76.8614307029485,29.618746622422936
662,pit,0.04,400.0,0.8,0.6325000002980232,0,outside riverbed,1.0,-1.8503716956455436e-17,1.0,tiny (<0.1 ha),76.93750083504762,29.48818033773367
663,pit,0.45,4500.0,0.8,0.603111109468672,0,outside riverbed,1.0,1.5807461263864956e-16,0.6473226453305645,small (0.1-0.5 ha),76.71476733378769,29.565348502182104
664,pit,0.12,1200.0,0.8,0.5008333325386047,0,outside riverbed,0.75,-1.4318353025320068e-17,1.0,small (0.1-0.5 ha),76.69124372355824,29.49092340794797
665,pit,0.04,400.0,0.8,0.6574999988079071,0,outside riverbed,0.25,1.586032921863817e-17,1.0,tiny (<0.1 ha),76.85005211645512,29.749820939536516
666,pit,0.03,300.0,0.8,0.753333330154419,0,outside riverbed,1.0,4.3527793196973004e-16,1.0,tiny (<0.1 ha),76.88889741017728,29.73893370438574
667,pit,0.25,2500.0,0.8,0.5687999975681305,0,outside riverbed,0.0,0.06702947854995728,1.0,small (0.1-0.5 ha),77.05998452562396,29.690188933951504
668,pit,0.06,600.0,0.79,0.6183333396911621,0,outside riverbed,0.0,0.08541194225351016,1.0,tiny (<0.1 ha),76.68649336976063,29.72111123173149
669,pit,0.04,400.0,0.79,0.6575000062584877,0,outside riverbed,0.0,0.09977324306964874,1.0,tiny (<0.1 ha),76.96337967006886,29.487868462390544
670,pit,0.04,400.0,0.79,0.6124999970197678,0,Yamuna riverbed,1.0,2.0288004939640056e-16,1.0,tiny (<0.1 ha),77.10206894404261,29.564579299920098
671,pit,0.08,800.0,0.79,0.6862499937415123,0,outside riverbed,1.0,-6.6084751606568495e-19,1.0,tiny (<0.1 ha),76.68651966532188,29.505371750452934
672,pit,0.04,400.0,0.79,0.6925000101327896,0,outside riverbed,0.5,0.0022675737272948027,1.0,tiny (<0.1 ha),77.02874104045566,29.66361113240065
673,pit,0.03,300.0,0.78,0.5999999841054281,0,outside riverbed,1.0,0.09221466382344563,1.0,tiny (<0.1 ha),76.83988467771965,29.891021834671267
674,pit,0.15,1500.0,0.78,0.540666667620341,0,outside riverbed,0.4666666666666667,0.004535147454589605,0.9520220582335986,small (0.1-0.5 ha),76.91215902083904,29.642185586603638
675,pit,0.03,300.0,0.78,0.5599999924500784,0,outside riverbed,0.0,0.006046863117565711,1.0,tiny (<0.1 ha),76.9654896539442,29.766418509349283
676,pit,0.03,300.0,0.78,0.626666655143102,0,outside riverbed,0.0,0.014361300195256868,1.0,tiny (<0.1 ha),76.79454462370514,29.870503715855424
677,pit,0.27,2700.0,0.78,0.4988888844295784,0,outside riverbed,0.9629629629629629,-4.454598718988465e-17,1.0,small (0.1-0.5 ha),76.7745771076751,29.553926914609796
678,pit,0.04,400.0,0.78,0.5599999949336052,0,outside riverbed,1.0,3.5950080058554885e-16,1.0,tiny (<0.1 ha),76.80200425008792,29.86987574180951
679,pit,0.08,800.0,0.78,0.5312499925494194,0,outside riverbed,1.0,4.7250567258302904e-17,1.0,tiny (<0.1 ha),76.5055860902013,29.526245295035068
680,pit,0.05,500.0,0.78,0.5799999952316284,0,outside riverbed,0.4,-1.252966022748076e-16,1.0,tiny (<0.1 ha),76.78513547163423,29.80442947645698
681,pit,0.06,600.0,0.78,0.6016666690508524,0,outside riverbed,0.0,0.15306122352679571,1.0,tiny (<0.1 ha),76.9119104431687,29.854585171358135
682,pit,0.05,500.0,0.78,0.6259999990463256,0,outside riverbed,1.0,6.396999232314533e-17,1.0,tiny (<0.1 ha),76.94023309625841,29.854806432846893
683,pit,0.07,700.0,0.78,0.4742857132639204,0,outside riverbed,0.0,0.01587301678955555,1.0,tiny (<0.1 ha),76.80271015221157,29.87417757525995
684,pit,0.04,400.0,0.77,0.5374999940395355,0,outside riverbed,1.0,-5.286775992622417e-18,1.0,tiny (<0.1 ha),77.18242852460482,29.892504590849086
685,pit,0.03,300.0,0.77,0.5966666539510092,0,outside riverbed,1.0,0.015873016168673832,1.0,tiny (<0.1 ha),76.97137221149902,29.84491390922728
686,pit,0.18,1800.0,0.77,0.5638888859086566,0,outside riverbed,0.0,2.1734524931432532e-16,0.9227272612294994,small (0.1-0.5 ha),77.04772566630908,29.842694061952216
687,pit,0.07,700.0,0.77,0.6028571384293693,0,outside riverbed,1.0,0.09944930353334971,1.0,tiny (<0.1 ha),77.04561091137403,29.62504311523037
688,pit,0.05,500.0,0.76,0.6980000019073487,0,outside riverbed,0.6,0.0893424041569233,1.0,tiny (<0.1 ha),77.09207969246827,29.71616696095517
689,pit,0.15,1500.0,0.76,0.5946666677792867,0,outside riverbed,0.0,0.09811035543680191,1.0,small (0.1-0.5 ha),76.62069114054324,29.581979988850332
690,pit,0.08,800.0,0.76,0.552499994635582,0,outside riverbed,0.0,0.009637188020860948,1.0,tiny (<0.1 ha),76.9148840404047,29.647824414558208
691,pit,0.1,1000.0,0.76,0.6370000004768371,0,outside riverbed,0.7,-6.50273460327447e-17,1.0,small (0.1-0.5 ha),76.94620212197883,29.858381551218603
692,pit,0.04,400.0,0.76,0.6024999916553497,0,outside riverbed,0.5,0.022675737738609314,1.0,tiny (<0.1 ha),76.96004523278921,29.77270962880053
693,pit,0.14,1400.0,0.76,0.5350000091961452,0,outside riverbed,0.6428571428571429,2.2091171821041338e-17,1.0,small (0.1-0.5 ha),76.71454271466804,29.77252507727927
694,pit,0.07,700.0,0.76,0.6114285673413958,0,outside riverbed,0.8571428571428571,2.5187712801571026e-16,1.0,tiny (<0.1 ha),76.95946484459077,29.73111920161529
695,pit,0.12,1200.0,0.75,0.5024999976158142,0,outside riverbed,0.0,1.0573552812425446e-17,1.0,small (0.1-0.5 ha),76.85937930993481,29.830230783252972
696,pit,0.14,1400.0,0.75,0.6057142934628895,0,outside riverbed,0.9285714285714286,1.0573552812425446e-17,1.0,small (0.1-0.5 ha),76.86104466385574,29.8302212879126
697,pit,0.05,500.0,0.75,0.5619999945163727,1,Yamuna riverbed,0.0,8.416548121408717e-16,1.0,tiny (<0.1 ha),77.10418633628075,29.56989132829514
698,pit,0.15,1500.0,0.75,0.5533333261807759,0,outside riverbed,0.0,0.09901738464832306,0.929223291202501,small (0.1-0.5 ha),76.9141828217267,29.850723792880462
699,pit,0.07,700.0,0.75,0.5928571437086377,0,outside riverbed,0.42857142857142855,0.0,1.0,tiny (<0.1 ha),76.73236901378591,29.801288124856796
700,pit,0.03,300.0,0.75,0.5,0,outside riverbed,1.0,0.0030234316363930702,1.0,tiny (<0.1 ha),76.80342883982384,29.844517991873992
701,pit,0.1,1000.0,0.75,0.5359999984502792,0,outside riverbed,0.8,-1.7076287775523482e-16,1.0,small (0.1-0.5 ha),77.05964997416824,29.693543119496322
702,pit,0.21,2100.0,0.74,0.5680952384358361,0,outside riverbed,0.0,0.26401036764894215,1.0,small (0.1-0.5 ha),76.54618044554161,29.563580842980784
703,pit,0.12,1200.0,0.74,0.6033333390951157,0,outside riverbed,0.08333333333333333,0.00529100546070075,1.0,small (0.1-0.5 ha),76.61159178514859,29.48800230261442
704,pit,0.22,2200.0,0.74,0.47636363858526404,0,outside riverbed,1.0,1.5620021303571533e-17,0.8628811687605833,small (0.1-0.5 ha),76.78752833746337,29.8774383191901
705,pit,0.19,1900.0,0.73,0.56736841954683,0,outside riverbed,1.0,0.04379997637711073,0.9739898868533605,small (0.1-0.5 ha),77.09307682064983,29.859665720387873
706,pit,0.18,1800.0,0.73,0.5022222217586305,0,outside riverbed,0.0,-3.229339228256227e-16,0.763953036691575,small (0.1-0.5 ha),77.01836838425847,29.47038387179778
707,pit,0.16,1600.0,0.72,0.46812499687075615,0,outside riverbed,0.0,0.0,1.0,small (0.1-0.5 ha),76.53630107194252,29.54887004115754
708,pit,0.1,1000.0,0.72,0.5489999949932098,0,outside riverbed,0.0,0.14965986758470534,1.0,small (0.1-0.5 ha),77.05195761756549,29.59302980285035
709,pit,0.1,1000.0,0.72,0.47000000178813933,0,outside riverbed,1.0,-3.9650821929901595e-17,1.0,small (0.1-0.5 ha),76.94101156959292,29.582112690076983
710,pit,0.1,1000.0,0.72,0.5150000065565109,0,outside riverbed,0.0,0.0,1.0,small (0.1-0.5 ha),76.71181939515489,29.79976940854307
711,pit,0.22,2200.0,0.72,0.5468181845816699,0,outside riverbed,1.0,-9.00674436885859e-16,0.8832011526241035,small (0.1-0.5 ha),77.13728330880008,29.837031163476368
712,pit,0.18,1800.0,0.7,0.5172222190433078,0,outside riverbed,0.0,0.14499874081876543,0.9520058684836014,small (0.1-0.5 ha),77.0559659032424,29.642107346947206
713,pit,0.18,1800.0,0.7,0.5033333334657881,0,outside riverbed,0.0,0.0040312421818574215,0.9781133311978857,small (0.1-0.5 ha),76.87871156184994,29.84613978589275
714,pit,0.14,1400.0,0.69,0.4735714261020933,0,outside riverbed,0.0,0.0006478782077983953,1.0,small (0.1-0.5 ha),76.86147311279882,29.61784375933639
715,pit,0.15,1500.0,0.65,0.49666666785875957,0,outside riverbed,1.0,0.0048374906182286626,0.9568486483986863,small (0.1-0.5 ha),76.86251321365377,29.685924274256564
716,pit,0.11,1100.0,0.64,0.5072727284648202,0,outside riverbed,0.0,0.011956297771327874,1.0,small (0.1-0.5 ha),76.77773174923334,29.631484017432324
717,pit,0.15,1500.0,0.63,0.5186666627724965,0,outside riverbed,0.0,1.4291918144468413e-16,1.0,small (0.1-0.5 ha),76.95946077996938,29.729745297631318
718,pit,0.12,1200.0,0.63,0.45999999592701596,0,outside riverbed,0.0,0.06198034776995579,1.0,small (0.1-0.5 ha),77.10649653312967,29.815829350152246
719,pit,0.1,1000.0,0.62,0.5150000035762787,0,outside riverbed,0.0,0.00521541943307967,1.0,small (0.1-0.5 ha),76.74120074718947,29.860685923071443
